2022-09-12 21:45:08,544 DEBUG [Main.lambda$run$0] Arguments: [-ioc, C:\acmecpu\STWorkspace\Blower_Driver_STSPIN32F0A\source\Blower_Driver_STSPIN32F0A\Blower_Driver_STSPIN32F0A.ioc, -xdm, C:\acmecpu\STWorkspace\Blower_Driver_STSPIN32F0A\source\Blower_Driver_STSPIN32F0A\Blower_Driver_STSPIN32F0A.wb_def]
2022-09-12 21:45:08,544 DEBUG [ArgsValue.readPropertiesFile] [AppConfig] pack.source = "C:\Program Files (x86)\STMicroelectronics\MC_SDK_5.4.8\Middlewares\ST\MotorControl" 
2022-09-12 21:45:08,544 DEBUG [ArgsValue.readPropertiesFile] [UserConfig] do not exist in "C:\Users\rohan\.st_motor_control\wb2mx.properties" 
2022-09-12 21:45:08,544 DEBUG [ArgsValue.getConfigProperties] pack.source = "../../../../Middlewares/ST/MotorControl"
2022-09-12 21:45:08,561 DEBUG [ArgsValue.lambda$retrieve$2] CLI_ARG[xdm]: C:\acmecpu\STWorkspace\Blower_Driver_STSPIN32F0A\source\Blower_Driver_STSPIN32F0A\Blower_Driver_STSPIN32F0A.wb_def
2022-09-12 21:45:08,561 DEBUG [ArgsValue.lambda$retrieve$2] CLI_ARG[ioc]: C:\acmecpu\STWorkspace\Blower_Driver_STSPIN32F0A\source\Blower_Driver_STSPIN32F0A\Blower_Driver_STSPIN32F0A.ioc
2022-09-12 21:45:08,561 DEBUG [ArgsValue.retrieve] {xdm=C:\acmecpu\STWorkspace\Blower_Driver_STSPIN32F0A\source\Blower_Driver_STSPIN32F0A\Blower_Driver_STSPIN32F0A.wb_def, updftl=templates/wb_ioc_mc-middleware.ftl, mx_timeout=-1, exp=templates/wb-defines_where_and_what.txt, ioc=C:\acmecpu\STWorkspace\Blower_Driver_STSPIN32F0A\source\Blower_Driver_STSPIN32F0A\Blower_Driver_STSPIN32F0A.ioc, pack=../../../../Middlewares/ST/MotorControl, ftl=templates/wb_ioc_template.ftl}
2022-09-12 21:45:08,644 DEBUG [Main.run] Targeted MCU family = F0
2022-09-12 21:45:08,661 DEBUG [Main.run] Minimum associated CubeMx to the `F0` targeted MCU family is `4.25.0-a0`
2022-09-12 21:45:08,678 DEBUG [WindowsCubeMxFinder.lambda$findThem$2] Found 64-bit subkey HKEY_LOCAL_MACHINE\~~~\Uninstall\STM32CubeMX
2022-09-12 21:45:08,695 DEBUG [CubeMxCtx.EXE_version] Loaded path: 'C:\Program Files\STMicroelectronics\STM32Cube\STM32CubeMX\STM32CubeMX.exe'
2022-09-12 21:45:08,695 DEBUG [CubeMxCtx.EXE_version] Loaded updater jar: 'C:\Program Files\STMicroelectronics\STM32Cube\STM32CubeMX\plugins\updater.jar'
2022-09-12 21:45:08,711 DEBUG [CubeMxCtx.EXE_version] Loaded path: 'C:\Program Files\STMicroelectronics\STM32Cube\STM32CubeMX\STM32CubeMX.exe'
2022-09-12 21:45:08,711 DEBUG [CubeMxCtx.EXE_version] Loaded updater jar: 'C:\Program Files\STMicroelectronics\STM32Cube\STM32CubeMX\plugins\updater.jar'
2022-09-12 21:45:08,711 DEBUG [CubeMxCtx.EXE_version] Loaded path: 'C:\Program Files\STMicroelectronics\STM32Cube\STM32CubeMX\STM32CubeMX.exe'
2022-09-12 21:45:08,711 DEBUG [CubeMxCtx.EXE_version] Loaded updater jar: 'C:\Program Files\STMicroelectronics\STM32Cube\STM32CubeMX\plugins\updater.jar'
2022-09-12 21:45:13,605 DEBUG [CubeMxCtx.EXE_version] Loaded path: 'C:\Program Files\STMicroelectronics\STM32Cube\STM32CubeMX\STM32CubeMX.exe'
2022-09-12 21:45:13,606 DEBUG [CubeMxCtx.EXE_version] Loaded updater jar: 'C:\Program Files\STMicroelectronics\STM32Cube\STM32CubeMX\plugins\updater.jar'
2022-09-12 21:45:13,665 DEBUG [EnvironmentChecker.checkPack] STM32CubeMX.Version: 6.6.1-RC2
2022-09-12 21:45:16,172 DEBUG [MxUpdaterValidator.lambda$getVerifiedRepositoryFolder$e68017fb$1] Repository Folder Exist: C:\Users\rohan\STM32Cube\Repository
2022-09-12 21:45:16,175 DEBUG [RetrieveFirmwareVersion.from_PackConfig_xfile] Looking for version from MotorControl_Configs.xml: C:\Program Files (x86)\STMicroelectronics\MC_SDK_5.4.8\Middlewares\ST\MotorControl\MotorControl_Configs.xml
2022-09-12 21:45:16,193 DEBUG [RetrieveFirmwareVersion.minimum_supporte_version] minimum_supporte_version MotorControlFirmware.Version: 5.4.7
2022-09-12 21:45:16,195 DEBUG [PackInfoFactory.deploy_MCPack_to_MxRepo] Deployment strategy class: VersionedFolderStyle_MCPackDeployer
2022-09-12 21:45:16,196 DEBUG [PackInfoFactory.deploy_MCPack_to_MxRepo] Expected MC Pack 5.4.8 already deployed
2022-09-12 21:45:16,213 DEBUG [DataSetUpdater.update] Updating data set
2022-09-12 21:45:16,214 DEBUG [DataSetUpdater.update] Update done
2022-09-12 21:45:16,214 INFO  [IocGenerator.logModulesVersionInfo] Version info: 
2022-09-12 21:45:16,259 INFO  [IocGenerator.logModulesVersionInfo]   MC Workbench       : 5.4.8.21553
2022-09-12 21:45:16,259 INFO  [IocGenerator.logModulesVersionInfo]   WB_to_Mx           : 1.5.1.template-21-11-15
2022-09-12 21:45:16,259 INFO  [IocGenerator.logModulesVersionInfo]   STM32CubeMX        : 6.6.1
2022-09-12 21:45:16,260 INFO  [IocGenerator.logModulesVersionInfo]   MC Firmware Library: 5.4.8
2022-09-12 21:45:16,260 INFO  [IocGenerator.logModulesVersionInfo] Generation options: 
2022-09-12 21:45:16,260 INFO  [IocGenerator.logModulesVersionInfo]   Target Toolchain   : ST STM32CubeIDE
2022-09-12 21:45:16,260 INFO  [IocGenerator.logModulesVersionInfo]   Target Driver      : HAL - Hardware Abstraction Layer
2022-09-12 21:45:16,261 INFO  [IocGenerator.logModulesVersionInfo]   Target STM32 FW    : 1.11.3

2022-09-12 21:45:16,261 DEBUG [IocGenerator.process] Generating ioc file: C:\acmecpu\STWorkspace\Blower_Driver_STSPIN32F0A\source\Blower_Driver_STSPIN32F0A\Blower_Driver_STSPIN32F0A.ioc
2022-09-12 21:45:16,263 DEBUG [IocGenerator.createOutput] Generating file from template templates\wb_ioc_template.ftl
2022-09-12 21:45:17,009 DEBUG [IocGenerator.process] Generated ioc file C:\acmecpu\STWorkspace\Blower_Driver_STSPIN32F0A\source\Blower_Driver_STSPIN32F0A\Blower_Driver_STSPIN32F0A.ioc
2022-09-12 21:45:17,011 INFO  [LineInfo_to_exitCode.log_LineInfo] Generated ioc: C:\acmecpu\STWorkspace\Blower_Driver_STSPIN32F0A\source\Blower_Driver_STSPIN32F0A\Blower_Driver_STSPIN32F0A.ioc
2022-09-12 21:45:17,026 INFO  [Wb2MxProcess.lambda$create_extSettings_file_in$82c805cd$1] Generated C:\acmecpu\STWorkspace\Blower_Driver_STSPIN32F0A\source\Blower_Driver_STSPIN32F0A\.extSettings
2022-09-12 21:45:17,274 DEBUG [CubeMxRunner.create_code_generation_script_for] Generated CubeMx script file: C:\Users\rohan\AppData\Local\Temp\WB_to_Mx-blowerdriverstspinfa-1414685270465253749.script
2022-09-12 21:45:17,612 DEBUG [LineInfo_to_exitCode.log_LineInfo] 2022-09-12 21:45:17,610 [INFO] MicroXplorer:92 - [MX] MX Start == 721440562338100
2022-09-12 21:45:17,613 DEBUG [LineInfo_to_exitCode.log_LineInfo] 2022-09-12 21:45:17,612 [INFO] MicroXplorer:636 - Detected Java Version = 11.0.14.1
2022-09-12 21:45:17,638 DEBUG [LineInfo_to_exitCode.log_LineInfo] 2022-09-12 21:45:17,638 [INFO] ApplicationProperties:181 - Using Application install path: C:\Program Files\STMicroelectronics\STM32Cube\STM32CubeMX
2022-09-12 21:45:17,663 DEBUG [LineInfo_to_exitCode.log_LineInfo] 2022-09-12 21:45:17,661 [INFO] DbMcusXml:77 - Set database path to: C:\Program Files\STMicroelectronics\STM32Cube\STM32CubeMX\\db\/mcu/
2022-09-12 21:45:17,663 DEBUG [LineInfo_to_exitCode.log_LineInfo] 2022-09-12 21:45:17,663 [INFO] ApiDb:269 - Set plugin database path to: C:\Program Files\STMicroelectronics\STM32Cube\STM32CubeMX\\db\/plugins/boardmanager/
2022-09-12 21:45:17,678 DEBUG [LineInfo_to_exitCode.log_LineInfo] 2022-09-12 21:45:17,678 [INFO] McuFinderGlobals:44 - Set McuFinder mode to 1 (CubeMX integrated)
2022-09-12 21:45:17,705 DEBUG [LineInfo_to_exitCode.log_LineInfo] 2022-09-12 21:45:17,705 [INFO] ApiDb:249 - Set database path to: C:\Users\rohan\.stmcufinder\plugins\mcufinder//mcu/
2022-09-12 21:45:17,707 DEBUG [LineInfo_to_exitCode.log_LineInfo] 2022-09-12 21:45:17,706 [INFO] DbMcusAds:124 - Set database path to: C:\Users\rohan\.stmcufinder\plugins\mcufinder//mcu/
2022-09-12 21:45:17,724 DEBUG [LineInfo_to_exitCode.log_LineInfo] 2022-09-12 21:45:17,724 [INFO] CrossReferenceDbSqlite:201 - Set database path to: C:\Users\rohan\.stmcufinder\plugins\mcufinder//mcu/cs/
2022-09-12 21:45:17,903 DEBUG [LineInfo_to_exitCode.log_LineInfo] 2022-09-12 21:45:17,903 [INFO] RulesReader:61 - Compatibility file has been processed (282 Rules)
2022-09-12 21:45:17,954 DEBUG [LineInfo_to_exitCode.log_LineInfo] 2022-09-12 21:45:17,953 [INFO] STM32CubeMX:59 - Starting STM32CubeMX
2022-09-12 21:45:18,275 DEBUG [LineInfo_to_exitCode.log_LineInfo] 2022-09-12 21:45:18,275 [INFO] MainPanel:242 - HeapMemory: 266338304
2022-09-12 21:45:18,378 DEBUG [LineInfo_to_exitCode.log_LineInfo] 2022-09-12 21:45:18,378 [INFO] DbMcusXml:77 - Set database path to: C:\Program Files\STMicroelectronics\STM32Cube\STM32CubeMX\\db\/mcu/
2022-09-12 21:45:18,379 DEBUG [LineInfo_to_exitCode.log_LineInfo] 2022-09-12 21:45:18,378 [INFO] ApiDb:269 - Set plugin database path to: C:\Program Files\STMicroelectronics\STM32Cube\STM32CubeMX\\db\/plugins/boardmanager/
2022-09-12 21:45:18,379 DEBUG [LineInfo_to_exitCode.log_LineInfo] 2022-09-12 21:45:18,378 [INFO] ApiDb:256 - Set plugin images path to: C:\Program Files\STMicroelectronics\STM32Cube\STM32CubeMX\\db\/plugins/mcufinder/images/
2022-09-12 21:45:18,380 DEBUG [LineInfo_to_exitCode.log_LineInfo] 2022-09-12 21:45:18,380 [INFO] ApiDb:249 - Set database path to: C:\Users\rohan\.stmcufinder\plugins\mcufinder//mcu/
2022-09-12 21:45:18,380 DEBUG [LineInfo_to_exitCode.log_LineInfo] 2022-09-12 21:45:18,380 [INFO] DbMcusAds:124 - Set database path to: C:\Users\rohan\.stmcufinder\plugins\mcufinder//mcu/
2022-09-12 21:45:18,381 DEBUG [LineInfo_to_exitCode.log_LineInfo] 2022-09-12 21:45:18,381 [INFO] CrossReferenceDbSqlite:201 - Set database path to: C:\Users\rohan\.stmcufinder\plugins\mcufinder//mcu/cs/
2022-09-12 21:45:18,396 DEBUG [LineInfo_to_exitCode.log_LineInfo] 2022-09-12 21:45:18,396 [INFO] ApplicationProperties:181 - Using Application install path: C:\Program Files\STMicroelectronics\STM32Cube\STM32CubeMX
2022-09-12 21:45:18,398 DEBUG [LineInfo_to_exitCode.log_LineInfo] 2022-09-12 21:45:18,397 [INFO] PluginManage:193 - Search for loadable plugins [exclusion list=, ]
2022-09-12 21:45:18,399 DEBUG [LineInfo_to_exitCode.log_LineInfo] 2022-09-12 21:45:18,399 [INFO] PluginManage:307 - Check plugin analytics
2022-09-12 21:45:18,650 DEBUG [LineInfo_to_exitCode.log_LineInfo] 2022-09-12 21:45:18,650 [INFO] AnalyticsPlugin:262 - Accepted Software Licenses: 
2022-09-12 21:45:18,651 DEBUG [LineInfo_to_exitCode.log_LineInfo] 2022-09-12 21:45:18,650 [INFO] AnalyticsPlugin:264 - Accepted CMSIS Pack Licenses: 
2022-09-12 21:45:18,651 DEBUG [LineInfo_to_exitCode.log_LineInfo] 2022-09-12 21:45:18,651 [INFO] AnalyticsPlugin:266 - Accepted Firmware Licenses: 
2022-09-12 21:45:18,657 DEBUG [LineInfo_to_exitCode.log_LineInfo] 2022-09-12 21:45:18,656 [INFO] PluginManage:356 - Loaded plugin analytics (category:tool,tabindex:-1)
2022-09-12 21:45:18,657 DEBUG [LineInfo_to_exitCode.log_LineInfo] 2022-09-12 21:45:18,657 [INFO] PluginManage:307 - Check plugin cadmodel
2022-09-12 21:45:18,661 DEBUG [LineInfo_to_exitCode.log_LineInfo] 2022-09-12 21:45:18,661 [INFO] CADModel:65 - Init CAD model plugin
2022-09-12 21:45:18,661 DEBUG [LineInfo_to_exitCode.log_LineInfo] 2022-09-12 21:45:18,661 [INFO] PluginManage:356 - Loaded plugin cadmodel (category:power,tabindex:5)
2022-09-12 21:45:18,662 DEBUG [LineInfo_to_exitCode.log_LineInfo] 2022-09-12 21:45:18,661 [INFO] PluginManage:307 - Check plugin clock
2022-09-12 21:45:18,668 DEBUG [LineInfo_to_exitCode.log_LineInfo] 2022-09-12 21:45:18,668 [INFO] PluginManage:356 - Loaded plugin clock (category:base,tabindex:2)
2022-09-12 21:45:18,668 DEBUG [LineInfo_to_exitCode.log_LineInfo] 2022-09-12 21:45:18,668 [INFO] PluginManage:307 - Check plugin ddr
2022-09-12 21:45:18,671 DEBUG [LineInfo_to_exitCode.log_LineInfo] 2022-09-12 21:45:18,671 [INFO] PluginManage:356 - Loaded plugin ddr (category:tool,tabindex:6)
2022-09-12 21:45:18,671 DEBUG [LineInfo_to_exitCode.log_LineInfo] 2022-09-12 21:45:18,671 [INFO] PluginManage:307 - Check plugin filemanager
2022-09-12 21:45:18,758 DEBUG [LineInfo_to_exitCode.log_LineInfo] 2022-09-12 21:45:18,758 [INFO] PluginManage:356 - Loaded plugin filemanager (category:base,tabindex:10)
2022-09-12 21:45:18,759 DEBUG [LineInfo_to_exitCode.log_LineInfo] 2022-09-12 21:45:18,758 [INFO] PluginManage:307 - Check plugin ipmanager
2022-09-12 21:45:18,768 DEBUG [LineInfo_to_exitCode.log_LineInfo] 2022-09-12 21:45:18,767 [INFO] PluginManage:356 - Loaded plugin ipmanager (category:base,tabindex:5)
2022-09-12 21:45:18,768 DEBUG [LineInfo_to_exitCode.log_LineInfo] 2022-09-12 21:45:18,768 [INFO] PluginManage:307 - Check plugin lpbam
2022-09-12 21:45:18,775 DEBUG [LineInfo_to_exitCode.log_LineInfo] 2022-09-12 21:45:18,775 [INFO] PluginManage:356 - Loaded plugin lpbam (category:base,tabindex:0)
2022-09-12 21:45:18,776 DEBUG [LineInfo_to_exitCode.log_LineInfo] 2022-09-12 21:45:18,775 [INFO] PluginManage:307 - Check plugin pinoutandconfiguration
2022-09-12 21:45:18,782 DEBUG [LineInfo_to_exitCode.log_LineInfo] 2022-09-12 21:45:18,781 [INFO] PluginManage:356 - Loaded plugin pinoutandconfiguration (category:base,tabindex:1)
2022-09-12 21:45:18,782 DEBUG [LineInfo_to_exitCode.log_LineInfo] 2022-09-12 21:45:18,782 [INFO] PluginManage:307 - Check plugin pinoutconfig
2022-09-12 21:45:18,827 DEBUG [LineInfo_to_exitCode.log_LineInfo] 2022-09-12 21:45:18,827 [INFO] PluginManage:356 - Loaded plugin pinoutconfig (category:base,tabindex:0)
2022-09-12 21:45:18,827 DEBUG [LineInfo_to_exitCode.log_LineInfo] 2022-09-12 21:45:18,827 [INFO] PluginManage:307 - Check plugin power
2022-09-12 21:45:18,838 DEBUG [LineInfo_to_exitCode.log_LineInfo] 2022-09-12 21:45:18,838 [INFO] PluginManage:356 - Loaded plugin power (category:power,tabindex:4)
2022-09-12 21:45:18,838 DEBUG [LineInfo_to_exitCode.log_LineInfo] 2022-09-12 21:45:18,838 [INFO] PluginManage:307 - Check plugin projectmanager
2022-09-12 21:45:18,894 DEBUG [LineInfo_to_exitCode.log_LineInfo] 2022-09-12 21:45:18,894 [INFO] PluginManage:356 - Loaded plugin projectmanager (category:projectmanager,tabindex:3)
2022-09-12 21:45:18,895 DEBUG [LineInfo_to_exitCode.log_LineInfo] 2022-09-12 21:45:18,894 [INFO] PluginManage:307 - Check plugin thirdparty
2022-09-12 21:45:19,005 DEBUG [LineInfo_to_exitCode.log_LineInfo] 2022-09-12 21:45:19,004 [INFO] PluginManage:356 - Loaded plugin thirdparty (category:base,tabindex:-1)
2022-09-12 21:45:19,005 DEBUG [LineInfo_to_exitCode.log_LineInfo] 2022-09-12 21:45:19,005 [INFO] IntegrityCheckThread:84 - entering critical section [integrity check]
2022-09-12 21:45:19,005 DEBUG [LineInfo_to_exitCode.log_LineInfo] 2022-09-12 21:45:19,005 [INFO] PluginManage:307 - Check plugin tools
2022-09-12 21:45:19,007 DEBUG [LineInfo_to_exitCode.log_LineInfo] 2022-09-12 21:45:19,007 [INFO] ThirdPartyUpdaterWithRetryManager:70 - Updater plugin not ready yet. [1/15]
2022-09-12 21:45:19,008 DEBUG [LineInfo_to_exitCode.log_LineInfo] 2022-09-12 21:45:19,008 [INFO] PluginManage:356 - Loaded plugin tools (category:base,tabindex:7)
2022-09-12 21:45:19,008 DEBUG [LineInfo_to_exitCode.log_LineInfo] 2022-09-12 21:45:19,008 [INFO] PluginManage:307 - Check plugin tutovideos
2022-09-12 21:45:19,128 DEBUG [LineInfo_to_exitCode.log_LineInfo] 2022-09-12 21:45:19,127 [INFO] PluginManage:356 - Loaded plugin tutovideos (category:base,tabindex:-1)
2022-09-12 21:45:19,128 DEBUG [LineInfo_to_exitCode.log_LineInfo] 2022-09-12 21:45:19,128 [INFO] PluginManage:307 - Check plugin updater
2022-09-12 21:45:19,140 DEBUG [LineInfo_to_exitCode.log_LineInfo] 2022-09-12 21:45:19,139 [INFO] PluginManage:356 - Loaded plugin updater (category:base,tabindex:12)
2022-09-12 21:45:19,140 DEBUG [LineInfo_to_exitCode.log_LineInfo] 2022-09-12 21:45:19,140 [INFO] PluginManage:280 - PluginManage : Loaded plugins [15]
2022-09-12 21:45:19,346 DEBUG [LineInfo_to_exitCode.log_LineInfo] 2022-09-12 21:45:19,346 [INFO] PinOutPanel:1468 - setPackage(No Configuration,No Configuration)
2022-09-12 21:45:19,406 DEBUG [LineInfo_to_exitCode.log_LineInfo] 2022-09-12 21:45:19,406 [INFO] CADModel:98 - CPN selected for project level
2022-09-12 21:45:19,419 DEBUG [LineInfo_to_exitCode.log_LineInfo] 2022-09-12 21:45:19,419 [INFO] IPUIPlugin:79 - create IPUIPlugin
2022-09-12 21:45:19,420 DEBUG [LineInfo_to_exitCode.log_LineInfo] 2022-09-12 21:45:19,420 [INFO] PluginManager:217 - loadIPPluginJar : add adc
2022-09-12 21:45:19,422 DEBUG [LineInfo_to_exitCode.log_LineInfo] 2022-09-12 21:45:19,422 [INFO] IPUIPlugin:79 - create IPUIPlugin
2022-09-12 21:45:19,423 DEBUG [LineInfo_to_exitCode.log_LineInfo] 2022-09-12 21:45:19,422 [INFO] PluginManager:217 - loadIPPluginJar : add aes
2022-09-12 21:45:19,426 DEBUG [LineInfo_to_exitCode.log_LineInfo] 2022-09-12 21:45:19,425 [INFO] IPUIPlugin:79 - create IPUIPlugin
2022-09-12 21:45:19,426 DEBUG [LineInfo_to_exitCode.log_LineInfo] 2022-09-12 21:45:19,426 [INFO] PluginManager:217 - loadIPPluginJar : add can
2022-09-12 21:45:19,428 DEBUG [LineInfo_to_exitCode.log_LineInfo] 2022-09-12 21:45:19,428 [INFO] IPUIPlugin:79 - create IPUIPlugin
2022-09-12 21:45:19,428 DEBUG [LineInfo_to_exitCode.log_LineInfo] 2022-09-12 21:45:19,428 [INFO] PluginManager:217 - loadIPPluginJar : add comp
2022-09-12 21:45:19,431 DEBUG [LineInfo_to_exitCode.log_LineInfo] 2022-09-12 21:45:19,430 [INFO] IPUIPlugin:79 - create IPUIPlugin
2022-09-12 21:45:19,431 DEBUG [LineInfo_to_exitCode.log_LineInfo] 2022-09-12 21:45:19,431 [INFO] PluginManager:217 - loadIPPluginJar : add cryp
2022-09-12 21:45:19,434 DEBUG [LineInfo_to_exitCode.log_LineInfo] 2022-09-12 21:45:19,434 [INFO] IPUIPlugin:79 - create IPUIPlugin
2022-09-12 21:45:19,434 DEBUG [LineInfo_to_exitCode.log_LineInfo] 2022-09-12 21:45:19,434 [INFO] PluginManager:217 - loadIPPluginJar : add dfsdm
2022-09-12 21:45:19,439 DEBUG [LineInfo_to_exitCode.log_LineInfo] 2022-09-12 21:45:19,438 [INFO] IPUIPlugin:79 - create IPUIPlugin
2022-09-12 21:45:19,439 DEBUG [LineInfo_to_exitCode.log_LineInfo] 2022-09-12 21:45:19,439 [INFO] PluginManager:217 - loadIPPluginJar : add dma
2022-09-12 21:45:19,441 DEBUG [LineInfo_to_exitCode.log_LineInfo] 2022-09-12 21:45:19,441 [INFO] IPUIPlugin:79 - create IPUIPlugin
2022-09-12 21:45:19,442 DEBUG [LineInfo_to_exitCode.log_LineInfo] 2022-09-12 21:45:19,441 [INFO] PluginManager:217 - loadIPPluginJar : add dma3
2022-09-12 21:45:19,444 DEBUG [LineInfo_to_exitCode.log_LineInfo] 2022-09-12 21:45:19,444 [INFO] IPUIPlugin:79 - create IPUIPlugin
2022-09-12 21:45:19,444 DEBUG [LineInfo_to_exitCode.log_LineInfo] 2022-09-12 21:45:19,444 [INFO] PluginManager:217 - loadIPPluginJar : add fatfs
2022-09-12 21:45:19,448 DEBUG [LineInfo_to_exitCode.log_LineInfo] 2022-09-12 21:45:19,448 [INFO] IPUIPlugin:79 - create IPUIPlugin
2022-09-12 21:45:19,449 DEBUG [LineInfo_to_exitCode.log_LineInfo] 2022-09-12 21:45:19,448 [INFO] PluginManager:217 - loadIPPluginJar : add fmc
2022-09-12 21:45:19,453 DEBUG [LineInfo_to_exitCode.log_LineInfo] 2022-09-12 21:45:19,453 [INFO] IPUIPlugin:79 - create IPUIPlugin
2022-09-12 21:45:19,453 DEBUG [LineInfo_to_exitCode.log_LineInfo] 2022-09-12 21:45:19,453 [INFO] PluginManager:217 - loadIPPluginJar : add freertos
2022-09-12 21:45:19,456 DEBUG [LineInfo_to_exitCode.log_LineInfo] 2022-09-12 21:45:19,456 [INFO] IPUIPlugin:79 - create IPUIPlugin
2022-09-12 21:45:19,456 DEBUG [LineInfo_to_exitCode.log_LineInfo] 2022-09-12 21:45:19,456 [INFO] PluginManager:217 - loadIPPluginJar : add genericplugin
2022-09-12 21:45:19,459 DEBUG [LineInfo_to_exitCode.log_LineInfo] 2022-09-12 21:45:19,458 [INFO] IPUIPlugin:79 - create IPUIPlugin
2022-09-12 21:45:19,459 DEBUG [LineInfo_to_exitCode.log_LineInfo] 2022-09-12 21:45:19,459 [INFO] PluginManager:217 - loadIPPluginJar : add gfxmmu
2022-09-12 21:45:19,462 DEBUG [LineInfo_to_exitCode.log_LineInfo] 2022-09-12 21:45:19,462 [INFO] IPUIPlugin:79 - create IPUIPlugin
2022-09-12 21:45:19,462 DEBUG [LineInfo_to_exitCode.log_LineInfo] 2022-09-12 21:45:19,462 [INFO] PluginManager:217 - loadIPPluginJar : add gic
2022-09-12 21:45:19,465 DEBUG [LineInfo_to_exitCode.log_LineInfo] 2022-09-12 21:45:19,465 [INFO] IPUIPlugin:79 - create IPUIPlugin
2022-09-12 21:45:19,465 DEBUG [LineInfo_to_exitCode.log_LineInfo] 2022-09-12 21:45:19,465 [INFO] PluginManager:217 - loadIPPluginJar : add gpio
2022-09-12 21:45:19,468 DEBUG [LineInfo_to_exitCode.log_LineInfo] 2022-09-12 21:45:19,468 [INFO] IPUIPlugin:79 - create IPUIPlugin
2022-09-12 21:45:19,468 DEBUG [LineInfo_to_exitCode.log_LineInfo] 2022-09-12 21:45:19,468 [INFO] PluginManager:217 - loadIPPluginJar : add gtzc
2022-09-12 21:45:19,470 DEBUG [LineInfo_to_exitCode.log_LineInfo] 2022-09-12 21:45:19,470 [INFO] IPUIPlugin:79 - create IPUIPlugin
2022-09-12 21:45:19,470 DEBUG [LineInfo_to_exitCode.log_LineInfo] 2022-09-12 21:45:19,470 [INFO] PluginManager:217 - loadIPPluginJar : add hash
2022-09-12 21:45:19,472 DEBUG [LineInfo_to_exitCode.log_LineInfo] 2022-09-12 21:45:19,472 [INFO] IPUIPlugin:79 - create IPUIPlugin
2022-09-12 21:45:19,472 DEBUG [LineInfo_to_exitCode.log_LineInfo] 2022-09-12 21:45:19,472 [INFO] PluginManager:217 - loadIPPluginJar : add i2c
2022-09-12 21:45:19,473 DEBUG [LineInfo_to_exitCode.log_LineInfo] 2022-09-12 21:45:19,473 [INFO] IPUIPlugin:79 - create IPUIPlugin
2022-09-12 21:45:19,473 DEBUG [LineInfo_to_exitCode.log_LineInfo] 2022-09-12 21:45:19,473 [INFO] PluginManager:217 - loadIPPluginJar : add i2s
2022-09-12 21:45:19,476 DEBUG [LineInfo_to_exitCode.log_LineInfo] 2022-09-12 21:45:19,476 [INFO] IPUIPlugin:79 - create IPUIPlugin
2022-09-12 21:45:19,477 DEBUG [LineInfo_to_exitCode.log_LineInfo] 2022-09-12 21:45:19,476 [INFO] PluginManager:217 - loadIPPluginJar : add ipddr
2022-09-12 21:45:19,483 DEBUG [LineInfo_to_exitCode.log_LineInfo] 2022-09-12 21:45:19,482 [INFO] IPUIPlugin:79 - create IPUIPlugin
2022-09-12 21:45:19,483 DEBUG [LineInfo_to_exitCode.log_LineInfo] 2022-09-12 21:45:19,482 [INFO] PluginManager:217 - loadIPPluginJar : add linkedlist
2022-09-12 21:45:19,485 DEBUG [LineInfo_to_exitCode.log_LineInfo] 2022-09-12 21:45:19,485 [INFO] IPUIPlugin:79 - create IPUIPlugin
2022-09-12 21:45:19,485 DEBUG [LineInfo_to_exitCode.log_LineInfo] 2022-09-12 21:45:19,485 [INFO] PluginManager:217 - loadIPPluginJar : add lorawan
2022-09-12 21:45:19,487 DEBUG [LineInfo_to_exitCode.log_LineInfo] 2022-09-12 21:45:19,487 [INFO] IPUIPlugin:79 - create IPUIPlugin
2022-09-12 21:45:19,487 DEBUG [LineInfo_to_exitCode.log_LineInfo] 2022-09-12 21:45:19,487 [INFO] PluginManager:217 - loadIPPluginJar : add ltdc
2022-09-12 21:45:19,492 DEBUG [LineInfo_to_exitCode.log_LineInfo] 2022-09-12 21:45:19,491 [INFO] IPUIPlugin:79 - create IPUIPlugin
2022-09-12 21:45:19,492 DEBUG [LineInfo_to_exitCode.log_LineInfo] 2022-09-12 21:45:19,492 [INFO] PluginManager:217 - loadIPPluginJar : add mdma
2022-09-12 21:45:19,494 DEBUG [LineInfo_to_exitCode.log_LineInfo] 2022-09-12 21:45:19,494 [INFO] IPUIPlugin:79 - create IPUIPlugin
2022-09-12 21:45:19,494 DEBUG [LineInfo_to_exitCode.log_LineInfo] 2022-09-12 21:45:19,494 [INFO] PluginManager:217 - loadIPPluginJar : add nvic
2022-09-12 21:45:19,497 DEBUG [LineInfo_to_exitCode.log_LineInfo] 2022-09-12 21:45:19,496 [INFO] IPUIPlugin:79 - create IPUIPlugin
2022-09-12 21:45:19,497 DEBUG [LineInfo_to_exitCode.log_LineInfo] 2022-09-12 21:45:19,497 [INFO] PluginManager:217 - loadIPPluginJar : add opamp
2022-09-12 21:45:19,499 DEBUG [LineInfo_to_exitCode.log_LineInfo] 2022-09-12 21:45:19,499 [INFO] IPUIPlugin:79 - create IPUIPlugin
2022-09-12 21:45:19,499 DEBUG [LineInfo_to_exitCode.log_LineInfo] 2022-09-12 21:45:19,499 [INFO] PluginManager:217 - loadIPPluginJar : add openamp
2022-09-12 21:45:19,502 DEBUG [LineInfo_to_exitCode.log_LineInfo] 2022-09-12 21:45:19,501 [INFO] IPUIPlugin:79 - create IPUIPlugin
2022-09-12 21:45:19,502 DEBUG [LineInfo_to_exitCode.log_LineInfo] 2022-09-12 21:45:19,502 [INFO] PluginManager:217 - loadIPPluginJar : add pdm2pcm
2022-09-12 21:45:19,506 DEBUG [LineInfo_to_exitCode.log_LineInfo] 2022-09-12 21:45:19,505 [INFO] IPUIPlugin:79 - create IPUIPlugin
2022-09-12 21:45:19,507 DEBUG [LineInfo_to_exitCode.log_LineInfo] 2022-09-12 21:45:19,507 [INFO] PluginManager:217 - loadIPPluginJar : add plateformsettings
2022-09-12 21:45:19,509 DEBUG [LineInfo_to_exitCode.log_LineInfo] 2022-09-12 21:45:19,509 [INFO] IPUIPlugin:79 - create IPUIPlugin
2022-09-12 21:45:19,510 DEBUG [LineInfo_to_exitCode.log_LineInfo] 2022-09-12 21:45:19,509 [INFO] PluginManager:217 - loadIPPluginJar : add quadspi
2022-09-12 21:45:19,513 DEBUG [LineInfo_to_exitCode.log_LineInfo] 2022-09-12 21:45:19,512 [INFO] IPUIPlugin:79 - create IPUIPlugin
2022-09-12 21:45:19,513 DEBUG [LineInfo_to_exitCode.log_LineInfo] 2022-09-12 21:45:19,512 [INFO] PluginManager:217 - loadIPPluginJar : add resmgrutility
2022-09-12 21:45:19,515 DEBUG [LineInfo_to_exitCode.log_LineInfo] 2022-09-12 21:45:19,515 [INFO] IPUIPlugin:79 - create IPUIPlugin
2022-09-12 21:45:19,515 DEBUG [LineInfo_to_exitCode.log_LineInfo] 2022-09-12 21:45:19,515 [INFO] PluginManager:217 - loadIPPluginJar : add sai
2022-09-12 21:45:19,519 DEBUG [LineInfo_to_exitCode.log_LineInfo] 2022-09-12 21:45:19,518 [INFO] IPUIPlugin:79 - create IPUIPlugin
2022-09-12 21:45:19,519 DEBUG [LineInfo_to_exitCode.log_LineInfo] 2022-09-12 21:45:19,519 [INFO] PluginManager:217 - loadIPPluginJar : add spi
2022-09-12 21:45:19,522 DEBUG [LineInfo_to_exitCode.log_LineInfo] 2022-09-12 21:45:19,522 [INFO] IPUIPlugin:79 - create IPUIPlugin
2022-09-12 21:45:19,522 DEBUG [LineInfo_to_exitCode.log_LineInfo] 2022-09-12 21:45:19,522 [INFO] PluginManager:217 - loadIPPluginJar : add stm32_wpan
2022-09-12 21:45:19,524 DEBUG [LineInfo_to_exitCode.log_LineInfo] 2022-09-12 21:45:19,524 [INFO] IPUIPlugin:79 - create IPUIPlugin
2022-09-12 21:45:19,524 DEBUG [LineInfo_to_exitCode.log_LineInfo] 2022-09-12 21:45:19,524 [INFO] PluginManager:217 - loadIPPluginJar : add tim
2022-09-12 21:45:19,527 DEBUG [LineInfo_to_exitCode.log_LineInfo] 2022-09-12 21:45:19,527 [INFO] IPUIPlugin:79 - create IPUIPlugin
2022-09-12 21:45:19,527 DEBUG [LineInfo_to_exitCode.log_LineInfo] 2022-09-12 21:45:19,527 [INFO] PluginManager:217 - loadIPPluginJar : add touchsensing
2022-09-12 21:45:19,530 DEBUG [LineInfo_to_exitCode.log_LineInfo] 2022-09-12 21:45:19,530 [INFO] IPUIPlugin:79 - create IPUIPlugin
2022-09-12 21:45:19,531 DEBUG [LineInfo_to_exitCode.log_LineInfo] 2022-09-12 21:45:19,530 [INFO] PluginManager:217 - loadIPPluginJar : add tracer_emb
2022-09-12 21:45:19,533 DEBUG [LineInfo_to_exitCode.log_LineInfo] 2022-09-12 21:45:19,533 [INFO] IPUIPlugin:79 - create IPUIPlugin
2022-09-12 21:45:19,533 DEBUG [LineInfo_to_exitCode.log_LineInfo] 2022-09-12 21:45:19,533 [INFO] PluginManager:217 - loadIPPluginJar : add ts
2022-09-12 21:45:19,536 DEBUG [LineInfo_to_exitCode.log_LineInfo] 2022-09-12 21:45:19,536 [INFO] IPUIPlugin:79 - create IPUIPlugin
2022-09-12 21:45:19,536 DEBUG [LineInfo_to_exitCode.log_LineInfo] 2022-09-12 21:45:19,536 [INFO] PluginManager:217 - loadIPPluginJar : add tsc
2022-09-12 21:45:19,538 DEBUG [LineInfo_to_exitCode.log_LineInfo] 2022-09-12 21:45:19,538 [INFO] IPUIPlugin:79 - create IPUIPlugin
2022-09-12 21:45:19,538 DEBUG [LineInfo_to_exitCode.log_LineInfo] 2022-09-12 21:45:19,538 [INFO] PluginManager:217 - loadIPPluginJar : add ucpd
2022-09-12 21:45:19,540 DEBUG [LineInfo_to_exitCode.log_LineInfo] 2022-09-12 21:45:19,540 [INFO] IPUIPlugin:79 - create IPUIPlugin
2022-09-12 21:45:19,540 DEBUG [LineInfo_to_exitCode.log_LineInfo] 2022-09-12 21:45:19,540 [INFO] PluginManager:217 - loadIPPluginJar : add usart
2022-09-12 21:45:19,543 DEBUG [LineInfo_to_exitCode.log_LineInfo] 2022-09-12 21:45:19,542 [INFO] IPUIPlugin:79 - create IPUIPlugin
2022-09-12 21:45:19,543 DEBUG [LineInfo_to_exitCode.log_LineInfo] 2022-09-12 21:45:19,543 [INFO] PluginManager:217 - loadIPPluginJar : add usbx
2022-09-12 21:45:19,560 DEBUG [LineInfo_to_exitCode.log_LineInfo] 2022-09-12 21:45:19,559 [INFO] Updater:1041 - Updater Version found : 6.6.1
2022-09-12 21:45:19,571 DEBUG [LineInfo_to_exitCode.log_LineInfo] 2022-09-12 21:45:19,571 [INFO] ApplicationProperties:181 - Using Application install path: C:\Program Files\STMicroelectronics\STM32Cube\STM32CubeMX
2022-09-12 21:45:19,673 DEBUG [LineInfo_to_exitCode.log_LineInfo] 2022-09-12 21:45:19,671 [INFO] MainUpdater:2768 - connection check result : 10
2022-09-12 21:45:19,673 DEBUG [LineInfo_to_exitCode.log_LineInfo] 2022-09-12 21:45:19,673 [INFO] MainUpdater:280 - Updater Check For Update Now.
2022-09-12 21:45:19,673 DEBUG [LineInfo_to_exitCode.log_LineInfo] 2022-09-12 21:45:19,673 [INFO] MicroXplorer:481 - Change Database Version : DB.6.0.60
2022-09-12 21:45:19,785 DEBUG [LineInfo_to_exitCode.log_LineInfo] 2022-09-12 21:45:19,784 [INFO] CADModel:98 - CPN selected for project level
2022-09-12 21:45:19,850 DEBUG [LineInfo_to_exitCode.log_LineInfo] 2022-09-12 21:45:19,850 [INFO] CheckServerUpdateThread:119 - End of CheckServer Thread
2022-09-12 21:45:19,924 DEBUG [LineInfo_to_exitCode.log_LineInfo] 2022-09-12 21:45:19,924 [INFO] CADModel:98 - CPN selected for project level
2022-09-12 21:45:19,976 DEBUG [LineInfo_to_exitCode.log_LineInfo] 2022-09-12 21:45:19,976 [INFO] HomeAdPanel:102 - Auto-refresh data requested => check proxy status ongoing
2022-09-12 21:45:20,421 DEBUG [LineInfo_to_exitCode.log_LineInfo] 2022-09-12 21:45:20,420 [INFO] ServerAccessManage:474 - Download File 
2022-09-12 21:45:20,424 DEBUG [LineInfo_to_exitCode.log_LineInfo] 2022-09-12 21:45:20,423 [INFO] LoadUrlFilesThread:177 - End of LoadServerUrlFiles without Thread
2022-09-12 21:45:20,429 DEBUG [LineInfo_to_exitCode.log_LineInfo] 2022-09-12 21:45:20,429 [INFO] DbMcusAds:52 - JSON generation date=Thu Sep 30 12:25:09 IST 2021 (1632984909265)
2022-09-12 21:45:20,432 DEBUG [LineInfo_to_exitCode.log_LineInfo] 2022-09-12 21:45:20,431 [INFO] LoadUrlFilesThread:177 - End of LoadServerUrlFiles without Thread
2022-09-12 21:45:20,432 DEBUG [LineInfo_to_exitCode.log_LineInfo] 2022-09-12 21:45:20,432 [INFO] HomeAdPanel:113 - Refresh advertisement image is successful
2022-09-12 21:45:20,481 DEBUG [LineInfo_to_exitCode.log_LineInfo] 2022-09-12 21:45:20,480 [INFO] LoadUrlFilesThread:177 - End of LoadServerUrlFiles without Thread
2022-09-12 21:45:20,499 DEBUG [LineInfo_to_exitCode.log_LineInfo] 2022-09-12 21:45:20,499 [INFO] DetailPanel:339 - Set advertising image to C:/Users/rohan/STM32Cube/Repository/\en.Prom_NBSTM32U50921.jpg
2022-09-12 21:45:20,719 DEBUG [LineInfo_to_exitCode.log_LineInfo] 2022-09-12 21:45:20,719 [INFO] LoadUrlFilesThread:177 - End of LoadServerUrlFiles without Thread
2022-09-12 21:45:20,928 DEBUG [LineInfo_to_exitCode.log_LineInfo] 2022-09-12 21:45:20,928 [INFO] LoadUrlFilesThread:177 - End of LoadServerUrlFiles without Thread
2022-09-12 21:45:20,929 DEBUG [LineInfo_to_exitCode.log_LineInfo] 2022-09-12 21:45:20,928 [INFO] DetailPanel:339 - Set advertising image to C:/Users/rohan/STM32Cube/Repository/\en.Prom_NBSTM32U50921.jpg
2022-09-12 21:45:21,048 DEBUG [LineInfo_to_exitCode.log_LineInfo] 2022-09-12 21:45:21,047 [INFO] MainFrame:179 - [MX] HOME_PANEL == 721444003290200
2022-09-12 21:45:21,119 DEBUG [LineInfo_to_exitCode.log_LineInfo] 2022-09-12 21:45:21,119 [INFO] MicroXplorer:451 - Change Database Path : 
2022-09-12 21:45:21,120 DEBUG [LineInfo_to_exitCode.log_LineInfo] 2022-09-12 21:45:21,119 [INFO] MicroXplorer:481 - Change Database Version : DB.6.0.60
2022-09-12 21:45:23,330 DEBUG [LineInfo_to_exitCode.log_LineInfo] 2022-09-12 21:45:23,330 [INFO] ThirdParty:929 - Integrity check success = true
2022-09-12 21:45:23,331 DEBUG [LineInfo_to_exitCode.log_LineInfo] 2022-09-12 21:45:23,330 [INFO] IntegrityCheckThread:98 - exiting critical section [integrity check]
2022-09-12 21:45:23,331 DEBUG [LineInfo_to_exitCode.log_LineInfo] 2022-09-12 21:45:23,330 [INFO] IntegrityCheckThread:101 - End integrity checks thread
2022-09-12 21:45:23,331 DEBUG [LineInfo_to_exitCode.log_LineInfo] 2022-09-12 21:45:23,330 [INFO] ThirdParty:829 - entering critical section [close project]
2022-09-12 21:45:23,332 DEBUG [LineInfo_to_exitCode.log_LineInfo] 2022-09-12 21:45:23,331 [INFO] ThirdParty:839 - exiting critical section [close project]
2022-09-12 21:45:23,333 DEBUG [LineInfo_to_exitCode.log_LineInfo] 2022-09-12 21:45:23,333 [INFO] PinOutPanel:1468 - setPackage(No Configuration,No Configuration)
2022-09-12 21:45:23,362 DEBUG [LineInfo_to_exitCode.log_LineInfo] 2022-09-12 21:45:23,362 [INFO] UtilMem:74 - Begin LoadConfig() Used Memory: 116585232 Bytes (319815680)
2022-09-12 21:45:23,365 DEBUG [LineInfo_to_exitCode.log_LineInfo] 2022-09-12 21:45:23,365 [INFO] MicroXplorer:451 - Change Database Path : 
2022-09-12 21:45:23,365 DEBUG [LineInfo_to_exitCode.log_LineInfo] 2022-09-12 21:45:23,365 [INFO] MicroXplorer:481 - Change Database Version : DB.6.0.60
2022-09-12 21:45:23,365 DEBUG [LineInfo_to_exitCode.log_LineInfo] 2022-09-12 21:45:23,365 [INFO] OpenFileManager:307 - Change cursor
2022-09-12 21:45:23,395 DEBUG [LineInfo_to_exitCode.log_LineInfo] 2022-09-12 21:45:23,395 [INFO] Mcu:1922 - Initializing MCU STM32F031C(4-6)Tx STM32F031C6Tx 
2022-09-12 21:45:23,466 DEBUG [LineInfo_to_exitCode.log_LineInfo] 2022-09-12 21:45:23,466 [INFO] ApiDb:576 - Connected to CubeFinder SQLite database (C:\Users\rohan\.stmcufinder\plugins\mcufinder\mcu\cube-finder-db.db)
2022-09-12 21:45:23,494 DEBUG [LineInfo_to_exitCode.log_LineInfo] 2022-09-12 21:45:23,494 [INFO] ApiDb:663 - CubeFinder database Data Model version=2.1
2022-09-12 21:45:23,494 DEBUG [LineInfo_to_exitCode.log_LineInfo] 2022-09-12 21:45:23,494 [INFO] ApiDb:664 - CubeFinder database Configuration version=3.0.32
2022-09-12 21:45:23,494 DEBUG [LineInfo_to_exitCode.log_LineInfo] 2022-09-12 21:45:23,494 [INFO] ApiDb:665 - CubeFinder database generation date=2022-07-13 (1657716335)
2022-09-12 21:45:23,495 DEBUG [LineInfo_to_exitCode.log_LineInfo] 2022-09-12 21:45:23,494 [INFO] ApiDb:666 - CubeFinder database FW Pack versions=[STM32Cube_FW_C0_V1.0.0, STM32Cube_FW_F4_V1.27.1, STM32Cube_FW_F7_V1.17.0, STM32Cube_FW_G0_V1.6.1, STM32Cube_FW_G4_V1.5.0, STM32Cube_FW_H7_V1.10.0, STM32Cube_FW_L5_V1.4.0, STM32Cube_FW_U5_V1.1.1, STM32Cube_FW_WB_V1.14.0, STM32Cube_FW_WL_V1.2.0, X-CUBE-ALGOBUILD_V1.3.0, X-CUBE-ALS_V1.0.1, X-CUBE-AZRTOS-F4_V1.0.0, X-CUBE-AZRTOS-F7_V1.1.0, X-CUBE-AZRTOS-G0_V1.1.0, X-CUBE-AZRTOS-G4_V1.0.0, X-CUBE-AZRTOS-H7_V2.1.0, X-CUBE-AZRTOS-L4_V1.0.0, X-CUBE-AZRTOS-L5_V1.0.0, X-CUBE-AZRTOS-WL_V1.0.0, X-CUBE-BLE1_V6.2.3, X-CUBE-BLE2_V3.3.0, X-CUBE-EEPRMA1_V3.1.1, X-CUBE-GNSS1_V6.0.0, X-CUBE-MEMS1_V9.1.0, X-CUBE-NFC4_V2.0.3, X-CUBE-NFC7_V1.0.0, X-CUBE-SFXS2LP1_V3.1.0, X-CUBE-SUBG2_V5.0.0]
2022-09-12 21:45:24,925 DEBUG [LineInfo_to_exitCode.log_LineInfo] 2022-09-12 21:45:24,925 [INFO] ApiDb:239 - Found 138 in-development CPN: [B-WB1M-WPAN1, NUCLEO-C031C6, STEVAL-STWINBX1, STM320518-EVAL, STM32C0116-DK, STM32C011D6Y3TR, STM32C011D6Y6TR, STM32C011F4P3, STM32C011F4P6, STM32C011F4U3, STM32C011F4U6TR, STM32C011F6P3, STM32C011F6P6, STM32C011F6U3, STM32C011F6U6TR, STM32C011J4M3, STM32C011J4M6, STM32C011J6M3, STM32C011J6M6, STM32C0316-DK, STM32C031C4T3, STM32C031C4T6, STM32C031C4U3, STM32C031C4U6, STM32C031C6T3, STM32C031C6T6, STM32C031C6U3, STM32C031C6U6, STM32C031F4P3, STM32C031F4P6, STM32C031F6P3, STM32C031F6P6, STM32C031G4U3, STM32C031G4U6, STM32C031G6U3, STM32C031G6U6, STM32C031K4T3, STM32C031K4T6, STM32C031K4U3, STM32C031K4U6, STM32C031K6T3, STM32C031K6T6, STM32C031K6U3, STM32C031K6U6, STM32G071K8TXN, STM32G071K8UXN, STM32G081GBU6N, STM32G081KBT6N, STM32G081KBUXN, STM32G0B1CCT6N, STM32G0B1KCT6, STM32G0B1NEY6TR, STM32G0B1RCT6N, STM32G0C1CCT6, STM32G0C1CCT6N, STM32G0C1CCU6N, STM32G0C1CET6N, STM32G0C1CEU6N, STM32G0C1KCT6, STM32G0C1NEY6TR, STM32G0C1RCI6N, STM32G0C1RCT6N, STM32G0C1REI6N, STM32G0C1RET6N, STM32G0C1VCI6, STM32G0C1VEI6, STM32G471CCT6, STM32G471CCU6, STM32G471CET3, STM32G471CET6, STM32G471CEU3, STM32G471CEU6, STM32G471MCT6, STM32G471MET3, STM32G471MET6, STM32G471MEY6TR, STM32G471QCT6, STM32G471QET3, STM32G471RCT6, STM32G471RET3, STM32G471RET6, STM32G471VCH6, STM32G471VCI6, STM32G471VCT6, STM32G471VEH3, STM32G471VEH6, STM32G471VEI3, STM32G471VEI6, STM32G471VET3, STM32G471VET6, STM32G474CCT6, STM32L476VGY6PTR, STM32L4R5QGI6STR, STM32MP131AAE3, STM32MP131AAF3, STM32MP131AAG3, STM32MP131CAE3, STM32MP131CAF3, STM32MP131CAG3, STM32MP131DAE7, STM32MP131DAF7, STM32MP131DAG7, STM32MP131FAE7, STM32MP131FAF7, STM32MP131FAG7, STM32MP133AAE3, STM32MP133AAF3, STM32MP133AAG3, STM32MP133CAE3, STM32MP133CAF3, STM32MP133CAG3, STM32MP133DAE7, STM32MP133DAF7, STM32MP133DAG7, STM32MP133FAE7, STM32MP133FAF7, STM32MP133FAG7, STM32MP135AAE3, STM32MP135AAF3, STM32MP135AAG3, STM32MP135CAE3, STM32MP135CAF3, STM32MP135CAG3, STM32MP135DAE7, STM32MP135DAF7, STM32MP135DAG7, STM32MP135F-DK, STM32MP135FAE7, STM32MP135FAF7, STM32MP135FAG7, STM32U595ZJT6Q, STM32U599BJY6QTR, STM32U599NIH6Q, STM32U599NJH6Q, STM32U5A5ZJT6Q, STM32U5A9BJY6QTR, STM32U5A9NJH6Q, STM32WB1MMCH6]
2022-09-12 21:45:24,929 DEBUG [LineInfo_to_exitCode.log_LineInfo] 2022-09-12 21:45:24,929 [INFO] DbMcus:215 - Found 3542 MCUs, 3542 are supported
2022-09-12 21:45:24,933 DEBUG [LineInfo_to_exitCode.log_LineInfo] 2022-09-12 21:45:24,932 [INFO] ApiDb:418 - Load user favorites file C:\Users\rohan/.stm32cubemx/favorites.mcus.txt: 0 item(s)
2022-09-12 21:45:24,933 DEBUG [LineInfo_to_exitCode.log_LineInfo] 2022-09-12 21:45:24,933 [INFO] ApiDb:422 - User favorites MCUs=[]
2022-09-12 21:45:24,933 DEBUG [LineInfo_to_exitCode.log_LineInfo] 2022-09-12 21:45:24,933 [INFO] DbMcus:221 - Set 0 / 0 favorites MCUs
2022-09-12 21:45:24,934 DEBUG [LineInfo_to_exitCode.log_LineInfo] 2022-09-12 21:45:24,934 [INFO] Mcu:1935 - No CPN specified => set CPN to STM32F031C6T6
2022-09-12 21:45:25,459 DEBUG [LineInfo_to_exitCode.log_LineInfo] 2022-09-12 21:45:25,459 [INFO] Context:654 - Trying to add GPIOservice into a context  which must be forbidden
2022-09-12 21:45:26,591 DEBUG [LineInfo_to_exitCode.log_LineInfo] 2022-09-12 21:45:26,590 [INFO] ImportTextPane:193 - (OptionalMessage_ERROR) Unable to find key (Mcu.ThirdPartyNb) in loaded IOC file
2022-09-12 21:45:26,599 DEBUG [LineInfo_to_exitCode.log_LineInfo] 2022-09-12 21:45:26,598 [INFO] ImportTextPane:193 - (OptionalMessage_WARN) Unknown mode (AF_PP) for pin (PB6)
2022-09-12 21:45:26,599 DEBUG [LineInfo_to_exitCode.log_LineInfo] 2022-09-12 21:45:26,599 [INFO] ImportTextPane:193 - (OptionalMessage_WARN) Unknown mode (AF_PP) for pin (PB7)
2022-09-12 21:45:26,656 DEBUG [LineInfo_to_exitCode.log_LineInfo] 2022-09-12 21:45:26,656 [INFO] ImportTextPane:193 - (OptionalMessage_INFO) Successful Mode recovery for pin (PB7) with mode (Asynchronous)
2022-09-12 21:45:26,656 DEBUG [LineInfo_to_exitCode.log_LineInfo] 2022-09-12 21:45:26,656 [INFO] ImportTextPane:193 - (OptionalMessage_INFO) Successful Mode recovery for pin (PB6) with mode (Asynchronous)
2022-09-12 21:45:26,832 DEBUG [LineInfo_to_exitCode.log_LineInfo] 2022-09-12 21:45:26,832 [INFO] RtosManager:488 - Registered RTOS mode: class=CMSIS, group=RTOS, mode=CMSIS_V1, owner=FREERTOS
2022-09-12 21:45:26,833 DEBUG [LineInfo_to_exitCode.log_LineInfo] 2022-09-12 21:45:26,832 [INFO] RtosManager:488 - Registered RTOS mode: class=CMSIS, group=RTOS2, mode=CMSIS_V2, owner=FREERTOS
2022-09-12 21:45:26,833 DEBUG [LineInfo_to_exitCode.log_LineInfo] 2022-09-12 21:45:26,833 [INFO] RtosManager:488 - Registered RTOS mode: class=RTOS, group=Core, mode=CMSIS_V1, owner=FREERTOS
2022-09-12 21:45:26,833 DEBUG [LineInfo_to_exitCode.log_LineInfo] 2022-09-12 21:45:26,833 [INFO] RtosManager:488 - Registered RTOS mode: class=RTOS, group=Core, mode=CMSIS_V2, owner=FREERTOS
2022-09-12 21:45:26,920 DEBUG [LineInfo_to_exitCode.log_LineInfo] 2022-09-12 21:45:26,920 [INFO] ThirdPartyModel:289 - Start build external matchings
2022-09-12 21:45:27,161 DEBUG [LineInfo_to_exitCode.log_LineInfo] 2022-09-12 21:45:27,160 [INFO] ThirdPartyModel:302 - End build external matchings
2022-09-12 21:45:27,180 DEBUG [LineInfo_to_exitCode.log_LineInfo] 2022-09-12 21:45:27,180 [INFO] ImportTextPane:193 - (OptionalMessage_ERROR) IP (DMA) : Parameter (Instance) has Id (ADC) currently not set
2022-09-12 21:45:27,181 DEBUG [LineInfo_to_exitCode.log_LineInfo] 2022-09-12 21:45:27,180 [INFO] ImportTextPane:193 - (OptionalMessage_ERROR) IP (DMA) : Parameter (Direction) has Id (ADC) currently not set
2022-09-12 21:45:27,181 DEBUG [LineInfo_to_exitCode.log_LineInfo] 2022-09-12 21:45:27,180 [INFO] ImportTextPane:193 - (OptionalMessage_ERROR) IP (DMA) : Parameter (PeriphInc) has Id (ADC) currently not set
2022-09-12 21:45:27,181 DEBUG [LineInfo_to_exitCode.log_LineInfo] 2022-09-12 21:45:27,181 [INFO] ImportTextPane:193 - (OptionalMessage_ERROR) IP (DMA) : Parameter (MemInc) has Id (ADC) currently not set
2022-09-12 21:45:27,181 DEBUG [LineInfo_to_exitCode.log_LineInfo] 2022-09-12 21:45:27,181 [INFO] ImportTextPane:193 - (OptionalMessage_ERROR) IP (DMA) : Parameter (PeriphDataAlignment) has Id (ADC) currently not set
2022-09-12 21:45:27,181 DEBUG [LineInfo_to_exitCode.log_LineInfo] 2022-09-12 21:45:27,181 [INFO] ImportTextPane:193 - (OptionalMessage_ERROR) IP (DMA) : Parameter (MemDataAlignment) has Id (ADC) currently not set
2022-09-12 21:45:27,181 DEBUG [LineInfo_to_exitCode.log_LineInfo] 2022-09-12 21:45:27,181 [INFO] ImportTextPane:193 - (OptionalMessage_ERROR) IP (DMA) : Parameter (Mode) has Id (ADC) currently not set
2022-09-12 21:45:27,181 DEBUG [LineInfo_to_exitCode.log_LineInfo] 2022-09-12 21:45:27,181 [INFO] ImportTextPane:193 - (OptionalMessage_ERROR) IP (DMA) : Parameter (Priority) has Id (ADC) currently not set
2022-09-12 21:45:27,225 DEBUG [LineInfo_to_exitCode.log_LineInfo] 2022-09-12 21:45:27,224 [INFO] ImportTextPane:193 - (OptionalMessage_ERROR) IP (MotorControl) : Invalid parameter (ADC_AHBPERIPH)
2022-09-12 21:45:27,225 DEBUG [LineInfo_to_exitCode.log_LineInfo] 2022-09-12 21:45:27,225 [INFO] ImportTextPane:193 - (OptionalMessage_ERROR) IP (MotorControl) : Invalid parameter (ADC_CLOCK_WB_FREQ)
2022-09-12 21:45:27,225 DEBUG [LineInfo_to_exitCode.log_LineInfo] 2022-09-12 21:45:27,225 [INFO] ImportTextPane:193 - (OptionalMessage_ERROR) IP (MotorControl) : Invalid parameter (BKIN1_FILTER)
2022-09-12 21:45:27,225 DEBUG [LineInfo_to_exitCode.log_LineInfo] 2022-09-12 21:45:27,225 [INFO] ImportTextPane:193 - (OptionalMessage_ERROR) IP (MotorControl) : Invalid parameter (BKIN2_FILTER)
2022-09-12 21:45:27,225 DEBUG [LineInfo_to_exitCode.log_LineInfo] 2022-09-12 21:45:27,225 [INFO] ImportTextPane:193 - (OptionalMessage_ERROR) IP (MotorControl) : Invalid parameter (BRKIN_GPIO_AF)
2022-09-12 21:45:27,225 DEBUG [LineInfo_to_exitCode.log_LineInfo] 2022-09-12 21:45:27,225 [INFO] ImportTextPane:193 - (OptionalMessage_ERROR) IP (MotorControl) : Invalid parameter (BRKIN2_GPIO_AF)
2022-09-12 21:45:27,225 DEBUG [LineInfo_to_exitCode.log_LineInfo] 2022-09-12 21:45:27,225 [INFO] ImportTextPane:193 - (OptionalMessage_ERROR) IP (MotorControl) : Invalid parameter (CCMRAM_ENABLED)
2022-09-12 21:45:27,225 DEBUG [LineInfo_to_exitCode.log_LineInfo] 2022-09-12 21:45:27,225 [INFO] ImportTextPane:193 - (OptionalMessage_ERROR) IP (MotorControl) : Invalid parameter (CLOCK_FREQUENCY)
2022-09-12 21:45:27,226 DEBUG [LineInfo_to_exitCode.log_LineInfo] 2022-09-12 21:45:27,225 [INFO] ImportTextPane:193 - (OptionalMessage_ERROR) IP (MotorControl) : Invalid parameter (CLOCK_SOURCE)
2022-09-12 21:45:27,226 DEBUG [LineInfo_to_exitCode.log_LineInfo] 2022-09-12 21:45:27,226 [INFO] ImportTextPane:193 - (OptionalMessage_ERROR) IP (MotorControl) : Invalid parameter (CPU_CLK_48_MHZ)
2022-09-12 21:45:27,226 DEBUG [LineInfo_to_exitCode.log_LineInfo] 2022-09-12 21:45:27,226 [INFO] ImportTextPane:193 - (OptionalMessage_ERROR) IP (MotorControl) : Invalid parameter (DC_CURRENT_RS_MEAS)
2022-09-12 21:45:27,226 DEBUG [LineInfo_to_exitCode.log_LineInfo] 2022-09-12 21:45:27,226 [INFO] ImportTextPane:193 - (OptionalMessage_ERROR) IP (MotorControl) : Invalid parameter (DEFAULT_DAC_MOTOR)
2022-09-12 21:45:27,226 DEBUG [LineInfo_to_exitCode.log_LineInfo] 2022-09-12 21:45:27,226 [INFO] ImportTextPane:193 - (OptionalMessage_ERROR) IP (MotorControl) : Invalid parameter (DRIVES_NUMBER_SELECTION)
2022-09-12 21:45:27,226 DEBUG [LineInfo_to_exitCode.log_LineInfo] 2022-09-12 21:45:27,226 [INFO] ImportTextPane:193 - (OptionalMessage_ERROR) IP (MotorControl) : Invalid parameter (EMERGENCY_STOP_GPIO_PIN)
2022-09-12 21:45:27,226 DEBUG [LineInfo_to_exitCode.log_LineInfo] 2022-09-12 21:45:27,226 [INFO] ImportTextPane:193 - (OptionalMessage_ERROR) IP (MotorControl) : Invalid parameter (EMERGENCY_STOP_GPIO_PORT)
2022-09-12 21:45:27,226 DEBUG [LineInfo_to_exitCode.log_LineInfo] 2022-09-12 21:45:27,226 [INFO] ImportTextPane:193 - (OptionalMessage_ERROR) IP (MotorControl) : Invalid parameter (EMERGENCY2_STOP_GPIO_PIN)
2022-09-12 21:45:27,226 DEBUG [LineInfo_to_exitCode.log_LineInfo] 2022-09-12 21:45:27,226 [INFO] ImportTextPane:193 - (OptionalMessage_ERROR) IP (MotorControl) : Invalid parameter (EMERGENCY2_STOP_GPIO_PORT)
2022-09-12 21:45:27,226 DEBUG [LineInfo_to_exitCode.log_LineInfo] 2022-09-12 21:45:27,226 [INFO] ImportTextPane:193 - (OptionalMessage_ERROR) IP (MotorControl) : Invalid parameter (ENC_A_GPIO_PIN)
2022-09-12 21:45:27,227 DEBUG [LineInfo_to_exitCode.log_LineInfo] 2022-09-12 21:45:27,227 [INFO] ImportTextPane:193 - (OptionalMessage_ERROR) IP (MotorControl) : Invalid parameter (ENC_A_GPIO_PORT)
2022-09-12 21:45:27,227 DEBUG [LineInfo_to_exitCode.log_LineInfo] 2022-09-12 21:45:27,227 [INFO] ImportTextPane:193 - (OptionalMessage_ERROR) IP (MotorControl) : Invalid parameter (ENC_B_GPIO_PIN)
2022-09-12 21:45:27,227 DEBUG [LineInfo_to_exitCode.log_LineInfo] 2022-09-12 21:45:27,227 [INFO] ImportTextPane:193 - (OptionalMessage_ERROR) IP (MotorControl) : Invalid parameter (ENC_B_GPIO_PORT)
2022-09-12 21:45:27,227 DEBUG [LineInfo_to_exitCode.log_LineInfo] 2022-09-12 21:45:27,227 [INFO] ImportTextPane:193 - (OptionalMessage_ERROR) IP (MotorControl) : Invalid parameter (ENC_INVERT_SPEED)
2022-09-12 21:45:27,227 DEBUG [LineInfo_to_exitCode.log_LineInfo] 2022-09-12 21:45:27,227 [INFO] ImportTextPane:193 - (OptionalMessage_ERROR) IP (MotorControl) : Invalid parameter (ENC_TIMER_REMAPPING)
2022-09-12 21:45:27,227 DEBUG [LineInfo_to_exitCode.log_LineInfo] 2022-09-12 21:45:27,227 [INFO] ImportTextPane:193 - (OptionalMessage_ERROR) IP (MotorControl) : Invalid parameter (ENCODER_AVAILABLE)
2022-09-12 21:45:27,227 DEBUG [LineInfo_to_exitCode.log_LineInfo] 2022-09-12 21:45:27,227 [INFO] ImportTextPane:193 - (OptionalMessage_ERROR) IP (MotorControl) : Invalid parameter (EXT_CLOCK_FREQUENCY)
2022-09-12 21:45:27,227 DEBUG [LineInfo_to_exitCode.log_LineInfo] 2022-09-12 21:45:27,227 [INFO] ImportTextPane:193 - (OptionalMessage_ERROR) IP (MotorControl) : Invalid parameter (FEEDBACK_NET_FILTERING)
2022-09-12 21:45:27,227 DEBUG [LineInfo_to_exitCode.log_LineInfo] 2022-09-12 21:45:27,227 [INFO] ImportTextPane:193 - (OptionalMessage_ERROR) IP (MotorControl) : Invalid parameter (H1_GPIO_PIN)
2022-09-12 21:45:27,228 DEBUG [LineInfo_to_exitCode.log_LineInfo] 2022-09-12 21:45:27,227 [INFO] ImportTextPane:193 - (OptionalMessage_ERROR) IP (MotorControl) : Invalid parameter (H1_GPIO_PORT)
2022-09-12 21:45:27,228 DEBUG [LineInfo_to_exitCode.log_LineInfo] 2022-09-12 21:45:27,227 [INFO] ImportTextPane:193 - (OptionalMessage_ERROR) IP (MotorControl) : Invalid parameter (H2_GPIO_PIN)
2022-09-12 21:45:27,228 DEBUG [LineInfo_to_exitCode.log_LineInfo] 2022-09-12 21:45:27,228 [INFO] ImportTextPane:193 - (OptionalMessage_ERROR) IP (MotorControl) : Invalid parameter (H2_GPIO_PORT)
2022-09-12 21:45:27,228 DEBUG [LineInfo_to_exitCode.log_LineInfo] 2022-09-12 21:45:27,228 [INFO] ImportTextPane:193 - (OptionalMessage_ERROR) IP (MotorControl) : Invalid parameter (H3_GPIO_PIN)
2022-09-12 21:45:27,228 DEBUG [LineInfo_to_exitCode.log_LineInfo] 2022-09-12 21:45:27,228 [INFO] ImportTextPane:193 - (OptionalMessage_ERROR) IP (MotorControl) : Invalid parameter (H3_GPIO_PORT)
2022-09-12 21:45:27,228 DEBUG [LineInfo_to_exitCode.log_LineInfo] 2022-09-12 21:45:27,228 [INFO] ImportTextPane:193 - (OptionalMessage_ERROR) IP (MotorControl) : Invalid parameter (HALL_SENSORS_AVAILABLE)
2022-09-12 21:45:27,228 DEBUG [LineInfo_to_exitCode.log_LineInfo] 2022-09-12 21:45:27,228 [INFO] ImportTextPane:193 - (OptionalMessage_ERROR) IP (MotorControl) : Invalid parameter (HALL_TIMER_REMAPPING)
2022-09-12 21:45:27,228 DEBUG [LineInfo_to_exitCode.log_LineInfo] 2022-09-12 21:45:27,228 [INFO] ImportTextPane:193 - (OptionalMessage_ERROR) IP (MotorControl) : Invalid parameter (HFI_DEBUG_MODE)
2022-09-12 21:45:27,228 DEBUG [LineInfo_to_exitCode.log_LineInfo] 2022-09-12 21:45:27,228 [INFO] ImportTextPane:193 - (OptionalMessage_ERROR) IP (MotorControl) : Invalid parameter (HFI_IDH_DELAY)
2022-09-12 21:45:27,228 DEBUG [LineInfo_to_exitCode.log_LineInfo] 2022-09-12 21:45:27,228 [INFO] ImportTextPane:193 - (OptionalMessage_ERROR) IP (MotorControl) : Invalid parameter (HFI_MAXANGLEDIFF)
2022-09-12 21:45:27,228 DEBUG [LineInfo_to_exitCode.log_LineInfo] 2022-09-12 21:45:27,228 [INFO] ImportTextPane:193 - (OptionalMessage_ERROR) IP (MotorControl) : Invalid parameter (HFI_RESTART_RPM_TH)
2022-09-12 21:45:27,228 DEBUG [LineInfo_to_exitCode.log_LineInfo] 2022-09-12 21:45:27,228 [INFO] ImportTextPane:193 - (OptionalMessage_ERROR) IP (MotorControl) : Invalid parameter (HFI_RESTARTTIMESEC)
2022-09-12 21:45:27,228 DEBUG [LineInfo_to_exitCode.log_LineInfo] 2022-09-12 21:45:27,228 [INFO] ImportTextPane:193 - (OptionalMessage_ERROR) IP (MotorControl) : Invalid parameter (HFI_REVERT_DIRECTION)
2022-09-12 21:45:27,228 DEBUG [LineInfo_to_exitCode.log_LineInfo] 2022-09-12 21:45:27,228 [INFO] ImportTextPane:193 - (OptionalMessage_ERROR) IP (MotorControl) : Invalid parameter (HFI_STEPANGLE)
2022-09-12 21:45:27,229 DEBUG [LineInfo_to_exitCode.log_LineInfo] 2022-09-12 21:45:27,228 [INFO] ImportTextPane:193 - (OptionalMessage_ERROR) IP (MotorControl) : Invalid parameter (HFI_WAITSYNCH)
2022-09-12 21:45:27,229 DEBUG [LineInfo_to_exitCode.log_LineInfo] 2022-09-12 21:45:27,228 [INFO] ImportTextPane:193 - (OptionalMessage_ERROR) IP (MotorControl) : Invalid parameter (HFI_WAITTRACK)
2022-09-12 21:45:27,229 DEBUG [LineInfo_to_exitCode.log_LineInfo] 2022-09-12 21:45:27,228 [INFO] ImportTextPane:193 - (OptionalMessage_ERROR) IP (MotorControl) : Invalid parameter (HIGH_SIDE_BRAKE_STATE)
2022-09-12 21:45:27,229 DEBUG [LineInfo_to_exitCode.log_LineInfo] 2022-09-12 21:45:27,228 [INFO] ImportTextPane:193 - (OptionalMessage_ERROR) IP (MotorControl) : Invalid parameter (HW_COMPLEMENTED_LOW_SIDE)
2022-09-12 21:45:27,229 DEBUG [LineInfo_to_exitCode.log_LineInfo] 2022-09-12 21:45:27,228 [INFO] ImportTextPane:193 - (OptionalMessage_ERROR) IP (MotorControl) : Parameter (INRUSH_CURRLIMIT_AT_POWER_ON) has invalid value (true)
2022-09-12 21:45:27,229 DEBUG [LineInfo_to_exitCode.log_LineInfo] 2022-09-12 21:45:27,229 [INFO] ImportTextPane:193 - (OptionalMessage_ERROR) IP (MotorControl) : Invalid parameter (INRUSH_CURRLIMIT_GPIO_PIN)
2022-09-12 21:45:27,229 DEBUG [LineInfo_to_exitCode.log_LineInfo] 2022-09-12 21:45:27,229 [INFO] ImportTextPane:193 - (OptionalMessage_ERROR) IP (MotorControl) : Invalid parameter (INRUSH_CURRLIMIT_GPIO_PORT)
2022-09-12 21:45:27,229 DEBUG [LineInfo_to_exitCode.log_LineInfo] 2022-09-12 21:45:27,229 [INFO] ImportTextPane:193 - (OptionalMessage_ERROR) IP (MotorControl) : Invalid parameter (INT_RC_OSC)
2022-09-12 21:45:27,229 DEBUG [LineInfo_to_exitCode.log_LineInfo] 2022-09-12 21:45:27,229 [INFO] ImportTextPane:193 - (OptionalMessage_ERROR) IP (MotorControl) : Invalid parameter (IPs)
2022-09-12 21:45:27,229 DEBUG [LineInfo_to_exitCode.log_LineInfo] 2022-09-12 21:45:27,229 [INFO] ImportTextPane:193 - (OptionalMessage_ERROR) IP (MotorControl) : Invalid parameter (LCD_JOYSTICK_FUNCTIONALITY)
2022-09-12 21:45:27,229 DEBUG [LineInfo_to_exitCode.log_LineInfo] 2022-09-12 21:45:27,229 [INFO] ImportTextPane:193 - (OptionalMessage_ERROR) IP (MotorControl) : Invalid parameter (LCD_MODE)
2022-09-12 21:45:27,229 DEBUG [LineInfo_to_exitCode.log_LineInfo] 2022-09-12 21:45:27,229 [INFO] ImportTextPane:193 - (OptionalMessage_ERROR) IP (MotorControl) : Invalid parameter (LDLQ_RATIO)
2022-09-12 21:45:27,229 DEBUG [LineInfo_to_exitCode.log_LineInfo] 2022-09-12 21:45:27,229 [INFO] ImportTextPane:193 - (OptionalMessage_ERROR) IP (MotorControl) : Invalid parameter (LOW_SIDE_BRAKE_STATE)
2022-09-12 21:45:27,229 DEBUG [LineInfo_to_exitCode.log_LineInfo] 2022-09-12 21:45:27,229 [INFO] ImportTextPane:193 - (OptionalMessage_ERROR) IP (MotorControl) : Invalid parameter (MAX_MODULATION_83_PER_CENT)
2022-09-12 21:45:27,229 DEBUG [LineInfo_to_exitCode.log_LineInfo] 2022-09-12 21:45:27,229 [INFO] ImportTextPane:193 - (OptionalMessage_ERROR) IP (MotorControl) : Invalid parameter (MC_WORKBENCH_VERSION)
2022-09-12 21:45:27,230 DEBUG [LineInfo_to_exitCode.log_LineInfo] 2022-09-12 21:45:27,229 [INFO] ImportTextPane:193 - (OptionalMessage_ERROR) IP (MotorControl) : Invalid parameter (MCU)
2022-09-12 21:45:27,230 DEBUG [LineInfo_to_exitCode.log_LineInfo] 2022-09-12 21:45:27,229 [INFO] ImportTextPane:193 - (OptionalMessage_ERROR) IP (MotorControl) : Invalid parameter (MCU_TYPE)
2022-09-12 21:45:27,230 DEBUG [LineInfo_to_exitCode.log_LineInfo] 2022-09-12 21:45:27,229 [INFO] ImportTextPane:193 - (OptionalMessage_ERROR) IP (MotorControl) : Invalid parameter (MOTOR_TYPE)
2022-09-12 21:45:27,230 DEBUG [LineInfo_to_exitCode.log_LineInfo] 2022-09-12 21:45:27,229 [INFO] ImportTextPane:193 - (OptionalMessage_ERROR) IP (MotorControl) : Invalid parameter (OCP_COMP_THRESHOLD)
2022-09-12 21:45:27,230 DEBUG [LineInfo_to_exitCode.log_LineInfo] 2022-09-12 21:45:27,229 [INFO] ImportTextPane:193 - (OptionalMessage_ERROR) IP (MotorControl) : Invalid parameter (OCP_FILTER)
2022-09-12 21:45:27,230 DEBUG [LineInfo_to_exitCode.log_LineInfo] 2022-09-12 21:45:27,229 [INFO] ImportTextPane:193 - (OptionalMessage_ERROR) IP (MotorControl) : Invalid parameter (OCP_INVERTINGINPUT)
2022-09-12 21:45:27,230 DEBUG [LineInfo_to_exitCode.log_LineInfo] 2022-09-12 21:45:27,230 [INFO] ImportTextPane:193 - (OptionalMessage_ERROR) IP (MotorControl) : Invalid parameter (OCP_INVERTINGINPUT_GPIO_PIN)
2022-09-12 21:45:27,230 DEBUG [LineInfo_to_exitCode.log_LineInfo] 2022-09-12 21:45:27,230 [INFO] ImportTextPane:193 - (OptionalMessage_ERROR) IP (MotorControl) : Invalid parameter (OCP_INVERTINGINPUT_GPIO_PORT)
2022-09-12 21:45:27,230 DEBUG [LineInfo_to_exitCode.log_LineInfo] 2022-09-12 21:45:27,230 [INFO] ImportTextPane:193 - (OptionalMessage_ERROR) IP (MotorControl) : Invalid parameter (OCP_NONINVERTINGINPUT)
2022-09-12 21:45:27,230 DEBUG [LineInfo_to_exitCode.log_LineInfo] 2022-09-12 21:45:27,230 [INFO] ImportTextPane:193 - (OptionalMessage_ERROR) IP (MotorControl) : Invalid parameter (OCP_NONINVERTINGINPUT_GPIO_PIN)
2022-09-12 21:45:27,230 DEBUG [LineInfo_to_exitCode.log_LineInfo] 2022-09-12 21:45:27,230 [INFO] ImportTextPane:193 - (OptionalMessage_ERROR) IP (MotorControl) : Invalid parameter (OCP_NONINVERTINGINPUT_GPIO_PORT)
2022-09-12 21:45:27,230 DEBUG [LineInfo_to_exitCode.log_LineInfo] 2022-09-12 21:45:27,230 [INFO] ImportTextPane:193 - (OptionalMessage_ERROR) IP (MotorControl) : Invalid parameter (OCP_OUTPUT)
2022-09-12 21:45:27,230 DEBUG [LineInfo_to_exitCode.log_LineInfo] 2022-09-12 21:45:27,230 [INFO] ImportTextPane:193 - (OptionalMessage_ERROR) IP (MotorControl) : Invalid parameter (OCP_OUTPUT_GPIO_AF)
2022-09-12 21:45:27,231 DEBUG [LineInfo_to_exitCode.log_LineInfo] 2022-09-12 21:45:27,230 [INFO] ImportTextPane:193 - (OptionalMessage_ERROR) IP (MotorControl) : Invalid parameter (OCP_OUTPUT_GPIO_PIN)
2022-09-12 21:45:27,231 DEBUG [LineInfo_to_exitCode.log_LineInfo] 2022-09-12 21:45:27,230 [INFO] ImportTextPane:193 - (OptionalMessage_ERROR) IP (MotorControl) : Invalid parameter (OCP_OUTPUT_GPIO_PORT)
2022-09-12 21:45:27,231 DEBUG [LineInfo_to_exitCode.log_LineInfo] 2022-09-12 21:45:27,230 [INFO] ImportTextPane:193 - (OptionalMessage_ERROR) IP (MotorControl) : Invalid parameter (OCP_OUTPUT_MODE)
2022-09-12 21:45:27,231 DEBUG [LineInfo_to_exitCode.log_LineInfo] 2022-09-12 21:45:27,230 [INFO] ImportTextPane:193 - (OptionalMessage_ERROR) IP (MotorControl) : Invalid parameter (OCP_OUTPUTPOL)
2022-09-12 21:45:27,231 DEBUG [LineInfo_to_exitCode.log_LineInfo] 2022-09-12 21:45:27,231 [INFO] ImportTextPane:193 - (OptionalMessage_ERROR) IP (MotorControl) : Invalid parameter (OCPA_INVERTINGINPUT)
2022-09-12 21:45:27,231 DEBUG [LineInfo_to_exitCode.log_LineInfo] 2022-09-12 21:45:27,231 [INFO] ImportTextPane:193 - (OptionalMessage_ERROR) IP (MotorControl) : Invalid parameter (OCPA_INVERTINGINPUT_GPIO_PIN)
2022-09-12 21:45:27,232 DEBUG [LineInfo_to_exitCode.log_LineInfo] 2022-09-12 21:45:27,231 [INFO] ImportTextPane:193 - (OptionalMessage_ERROR) IP (MotorControl) : Invalid parameter (OCPA_INVERTINGINPUT_GPIO_PORT)
2022-09-12 21:45:27,232 DEBUG [LineInfo_to_exitCode.log_LineInfo] 2022-09-12 21:45:27,231 [INFO] ImportTextPane:193 - (OptionalMessage_ERROR) IP (MotorControl) : Invalid parameter (OCPA_NONINVERTINGINPUT)
2022-09-12 21:45:27,232 DEBUG [LineInfo_to_exitCode.log_LineInfo] 2022-09-12 21:45:27,232 [INFO] ImportTextPane:193 - (OptionalMessage_ERROR) IP (MotorControl) : Invalid parameter (OCPA_NONINVERTINGINPUT_GPIO_PIN)
2022-09-12 21:45:27,232 DEBUG [LineInfo_to_exitCode.log_LineInfo] 2022-09-12 21:45:27,232 [INFO] ImportTextPane:193 - (OptionalMessage_ERROR) IP (MotorControl) : Invalid parameter (OCPA_NONINVERTINGINPUT_GPIO_PORT)
2022-09-12 21:45:27,232 DEBUG [LineInfo_to_exitCode.log_LineInfo] 2022-09-12 21:45:27,232 [INFO] ImportTextPane:193 - (OptionalMessage_ERROR) IP (MotorControl) : Invalid parameter (OCPA_OUTPUT)
2022-09-12 21:45:27,232 DEBUG [LineInfo_to_exitCode.log_LineInfo] 2022-09-12 21:45:27,232 [INFO] ImportTextPane:193 - (OptionalMessage_ERROR) IP (MotorControl) : Invalid parameter (OCPA_OUTPUT_GPIO_AF)
2022-09-12 21:45:27,232 DEBUG [LineInfo_to_exitCode.log_LineInfo] 2022-09-12 21:45:27,232 [INFO] ImportTextPane:193 - (OptionalMessage_ERROR) IP (MotorControl) : Invalid parameter (OCPA_OUTPUT_GPIO_PIN)
2022-09-12 21:45:27,232 DEBUG [LineInfo_to_exitCode.log_LineInfo] 2022-09-12 21:45:27,232 [INFO] ImportTextPane:193 - (OptionalMessage_ERROR) IP (MotorControl) : Invalid parameter (OCPA_OUTPUT_GPIO_PORT)
2022-09-12 21:45:27,233 DEBUG [LineInfo_to_exitCode.log_LineInfo] 2022-09-12 21:45:27,232 [INFO] ImportTextPane:193 - (OptionalMessage_ERROR) IP (MotorControl) : Invalid parameter (OCPA_OUTPUT_MODE)
2022-09-12 21:45:27,234 DEBUG [LineInfo_to_exitCode.log_LineInfo] 2022-09-12 21:45:27,233 [INFO] ImportTextPane:193 - (OptionalMessage_ERROR) IP (MotorControl) : Invalid parameter (OCPA_OUTPUTPOL)
2022-09-12 21:45:27,234 DEBUG [LineInfo_to_exitCode.log_LineInfo] 2022-09-12 21:45:27,234 [INFO] ImportTextPane:193 - (OptionalMessage_ERROR) IP (MotorControl) : Invalid parameter (OCPB_INVERTINGINPUT)
2022-09-12 21:45:27,234 DEBUG [LineInfo_to_exitCode.log_LineInfo] 2022-09-12 21:45:27,234 [INFO] ImportTextPane:193 - (OptionalMessage_ERROR) IP (MotorControl) : Invalid parameter (OCPB_INVERTINGINPUT_GPIO_PIN)
2022-09-12 21:45:27,234 DEBUG [LineInfo_to_exitCode.log_LineInfo] 2022-09-12 21:45:27,234 [INFO] ImportTextPane:193 - (OptionalMessage_ERROR) IP (MotorControl) : Invalid parameter (OCPB_INVERTINGINPUT_GPIO_PORT)
2022-09-12 21:45:27,234 DEBUG [LineInfo_to_exitCode.log_LineInfo] 2022-09-12 21:45:27,234 [INFO] ImportTextPane:193 - (OptionalMessage_ERROR) IP (MotorControl) : Invalid parameter (OCPB_NONINVERTINGINPUT)
2022-09-12 21:45:27,234 DEBUG [LineInfo_to_exitCode.log_LineInfo] 2022-09-12 21:45:27,234 [INFO] ImportTextPane:193 - (OptionalMessage_ERROR) IP (MotorControl) : Invalid parameter (OCPB_NONINVERTINGINPUT_GPIO_PIN)
2022-09-12 21:45:27,234 DEBUG [LineInfo_to_exitCode.log_LineInfo] 2022-09-12 21:45:27,234 [INFO] ImportTextPane:193 - (OptionalMessage_ERROR) IP (MotorControl) : Invalid parameter (OCPB_NONINVERTINGINPUT_GPIO_PORT)
2022-09-12 21:45:27,234 DEBUG [LineInfo_to_exitCode.log_LineInfo] 2022-09-12 21:45:27,234 [INFO] ImportTextPane:193 - (OptionalMessage_ERROR) IP (MotorControl) : Invalid parameter (OCPB_OUTPUT)
2022-09-12 21:45:27,234 DEBUG [LineInfo_to_exitCode.log_LineInfo] 2022-09-12 21:45:27,234 [INFO] ImportTextPane:193 - (OptionalMessage_ERROR) IP (MotorControl) : Invalid parameter (OCPB_OUTPUT_GPIO_AF)
2022-09-12 21:45:27,235 DEBUG [LineInfo_to_exitCode.log_LineInfo] 2022-09-12 21:45:27,234 [INFO] ImportTextPane:193 - (OptionalMessage_ERROR) IP (MotorControl) : Invalid parameter (OCPB_OUTPUT_GPIO_PIN)
2022-09-12 21:45:27,235 DEBUG [LineInfo_to_exitCode.log_LineInfo] 2022-09-12 21:45:27,234 [INFO] ImportTextPane:193 - (OptionalMessage_ERROR) IP (MotorControl) : Invalid parameter (OCPB_OUTPUT_GPIO_PORT)
2022-09-12 21:45:27,235 DEBUG [LineInfo_to_exitCode.log_LineInfo] 2022-09-12 21:45:27,235 [INFO] ImportTextPane:193 - (OptionalMessage_ERROR) IP (MotorControl) : Invalid parameter (OCPB_OUTPUT_MODE)
2022-09-12 21:45:27,235 DEBUG [LineInfo_to_exitCode.log_LineInfo] 2022-09-12 21:45:27,235 [INFO] ImportTextPane:193 - (OptionalMessage_ERROR) IP (MotorControl) : Invalid parameter (OCPB_OUTPUTPOL)
2022-09-12 21:45:27,235 DEBUG [LineInfo_to_exitCode.log_LineInfo] 2022-09-12 21:45:27,235 [INFO] ImportTextPane:193 - (OptionalMessage_ERROR) IP (MotorControl) : Invalid parameter (OCPC_INVERTINGINPUT)
2022-09-12 21:45:27,235 DEBUG [LineInfo_to_exitCode.log_LineInfo] 2022-09-12 21:45:27,235 [INFO] ImportTextPane:193 - (OptionalMessage_ERROR) IP (MotorControl) : Invalid parameter (OCPC_INVERTINGINPUT_GPIO_PIN)
2022-09-12 21:45:27,235 DEBUG [LineInfo_to_exitCode.log_LineInfo] 2022-09-12 21:45:27,235 [INFO] ImportTextPane:193 - (OptionalMessage_ERROR) IP (MotorControl) : Invalid parameter (OCPC_INVERTINGINPUT_GPIO_PORT)
2022-09-12 21:45:27,235 DEBUG [LineInfo_to_exitCode.log_LineInfo] 2022-09-12 21:45:27,235 [INFO] ImportTextPane:193 - (OptionalMessage_ERROR) IP (MotorControl) : Invalid parameter (OCPC_NONINVERTINGINPUT)
2022-09-12 21:45:27,235 DEBUG [LineInfo_to_exitCode.log_LineInfo] 2022-09-12 21:45:27,235 [INFO] ImportTextPane:193 - (OptionalMessage_ERROR) IP (MotorControl) : Invalid parameter (OCPC_NONINVERTINGINPUT_GPIO_PIN)
2022-09-12 21:45:27,235 DEBUG [LineInfo_to_exitCode.log_LineInfo] 2022-09-12 21:45:27,235 [INFO] ImportTextPane:193 - (OptionalMessage_ERROR) IP (MotorControl) : Invalid parameter (OCPC_NONINVERTINGINPUT_GPIO_PORT)
2022-09-12 21:45:27,235 DEBUG [LineInfo_to_exitCode.log_LineInfo] 2022-09-12 21:45:27,235 [INFO] ImportTextPane:193 - (OptionalMessage_ERROR) IP (MotorControl) : Invalid parameter (OCPC_OUTPUT)
2022-09-12 21:45:27,236 DEBUG [LineInfo_to_exitCode.log_LineInfo] 2022-09-12 21:45:27,235 [INFO] ImportTextPane:193 - (OptionalMessage_ERROR) IP (MotorControl) : Invalid parameter (OCPC_OUTPUT_GPIO_AF)
2022-09-12 21:45:27,236 DEBUG [LineInfo_to_exitCode.log_LineInfo] 2022-09-12 21:45:27,235 [INFO] ImportTextPane:193 - (OptionalMessage_ERROR) IP (MotorControl) : Invalid parameter (OCPC_OUTPUT_GPIO_PIN)
2022-09-12 21:45:27,236 DEBUG [LineInfo_to_exitCode.log_LineInfo] 2022-09-12 21:45:27,235 [INFO] ImportTextPane:193 - (OptionalMessage_ERROR) IP (MotorControl) : Invalid parameter (OCPC_OUTPUT_GPIO_PORT)
2022-09-12 21:45:27,236 DEBUG [LineInfo_to_exitCode.log_LineInfo] 2022-09-12 21:45:27,235 [INFO] ImportTextPane:193 - (OptionalMessage_ERROR) IP (MotorControl) : Invalid parameter (OCPC_OUTPUT_MODE)
2022-09-12 21:45:27,236 DEBUG [LineInfo_to_exitCode.log_LineInfo] 2022-09-12 21:45:27,235 [INFO] ImportTextPane:193 - (OptionalMessage_ERROR) IP (MotorControl) : Invalid parameter (OCPC_OUTPUTPOL)
2022-09-12 21:45:27,236 DEBUG [LineInfo_to_exitCode.log_LineInfo] 2022-09-12 21:45:27,235 [INFO] ImportTextPane:193 - (OptionalMessage_ERROR) IP (MotorControl) : Invalid parameter (OPAMP_INVERTINGINPUT)
2022-09-12 21:45:27,236 DEBUG [LineInfo_to_exitCode.log_LineInfo] 2022-09-12 21:45:27,236 [INFO] ImportTextPane:193 - (OptionalMessage_ERROR) IP (MotorControl) : Invalid parameter (OPAMP_INVERTINGINPUT_GPIO_PIN)
2022-09-12 21:45:27,236 DEBUG [LineInfo_to_exitCode.log_LineInfo] 2022-09-12 21:45:27,236 [INFO] ImportTextPane:193 - (OptionalMessage_ERROR) IP (MotorControl) : Invalid parameter (OPAMP_INVERTINGINPUT_GPIO_PORT)
2022-09-12 21:45:27,236 DEBUG [LineInfo_to_exitCode.log_LineInfo] 2022-09-12 21:45:27,236 [INFO] ImportTextPane:193 - (OptionalMessage_ERROR) IP (MotorControl) : Invalid parameter (OPAMP_INVERTINGINPUT_MODE)
2022-09-12 21:45:27,236 DEBUG [LineInfo_to_exitCode.log_LineInfo] 2022-09-12 21:45:27,236 [INFO] ImportTextPane:193 - (OptionalMessage_ERROR) IP (MotorControl) : Invalid parameter (OPAMP_NONINVERTINGINPUT)
2022-09-12 21:45:27,236 DEBUG [LineInfo_to_exitCode.log_LineInfo] 2022-09-12 21:45:27,236 [INFO] ImportTextPane:193 - (OptionalMessage_ERROR) IP (MotorControl) : Invalid parameter (OPAMP_NONINVERTINGINPUT_GPIO_PIN)
2022-09-12 21:45:27,236 DEBUG [LineInfo_to_exitCode.log_LineInfo] 2022-09-12 21:45:27,236 [INFO] ImportTextPane:193 - (OptionalMessage_ERROR) IP (MotorControl) : Invalid parameter (OPAMP_NONINVERTINGINPUT_GPIO_PORT)
2022-09-12 21:45:27,236 DEBUG [LineInfo_to_exitCode.log_LineInfo] 2022-09-12 21:45:27,236 [INFO] ImportTextPane:193 - (OptionalMessage_ERROR) IP (MotorControl) : Invalid parameter (OPAMP_OUT_GPIO_PIN)
2022-09-12 21:45:27,236 DEBUG [LineInfo_to_exitCode.log_LineInfo] 2022-09-12 21:45:27,236 [INFO] ImportTextPane:193 - (OptionalMessage_ERROR) IP (MotorControl) : Invalid parameter (OPAMP_OUT_GPIO_PORT)
2022-09-12 21:45:27,236 DEBUG [LineInfo_to_exitCode.log_LineInfo] 2022-09-12 21:45:27,236 [INFO] ImportTextPane:193 - (OptionalMessage_ERROR) IP (MotorControl) : Invalid parameter (OPAMP_PGACONNECT)
2022-09-12 21:45:27,236 DEBUG [LineInfo_to_exitCode.log_LineInfo] 2022-09-12 21:45:27,236 [INFO] ImportTextPane:193 - (OptionalMessage_ERROR) IP (MotorControl) : Invalid parameter (OPAMP_PGAGAIN)
2022-09-12 21:45:27,237 DEBUG [LineInfo_to_exitCode.log_LineInfo] 2022-09-12 21:45:27,236 [INFO] ImportTextPane:193 - (OptionalMessage_ERROR) IP (MotorControl) : Invalid parameter (OPAMP_TYPE_GAIN)
2022-09-12 21:45:27,237 DEBUG [LineInfo_to_exitCode.log_LineInfo] 2022-09-12 21:45:27,236 [INFO] ImportTextPane:193 - (OptionalMessage_ERROR) IP (MotorControl) : Invalid parameter (OPAMP1_INVERTINGINPUT_GPIO_PIN)
2022-09-12 21:45:27,237 DEBUG [LineInfo_to_exitCode.log_LineInfo] 2022-09-12 21:45:27,236 [INFO] ImportTextPane:193 - (OptionalMessage_ERROR) IP (MotorControl) : Invalid parameter (OPAMP1_INVERTINGINPUT_GPIO_PORT)
2022-09-12 21:45:27,237 DEBUG [LineInfo_to_exitCode.log_LineInfo] 2022-09-12 21:45:27,236 [INFO] ImportTextPane:193 - (OptionalMessage_ERROR) IP (MotorControl) : Invalid parameter (OPAMP1_INVERTINGINPUT_MODE)
2022-09-12 21:45:27,237 DEBUG [LineInfo_to_exitCode.log_LineInfo] 2022-09-12 21:45:27,236 [INFO] ImportTextPane:193 - (OptionalMessage_ERROR) IP (MotorControl) : Invalid parameter (OPAMP1_NONINVERTINGINPUT_PHA_GPIO_PIN)
2022-09-12 21:45:27,237 DEBUG [LineInfo_to_exitCode.log_LineInfo] 2022-09-12 21:45:27,236 [INFO] ImportTextPane:193 - (OptionalMessage_ERROR) IP (MotorControl) : Invalid parameter (OPAMP1_NONINVERTINGINPUT_PHA_GPIO_PORT)
2022-09-12 21:45:27,238 DEBUG [LineInfo_to_exitCode.log_LineInfo] 2022-09-12 21:45:27,236 [INFO] ImportTextPane:193 - (OptionalMessage_ERROR) IP (MotorControl) : Invalid parameter (OPAMP1_NONINVERTINGINPUT_PHB_GPIO_PIN)
2022-09-12 21:45:27,238 DEBUG [LineInfo_to_exitCode.log_LineInfo] 2022-09-12 21:45:27,236 [INFO] ImportTextPane:193 - (OptionalMessage_ERROR) IP (MotorControl) : Invalid parameter (OPAMP1_NONINVERTINGINPUT_PHB_GPIO_PORT)
2022-09-12 21:45:27,238 DEBUG [LineInfo_to_exitCode.log_LineInfo] 2022-09-12 21:45:27,237 [INFO] ImportTextPane:193 - (OptionalMessage_ERROR) IP (MotorControl) : Invalid parameter (OPAMP1_OUT_GPIO_PIN)
2022-09-12 21:45:27,238 DEBUG [LineInfo_to_exitCode.log_LineInfo] 2022-09-12 21:45:27,237 [INFO] ImportTextPane:193 - (OptionalMessage_ERROR) IP (MotorControl) : Invalid parameter (OPAMP1_OUT_GPIO_PORT)
2022-09-12 21:45:27,238 DEBUG [LineInfo_to_exitCode.log_LineInfo] 2022-09-12 21:45:27,237 [INFO] ImportTextPane:193 - (OptionalMessage_ERROR) IP (MotorControl) : Invalid parameter (OPAMP2_INVERTINGINPUT_GPIO_PIN)
2022-09-12 21:45:27,238 DEBUG [LineInfo_to_exitCode.log_LineInfo] 2022-09-12 21:45:27,237 [INFO] ImportTextPane:193 - (OptionalMessage_ERROR) IP (MotorControl) : Invalid parameter (OPAMP2_INVERTINGINPUT_GPIO_PORT)
2022-09-12 21:45:27,238 DEBUG [LineInfo_to_exitCode.log_LineInfo] 2022-09-12 21:45:27,237 [INFO] ImportTextPane:193 - (OptionalMessage_ERROR) IP (MotorControl) : Invalid parameter (OPAMP2_INVERTINGINPUT_MODE)
2022-09-12 21:45:27,238 DEBUG [LineInfo_to_exitCode.log_LineInfo] 2022-09-12 21:45:27,237 [INFO] ImportTextPane:193 - (OptionalMessage_ERROR) IP (MotorControl) : Invalid parameter (OPAMP2_NONINVERTINGINPUT_PHA_GPIO_PIN)
2022-09-12 21:45:27,238 DEBUG [LineInfo_to_exitCode.log_LineInfo] 2022-09-12 21:45:27,237 [INFO] ImportTextPane:193 - (OptionalMessage_ERROR) IP (MotorControl) : Invalid parameter (OPAMP2_NONINVERTINGINPUT_PHA_GPIO_PORT)
2022-09-12 21:45:27,238 DEBUG [LineInfo_to_exitCode.log_LineInfo] 2022-09-12 21:45:27,238 [INFO] ImportTextPane:193 - (OptionalMessage_ERROR) IP (MotorControl) : Invalid parameter (OPAMP2_NONINVERTINGINPUT_PHB_GPIO_PIN)
2022-09-12 21:45:27,238 DEBUG [LineInfo_to_exitCode.log_LineInfo] 2022-09-12 21:45:27,238 [INFO] ImportTextPane:193 - (OptionalMessage_ERROR) IP (MotorControl) : Invalid parameter (OPAMP2_NONINVERTINGINPUT_PHB_GPIO_PORT)
2022-09-12 21:45:27,238 DEBUG [LineInfo_to_exitCode.log_LineInfo] 2022-09-12 21:45:27,238 [INFO] ImportTextPane:193 - (OptionalMessage_ERROR) IP (MotorControl) : Invalid parameter (OPAMP2_NONINVERTINGINPUT_PHC_GPIO_PIN)
2022-09-12 21:45:27,238 DEBUG [LineInfo_to_exitCode.log_LineInfo] 2022-09-12 21:45:27,238 [INFO] ImportTextPane:193 - (OptionalMessage_ERROR) IP (MotorControl) : Invalid parameter (OPAMP2_NONINVERTINGINPUT_PHC_GPIO_PORT)
2022-09-12 21:45:27,238 DEBUG [LineInfo_to_exitCode.log_LineInfo] 2022-09-12 21:45:27,238 [INFO] ImportTextPane:193 - (OptionalMessage_ERROR) IP (MotorControl) : Invalid parameter (OPAMP2_OUT_GPIO_PIN)
2022-09-12 21:45:27,238 DEBUG [LineInfo_to_exitCode.log_LineInfo] 2022-09-12 21:45:27,238 [INFO] ImportTextPane:193 - (OptionalMessage_ERROR) IP (MotorControl) : Invalid parameter (OPAMP2_OUT_GPIO_PORT)
2022-09-12 21:45:27,238 DEBUG [LineInfo_to_exitCode.log_LineInfo] 2022-09-12 21:45:27,238 [INFO] ImportTextPane:193 - (OptionalMessage_ERROR) IP (MotorControl) : Invalid parameter (OPAMP3_INVERTINGINPUT)
2022-09-12 21:45:27,238 DEBUG [LineInfo_to_exitCode.log_LineInfo] 2022-09-12 21:45:27,238 [INFO] ImportTextPane:193 - (OptionalMessage_ERROR) IP (MotorControl) : Invalid parameter (OPAMP3_INVERTINGINPUT_GPIO_PIN)
2022-09-12 21:45:27,238 DEBUG [LineInfo_to_exitCode.log_LineInfo] 2022-09-12 21:45:27,238 [INFO] ImportTextPane:193 - (OptionalMessage_ERROR) IP (MotorControl) : Invalid parameter (OPAMP3_INVERTINGINPUT_GPIO_PORT)
2022-09-12 21:45:27,238 DEBUG [LineInfo_to_exitCode.log_LineInfo] 2022-09-12 21:45:27,238 [INFO] ImportTextPane:193 - (OptionalMessage_ERROR) IP (MotorControl) : Invalid parameter (OPAMP3_INVERTINGINPUT_MODE)
2022-09-12 21:45:27,238 DEBUG [LineInfo_to_exitCode.log_LineInfo] 2022-09-12 21:45:27,238 [INFO] ImportTextPane:193 - (OptionalMessage_ERROR) IP (MotorControl) : Invalid parameter (OPAMP3_SELECTION)
2022-09-12 21:45:27,238 DEBUG [LineInfo_to_exitCode.log_LineInfo] 2022-09-12 21:45:27,238 [INFO] ImportTextPane:193 - (OptionalMessage_ERROR) IP (MotorControl) : Invalid parameter (OPEN_LOOP_K)
2022-09-12 21:45:27,239 DEBUG [LineInfo_to_exitCode.log_LineInfo] 2022-09-12 21:45:27,238 [INFO] ImportTextPane:193 - (OptionalMessage_ERROR) IP (MotorControl) : Invalid parameter (OPEN_LOOP_OFF)
2022-09-12 21:45:27,239 DEBUG [LineInfo_to_exitCode.log_LineInfo] 2022-09-12 21:45:27,238 [INFO] ImportTextPane:193 - (OptionalMessage_ERROR) IP (MotorControl) : Invalid parameter (OPEN_LOOP_SPEED_RAMP_DURATION_MS)
2022-09-12 21:45:27,239 DEBUG [LineInfo_to_exitCode.log_LineInfo] 2022-09-12 21:45:27,238 [INFO] ImportTextPane:193 - (OptionalMessage_ERROR) IP (MotorControl) : Invalid parameter (OPEN_LOOP_SPEED_RPM)
2022-09-12 21:45:27,239 DEBUG [LineInfo_to_exitCode.log_LineInfo] 2022-09-12 21:45:27,238 [INFO] ImportTextPane:193 - (OptionalMessage_ERROR) IP (MotorControl) : Invalid parameter (OPEN_LOOP_VF)
2022-09-12 21:45:27,239 DEBUG [LineInfo_to_exitCode.log_LineInfo] 2022-09-12 21:45:27,238 [INFO] ImportTextPane:193 - (OptionalMessage_ERROR) IP (MotorControl) : Invalid parameter (OPEN_LOOP_VOLTAGE_d)
2022-09-12 21:45:27,239 DEBUG [LineInfo_to_exitCode.log_LineInfo] 2022-09-12 21:45:27,238 [INFO] ImportTextPane:193 - (OptionalMessage_ERROR) IP (MotorControl) : Invalid parameter (OV_CURR_BYPASS_GPIO_PIN)
2022-09-12 21:45:27,239 DEBUG [LineInfo_to_exitCode.log_LineInfo] 2022-09-12 21:45:27,238 [INFO] ImportTextPane:193 - (OptionalMessage_ERROR) IP (MotorControl) : Invalid parameter (OV_CURR_BYPASS_GPIO_PORT)
2022-09-12 21:45:27,239 DEBUG [LineInfo_to_exitCode.log_LineInfo] 2022-09-12 21:45:27,238 [INFO] ImportTextPane:193 - (OptionalMessage_ERROR) IP (MotorControl) : Invalid parameter (OVERCURR_FEEDBACK_POLARITY)
2022-09-12 21:45:27,239 DEBUG [LineInfo_to_exitCode.log_LineInfo] 2022-09-12 21:45:27,239 [INFO] ImportTextPane:193 - (OptionalMessage_ERROR) IP (MotorControl) : Invalid parameter (OVP_FILTER)
2022-09-12 21:45:27,239 DEBUG [LineInfo_to_exitCode.log_LineInfo] 2022-09-12 21:45:27,239 [INFO] ImportTextPane:193 - (OptionalMessage_ERROR) IP (MotorControl) : Invalid parameter (OVP_INVERTINGINPUT)
2022-09-12 21:45:27,239 DEBUG [LineInfo_to_exitCode.log_LineInfo] 2022-09-12 21:45:27,239 [INFO] ImportTextPane:193 - (OptionalMessage_ERROR) IP (MotorControl) : Invalid parameter (OVP_INVERTINGINPUT_GPIO_PIN)
2022-09-12 21:45:27,239 DEBUG [LineInfo_to_exitCode.log_LineInfo] 2022-09-12 21:45:27,239 [INFO] ImportTextPane:193 - (OptionalMessage_ERROR) IP (MotorControl) : Invalid parameter (OVP_INVERTINGINPUT_GPIO_PORT)
2022-09-12 21:45:27,239 DEBUG [LineInfo_to_exitCode.log_LineInfo] 2022-09-12 21:45:27,239 [INFO] ImportTextPane:193 - (OptionalMessage_ERROR) IP (MotorControl) : Invalid parameter (OVP_INVERTINGINPUT_MODE)
2022-09-12 21:45:27,239 DEBUG [LineInfo_to_exitCode.log_LineInfo] 2022-09-12 21:45:27,239 [INFO] ImportTextPane:193 - (OptionalMessage_ERROR) IP (MotorControl) : Invalid parameter (OVP_NONINVERTINGINPUT)
2022-09-12 21:45:27,239 DEBUG [LineInfo_to_exitCode.log_LineInfo] 2022-09-12 21:45:27,239 [INFO] ImportTextPane:193 - (OptionalMessage_ERROR) IP (MotorControl) : Invalid parameter (OVP_NONINVERTINGINPUT_GPIO_PIN)
2022-09-12 21:45:27,239 DEBUG [LineInfo_to_exitCode.log_LineInfo] 2022-09-12 21:45:27,239 [INFO] ImportTextPane:193 - (OptionalMessage_ERROR) IP (MotorControl) : Invalid parameter (OVP_NONINVERTINGINPUT_GPIO_PORT)
2022-09-12 21:45:27,239 DEBUG [LineInfo_to_exitCode.log_LineInfo] 2022-09-12 21:45:27,239 [INFO] ImportTextPane:193 - (OptionalMessage_ERROR) IP (MotorControl) : Invalid parameter (OVP_OUTPUT)
2022-09-12 21:45:27,239 DEBUG [LineInfo_to_exitCode.log_LineInfo] 2022-09-12 21:45:27,239 [INFO] ImportTextPane:193 - (OptionalMessage_ERROR) IP (MotorControl) : Invalid parameter (OVP_OUTPUT_GPIO_AF)
2022-09-12 21:45:27,240 DEBUG [LineInfo_to_exitCode.log_LineInfo] 2022-09-12 21:45:27,239 [INFO] ImportTextPane:193 - (OptionalMessage_ERROR) IP (MotorControl) : Invalid parameter (OVP_OUTPUT_GPIO_PIN)
2022-09-12 21:45:27,240 DEBUG [LineInfo_to_exitCode.log_LineInfo] 2022-09-12 21:45:27,240 [INFO] ImportTextPane:193 - (OptionalMessage_ERROR) IP (MotorControl) : Invalid parameter (OVP_OUTPUT_GPIO_PORT)
2022-09-12 21:45:27,240 DEBUG [LineInfo_to_exitCode.log_LineInfo] 2022-09-12 21:45:27,240 [INFO] ImportTextPane:193 - (OptionalMessage_ERROR) IP (MotorControl) : Invalid parameter (OVP_OUTPUT_MODE)
2022-09-12 21:45:27,240 DEBUG [LineInfo_to_exitCode.log_LineInfo] 2022-09-12 21:45:27,240 [INFO] ImportTextPane:193 - (OptionalMessage_ERROR) IP (MotorControl) : Invalid parameter (OVP_OUTPUTPOL)
2022-09-12 21:45:27,240 DEBUG [LineInfo_to_exitCode.log_LineInfo] 2022-09-12 21:45:27,240 [INFO] ImportTextPane:193 - (OptionalMessage_ERROR) IP (MotorControl) : Invalid parameter (OVP_SELECTION)
2022-09-12 21:45:27,240 DEBUG [LineInfo_to_exitCode.log_LineInfo] 2022-09-12 21:45:27,240 [INFO] ImportTextPane:193 - (OptionalMessage_ERROR) IP (MotorControl) : Invalid parameter (PHASE_CURRENTS_GPIO_PIN)
2022-09-12 21:45:27,240 DEBUG [LineInfo_to_exitCode.log_LineInfo] 2022-09-12 21:45:27,240 [INFO] ImportTextPane:193 - (OptionalMessage_ERROR) IP (MotorControl) : Invalid parameter (PHASE_CURRENTS_GPIO_PORT)
2022-09-12 21:45:27,240 DEBUG [LineInfo_to_exitCode.log_LineInfo] 2022-09-12 21:45:27,240 [INFO] ImportTextPane:193 - (OptionalMessage_ERROR) IP (MotorControl) : Invalid parameter (PHASE_U_CURR_ADC)
2022-09-12 21:45:27,240 DEBUG [LineInfo_to_exitCode.log_LineInfo] 2022-09-12 21:45:27,240 [INFO] ImportTextPane:193 - (OptionalMessage_ERROR) IP (MotorControl) : Invalid parameter (PHASE_U_GPIO_PIN)
2022-09-12 21:45:27,240 DEBUG [LineInfo_to_exitCode.log_LineInfo] 2022-09-12 21:45:27,240 [INFO] ImportTextPane:193 - (OptionalMessage_ERROR) IP (MotorControl) : Invalid parameter (PHASE_U_GPIO_PORT)
2022-09-12 21:45:27,240 DEBUG [LineInfo_to_exitCode.log_LineInfo] 2022-09-12 21:45:27,240 [INFO] ImportTextPane:193 - (OptionalMessage_ERROR) IP (MotorControl) : Invalid parameter (PHASE_UH_GPIO_AF)
2022-09-12 21:45:27,240 DEBUG [LineInfo_to_exitCode.log_LineInfo] 2022-09-12 21:45:27,240 [INFO] ImportTextPane:193 - (OptionalMessage_ERROR) IP (MotorControl) : Invalid parameter (PHASE_UH_GPIO_PIN)
2022-09-12 21:45:27,241 DEBUG [LineInfo_to_exitCode.log_LineInfo] 2022-09-12 21:45:27,240 [INFO] ImportTextPane:193 - (OptionalMessage_ERROR) IP (MotorControl) : Invalid parameter (PHASE_UH_GPIO_PORT)
2022-09-12 21:45:27,241 DEBUG [LineInfo_to_exitCode.log_LineInfo] 2022-09-12 21:45:27,240 [INFO] ImportTextPane:193 - (OptionalMessage_ERROR) IP (MotorControl) : Invalid parameter (PHASE_UH_POLARITY)
2022-09-12 21:45:27,241 DEBUG [LineInfo_to_exitCode.log_LineInfo] 2022-09-12 21:45:27,241 [INFO] ImportTextPane:193 - (OptionalMessage_ERROR) IP (MotorControl) : Invalid parameter (PHASE_UL_GPIO_AF)
2022-09-12 21:45:27,241 DEBUG [LineInfo_to_exitCode.log_LineInfo] 2022-09-12 21:45:27,241 [INFO] ImportTextPane:193 - (OptionalMessage_ERROR) IP (MotorControl) : Invalid parameter (PHASE_UL_GPIO_PIN)
2022-09-12 21:45:27,241 DEBUG [LineInfo_to_exitCode.log_LineInfo] 2022-09-12 21:45:27,241 [INFO] ImportTextPane:193 - (OptionalMessage_ERROR) IP (MotorControl) : Invalid parameter (PHASE_UL_GPIO_PORT)
2022-09-12 21:45:27,241 DEBUG [LineInfo_to_exitCode.log_LineInfo] 2022-09-12 21:45:27,241 [INFO] ImportTextPane:193 - (OptionalMessage_ERROR) IP (MotorControl) : Invalid parameter (PHASE_UL_POLARITY)
2022-09-12 21:45:27,241 DEBUG [LineInfo_to_exitCode.log_LineInfo] 2022-09-12 21:45:27,241 [INFO] ImportTextPane:193 - (OptionalMessage_ERROR) IP (MotorControl) : Invalid parameter (PHASE_V_CURR_ADC)
2022-09-12 21:45:27,241 DEBUG [LineInfo_to_exitCode.log_LineInfo] 2022-09-12 21:45:27,241 [INFO] ImportTextPane:193 - (OptionalMessage_ERROR) IP (MotorControl) : Invalid parameter (PHASE_V_GPIO_PIN)
2022-09-12 21:45:27,241 DEBUG [LineInfo_to_exitCode.log_LineInfo] 2022-09-12 21:45:27,241 [INFO] ImportTextPane:193 - (OptionalMessage_ERROR) IP (MotorControl) : Invalid parameter (PHASE_V_GPIO_PORT)
2022-09-12 21:45:27,241 DEBUG [LineInfo_to_exitCode.log_LineInfo] 2022-09-12 21:45:27,241 [INFO] ImportTextPane:193 - (OptionalMessage_ERROR) IP (MotorControl) : Invalid parameter (PHASE_VH_GPIO_AF)
2022-09-12 21:45:27,241 DEBUG [LineInfo_to_exitCode.log_LineInfo] 2022-09-12 21:45:27,241 [INFO] ImportTextPane:193 - (OptionalMessage_ERROR) IP (MotorControl) : Invalid parameter (PHASE_VH_GPIO_PIN)
2022-09-12 21:45:27,242 DEBUG [LineInfo_to_exitCode.log_LineInfo] 2022-09-12 21:45:27,241 [INFO] ImportTextPane:193 - (OptionalMessage_ERROR) IP (MotorControl) : Invalid parameter (PHASE_VH_GPIO_PORT)
2022-09-12 21:45:27,242 DEBUG [LineInfo_to_exitCode.log_LineInfo] 2022-09-12 21:45:27,241 [INFO] ImportTextPane:193 - (OptionalMessage_ERROR) IP (MotorControl) : Invalid parameter (PHASE_VH_POLARITY)
2022-09-12 21:45:27,242 DEBUG [LineInfo_to_exitCode.log_LineInfo] 2022-09-12 21:45:27,241 [INFO] ImportTextPane:193 - (OptionalMessage_ERROR) IP (MotorControl) : Invalid parameter (PHASE_VL_GPIO_AF)
2022-09-12 21:45:27,242 DEBUG [LineInfo_to_exitCode.log_LineInfo] 2022-09-12 21:45:27,241 [INFO] ImportTextPane:193 - (OptionalMessage_ERROR) IP (MotorControl) : Invalid parameter (PHASE_VL_GPIO_PIN)
2022-09-12 21:45:27,242 DEBUG [LineInfo_to_exitCode.log_LineInfo] 2022-09-12 21:45:27,241 [INFO] ImportTextPane:193 - (OptionalMessage_ERROR) IP (MotorControl) : Invalid parameter (PHASE_VL_GPIO_PORT)
2022-09-12 21:45:27,242 DEBUG [LineInfo_to_exitCode.log_LineInfo] 2022-09-12 21:45:27,242 [INFO] ImportTextPane:193 - (OptionalMessage_ERROR) IP (MotorControl) : Invalid parameter (PHASE_VL_POLARITY)
2022-09-12 21:45:27,242 DEBUG [LineInfo_to_exitCode.log_LineInfo] 2022-09-12 21:45:27,242 [INFO] ImportTextPane:193 - (OptionalMessage_ERROR) IP (MotorControl) : Invalid parameter (PHASE_W_CURR_ADC)
2022-09-12 21:45:27,242 DEBUG [LineInfo_to_exitCode.log_LineInfo] 2022-09-12 21:45:27,242 [INFO] ImportTextPane:193 - (OptionalMessage_ERROR) IP (MotorControl) : Invalid parameter (PHASE_W_GPIO_PIN)
2022-09-12 21:45:27,242 DEBUG [LineInfo_to_exitCode.log_LineInfo] 2022-09-12 21:45:27,242 [INFO] ImportTextPane:193 - (OptionalMessage_ERROR) IP (MotorControl) : Invalid parameter (PHASE_W_GPIO_PORT)
2022-09-12 21:45:27,242 DEBUG [LineInfo_to_exitCode.log_LineInfo] 2022-09-12 21:45:27,242 [INFO] ImportTextPane:193 - (OptionalMessage_ERROR) IP (MotorControl) : Invalid parameter (PHASE_WH_GPIO_AF)
2022-09-12 21:45:27,242 DEBUG [LineInfo_to_exitCode.log_LineInfo] 2022-09-12 21:45:27,242 [INFO] ImportTextPane:193 - (OptionalMessage_ERROR) IP (MotorControl) : Invalid parameter (PHASE_WH_GPIO_PIN)
2022-09-12 21:45:27,242 DEBUG [LineInfo_to_exitCode.log_LineInfo] 2022-09-12 21:45:27,242 [INFO] ImportTextPane:193 - (OptionalMessage_ERROR) IP (MotorControl) : Invalid parameter (PHASE_WH_GPIO_PORT)
2022-09-12 21:45:27,242 DEBUG [LineInfo_to_exitCode.log_LineInfo] 2022-09-12 21:45:27,242 [INFO] ImportTextPane:193 - (OptionalMessage_ERROR) IP (MotorControl) : Invalid parameter (PHASE_WH_POLARITY)
2022-09-12 21:45:27,242 DEBUG [LineInfo_to_exitCode.log_LineInfo] 2022-09-12 21:45:27,242 [INFO] ImportTextPane:193 - (OptionalMessage_ERROR) IP (MotorControl) : Invalid parameter (PHASE_WL_GPIO_AF)
2022-09-12 21:45:27,242 DEBUG [LineInfo_to_exitCode.log_LineInfo] 2022-09-12 21:45:27,242 [INFO] ImportTextPane:193 - (OptionalMessage_ERROR) IP (MotorControl) : Invalid parameter (PHASE_WL_GPIO_PIN)
2022-09-12 21:45:27,243 DEBUG [LineInfo_to_exitCode.log_LineInfo] 2022-09-12 21:45:27,242 [INFO] ImportTextPane:193 - (OptionalMessage_ERROR) IP (MotorControl) : Invalid parameter (PHASE_WL_GPIO_PORT)
2022-09-12 21:45:27,243 DEBUG [LineInfo_to_exitCode.log_LineInfo] 2022-09-12 21:45:27,242 [INFO] ImportTextPane:193 - (OptionalMessage_ERROR) IP (MotorControl) : Invalid parameter (PHASE_WL_POLARITY)
2022-09-12 21:45:27,243 DEBUG [LineInfo_to_exitCode.log_LineInfo] 2022-09-12 21:45:27,243 [INFO] ImportTextPane:193 - (OptionalMessage_ERROR) IP (MotorControl) : Invalid parameter (PWM_TIMER_REMAPPING)
2022-09-12 21:45:27,243 DEBUG [LineInfo_to_exitCode.log_LineInfo] 2022-09-12 21:45:27,243 [INFO] ImportTextPane:193 - (OptionalMessage_ERROR) IP (MotorControl) : Invalid parameter (R_BRAKE_GPIO_PIN)
2022-09-12 21:45:27,243 DEBUG [LineInfo_to_exitCode.log_LineInfo] 2022-09-12 21:45:27,243 [INFO] ImportTextPane:193 - (OptionalMessage_ERROR) IP (MotorControl) : Invalid parameter (R_BRAKE_GPIO_PORT)
2022-09-12 21:45:27,243 DEBUG [LineInfo_to_exitCode.log_LineInfo] 2022-09-12 21:45:27,243 [INFO] ImportTextPane:193 - (OptionalMessage_ERROR) IP (MotorControl) : Invalid parameter (SPD_DIFFERENTIAL_TERM_ENABLING)
2022-09-12 21:45:27,243 DEBUG [LineInfo_to_exitCode.log_LineInfo] 2022-09-12 21:45:27,243 [INFO] ImportTextPane:193 - (OptionalMessage_ERROR) IP (MotorControl) : Invalid parameter (START_STOP_POLARITY)
2022-09-12 21:45:27,243 DEBUG [LineInfo_to_exitCode.log_LineInfo] 2022-09-12 21:45:27,243 [INFO] ImportTextPane:193 - (OptionalMessage_ERROR) IP (MotorControl) : Invalid parameter (START_STOP_POLARITY_EDGE)
2022-09-12 21:45:27,243 DEBUG [LineInfo_to_exitCode.log_LineInfo] 2022-09-12 21:45:27,243 [INFO] ImportTextPane:193 - (OptionalMessage_ERROR) IP (MotorControl) : Invalid parameter (STSPIN32F0)
2022-09-12 21:45:27,244 DEBUG [LineInfo_to_exitCode.log_LineInfo] 2022-09-12 21:45:27,243 [INFO] ImportTextPane:193 - (OptionalMessage_ERROR) IP (MotorControl) : Invalid parameter (TEMP_FDBK_GPIO_PIN)
2022-09-12 21:45:27,244 DEBUG [LineInfo_to_exitCode.log_LineInfo] 2022-09-12 21:45:27,243 [INFO] ImportTextPane:193 - (OptionalMessage_ERROR) IP (MotorControl) : Invalid parameter (TEMP_FDBK_GPIO_PORT)
2022-09-12 21:45:27,244 DEBUG [LineInfo_to_exitCode.log_LineInfo] 2022-09-12 21:45:27,243 [INFO] ImportTextPane:193 - (OptionalMessage_ERROR) IP (MotorControl) : Invalid parameter (TFDIFFERENTIAL_TERM_ENABLING)
2022-09-12 21:45:27,244 DEBUG [LineInfo_to_exitCode.log_LineInfo] 2022-09-12 21:45:27,244 [INFO] ImportTextPane:193 - (OptionalMessage_ERROR) IP (MotorControl) : Invalid parameter (USART_REMAPPING)
2022-09-12 21:45:27,244 DEBUG [LineInfo_to_exitCode.log_LineInfo] 2022-09-12 21:45:27,244 [INFO] ImportTextPane:193 - (OptionalMessage_ERROR) IP (MotorControl) : Invalid parameter (USART_RX_GPIO_PIN)
2022-09-12 21:45:27,244 DEBUG [LineInfo_to_exitCode.log_LineInfo] 2022-09-12 21:45:27,244 [INFO] ImportTextPane:193 - (OptionalMessage_ERROR) IP (MotorControl) : Invalid parameter (USART_RX_GPIO_PORT)
2022-09-12 21:45:27,244 DEBUG [LineInfo_to_exitCode.log_LineInfo] 2022-09-12 21:45:27,244 [INFO] ImportTextPane:193 - (OptionalMessage_ERROR) IP (MotorControl) : Invalid parameter (USART_SPEED)
2022-09-12 21:45:27,244 DEBUG [LineInfo_to_exitCode.log_LineInfo] 2022-09-12 21:45:27,244 [INFO] ImportTextPane:193 - (OptionalMessage_ERROR) IP (MotorControl) : Invalid parameter (USART_TX_GPIO_PIN)
2022-09-12 21:45:27,244 DEBUG [LineInfo_to_exitCode.log_LineInfo] 2022-09-12 21:45:27,244 [INFO] ImportTextPane:193 - (OptionalMessage_ERROR) IP (MotorControl) : Invalid parameter (USART_TX_GPIO_PORT)
2022-09-12 21:45:27,244 DEBUG [LineInfo_to_exitCode.log_LineInfo] 2022-09-12 21:45:27,244 [INFO] ImportTextPane:193 - (OptionalMessage_ERROR) IP (MotorControl) : Invalid parameter (USE_3OPAMPS)
2022-09-12 21:45:27,244 DEBUG [LineInfo_to_exitCode.log_LineInfo] 2022-09-12 21:45:27,244 [INFO] ImportTextPane:193 - (OptionalMessage_ERROR) IP (MotorControl) : Invalid parameter (VBUS_GPIO_PIN)
2022-09-12 21:45:27,244 DEBUG [LineInfo_to_exitCode.log_LineInfo] 2022-09-12 21:45:27,244 [INFO] ImportTextPane:193 - (OptionalMessage_ERROR) IP (MotorControl) : Invalid parameter (VBUS_GPIO_PORT)
2022-09-12 21:45:27,244 DEBUG [LineInfo_to_exitCode.log_LineInfo] 2022-09-12 21:45:27,244 [INFO] ImportTextPane:193 - (OptionalMessage_ERROR) IP (MotorControl) : Invalid parameter (WB_to_Mx_template_version)
2022-09-12 21:45:27,244 DEBUG [LineInfo_to_exitCode.log_LineInfo] 2022-09-12 21:45:27,244 [INFO] ImportTextPane:193 - (OptionalMessage_ERROR) IP (MotorControl) : Invalid parameter (WB_to_Mx_version)
2022-09-12 21:45:27,285 DEBUG [LineInfo_to_exitCode.log_LineInfo] 2022-09-12 21:45:27,284 [INFO] ImportTextPane:193 - (OptionalMessage_ERROR) IP (TIM1) : Parameter (Pulse) has Id (PWM Generation2 CH2) currently not set
2022-09-12 21:45:27,285 DEBUG [LineInfo_to_exitCode.log_LineInfo] 2022-09-12 21:45:27,285 [INFO] ImportTextPane:193 - (OptionalMessage_ERROR) IP (TIM1) : Parameter (Pulse) has Id (PWM Generation3 CH3) currently not set
2022-09-12 21:45:27,406 DEBUG [LineInfo_to_exitCode.log_LineInfo] 2022-09-12 21:45:27,406 [INFO] UtilMem:74 - End LoadConfig() Used Memory: 283580656 Bytes (399507456)
2022-09-12 21:45:27,434 DEBUG [LineInfo_to_exitCode.log_LineInfo] 2022-09-12 21:45:27,434 [INFO] ThirdParty:791 - entering critical section [change project]
2022-09-12 21:45:27,435 DEBUG [LineInfo_to_exitCode.log_LineInfo] 2022-09-12 21:45:27,435 [INFO] ThirdParty:981 - CMSIS Pack Vendor :RoweBots I-CUBE-UNISONRTOS 5.5.0-4
2022-09-12 21:45:27,435 DEBUG [LineInfo_to_exitCode.log_LineInfo] 2022-09-12 21:45:27,435 [INFO] ThirdParty:981 - CMSIS Pack Vendor :STMicroelectronics X-CUBE-GNSS1 6.0.0
2022-09-12 21:45:27,435 DEBUG [LineInfo_to_exitCode.log_LineInfo] 2022-09-12 21:45:27,435 [INFO] ThirdParty:981 - CMSIS Pack Vendor :STMicroelectronics X-CUBE-AZRTOS-H7 2.1.0
2022-09-12 21:45:27,435 DEBUG [LineInfo_to_exitCode.log_LineInfo] 2022-09-12 21:45:27,435 [INFO] ThirdParty:981 - CMSIS Pack Vendor :STMicroelectronics USB_HOST 2.0.0
2022-09-12 21:45:27,435 DEBUG [LineInfo_to_exitCode.log_LineInfo] 2022-09-12 21:45:27,435 [INFO] ThirdParty:981 - CMSIS Pack Vendor :STMicroelectronics X-CUBE-AZRTOS-F4 1.1.0
2022-09-12 21:45:27,435 DEBUG [LineInfo_to_exitCode.log_LineInfo] 2022-09-12 21:45:27,435 [INFO] ThirdParty:981 - CMSIS Pack Vendor :STMicroelectronics LIBJPEG 8.0.0
2022-09-12 21:45:27,435 DEBUG [LineInfo_to_exitCode.log_LineInfo] 2022-09-12 21:45:27,435 [INFO] ThirdParty:981 - CMSIS Pack Vendor :STMicroelectronics USB_DEVICE 3.0.0
2022-09-12 21:45:27,435 DEBUG [LineInfo_to_exitCode.log_LineInfo] 2022-09-12 21:45:27,435 [INFO] ThirdParty:981 - CMSIS Pack Vendor :STMicroelectronics X-CUBE-BLEMGR 1.0.0
2022-09-12 21:45:27,435 DEBUG [LineInfo_to_exitCode.log_LineInfo] 2022-09-12 21:45:27,435 [INFO] ThirdParty:981 - CMSIS Pack Vendor :STMicroelectronics X-CUBE-MEMS1 9.2.0
2022-09-12 21:45:27,435 DEBUG [LineInfo_to_exitCode.log_LineInfo] 2022-09-12 21:45:27,435 [INFO] ThirdParty:981 - CMSIS Pack Vendor :STMicroelectronics X-CUBE-AZRTOS-F7 1.1.0
2022-09-12 21:45:27,435 DEBUG [LineInfo_to_exitCode.log_LineInfo] 2022-09-12 21:45:27,435 [INFO] ThirdParty:981 - CMSIS Pack Vendor :STMicroelectronics USB_DEVICE 2.0.0
2022-09-12 21:45:27,435 DEBUG [LineInfo_to_exitCode.log_LineInfo] 2022-09-12 21:45:27,435 [INFO] ThirdParty:981 - CMSIS Pack Vendor :STMicroelectronics X-CUBE-BLE1 6.2.3
2022-09-12 21:45:27,435 DEBUG [LineInfo_to_exitCode.log_LineInfo] 2022-09-12 21:45:27,435 [INFO] ThirdParty:981 - CMSIS Pack Vendor :STMicroelectronics X-CUBE-ALGOBUILD 1.3.0
2022-09-12 21:45:27,435 DEBUG [LineInfo_to_exitCode.log_LineInfo] 2022-09-12 21:45:27,435 [INFO] ThirdParty:981 - CMSIS Pack Vendor :STMicroelectronics FreeRTOS 0.0.1
2022-09-12 21:45:27,435 DEBUG [LineInfo_to_exitCode.log_LineInfo] 2022-09-12 21:45:27,435 [INFO] ThirdParty:981 - CMSIS Pack Vendor :STMicroelectronics X-CUBE-AZRTOS-G0 1.1.0
2022-09-12 21:45:27,435 DEBUG [LineInfo_to_exitCode.log_LineInfo] 2022-09-12 21:45:27,435 [INFO] ThirdParty:981 - CMSIS Pack Vendor :STMicroelectronics X-CUBE-SUBG2 5.0.0
2022-09-12 21:45:27,435 DEBUG [LineInfo_to_exitCode.log_LineInfo] 2022-09-12 21:45:27,435 [INFO] ThirdParty:981 - CMSIS Pack Vendor :SEGGER I-CUBE-embOS 1.2.0
2022-09-12 21:45:27,435 DEBUG [LineInfo_to_exitCode.log_LineInfo] 2022-09-12 21:45:27,435 [INFO] ThirdParty:981 - CMSIS Pack Vendor :STMicroelectronics STM32_WPAN 1.0.0
2022-09-12 21:45:27,435 DEBUG [LineInfo_to_exitCode.log_LineInfo] 2022-09-12 21:45:27,435 [INFO] ThirdParty:981 - CMSIS Pack Vendor :STMicroelectronics lwIP 2.0.3
2022-09-12 21:45:27,435 DEBUG [LineInfo_to_exitCode.log_LineInfo] 2022-09-12 21:45:27,435 [INFO] ThirdParty:981 - CMSIS Pack Vendor :STMicroelectronics X-CUBE-NFC4 2.0.4
2022-09-12 21:45:27,435 DEBUG [LineInfo_to_exitCode.log_LineInfo] 2022-09-12 21:45:27,435 [INFO] ThirdParty:981 - CMSIS Pack Vendor :STMicroelectronics USB_HOST 1.0.0
2022-09-12 21:45:27,435 DEBUG [LineInfo_to_exitCode.log_LineInfo] 2022-09-12 21:45:27,435 [INFO] ThirdParty:981 - CMSIS Pack Vendor :STMicroelectronics PDM2PCM 3.1.0
2022-09-12 21:45:27,435 DEBUG [LineInfo_to_exitCode.log_LineInfo] 2022-09-12 21:45:27,435 [INFO] ThirdParty:981 - CMSIS Pack Vendor :STMicroelectronics FP-ATR-ASTRA1 1.1.1
2022-09-12 21:45:27,436 DEBUG [LineInfo_to_exitCode.log_LineInfo] 2022-09-12 21:45:27,435 [INFO] ThirdParty:981 - CMSIS Pack Vendor :STMicroelectronics PDM2PCM 3.3.0
2022-09-12 21:45:27,436 DEBUG [LineInfo_to_exitCode.log_LineInfo] 2022-09-12 21:45:27,435 [INFO] ThirdParty:981 - CMSIS Pack Vendor :STMicroelectronics X-CUBE-TOF1 3.1.0
2022-09-12 21:45:27,436 DEBUG [LineInfo_to_exitCode.log_LineInfo] 2022-09-12 21:45:27,436 [INFO] ThirdParty:981 - CMSIS Pack Vendor :STMicroelectronics FP-ATR-ASTRA1 1.1.0
2022-09-12 21:45:27,436 DEBUG [LineInfo_to_exitCode.log_LineInfo] 2022-09-12 21:45:27,436 [INFO] ThirdParty:981 - CMSIS Pack Vendor :STMicroelectronics X-CUBE-AZRTOS-F4 1.0.0
2022-09-12 21:45:27,436 DEBUG [LineInfo_to_exitCode.log_LineInfo] 2022-09-12 21:45:27,436 [INFO] ThirdParty:981 - CMSIS Pack Vendor :STMicroelectronics X-CUBE-AZRTOS-G4 1.0.0
2022-09-12 21:45:27,436 DEBUG [LineInfo_to_exitCode.log_LineInfo] 2022-09-12 21:45:27,436 [INFO] ThirdParty:981 - CMSIS Pack Vendor :wolfSSL I-CUBE-wolfSSL 5.3.0
2022-09-12 21:45:27,436 DEBUG [LineInfo_to_exitCode.log_LineInfo] 2022-09-12 21:45:27,436 [INFO] ThirdParty:981 - CMSIS Pack Vendor :STMicroelectronics X-CUBE-AZRTOS-L4 1.0.0
2022-09-12 21:45:27,436 DEBUG [LineInfo_to_exitCode.log_LineInfo] 2022-09-12 21:45:27,436 [INFO] ThirdParty:981 - CMSIS Pack Vendor :STMicroelectronics HAL Drivers 0.0.0
2022-09-12 21:45:27,436 DEBUG [LineInfo_to_exitCode.log_LineInfo] 2022-09-12 21:45:27,436 [INFO] ThirdParty:981 - CMSIS Pack Vendor :STMicroelectronics MBEDTLS 2.16.2
2022-09-12 21:45:27,436 DEBUG [LineInfo_to_exitCode.log_LineInfo] 2022-09-12 21:45:27,436 [INFO] ThirdParty:981 - CMSIS Pack Vendor :emotas I-CUBE-CANOPEN 1.1.2
2022-09-12 21:45:27,436 DEBUG [LineInfo_to_exitCode.log_LineInfo] 2022-09-12 21:45:27,436 [INFO] ThirdParty:981 - CMSIS Pack Vendor :STMicroelectronics X-CUBE-TOUCHGFX 4.20.0
2022-09-12 21:45:27,436 DEBUG [LineInfo_to_exitCode.log_LineInfo] 2022-09-12 21:45:27,436 [INFO] ThirdParty:981 - CMSIS Pack Vendor :STMicroelectronics MBEDTLS 2.14.1
2022-09-12 21:45:27,437 DEBUG [LineInfo_to_exitCode.log_LineInfo] 2022-09-12 21:45:27,436 [INFO] ThirdParty:981 - CMSIS Pack Vendor :STMicroelectronics X-CUBE-NFC7 1.0.0
2022-09-12 21:45:27,437 DEBUG [LineInfo_to_exitCode.log_LineInfo] 2022-09-12 21:45:27,436 [INFO] ThirdParty:981 - CMSIS Pack Vendor :STMicroelectronics X-CUBE-AZRTOS-F7 1.0.0
2022-09-12 21:45:27,437 DEBUG [LineInfo_to_exitCode.log_LineInfo] 2022-09-12 21:45:27,436 [INFO] ThirdParty:981 - CMSIS Pack Vendor :STMicroelectronics X-CUBE-AZRTOS-WL 1.0.0
2022-09-12 21:45:27,437 DEBUG [LineInfo_to_exitCode.log_LineInfo] 2022-09-12 21:45:27,436 [INFO] ThirdParty:981 - CMSIS Pack Vendor :STMicroelectronics X-CUBE-MEMS1 9.3.0
2022-09-12 21:45:27,437 DEBUG [LineInfo_to_exitCode.log_LineInfo] 2022-09-12 21:45:27,436 [INFO] ThirdParty:981 - CMSIS Pack Vendor :portGmbH I-Cube-SoM-uGOAL 1.1.0
2022-09-12 21:45:27,437 DEBUG [LineInfo_to_exitCode.log_LineInfo] 2022-09-12 21:45:27,436 [INFO] ThirdParty:981 - CMSIS Pack Vendor :STMicroelectronics X-CUBE-ALS 1.0.1
2022-09-12 21:45:27,437 DEBUG [LineInfo_to_exitCode.log_LineInfo] 2022-09-12 21:45:27,436 [INFO] ThirdParty:981 - CMSIS Pack Vendor :STMicroelectronics X-CUBE-AI 7.2.0
2022-09-12 21:45:27,437 DEBUG [LineInfo_to_exitCode.log_LineInfo] 2022-09-12 21:45:27,436 [INFO] ThirdParty:981 - CMSIS Pack Vendor :STMicroelectronics ThreadX 1.0.0
2022-09-12 21:45:27,437 DEBUG [LineInfo_to_exitCode.log_LineInfo] 2022-09-12 21:45:27,436 [INFO] ThirdParty:981 - CMSIS Pack Vendor :STMicroelectronics X-CUBE-AZRTOS-L5 1.0.0
2022-09-12 21:45:27,437 DEBUG [LineInfo_to_exitCode.log_LineInfo] 2022-09-12 21:45:27,436 [INFO] ThirdParty:981 - CMSIS Pack Vendor :STMicroelectronics USB_DEVICE 1.0.0
2022-09-12 21:45:27,437 DEBUG [LineInfo_to_exitCode.log_LineInfo] 2022-09-12 21:45:27,436 [INFO] ThirdParty:981 - CMSIS Pack Vendor :STMicroelectronics X-CUBE-EEPRMA1 3.1.1
2022-09-12 21:45:27,437 DEBUG [LineInfo_to_exitCode.log_LineInfo] 2022-09-12 21:45:27,436 [INFO] ThirdParty:981 - CMSIS Pack Vendor :STMicroelectronics ThreadX 0.0.2
2022-09-12 21:45:27,438 DEBUG [LineInfo_to_exitCode.log_LineInfo] 2022-09-12 21:45:27,437 [INFO] ThirdParty:981 - CMSIS Pack Vendor :STMicroelectronics lwIP 2.1.2
2022-09-12 21:45:27,438 DEBUG [LineInfo_to_exitCode.log_LineInfo] 2022-09-12 21:45:27,437 [INFO] ThirdParty:981 - CMSIS Pack Vendor :STMicroelectronics X-CUBE-SFXS2LP1 4.0.0
2022-09-12 21:45:27,438 DEBUG [LineInfo_to_exitCode.log_LineInfo] 2022-09-12 21:45:27,437 [INFO] ThirdParty:981 - CMSIS Pack Vendor :STMicroelectronics X-CUBE-BLE2 3.3.0
2022-09-12 21:45:27,438 DEBUG [LineInfo_to_exitCode.log_LineInfo] 2022-09-12 21:45:27,437 [INFO] ThirdParty:981 - CMSIS Pack Vendor :STMicroelectronics X-CUBE-DISPLAY 2.2.0
2022-09-12 21:45:27,438 DEBUG [LineInfo_to_exitCode.log_LineInfo] 2022-09-12 21:45:27,437 [INFO] ThirdParty:981 - CMSIS Pack Vendor :STMicroelectronics PDM2PCM 3.2.0
2022-09-12 21:45:27,438 DEBUG [LineInfo_to_exitCode.log_LineInfo] 2022-09-12 21:45:27,437 [INFO] ThirdParty:981 - CMSIS Pack Vendor :STMicroelectronics X-CUBE-ISPU 1.0.0
2022-09-12 21:45:27,438 DEBUG [LineInfo_to_exitCode.log_LineInfo] 2022-09-12 21:45:27,437 [INFO] ThirdParty:797 - exiting critical section [change project]
2022-09-12 21:45:27,638 DEBUG [LineInfo_to_exitCode.log_LineInfo] 2022-09-12 21:45:27,637 [INFO] PinOutPanel:1468 - setPackage(No Configuration,No Configuration)
2022-09-12 21:45:27,639 DEBUG [LineInfo_to_exitCode.log_LineInfo] 2022-09-12 21:45:27,639 [INFO] PinOutPanel:1468 - setPackage(STM32F031C6Tx,LQFP48)
2022-09-12 21:45:28,216 DEBUG [LineInfo_to_exitCode.log_LineInfo] 2022-09-12 21:45:28,216 [INFO] UtilMem:74 - Before build in PCC Used Memory: 195958096 Bytes (399507456)
2022-09-12 21:45:28,779 DEBUG [LineInfo_to_exitCode.log_LineInfo] 2022-09-12 21:45:28,778 [INFO] UtilMem:74 - After build in PCC Used Memory: 200752128 Bytes (480247808)
2022-09-12 21:45:28,923 DEBUG [LineInfo_to_exitCode.log_LineInfo] 2022-09-12 21:45:28,923 [INFO] ApiDbMcu:505 - Load IP Config File for MotorControl
2022-09-12 21:45:28,949 DEBUG [LineInfo_to_exitCode.log_LineInfo] 2022-09-12 21:45:28,948 [INFO] IPUIPlugin:79 - create IPUIPlugin
2022-09-12 21:45:28,949 DEBUG [LineInfo_to_exitCode.log_LineInfo] 2022-09-12 21:45:28,949 [INFO] IPUIPlugin:79 - create IPUIPlugin
2022-09-12 21:45:28,949 DEBUG [LineInfo_to_exitCode.log_LineInfo] 2022-09-12 21:45:28,949 [INFO] IPUIPlugin:79 - create IPUIPlugin
2022-09-12 21:45:28,949 DEBUG [LineInfo_to_exitCode.log_LineInfo] 2022-09-12 21:45:28,949 [INFO] IPUIPlugin:79 - create IPUIPlugin
2022-09-12 21:45:28,949 DEBUG [LineInfo_to_exitCode.log_LineInfo] 2022-09-12 21:45:28,949 [INFO] IPUIPlugin:79 - create IPUIPlugin
2022-09-12 21:45:28,950 DEBUG [LineInfo_to_exitCode.log_LineInfo] 2022-09-12 21:45:28,950 [INFO] IPUIPlugin:79 - create IPUIPlugin
2022-09-12 21:45:28,950 DEBUG [LineInfo_to_exitCode.log_LineInfo] 2022-09-12 21:45:28,950 [INFO] IPUIPlugin:79 - create IPUIPlugin
2022-09-12 21:45:28,950 DEBUG [LineInfo_to_exitCode.log_LineInfo] 2022-09-12 21:45:28,950 [INFO] IPUIPlugin:79 - create IPUIPlugin
2022-09-12 21:45:28,951 DEBUG [LineInfo_to_exitCode.log_LineInfo] 2022-09-12 21:45:28,950 [INFO] IPUIPlugin:79 - create IPUIPlugin
2022-09-12 21:45:28,951 DEBUG [LineInfo_to_exitCode.log_LineInfo] 2022-09-12 21:45:28,951 [INFO] IPUIPlugin:79 - create IPUIPlugin
2022-09-12 21:45:28,951 DEBUG [LineInfo_to_exitCode.log_LineInfo] 2022-09-12 21:45:28,951 [INFO] IPUIPlugin:79 - create IPUIPlugin
2022-09-12 21:45:28,951 DEBUG [LineInfo_to_exitCode.log_LineInfo] 2022-09-12 21:45:28,951 [INFO] IPUIPlugin:79 - create IPUIPlugin
2022-09-12 21:45:28,952 DEBUG [LineInfo_to_exitCode.log_LineInfo] 2022-09-12 21:45:28,951 [INFO] IPUIPlugin:79 - create IPUIPlugin
2022-09-12 21:45:28,952 DEBUG [LineInfo_to_exitCode.log_LineInfo] 2022-09-12 21:45:28,952 [INFO] IPUIPlugin:79 - create IPUIPlugin
2022-09-12 21:45:28,952 DEBUG [LineInfo_to_exitCode.log_LineInfo] 2022-09-12 21:45:28,952 [INFO] IPUIPlugin:79 - create IPUIPlugin
2022-09-12 21:45:28,952 DEBUG [LineInfo_to_exitCode.log_LineInfo] 2022-09-12 21:45:28,952 [INFO] IPUIPlugin:79 - create IPUIPlugin
2022-09-12 21:45:28,953 DEBUG [LineInfo_to_exitCode.log_LineInfo] 2022-09-12 21:45:28,952 [INFO] IPUIPlugin:79 - create IPUIPlugin
2022-09-12 21:45:28,953 DEBUG [LineInfo_to_exitCode.log_LineInfo] 2022-09-12 21:45:28,953 [INFO] IPUIPlugin:79 - create IPUIPlugin
2022-09-12 21:45:28,953 DEBUG [LineInfo_to_exitCode.log_LineInfo] 2022-09-12 21:45:28,953 [INFO] IPUIPlugin:79 - create IPUIPlugin
2022-09-12 21:45:28,953 DEBUG [LineInfo_to_exitCode.log_LineInfo] 2022-09-12 21:45:28,953 [INFO] IPUIPlugin:79 - create IPUIPlugin
2022-09-12 21:45:28,953 DEBUG [LineInfo_to_exitCode.log_LineInfo] 2022-09-12 21:45:28,953 [INFO] IPUIPlugin:79 - create IPUIPlugin
2022-09-12 21:45:28,953 DEBUG [LineInfo_to_exitCode.log_LineInfo] 2022-09-12 21:45:28,953 [INFO] IPUIPlugin:79 - create IPUIPlugin
2022-09-12 21:45:28,954 DEBUG [LineInfo_to_exitCode.log_LineInfo] 2022-09-12 21:45:28,953 [INFO] IPUIPlugin:79 - create IPUIPlugin
2022-09-12 21:45:28,954 DEBUG [LineInfo_to_exitCode.log_LineInfo] 2022-09-12 21:45:28,954 [INFO] IPUIPlugin:79 - create IPUIPlugin
2022-09-12 21:45:29,114 DEBUG [LineInfo_to_exitCode.log_LineInfo] 2022-09-12 21:45:29,113 [INFO] CADModel:98 - CPN selected for project levelSTM32F031C6T6
2022-09-12 21:45:29,289 DEBUG [LineInfo_to_exitCode.log_LineInfo] 2022-09-12 21:45:29,288 [INFO] OpenFileManager:327 - Restore cursor
2022-09-12 21:45:29,549 DEBUG [LineInfo_to_exitCode.log_LineInfo] 2022-09-12 21:45:29,549 [INFO] UtilMem:74 - End SaveConfig() Used Memory: 245123312 Bytes (480247808)
2022-09-12 21:45:29,840 DEBUG [LineInfo_to_exitCode.log_LineInfo] 2022-09-12 21:45:29,840 [INFO] BlockDiagram:2753 - set Specific Code input for plugin: ADC
2022-09-12 21:45:29,840 DEBUG [LineInfo_to_exitCode.log_LineInfo] 2022-09-12 21:45:29,840 [INFO] BlockDiagram:2753 - set Specific Code input for plugin: NVIC
2022-09-12 21:45:29,840 DEBUG [LineInfo_to_exitCode.log_LineInfo] 2022-09-12 21:45:29,840 [INFO] BlockDiagram:2753 - set Specific Code input for plugin: MotorControl
2022-09-12 21:45:29,840 DEBUG [LineInfo_to_exitCode.log_LineInfo] 2022-09-12 21:45:29,840 [INFO] BlockDiagram:2753 - set Specific Code input for plugin: SYS
2022-09-12 21:45:29,840 DEBUG [LineInfo_to_exitCode.log_LineInfo] 2022-09-12 21:45:29,840 [INFO] BlockDiagram:2753 - set Specific Code input for plugin: GPIO
2022-09-12 21:45:29,841 DEBUG [LineInfo_to_exitCode.log_LineInfo] 2022-09-12 21:45:29,840 [INFO] BlockDiagram:2753 - set Specific Code input for plugin: USART
2022-09-12 21:45:29,841 DEBUG [LineInfo_to_exitCode.log_LineInfo] 2022-09-12 21:45:29,840 [INFO] BlockDiagram:2753 - set Specific Code input for plugin: RCC
2022-09-12 21:45:29,841 DEBUG [LineInfo_to_exitCode.log_LineInfo] 2022-09-12 21:45:29,841 [INFO] BlockDiagram:2753 - set Specific Code input for plugin: DMA
2022-09-12 21:45:29,841 DEBUG [LineInfo_to_exitCode.log_LineInfo] 2022-09-12 21:45:29,841 [INFO] BlockDiagram:2753 - set Specific Code input for plugin: TIM1_8F0
2022-09-12 21:45:29,841 DEBUG [LineInfo_to_exitCode.log_LineInfo] 2022-09-12 21:45:29,841 [INFO] BlockDiagram:2753 - set Specific Code input for plugin: TIM1_8F0
2022-09-12 21:45:29,843 DEBUG [LineInfo_to_exitCode.log_LineInfo] 2022-09-12 21:45:29,843 [INFO] CodeGenerator:690 - code generatio: config db path: C:\Program Files\STMicroelectronics\STM32Cube\STM32CubeMX\\db\
2022-09-12 21:45:30,065 DEBUG [LineInfo_to_exitCode.log_LineInfo] 2022-09-12 21:45:30,065 [INFO] CodeEngine:245 - oldGeneratedFile, C:\acmecpu\STWorkspace\Blower_Driver_STSPIN32F0A\source\Blower_Driver_STSPIN32F0A\MXTmpFiles\license.tmp_save
2022-09-12 21:45:30,345 DEBUG [LineInfo_to_exitCode.log_LineInfo] 2022-09-12 21:45:30,345 [INFO] CodeEngine:269 - Generated code: C:\acmecpu\STWorkspace\Blower_Driver_STSPIN32F0A\source\Blower_Driver_STSPIN32F0A\MXTmpFiles\license.tmp
2022-09-12 21:45:30,442 DEBUG [LineInfo_to_exitCode.log_LineInfo] 2022-09-12 21:45:30,442 [INFO] CodeEngine:245 - oldGeneratedFile, C:\acmecpu\STWorkspace\Blower_Driver_STSPIN32F0A\source\Blower_Driver_STSPIN32F0A\MXTmpFiles\gpio.tmp_save
2022-09-12 21:45:30,526 DEBUG [LineInfo_to_exitCode.log_LineInfo] 2022-09-12 21:45:30,526 [INFO] CodeEngine:269 - Generated code: C:\acmecpu\STWorkspace\Blower_Driver_STSPIN32F0A\source\Blower_Driver_STSPIN32F0A\MXTmpFiles\gpio.tmp
2022-09-12 21:45:31,031 DEBUG [LineInfo_to_exitCode.log_LineInfo] 2022-09-12 21:45:31,031 [INFO] Middleware:1435 - No code input for Bsp Dependency
2022-09-12 21:45:31,104 DEBUG [LineInfo_to_exitCode.log_LineInfo] 2022-09-12 21:45:31,104 [INFO] CodeEngine:245 - oldGeneratedFile, C:\acmecpu\STWorkspace\Blower_Driver_STSPIN32F0A\source\Blower_Driver_STSPIN32F0A\MXTmpFiles\dma.tmp_save
2022-09-12 21:45:31,173 DEBUG [LineInfo_to_exitCode.log_LineInfo] 2022-09-12 21:45:31,172 [INFO] CodeEngine:269 - Generated code: C:\acmecpu\STWorkspace\Blower_Driver_STSPIN32F0A\source\Blower_Driver_STSPIN32F0A\MXTmpFiles\dma.tmp
2022-09-12 21:45:31,177 DEBUG [LineInfo_to_exitCode.log_LineInfo] 2022-09-12 21:45:31,177 [INFO] CodeEngine:245 - oldGeneratedFile, C:\acmecpu\STWorkspace\Blower_Driver_STSPIN32F0A\source\Blower_Driver_STSPIN32F0A\MXTmpFiles\dma_GV.tmp_save
2022-09-12 21:45:31,242 DEBUG [LineInfo_to_exitCode.log_LineInfo] 2022-09-12 21:45:31,242 [INFO] CodeEngine:269 - Generated code: C:\acmecpu\STWorkspace\Blower_Driver_STSPIN32F0A\source\Blower_Driver_STSPIN32F0A\MXTmpFiles\dma_GV.tmp
2022-09-12 21:45:31,268 DEBUG [LineInfo_to_exitCode.log_LineInfo] 2022-09-12 21:45:31,267 [INFO] Middleware:1435 - No code input for Bsp Dependency
2022-09-12 21:45:31,293 DEBUG [LineInfo_to_exitCode.log_LineInfo] 2022-09-12 21:45:31,293 [INFO] CodeEngine:245 - oldGeneratedFile, C:\acmecpu\STWorkspace\Blower_Driver_STSPIN32F0A\source\Blower_Driver_STSPIN32F0A\Src\motorcontrol.c_save
2022-09-12 21:45:31,371 INFO  [LineInfo_to_exitCode.log_LineInfo] Generated code: C:\acmecpu\STWorkspace\Blower_Driver_STSPIN32F0A\source\Blower_Driver_STSPIN32F0A\Src\motorcontrol.c
2022-09-12 21:45:31,377 DEBUG [LineInfo_to_exitCode.log_LineInfo] 2022-09-12 21:45:31,377 [INFO] CodeEngine:245 - oldGeneratedFile, C:\acmecpu\STWorkspace\Blower_Driver_STSPIN32F0A\source\Blower_Driver_STSPIN32F0A\Inc\motorcontrol.h_save
2022-09-12 21:45:31,448 INFO  [LineInfo_to_exitCode.log_LineInfo] Generated code: C:\acmecpu\STWorkspace\Blower_Driver_STSPIN32F0A\source\Blower_Driver_STSPIN32F0A\Inc\motorcontrol.h
2022-09-12 21:45:31,455 DEBUG [LineInfo_to_exitCode.log_LineInfo] 2022-09-12 21:45:31,455 [INFO] CodeEngine:245 - oldGeneratedFile, C:\acmecpu\STWorkspace\Blower_Driver_STSPIN32F0A\source\Blower_Driver_STSPIN32F0A\Inc\drive_parameters.h_save
2022-09-12 21:45:31,543 INFO  [LineInfo_to_exitCode.log_LineInfo] Generated code: C:\acmecpu\STWorkspace\Blower_Driver_STSPIN32F0A\source\Blower_Driver_STSPIN32F0A\Inc\drive_parameters.h
2022-09-12 21:45:31,552 DEBUG [LineInfo_to_exitCode.log_LineInfo] 2022-09-12 21:45:31,552 [INFO] CodeEngine:245 - oldGeneratedFile, C:\acmecpu\STWorkspace\Blower_Driver_STSPIN32F0A\source\Blower_Driver_STSPIN32F0A\Inc\mc_tasks.h_save
2022-09-12 21:45:31,611 INFO  [LineInfo_to_exitCode.log_LineInfo] Generated code: C:\acmecpu\STWorkspace\Blower_Driver_STSPIN32F0A\source\Blower_Driver_STSPIN32F0A\Inc\mc_tasks.h
2022-09-12 21:45:31,617 DEBUG [LineInfo_to_exitCode.log_LineInfo] 2022-09-12 21:45:31,616 [INFO] CodeEngine:245 - oldGeneratedFile, C:\acmecpu\STWorkspace\Blower_Driver_STSPIN32F0A\source\Blower_Driver_STSPIN32F0A\Src\mc_api.c_save
2022-09-12 21:45:31,691 INFO  [LineInfo_to_exitCode.log_LineInfo] Generated code: C:\acmecpu\STWorkspace\Blower_Driver_STSPIN32F0A\source\Blower_Driver_STSPIN32F0A\Src\mc_api.c
2022-09-12 21:45:31,696 DEBUG [LineInfo_to_exitCode.log_LineInfo] 2022-09-12 21:45:31,696 [INFO] CodeEngine:245 - oldGeneratedFile, C:\acmecpu\STWorkspace\Blower_Driver_STSPIN32F0A\source\Blower_Driver_STSPIN32F0A\Src\motor_control_protocol.c_save
2022-09-12 21:45:31,870 INFO  [LineInfo_to_exitCode.log_LineInfo] Generated code: C:\acmecpu\STWorkspace\Blower_Driver_STSPIN32F0A\source\Blower_Driver_STSPIN32F0A\Src\motor_control_protocol.c
2022-09-12 21:45:31,897 DEBUG [LineInfo_to_exitCode.log_LineInfo] 2022-09-12 21:45:31,897 [INFO] CodeEngine:245 - oldGeneratedFile, C:\acmecpu\STWorkspace\Blower_Driver_STSPIN32F0A\source\Blower_Driver_STSPIN32F0A\Inc\motor_control_protocol.h_save
2022-09-12 21:45:32,031 INFO  [LineInfo_to_exitCode.log_LineInfo] Generated code: C:\acmecpu\STWorkspace\Blower_Driver_STSPIN32F0A\source\Blower_Driver_STSPIN32F0A\Inc\motor_control_protocol.h
2022-09-12 21:45:32,043 DEBUG [LineInfo_to_exitCode.log_LineInfo] 2022-09-12 21:45:32,042 [INFO] CodeEngine:245 - oldGeneratedFile, C:\acmecpu\STWorkspace\Blower_Driver_STSPIN32F0A\source\Blower_Driver_STSPIN32F0A\Inc\mc_api.h_save
2022-09-12 21:45:32,213 INFO  [LineInfo_to_exitCode.log_LineInfo] Generated code: C:\acmecpu\STWorkspace\Blower_Driver_STSPIN32F0A\source\Blower_Driver_STSPIN32F0A\Inc\mc_api.h
2022-09-12 21:45:32,225 DEBUG [LineInfo_to_exitCode.log_LineInfo] 2022-09-12 21:45:32,225 [INFO] CodeEngine:245 - oldGeneratedFile, C:\acmecpu\STWorkspace\Blower_Driver_STSPIN32F0A\source\Blower_Driver_STSPIN32F0A\Src\mc_config.c_save
2022-09-12 21:45:32,608 INFO  [LineInfo_to_exitCode.log_LineInfo] Generated code: C:\acmecpu\STWorkspace\Blower_Driver_STSPIN32F0A\source\Blower_Driver_STSPIN32F0A\Src\mc_config.c
2022-09-12 21:45:32,627 DEBUG [LineInfo_to_exitCode.log_LineInfo] 2022-09-12 21:45:32,626 [INFO] CodeEngine:245 - oldGeneratedFile, C:\acmecpu\STWorkspace\Blower_Driver_STSPIN32F0A\source\Blower_Driver_STSPIN32F0A\Inc\mc_config.h_save
2022-09-12 21:45:32,762 INFO  [LineInfo_to_exitCode.log_LineInfo] Generated code: C:\acmecpu\STWorkspace\Blower_Driver_STSPIN32F0A\source\Blower_Driver_STSPIN32F0A\Inc\mc_config.h
2022-09-12 21:45:32,774 DEBUG [LineInfo_to_exitCode.log_LineInfo] 2022-09-12 21:45:32,774 [INFO] CodeEngine:245 - oldGeneratedFile, C:\acmecpu\STWorkspace\Blower_Driver_STSPIN32F0A\source\Blower_Driver_STSPIN32F0A\Inc\mc_stm_types.h_save
2022-09-12 21:45:32,854 INFO  [LineInfo_to_exitCode.log_LineInfo] Generated code: C:\acmecpu\STWorkspace\Blower_Driver_STSPIN32F0A\source\Blower_Driver_STSPIN32F0A\Inc\mc_stm_types.h
2022-09-12 21:45:32,864 DEBUG [LineInfo_to_exitCode.log_LineInfo] 2022-09-12 21:45:32,864 [INFO] CodeEngine:245 - oldGeneratedFile, C:\acmecpu\STWorkspace\Blower_Driver_STSPIN32F0A\source\Blower_Driver_STSPIN32F0A\Src\mc_tasks.c_save
2022-09-12 21:45:32,984 INFO  [LineInfo_to_exitCode.log_LineInfo] Generated code: C:\acmecpu\STWorkspace\Blower_Driver_STSPIN32F0A\source\Blower_Driver_STSPIN32F0A\Src\mc_tasks.c
2022-09-12 21:45:32,989 DEBUG [LineInfo_to_exitCode.log_LineInfo] 2022-09-12 21:45:32,989 [INFO] CodeEngine:245 - oldGeneratedFile, C:\acmecpu\STWorkspace\Blower_Driver_STSPIN32F0A\source\Blower_Driver_STSPIN32F0A\Src\regular_conversion_manager.c_save
2022-09-12 21:45:33,045 INFO  [LineInfo_to_exitCode.log_LineInfo] Generated code: C:\acmecpu\STWorkspace\Blower_Driver_STSPIN32F0A\source\Blower_Driver_STSPIN32F0A\Src\regular_conversion_manager.c
2022-09-12 21:45:33,050 DEBUG [LineInfo_to_exitCode.log_LineInfo] 2022-09-12 21:45:33,050 [INFO] CodeEngine:245 - oldGeneratedFile, C:\acmecpu\STWorkspace\Blower_Driver_STSPIN32F0A\source\Blower_Driver_STSPIN32F0A\Inc\regular_conversion_manager.h_save
2022-09-12 21:45:33,093 INFO  [LineInfo_to_exitCode.log_LineInfo] Generated code: C:\acmecpu\STWorkspace\Blower_Driver_STSPIN32F0A\source\Blower_Driver_STSPIN32F0A\Inc\regular_conversion_manager.h
2022-09-12 21:45:33,097 DEBUG [LineInfo_to_exitCode.log_LineInfo] 2022-09-12 21:45:33,097 [INFO] CodeEngine:245 - oldGeneratedFile, C:\acmecpu\STWorkspace\Blower_Driver_STSPIN32F0A\source\Blower_Driver_STSPIN32F0A\Src\mc_math.c_save
2022-09-12 21:45:33,152 INFO  [LineInfo_to_exitCode.log_LineInfo] Generated code: C:\acmecpu\STWorkspace\Blower_Driver_STSPIN32F0A\source\Blower_Driver_STSPIN32F0A\Src\mc_math.c
2022-09-12 21:45:33,157 DEBUG [LineInfo_to_exitCode.log_LineInfo] 2022-09-12 21:45:33,157 [INFO] CodeEngine:245 - oldGeneratedFile, C:\acmecpu\STWorkspace\Blower_Driver_STSPIN32F0A\source\Blower_Driver_STSPIN32F0A\Inc\mc_math.h_save
2022-09-12 21:45:33,206 INFO  [LineInfo_to_exitCode.log_LineInfo] Generated code: C:\acmecpu\STWorkspace\Blower_Driver_STSPIN32F0A\source\Blower_Driver_STSPIN32F0A\Inc\mc_math.h
2022-09-12 21:45:33,211 DEBUG [LineInfo_to_exitCode.log_LineInfo] 2022-09-12 21:45:33,210 [INFO] CodeEngine:245 - oldGeneratedFile, C:\acmecpu\STWorkspace\Blower_Driver_STSPIN32F0A\source\Blower_Driver_STSPIN32F0A\Src\mc_interface.c_save
2022-09-12 21:45:33,259 INFO  [LineInfo_to_exitCode.log_LineInfo] Generated code: C:\acmecpu\STWorkspace\Blower_Driver_STSPIN32F0A\source\Blower_Driver_STSPIN32F0A\Src\mc_interface.c
2022-09-12 21:45:33,263 DEBUG [LineInfo_to_exitCode.log_LineInfo] 2022-09-12 21:45:33,263 [INFO] CodeEngine:245 - oldGeneratedFile, C:\acmecpu\STWorkspace\Blower_Driver_STSPIN32F0A\source\Blower_Driver_STSPIN32F0A\Inc\mc_interface.h_save
2022-09-12 21:45:33,308 INFO  [LineInfo_to_exitCode.log_LineInfo] Generated code: C:\acmecpu\STWorkspace\Blower_Driver_STSPIN32F0A\source\Blower_Driver_STSPIN32F0A\Inc\mc_interface.h
2022-09-12 21:45:33,312 DEBUG [LineInfo_to_exitCode.log_LineInfo] 2022-09-12 21:45:33,312 [INFO] CodeEngine:245 - oldGeneratedFile, C:\acmecpu\STWorkspace\Blower_Driver_STSPIN32F0A\source\Blower_Driver_STSPIN32F0A\Inc\parameters_conversion.h_save
2022-09-12 21:45:33,466 INFO  [LineInfo_to_exitCode.log_LineInfo] Generated code: C:\acmecpu\STWorkspace\Blower_Driver_STSPIN32F0A\source\Blower_Driver_STSPIN32F0A\Inc\parameters_conversion.h
2022-09-12 21:45:33,490 DEBUG [LineInfo_to_exitCode.log_LineInfo] 2022-09-12 21:45:33,487 [INFO] CodeEngine:245 - oldGeneratedFile, C:\acmecpu\STWorkspace\Blower_Driver_STSPIN32F0A\source\Blower_Driver_STSPIN32F0A\Inc\parameters_conversion_f0xx.h_save
2022-09-12 21:45:33,639 INFO  [LineInfo_to_exitCode.log_LineInfo] Generated code: C:\acmecpu\STWorkspace\Blower_Driver_STSPIN32F0A\source\Blower_Driver_STSPIN32F0A\Inc\parameters_conversion_f0xx.h
2022-09-12 21:45:33,657 DEBUG [LineInfo_to_exitCode.log_LineInfo] 2022-09-12 21:45:33,657 [INFO] CodeEngine:245 - oldGeneratedFile, C:\acmecpu\STWorkspace\Blower_Driver_STSPIN32F0A\source\Blower_Driver_STSPIN32F0A\Inc\pmsm_motor_parameters.h_save
2022-09-12 21:45:33,738 INFO  [LineInfo_to_exitCode.log_LineInfo] Generated code: C:\acmecpu\STWorkspace\Blower_Driver_STSPIN32F0A\source\Blower_Driver_STSPIN32F0A\Inc\pmsm_motor_parameters.h
2022-09-12 21:45:33,743 DEBUG [LineInfo_to_exitCode.log_LineInfo] 2022-09-12 21:45:33,743 [INFO] CodeEngine:245 - oldGeneratedFile, C:\acmecpu\STWorkspace\Blower_Driver_STSPIN32F0A\source\Blower_Driver_STSPIN32F0A\Inc\power_stage_parameters.h_save
2022-09-12 21:45:33,793 INFO  [LineInfo_to_exitCode.log_LineInfo] Generated code: C:\acmecpu\STWorkspace\Blower_Driver_STSPIN32F0A\source\Blower_Driver_STSPIN32F0A\Inc\power_stage_parameters.h
2022-09-12 21:45:33,799 DEBUG [LineInfo_to_exitCode.log_LineInfo] 2022-09-12 21:45:33,799 [INFO] CodeEngine:245 - oldGeneratedFile, C:\acmecpu\STWorkspace\Blower_Driver_STSPIN32F0A\source\Blower_Driver_STSPIN32F0A\Src\stm32f0xx_mc_it.c_save
2022-09-12 21:45:33,866 INFO  [LineInfo_to_exitCode.log_LineInfo] Generated code: C:\acmecpu\STWorkspace\Blower_Driver_STSPIN32F0A\source\Blower_Driver_STSPIN32F0A\Src\stm32f0xx_mc_it.c
2022-09-12 21:45:33,871 DEBUG [LineInfo_to_exitCode.log_LineInfo] 2022-09-12 21:45:33,871 [INFO] CodeEngine:245 - oldGeneratedFile, C:\acmecpu\STWorkspace\Blower_Driver_STSPIN32F0A\source\Blower_Driver_STSPIN32F0A\Inc\mc_parameters.h_save
2022-09-12 21:45:33,939 INFO  [LineInfo_to_exitCode.log_LineInfo] Generated code: C:\acmecpu\STWorkspace\Blower_Driver_STSPIN32F0A\source\Blower_Driver_STSPIN32F0A\Inc\mc_parameters.h
2022-09-12 21:45:33,956 DEBUG [LineInfo_to_exitCode.log_LineInfo] 2022-09-12 21:45:33,955 [INFO] CodeEngine:245 - oldGeneratedFile, C:\acmecpu\STWorkspace\Blower_Driver_STSPIN32F0A\source\Blower_Driver_STSPIN32F0A\Src\mc_parameters.c_save
2022-09-12 21:45:34,241 INFO  [LineInfo_to_exitCode.log_LineInfo] Generated code: C:\acmecpu\STWorkspace\Blower_Driver_STSPIN32F0A\source\Blower_Driver_STSPIN32F0A\Src\mc_parameters.c
2022-09-12 21:45:34,248 DEBUG [LineInfo_to_exitCode.log_LineInfo] 2022-09-12 21:45:34,248 [INFO] CodeEngine:245 - oldGeneratedFile, C:\acmecpu\STWorkspace\Blower_Driver_STSPIN32F0A\source\Blower_Driver_STSPIN32F0A\Src\ui_task.c_save
2022-09-12 21:45:34,314 INFO  [LineInfo_to_exitCode.log_LineInfo] Generated code: C:\acmecpu\STWorkspace\Blower_Driver_STSPIN32F0A\source\Blower_Driver_STSPIN32F0A\Src\ui_task.c
2022-09-12 21:45:34,321 DEBUG [LineInfo_to_exitCode.log_LineInfo] 2022-09-12 21:45:34,320 [INFO] CodeEngine:245 - oldGeneratedFile, C:\acmecpu\STWorkspace\Blower_Driver_STSPIN32F0A\source\Blower_Driver_STSPIN32F0A\Inc\ui_task.h_save
2022-09-12 21:45:34,371 INFO  [LineInfo_to_exitCode.log_LineInfo] Generated code: C:\acmecpu\STWorkspace\Blower_Driver_STSPIN32F0A\source\Blower_Driver_STSPIN32F0A\Inc\ui_task.h
2022-09-12 21:45:34,375 DEBUG [LineInfo_to_exitCode.log_LineInfo] 2022-09-12 21:45:34,375 [INFO] CodeEngine:245 - oldGeneratedFile, C:\acmecpu\STWorkspace\Blower_Driver_STSPIN32F0A\source\Blower_Driver_STSPIN32F0A\Src\user_interface.c_save
2022-09-12 21:45:34,442 INFO  [LineInfo_to_exitCode.log_LineInfo] Generated code: C:\acmecpu\STWorkspace\Blower_Driver_STSPIN32F0A\source\Blower_Driver_STSPIN32F0A\Src\user_interface.c
2022-09-12 21:45:34,450 DEBUG [LineInfo_to_exitCode.log_LineInfo] 2022-09-12 21:45:34,450 [INFO] CodeEngine:245 - oldGeneratedFile, C:\acmecpu\STWorkspace\Blower_Driver_STSPIN32F0A\source\Blower_Driver_STSPIN32F0A\Inc\user_interface.h_save
2022-09-12 21:45:34,635 INFO  [LineInfo_to_exitCode.log_LineInfo] Generated code: C:\acmecpu\STWorkspace\Blower_Driver_STSPIN32F0A\source\Blower_Driver_STSPIN32F0A\Inc\user_interface.h
2022-09-12 21:45:34,655 DEBUG [LineInfo_to_exitCode.log_LineInfo] 2022-09-12 21:45:34,655 [INFO] CodeEngine:245 - oldGeneratedFile, C:\acmecpu\STWorkspace\Blower_Driver_STSPIN32F0A\source\Blower_Driver_STSPIN32F0A\Src\dac_rctimer_ui.c_save
2022-09-12 21:45:34,736 INFO  [LineInfo_to_exitCode.log_LineInfo] Generated code: C:\acmecpu\STWorkspace\Blower_Driver_STSPIN32F0A\source\Blower_Driver_STSPIN32F0A\Src\dac_rctimer_ui.c
2022-09-12 21:45:34,748 DEBUG [LineInfo_to_exitCode.log_LineInfo] 2022-09-12 21:45:34,748 [INFO] CodeEngine:245 - oldGeneratedFile, C:\acmecpu\STWorkspace\Blower_Driver_STSPIN32F0A\source\Blower_Driver_STSPIN32F0A\Src\stm32f0xx_it.c_save
2022-09-12 21:45:34,821 INFO  [LineInfo_to_exitCode.log_LineInfo] Generated code: C:\acmecpu\STWorkspace\Blower_Driver_STSPIN32F0A\source\Blower_Driver_STSPIN32F0A\Src\stm32f0xx_it.c
2022-09-12 21:45:34,826 DEBUG [LineInfo_to_exitCode.log_LineInfo] 2022-09-12 21:45:34,826 [INFO] CodeEngine:245 - oldGeneratedFile, C:\acmecpu\STWorkspace\Blower_Driver_STSPIN32F0A\source\Blower_Driver_STSPIN32F0A\Inc\stm32f0xx_it.h_save
2022-09-12 21:45:34,878 INFO  [LineInfo_to_exitCode.log_LineInfo] Generated code: C:\acmecpu\STWorkspace\Blower_Driver_STSPIN32F0A\source\Blower_Driver_STSPIN32F0A\Inc\stm32f0xx_it.h
2022-09-12 21:45:34,892 DEBUG [LineInfo_to_exitCode.log_LineInfo] 2022-09-12 21:45:34,891 [INFO] CodeEngine:245 - oldGeneratedFile, C:\acmecpu\STWorkspace\Blower_Driver_STSPIN32F0A\source\Blower_Driver_STSPIN32F0A\Src\stm32f0xx_hal_msp.c_save
2022-09-12 21:45:34,988 INFO  [LineInfo_to_exitCode.log_LineInfo] Generated code: C:\acmecpu\STWorkspace\Blower_Driver_STSPIN32F0A\source\Blower_Driver_STSPIN32F0A\Src\stm32f0xx_hal_msp.c
2022-09-12 21:45:34,994 DEBUG [LineInfo_to_exitCode.log_LineInfo] 2022-09-12 21:45:34,994 [INFO] CodeEngine:245 - oldGeneratedFile, C:\acmecpu\STWorkspace\Blower_Driver_STSPIN32F0A\source\Blower_Driver_STSPIN32F0A\MXTmpFiles\system.tmp_save
2022-09-12 21:45:35,246 DEBUG [LineInfo_to_exitCode.log_LineInfo] 2022-09-12 21:45:35,246 [INFO] CodeEngine:269 - Generated code: C:\acmecpu\STWorkspace\Blower_Driver_STSPIN32F0A\source\Blower_Driver_STSPIN32F0A\MXTmpFiles\system.tmp
2022-09-12 21:45:35,257 DEBUG [LineInfo_to_exitCode.log_LineInfo] 2022-09-12 21:45:35,257 [INFO] CodeEngine:245 - oldGeneratedFile, C:\acmecpu\STWorkspace\Blower_Driver_STSPIN32F0A\source\Blower_Driver_STSPIN32F0A\Inc\stm32f0xx_hal_conf.h_save
2022-09-12 21:45:35,330 INFO  [LineInfo_to_exitCode.log_LineInfo] Generated code: C:\acmecpu\STWorkspace\Blower_Driver_STSPIN32F0A\source\Blower_Driver_STSPIN32F0A\Inc\stm32f0xx_hal_conf.h
2022-09-12 21:45:35,379 DEBUG [LineInfo_to_exitCode.log_LineInfo] 2022-09-12 21:45:35,378 [INFO] CodeEngine:245 - oldGeneratedFile, C:\acmecpu\STWorkspace\Blower_Driver_STSPIN32F0A\source\Blower_Driver_STSPIN32F0A\Inc\main.h_save
2022-09-12 21:45:35,431 INFO  [LineInfo_to_exitCode.log_LineInfo] Generated code: C:\acmecpu\STWorkspace\Blower_Driver_STSPIN32F0A\source\Blower_Driver_STSPIN32F0A\Inc\main.h
2022-09-12 21:45:35,438 DEBUG [LineInfo_to_exitCode.log_LineInfo] 2022-09-12 21:45:35,438 [INFO] CodeEngine:245 - oldGeneratedFile, C:\acmecpu\STWorkspace\Blower_Driver_STSPIN32F0A\source\Blower_Driver_STSPIN32F0A\Src\main.c_save
2022-09-12 21:45:35,623 INFO  [LineInfo_to_exitCode.log_LineInfo] Generated code: C:\acmecpu\STWorkspace\Blower_Driver_STSPIN32F0A\source\Blower_Driver_STSPIN32F0A\Src\main.c
2022-09-12 21:45:36,308 DEBUG [LineInfo_to_exitCode.log_LineInfo] 2022-09-12 21:45:36,307 [INFO] ProjectBuilder:2919 - Time for Copy HAL[0] : 101mS.
2022-09-12 21:45:36,318 DEBUG [LineInfo_to_exitCode.log_LineInfo] 2022-09-12 21:45:36,318 [INFO] ProjectBuilder:4117 - Project Generator version: 3.17.1
2022-09-12 21:45:36,638 DEBUG [LineInfo_to_exitCode.log_LineInfo] 2022-09-12 21:45:36,637 [INFO] ConfigFileManager:1394 - The Die is : DIE444
2022-09-12 21:45:36,643 DEBUG [LineInfo_to_exitCode.log_LineInfo] 2022-09-12 21:45:36,642 [INFO] ApiDbMcu:505 - Load IP Config File for FATFS
2022-09-12 21:45:36,646 DEBUG [LineInfo_to_exitCode.log_LineInfo] 2022-09-12 21:45:36,646 [INFO] ApiDbMcu:505 - Load IP Config File for FREERTOS
2022-09-12 21:45:41,526 DEBUG [LineInfo_to_exitCode.log_LineInfo] 2022-09-12 21:45:41,526 [INFO] ConfigFileManager:2586 - mx.scratch is deleted!
2022-09-12 21:45:41,527 DEBUG [LineInfo_to_exitCode.log_LineInfo] 2022-09-12 21:45:41,526 [INFO] ProjectBuilder:4285 - Time for Generating toolchain IDE Files: 5208mS.
2022-09-12 21:45:41,847 DEBUG [LineInfo_to_exitCode.log_LineInfo] 2022-09-12 21:45:41,847 [INFO] ProjectBuilder:2790 - Time for Copy CMSIS : 320mS.
2022-09-12 21:45:42,187 DEBUG [LineInfo_to_exitCode.log_LineInfo] 2022-09-12 21:45:42,187 [INFO] ProjectBuilder:2790 - Time for Copy CMSIS : 337mS.
2022-09-12 21:45:47,431 DEBUG [CubeMxCtx.EXE_version] Loaded path: 'C:\Program Files\STMicroelectronics\STM32Cube\STM32CubeMX\STM32CubeMX.exe'
2022-09-12 21:45:47,431 DEBUG [CubeMxCtx.EXE_version] Loaded updater jar: 'C:\Program Files\STMicroelectronics\STM32Cube\STM32CubeMX\plugins\updater.jar'
2022-09-12 21:54:34,947 INFO  [Main.lambda$run$0] Code generation completed
2022-09-12 21:54:34,947 DEBUG [Main.lambda$run$0] System exists with return code 0
