ISO-10303-21;
HEADER;
FILE_DESCRIPTION(('Open CASCADE Model'),'2;1');
FILE_NAME('Open CASCADE Shape Model','2020-12-07T22:39:54',('Author'),(
    'Open CASCADE'),'Open CASCADE STEP processor 6.8','Open CASCADE 6.8'
  ,'Unknown');
FILE_SCHEMA(('AUTOMOTIVE_DESIGN { 1 0 10303 214 1 1 1 1 }'));
ENDSEC;
DATA;
#1 = APPLICATION_PROTOCOL_DEFINITION('international standard',
  'automotive_design',2000,#2);
#2 = APPLICATION_CONTEXT(
  'core data for automotive mechanical design processes');
#3 = SHAPE_DEFINITION_REPRESENTATION(#4,#10);
#4 = PRODUCT_DEFINITION_SHAPE('','',#5);
#5 = PRODUCT_DEFINITION('design','',#6,#9);
#6 = PRODUCT_DEFINITION_FORMATION('','',#7);
#7 = PRODUCT('PCB','PCB','',(#8));
#8 = PRODUCT_CONTEXT('',#2,'mechanical');
#9 = PRODUCT_DEFINITION_CONTEXT('part definition',#2,'design');
#10 = SHAPE_REPRESENTATION('',(#11,#15,#19,#23,#27,#31,#35,#39,#43,#47,
    #51,#55,#59,#63,#67),#71);
#11 = AXIS2_PLACEMENT_3D('',#12,#13,#14);
#12 = CARTESIAN_POINT('',(0.E+000,0.E+000,0.E+000));
#13 = DIRECTION('',(0.E+000,0.E+000,1.));
#14 = DIRECTION('',(1.,0.E+000,-0.E+000));
#15 = AXIS2_PLACEMENT_3D('',#16,#17,#18);
#16 = CARTESIAN_POINT('',(0.E+000,0.E+000,0.E+000));
#17 = DIRECTION('',(0.E+000,0.E+000,1.));
#18 = DIRECTION('',(1.,0.E+000,-0.E+000));
#19 = AXIS2_PLACEMENT_3D('',#20,#21,#22);
#20 = CARTESIAN_POINT('',(0.E+000,0.E+000,0.E+000));
#21 = DIRECTION('',(0.E+000,0.E+000,1.));
#22 = DIRECTION('',(1.,0.E+000,-0.E+000));
#23 = AXIS2_PLACEMENT_3D('',#24,#25,#26);
#24 = CARTESIAN_POINT('',(0.E+000,0.E+000,0.E+000));
#25 = DIRECTION('',(0.E+000,0.E+000,1.));
#26 = DIRECTION('',(1.,0.E+000,-0.E+000));
#27 = AXIS2_PLACEMENT_3D('',#28,#29,#30);
#28 = CARTESIAN_POINT('',(0.E+000,0.E+000,0.E+000));
#29 = DIRECTION('',(0.E+000,0.E+000,1.));
#30 = DIRECTION('',(1.,0.E+000,-0.E+000));
#31 = AXIS2_PLACEMENT_3D('',#32,#33,#34);
#32 = CARTESIAN_POINT('',(0.E+000,0.E+000,0.E+000));
#33 = DIRECTION('',(0.E+000,0.E+000,1.));
#34 = DIRECTION('',(1.,0.E+000,-0.E+000));
#35 = AXIS2_PLACEMENT_3D('',#36,#37,#38);
#36 = CARTESIAN_POINT('',(0.E+000,0.E+000,0.E+000));
#37 = DIRECTION('',(0.E+000,0.E+000,1.));
#38 = DIRECTION('',(1.,0.E+000,-0.E+000));
#39 = AXIS2_PLACEMENT_3D('',#40,#41,#42);
#40 = CARTESIAN_POINT('',(0.E+000,0.E+000,0.E+000));
#41 = DIRECTION('',(0.E+000,0.E+000,1.));
#42 = DIRECTION('',(1.,0.E+000,-0.E+000));
#43 = AXIS2_PLACEMENT_3D('',#44,#45,#46);
#44 = CARTESIAN_POINT('',(0.E+000,0.E+000,0.E+000));
#45 = DIRECTION('',(0.E+000,0.E+000,1.));
#46 = DIRECTION('',(1.,0.E+000,-0.E+000));
#47 = AXIS2_PLACEMENT_3D('',#48,#49,#50);
#48 = CARTESIAN_POINT('',(0.E+000,0.E+000,0.E+000));
#49 = DIRECTION('',(0.E+000,0.E+000,1.));
#50 = DIRECTION('',(1.,0.E+000,-0.E+000));
#51 = AXIS2_PLACEMENT_3D('',#52,#53,#54);
#52 = CARTESIAN_POINT('',(0.E+000,0.E+000,0.E+000));
#53 = DIRECTION('',(0.E+000,0.E+000,1.));
#54 = DIRECTION('',(1.,0.E+000,-0.E+000));
#55 = AXIS2_PLACEMENT_3D('',#56,#57,#58);
#56 = CARTESIAN_POINT('',(0.E+000,0.E+000,0.E+000));
#57 = DIRECTION('',(0.E+000,0.E+000,1.));
#58 = DIRECTION('',(1.,0.E+000,-0.E+000));
#59 = AXIS2_PLACEMENT_3D('',#60,#61,#62);
#60 = CARTESIAN_POINT('',(0.E+000,0.E+000,0.E+000));
#61 = DIRECTION('',(0.E+000,0.E+000,1.));
#62 = DIRECTION('',(1.,0.E+000,-0.E+000));
#63 = AXIS2_PLACEMENT_3D('',#64,#65,#66);
#64 = CARTESIAN_POINT('',(0.E+000,0.E+000,0.E+000));
#65 = DIRECTION('',(0.E+000,0.E+000,1.));
#66 = DIRECTION('',(1.,0.E+000,-0.E+000));
#67 = AXIS2_PLACEMENT_3D('',#68,#69,#70);
#68 = CARTESIAN_POINT('',(0.E+000,0.E+000,0.E+000));
#69 = DIRECTION('',(0.E+000,0.E+000,1.));
#70 = DIRECTION('',(1.,0.E+000,-0.E+000));
#71 = ( GEOMETRIC_REPRESENTATION_CONTEXT(3) 
GLOBAL_UNCERTAINTY_ASSIGNED_CONTEXT((#75)) GLOBAL_UNIT_ASSIGNED_CONTEXT(
(#72,#73,#74)) REPRESENTATION_CONTEXT('Context #1',
  '3D Context with UNIT and UNCERTAINTY') );
#72 = ( LENGTH_UNIT() NAMED_UNIT(*) SI_UNIT(.MILLI.,.METRE.) );
#73 = ( NAMED_UNIT(*) PLANE_ANGLE_UNIT() SI_UNIT($,.RADIAN.) );
#74 = ( NAMED_UNIT(*) SI_UNIT($,.STERADIAN.) SOLID_ANGLE_UNIT() );
#75 = UNCERTAINTY_MEASURE_WITH_UNIT(LENGTH_MEASURE(5.E-003),#72,
  'distance_accuracy_value','confusion accuracy');
#76 = PRODUCT_RELATED_PRODUCT_CATEGORY('part',$,(#7));
#77 = SHAPE_DEFINITION_REPRESENTATION(#78,#84);
#78 = PRODUCT_DEFINITION_SHAPE('','',#79);
#79 = PRODUCT_DEFINITION('design','',#80,#83);
#80 = PRODUCT_DEFINITION_FORMATION('','',#81);
#81 = PRODUCT('Board','Board','',(#82));
#82 = PRODUCT_CONTEXT('',#2,'mechanical');
#83 = PRODUCT_DEFINITION_CONTEXT('part definition',#2,'design');
#84 = SHAPE_REPRESENTATION('',(#11,#85),#89);
#85 = AXIS2_PLACEMENT_3D('',#86,#87,#88);
#86 = CARTESIAN_POINT('',(0.E+000,0.E+000,-0.16350234));
#87 = DIRECTION('',(0.E+000,0.E+000,1.));
#88 = DIRECTION('',(1.,0.E+000,-0.E+000));
#89 = ( GEOMETRIC_REPRESENTATION_CONTEXT(3) 
GLOBAL_UNCERTAINTY_ASSIGNED_CONTEXT((#93)) GLOBAL_UNIT_ASSIGNED_CONTEXT(
(#90,#91,#92)) REPRESENTATION_CONTEXT('Context #1',
  '3D Context with UNIT and UNCERTAINTY') );
#90 = ( LENGTH_UNIT() NAMED_UNIT(*) SI_UNIT(.MILLI.,.METRE.) );
#91 = ( NAMED_UNIT(*) PLANE_ANGLE_UNIT() SI_UNIT($,.RADIAN.) );
#92 = ( NAMED_UNIT(*) SI_UNIT($,.STERADIAN.) SOLID_ANGLE_UNIT() );
#93 = UNCERTAINTY_MEASURE_WITH_UNIT(LENGTH_MEASURE(1.E-007),#90,
  'distance_accuracy_value','confusion accuracy');
#94 = ADVANCED_BREP_SHAPE_REPRESENTATION('',(#11,#95),#657);
#95 = MANIFOLD_SOLID_BREP('',#96);
#96 = CLOSED_SHELL('',(#97,#139,#170,#203,#234,#267,#298,#331,#362,#395,
    #426,#459,#490,#523,#554,#587,#609,#633));
#97 = ADVANCED_FACE('',(#98),#134,.F.);
#98 = FACE_BOUND('',#99,.F.);
#99 = EDGE_LOOP('',(#100,#110,#119,#127));
#100 = ORIENTED_EDGE('',*,*,#101,.T.);
#101 = EDGE_CURVE('',#102,#104,#106,.T.);
#102 = VERTEX_POINT('',#103);
#103 = CARTESIAN_POINT('',(6.342000007629,-1.549999952316,0.E+000));
#104 = VERTEX_POINT('',#105);
#105 = CARTESIAN_POINT('',(6.342000007629,-1.549999952316,0.16350234));
#106 = LINE('',#107,#108);
#107 = CARTESIAN_POINT('',(6.342000007629,-1.549999952316,0.E+000));
#108 = VECTOR('',#109,1.);
#109 = DIRECTION('',(0.E+000,0.E+000,1.));
#110 = ORIENTED_EDGE('',*,*,#111,.T.);
#111 = EDGE_CURVE('',#104,#112,#114,.T.);
#112 = VERTEX_POINT('',#113);
#113 = CARTESIAN_POINT('',(6.52899980545,-1.62399995327,0.16350234));
#114 = CIRCLE('',#115,0.269050685777);
#115 = AXIS2_PLACEMENT_3D('',#116,#117,#118);
#116 = CARTESIAN_POINT('',(6.343674323765,-1.819045428366,0.16350234));
#117 = DIRECTION('',(0.E+000,0.E+000,-1.));
#118 = DIRECTION('',(-6.223050987726E-003,0.999980636631,0.E+000));
#119 = ORIENTED_EDGE('',*,*,#120,.F.);
#120 = EDGE_CURVE('',#121,#112,#123,.T.);
#121 = VERTEX_POINT('',#122);
#122 = CARTESIAN_POINT('',(6.52899980545,-1.62399995327,0.E+000));
#123 = LINE('',#124,#125);
#124 = CARTESIAN_POINT('',(6.52899980545,-1.62399995327,0.E+000));
#125 = VECTOR('',#126,1.);
#126 = DIRECTION('',(0.E+000,0.E+000,1.));
#127 = ORIENTED_EDGE('',*,*,#128,.F.);
#128 = EDGE_CURVE('',#102,#121,#129,.T.);
#129 = CIRCLE('',#130,0.269050685777);
#130 = AXIS2_PLACEMENT_3D('',#131,#132,#133);
#131 = CARTESIAN_POINT('',(6.343674323765,-1.819045428366,0.E+000));
#132 = DIRECTION('',(0.E+000,0.E+000,-1.));
#133 = DIRECTION('',(-6.223050987726E-003,0.999980636631,0.E+000));
#134 = CYLINDRICAL_SURFACE('',#135,0.269050685777);
#135 = AXIS2_PLACEMENT_3D('',#136,#137,#138);
#136 = CARTESIAN_POINT('',(6.343674323765,-1.819045428366,0.E+000));
#137 = DIRECTION('',(0.E+000,0.E+000,-1.));
#138 = DIRECTION('',(-6.223050987726E-003,0.999980636631,0.E+000));
#139 = ADVANCED_FACE('',(#140),#165,.F.);
#140 = FACE_BOUND('',#141,.F.);
#141 = EDGE_LOOP('',(#142,#143,#151,#159));
#142 = ORIENTED_EDGE('',*,*,#120,.T.);
#143 = ORIENTED_EDGE('',*,*,#144,.T.);
#144 = EDGE_CURVE('',#112,#145,#147,.T.);
#145 = VERTEX_POINT('',#146);
#146 = CARTESIAN_POINT('',(6.852000236511,-1.947999954224,0.16350234));
#147 = LINE('',#148,#149);
#148 = CARTESIAN_POINT('',(6.52899980545,-1.62399995327,0.16350234));
#149 = VECTOR('',#150,1.);
#150 = DIRECTION('',(0.706013508678,-0.708198365971,0.E+000));
#151 = ORIENTED_EDGE('',*,*,#152,.F.);
#152 = EDGE_CURVE('',#153,#145,#155,.T.);
#153 = VERTEX_POINT('',#154);
#154 = CARTESIAN_POINT('',(6.852000236511,-1.947999954224,0.E+000));
#155 = LINE('',#156,#157);
#156 = CARTESIAN_POINT('',(6.852000236511,-1.947999954224,0.E+000));
#157 = VECTOR('',#158,1.);
#158 = DIRECTION('',(0.E+000,0.E+000,1.));
#159 = ORIENTED_EDGE('',*,*,#160,.F.);
#160 = EDGE_CURVE('',#121,#153,#161,.T.);
#161 = LINE('',#162,#163);
#162 = CARTESIAN_POINT('',(6.52899980545,-1.62399995327,0.E+000));
#163 = VECTOR('',#164,1.);
#164 = DIRECTION('',(0.706013508678,-0.708198365971,0.E+000));
#165 = PLANE('',#166);
#166 = AXIS2_PLACEMENT_3D('',#167,#168,#169);
#167 = CARTESIAN_POINT('',(6.52899980545,-1.62399995327,0.E+000));
#168 = DIRECTION('',(0.708198365971,0.706013508678,-0.E+000));
#169 = DIRECTION('',(0.706013508678,-0.708198365971,0.E+000));
#170 = ADVANCED_FACE('',(#171),#198,.T.);
#171 = FACE_BOUND('',#172,.F.);
#172 = EDGE_LOOP('',(#173,#174,#183,#191));
#173 = ORIENTED_EDGE('',*,*,#152,.T.);
#174 = ORIENTED_EDGE('',*,*,#175,.T.);
#175 = EDGE_CURVE('',#145,#176,#178,.T.);
#176 = VERTEX_POINT('',#177);
#177 = CARTESIAN_POINT('',(7.098999977112,-2.049999952316,0.16350234));
#178 = CIRCLE('',#179,0.34727008026);
#179 = AXIS2_PLACEMENT_3D('',#180,#181,#182);
#180 = CARTESIAN_POINT('',(7.097845790276,-1.702731790089,0.16350234));
#181 = DIRECTION('',(0.E+000,0.E+000,1.));
#182 = DIRECTION('',(-0.707937618988,-0.706274966017,0.E+000));
#183 = ORIENTED_EDGE('',*,*,#184,.F.);
#184 = EDGE_CURVE('',#185,#176,#187,.T.);
#185 = VERTEX_POINT('',#186);
#186 = CARTESIAN_POINT('',(7.098999977112,-2.049999952316,0.E+000));
#187 = LINE('',#188,#189);
#188 = CARTESIAN_POINT('',(7.098999977112,-2.049999952316,0.E+000));
#189 = VECTOR('',#190,1.);
#190 = DIRECTION('',(0.E+000,0.E+000,1.));
#191 = ORIENTED_EDGE('',*,*,#192,.F.);
#192 = EDGE_CURVE('',#153,#185,#193,.T.);
#193 = CIRCLE('',#194,0.34727008026);
#194 = AXIS2_PLACEMENT_3D('',#195,#196,#197);
#195 = CARTESIAN_POINT('',(7.097845790276,-1.702731790089,0.E+000));
#196 = DIRECTION('',(0.E+000,0.E+000,1.));
#197 = DIRECTION('',(-0.707937618988,-0.706274966017,0.E+000));
#198 = CYLINDRICAL_SURFACE('',#199,0.34727008026);
#199 = AXIS2_PLACEMENT_3D('',#200,#201,#202);
#200 = CARTESIAN_POINT('',(7.097845790276,-1.702731790089,0.E+000));
#201 = DIRECTION('',(-0.E+000,-0.E+000,-1.));
#202 = DIRECTION('',(-0.707937618988,-0.706274966017,0.E+000));
#203 = ADVANCED_FACE('',(#204),#229,.F.);
#204 = FACE_BOUND('',#205,.F.);
#205 = EDGE_LOOP('',(#206,#207,#215,#223));
#206 = ORIENTED_EDGE('',*,*,#184,.T.);
#207 = ORIENTED_EDGE('',*,*,#208,.T.);
#208 = EDGE_CURVE('',#176,#209,#211,.T.);
#209 = VERTEX_POINT('',#210);
#210 = CARTESIAN_POINT('',(121.6900024414,-2.049999952316,0.16350234));
#211 = LINE('',#212,#213);
#212 = CARTESIAN_POINT('',(7.098999977112,-2.049999952316,0.16350234));
#213 = VECTOR('',#214,1.);
#214 = DIRECTION('',(1.,0.E+000,0.E+000));
#215 = ORIENTED_EDGE('',*,*,#216,.F.);
#216 = EDGE_CURVE('',#217,#209,#219,.T.);
#217 = VERTEX_POINT('',#218);
#218 = CARTESIAN_POINT('',(121.6900024414,-2.049999952316,0.E+000));
#219 = LINE('',#220,#221);
#220 = CARTESIAN_POINT('',(121.6900024414,-2.049999952316,0.E+000));
#221 = VECTOR('',#222,1.);
#222 = DIRECTION('',(0.E+000,0.E+000,1.));
#223 = ORIENTED_EDGE('',*,*,#224,.F.);
#224 = EDGE_CURVE('',#185,#217,#225,.T.);
#225 = LINE('',#226,#227);
#226 = CARTESIAN_POINT('',(7.098999977112,-2.049999952316,0.E+000));
#227 = VECTOR('',#228,1.);
#228 = DIRECTION('',(1.,0.E+000,0.E+000));
#229 = PLANE('',#230);
#230 = AXIS2_PLACEMENT_3D('',#231,#232,#233);
#231 = CARTESIAN_POINT('',(7.098999977112,-2.049999952316,0.E+000));
#232 = DIRECTION('',(0.E+000,1.,0.E+000));
#233 = DIRECTION('',(1.,0.E+000,0.E+000));
#234 = ADVANCED_FACE('',(#235),#262,.T.);
#235 = FACE_BOUND('',#236,.F.);
#236 = EDGE_LOOP('',(#237,#238,#247,#255));
#237 = ORIENTED_EDGE('',*,*,#216,.T.);
#238 = ORIENTED_EDGE('',*,*,#239,.T.);
#239 = EDGE_CURVE('',#209,#240,#242,.T.);
#240 = VERTEX_POINT('',#241);
#241 = CARTESIAN_POINT('',(122.,-1.876999974251,0.16350234));
#242 = CIRCLE('',#243,0.355759157597);
#243 = AXIS2_PLACEMENT_3D('',#244,#245,#246);
#244 = CARTESIAN_POINT('',(121.69475377602,-1.694272524313,0.16350234));
#245 = DIRECTION('',(0.E+000,0.E+000,1.));
#246 = DIRECTION('',(-1.335548084412E-002,-0.999910811588,0.E+000));
#247 = ORIENTED_EDGE('',*,*,#248,.F.);
#248 = EDGE_CURVE('',#249,#240,#251,.T.);
#249 = VERTEX_POINT('',#250);
#250 = CARTESIAN_POINT('',(122.,-1.876999974251,0.E+000));
#251 = LINE('',#252,#253);
#252 = CARTESIAN_POINT('',(122.,-1.876999974251,0.E+000));
#253 = VECTOR('',#254,1.);
#254 = DIRECTION('',(0.E+000,0.E+000,1.));
#255 = ORIENTED_EDGE('',*,*,#256,.F.);
#256 = EDGE_CURVE('',#217,#249,#257,.T.);
#257 = CIRCLE('',#258,0.355759157597);
#258 = AXIS2_PLACEMENT_3D('',#259,#260,#261);
#259 = CARTESIAN_POINT('',(121.69475377602,-1.694272524313,0.E+000));
#260 = DIRECTION('',(0.E+000,0.E+000,1.));
#261 = DIRECTION('',(-1.335548084412E-002,-0.999910811588,0.E+000));
#262 = CYLINDRICAL_SURFACE('',#263,0.355759157597);
#263 = AXIS2_PLACEMENT_3D('',#264,#265,#266);
#264 = CARTESIAN_POINT('',(121.69475377602,-1.694272524313,0.E+000));
#265 = DIRECTION('',(-0.E+000,-0.E+000,-1.));
#266 = DIRECTION('',(-1.335548084412E-002,-0.999910811588,0.E+000));
#267 = ADVANCED_FACE('',(#268),#293,.F.);
#268 = FACE_BOUND('',#269,.F.);
#269 = EDGE_LOOP('',(#270,#271,#279,#287));
#270 = ORIENTED_EDGE('',*,*,#248,.T.);
#271 = ORIENTED_EDGE('',*,*,#272,.T.);
#272 = EDGE_CURVE('',#240,#273,#275,.T.);
#273 = VERTEX_POINT('',#274);
#274 = CARTESIAN_POINT('',(122.,1.878000020981,0.16350234));
#275 = LINE('',#276,#277);
#276 = CARTESIAN_POINT('',(122.,-1.876999974251,0.16350234));
#277 = VECTOR('',#278,1.);
#278 = DIRECTION('',(0.E+000,1.,0.E+000));
#279 = ORIENTED_EDGE('',*,*,#280,.F.);
#280 = EDGE_CURVE('',#281,#273,#283,.T.);
#281 = VERTEX_POINT('',#282);
#282 = CARTESIAN_POINT('',(122.,1.878000020981,0.E+000));
#283 = LINE('',#284,#285);
#284 = CARTESIAN_POINT('',(122.,1.878000020981,0.E+000));
#285 = VECTOR('',#286,1.);
#286 = DIRECTION('',(0.E+000,0.E+000,1.));
#287 = ORIENTED_EDGE('',*,*,#288,.F.);
#288 = EDGE_CURVE('',#249,#281,#289,.T.);
#289 = LINE('',#290,#291);
#290 = CARTESIAN_POINT('',(122.,-1.876999974251,0.E+000));
#291 = VECTOR('',#292,1.);
#292 = DIRECTION('',(0.E+000,1.,0.E+000));
#293 = PLANE('',#294);
#294 = AXIS2_PLACEMENT_3D('',#295,#296,#297);
#295 = CARTESIAN_POINT('',(122.,-1.876999974251,0.E+000));
#296 = DIRECTION('',(-1.,0.E+000,0.E+000));
#297 = DIRECTION('',(0.E+000,1.,0.E+000));
#298 = ADVANCED_FACE('',(#299),#326,.T.);
#299 = FACE_BOUND('',#300,.F.);
#300 = EDGE_LOOP('',(#301,#302,#311,#319));
#301 = ORIENTED_EDGE('',*,*,#280,.T.);
#302 = ORIENTED_EDGE('',*,*,#303,.T.);
#303 = EDGE_CURVE('',#273,#304,#306,.T.);
#304 = VERTEX_POINT('',#305);
#305 = CARTESIAN_POINT('',(121.70099639892,2.049999952316,0.16350234));
#306 = CIRCLE('',#307,0.352838956681);
#307 = AXIS2_PLACEMENT_3D('',#308,#309,#310);
#308 = CARTESIAN_POINT('',(121.69701368728,1.697183474017,0.16350234));
#309 = DIRECTION('',(0.E+000,0.E+000,1.));
#310 = DIRECTION('',(0.858709921291,0.51246197037,-0.E+000));
#311 = ORIENTED_EDGE('',*,*,#312,.F.);
#312 = EDGE_CURVE('',#313,#304,#315,.T.);
#313 = VERTEX_POINT('',#314);
#314 = CARTESIAN_POINT('',(121.70099639892,2.049999952316,0.E+000));
#315 = LINE('',#316,#317);
#316 = CARTESIAN_POINT('',(121.70099639892,2.049999952316,0.E+000));
#317 = VECTOR('',#318,1.);
#318 = DIRECTION('',(0.E+000,0.E+000,1.));
#319 = ORIENTED_EDGE('',*,*,#320,.F.);
#320 = EDGE_CURVE('',#281,#313,#321,.T.);
#321 = CIRCLE('',#322,0.352838956681);
#322 = AXIS2_PLACEMENT_3D('',#323,#324,#325);
#323 = CARTESIAN_POINT('',(121.69701368728,1.697183474017,0.E+000));
#324 = DIRECTION('',(0.E+000,0.E+000,1.));
#325 = DIRECTION('',(0.858709921291,0.51246197037,-0.E+000));
#326 = CYLINDRICAL_SURFACE('',#327,0.352838956681);
#327 = AXIS2_PLACEMENT_3D('',#328,#329,#330);
#328 = CARTESIAN_POINT('',(121.69701368728,1.697183474017,0.E+000));
#329 = DIRECTION('',(-0.E+000,-0.E+000,-1.));
#330 = DIRECTION('',(0.858709921291,0.51246197037,-0.E+000));
#331 = ADVANCED_FACE('',(#332),#357,.F.);
#332 = FACE_BOUND('',#333,.F.);
#333 = EDGE_LOOP('',(#334,#335,#343,#351));
#334 = ORIENTED_EDGE('',*,*,#312,.T.);
#335 = ORIENTED_EDGE('',*,*,#336,.T.);
#336 = EDGE_CURVE('',#304,#337,#339,.T.);
#337 = VERTEX_POINT('',#338);
#338 = CARTESIAN_POINT('',(7.099999904633,2.049999952316,0.16350234));
#339 = LINE('',#340,#341);
#340 = CARTESIAN_POINT('',(121.70099639892,2.049999952316,0.16350234));
#341 = VECTOR('',#342,1.);
#342 = DIRECTION('',(-1.,0.E+000,0.E+000));
#343 = ORIENTED_EDGE('',*,*,#344,.F.);
#344 = EDGE_CURVE('',#345,#337,#347,.T.);
#345 = VERTEX_POINT('',#346);
#346 = CARTESIAN_POINT('',(7.099999904633,2.049999952316,0.E+000));
#347 = LINE('',#348,#349);
#348 = CARTESIAN_POINT('',(7.099999904633,2.049999952316,0.E+000));
#349 = VECTOR('',#350,1.);
#350 = DIRECTION('',(0.E+000,0.E+000,1.));
#351 = ORIENTED_EDGE('',*,*,#352,.F.);
#352 = EDGE_CURVE('',#313,#345,#353,.T.);
#353 = LINE('',#354,#355);
#354 = CARTESIAN_POINT('',(121.70099639892,2.049999952316,0.E+000));
#355 = VECTOR('',#356,1.);
#356 = DIRECTION('',(-1.,0.E+000,0.E+000));
#357 = PLANE('',#358);
#358 = AXIS2_PLACEMENT_3D('',#359,#360,#361);
#359 = CARTESIAN_POINT('',(121.70099639892,2.049999952316,0.E+000));
#360 = DIRECTION('',(0.E+000,-1.,0.E+000));
#361 = DIRECTION('',(-1.,0.E+000,0.E+000));
#362 = ADVANCED_FACE('',(#363),#390,.T.);
#363 = FACE_BOUND('',#364,.F.);
#364 = EDGE_LOOP('',(#365,#366,#375,#383));
#365 = ORIENTED_EDGE('',*,*,#344,.T.);
#366 = ORIENTED_EDGE('',*,*,#367,.T.);
#367 = EDGE_CURVE('',#337,#368,#370,.T.);
#368 = VERTEX_POINT('',#369);
#369 = CARTESIAN_POINT('',(6.852000236511,1.947999954224,0.16350234));
#370 = CIRCLE('',#371,0.347300851417);
#371 = AXIS2_PLACEMENT_3D('',#372,#373,#374);
#372 = CARTESIAN_POINT('',(7.097863201157,1.702705673796,0.16350234));
#373 = DIRECTION('',(0.E+000,0.E+000,1.));
#374 = DIRECTION('',(6.152312806998E-003,0.999981074344,-0.E+000));
#375 = ORIENTED_EDGE('',*,*,#376,.F.);
#376 = EDGE_CURVE('',#377,#368,#379,.T.);
#377 = VERTEX_POINT('',#378);
#378 = CARTESIAN_POINT('',(6.852000236511,1.947999954224,0.E+000));
#379 = LINE('',#380,#381);
#380 = CARTESIAN_POINT('',(6.852000236511,1.947999954224,0.E+000));
#381 = VECTOR('',#382,1.);
#382 = DIRECTION('',(0.E+000,0.E+000,1.));
#383 = ORIENTED_EDGE('',*,*,#384,.F.);
#384 = EDGE_CURVE('',#345,#377,#385,.T.);
#385 = CIRCLE('',#386,0.347300851417);
#386 = AXIS2_PLACEMENT_3D('',#387,#388,#389);
#387 = CARTESIAN_POINT('',(7.097863201157,1.702705673796,0.E+000));
#388 = DIRECTION('',(0.E+000,0.E+000,1.));
#389 = DIRECTION('',(6.152312806998E-003,0.999981074344,-0.E+000));
#390 = CYLINDRICAL_SURFACE('',#391,0.347300851417);
#391 = AXIS2_PLACEMENT_3D('',#392,#393,#394);
#392 = CARTESIAN_POINT('',(7.097863201157,1.702705673796,0.E+000));
#393 = DIRECTION('',(-0.E+000,-0.E+000,-1.));
#394 = DIRECTION('',(6.152312806998E-003,0.999981074344,-0.E+000));
#395 = ADVANCED_FACE('',(#396),#421,.F.);
#396 = FACE_BOUND('',#397,.F.);
#397 = EDGE_LOOP('',(#398,#399,#407,#415));
#398 = ORIENTED_EDGE('',*,*,#376,.T.);
#399 = ORIENTED_EDGE('',*,*,#400,.T.);
#400 = EDGE_CURVE('',#368,#401,#403,.T.);
#401 = VERTEX_POINT('',#402);
#402 = CARTESIAN_POINT('',(6.52899980545,1.625,0.16350234));
#403 = LINE('',#404,#405);
#404 = CARTESIAN_POINT('',(6.852000236511,1.947999954224,0.16350234));
#405 = VECTOR('',#406,1.);
#406 = DIRECTION('',(-0.707107303128,-0.707106259244,0.E+000));
#407 = ORIENTED_EDGE('',*,*,#408,.F.);
#408 = EDGE_CURVE('',#409,#401,#411,.T.);
#409 = VERTEX_POINT('',#410);
#410 = CARTESIAN_POINT('',(6.52899980545,1.625,0.E+000));
#411 = LINE('',#412,#413);
#412 = CARTESIAN_POINT('',(6.52899980545,1.625,0.E+000));
#413 = VECTOR('',#414,1.);
#414 = DIRECTION('',(0.E+000,0.E+000,1.));
#415 = ORIENTED_EDGE('',*,*,#416,.F.);
#416 = EDGE_CURVE('',#377,#409,#417,.T.);
#417 = LINE('',#418,#419);
#418 = CARTESIAN_POINT('',(6.852000236511,1.947999954224,0.E+000));
#419 = VECTOR('',#420,1.);
#420 = DIRECTION('',(-0.707107303128,-0.707106259244,0.E+000));
#421 = PLANE('',#422);
#422 = AXIS2_PLACEMENT_3D('',#423,#424,#425);
#423 = CARTESIAN_POINT('',(6.852000236511,1.947999954224,0.E+000));
#424 = DIRECTION('',(0.707106259244,-0.707107303128,0.E+000));
#425 = DIRECTION('',(-0.707107303128,-0.707106259244,0.E+000));
#426 = ADVANCED_FACE('',(#427),#454,.F.);
#427 = FACE_BOUND('',#428,.F.);
#428 = EDGE_LOOP('',(#429,#430,#439,#447));
#429 = ORIENTED_EDGE('',*,*,#408,.T.);
#430 = ORIENTED_EDGE('',*,*,#431,.T.);
#431 = EDGE_CURVE('',#401,#432,#434,.T.);
#432 = VERTEX_POINT('',#433);
#433 = CARTESIAN_POINT('',(6.353000164032,1.552000045776,0.16350234));
#434 = CIRCLE('',#435,0.250213887771);
#435 = AXIS2_PLACEMENT_3D('',#436,#437,#438);
#436 = CARTESIAN_POINT('',(6.35235750047,1.802213108219,0.16350234));
#437 = DIRECTION('',(0.E+000,0.E+000,-1.));
#438 = DIRECTION('',(0.705965230603,-0.708246491823,0.E+000));
#439 = ORIENTED_EDGE('',*,*,#440,.F.);
#440 = EDGE_CURVE('',#441,#432,#443,.T.);
#441 = VERTEX_POINT('',#442);
#442 = CARTESIAN_POINT('',(6.353000164032,1.552000045776,0.E+000));
#443 = LINE('',#444,#445);
#444 = CARTESIAN_POINT('',(6.353000164032,1.552000045776,0.E+000));
#445 = VECTOR('',#446,1.);
#446 = DIRECTION('',(0.E+000,0.E+000,1.));
#447 = ORIENTED_EDGE('',*,*,#448,.F.);
#448 = EDGE_CURVE('',#409,#441,#449,.T.);
#449 = CIRCLE('',#450,0.250213887771);
#450 = AXIS2_PLACEMENT_3D('',#451,#452,#453);
#451 = CARTESIAN_POINT('',(6.35235750047,1.802213108219,0.E+000));
#452 = DIRECTION('',(0.E+000,0.E+000,-1.));
#453 = DIRECTION('',(0.705965230603,-0.708246491823,0.E+000));
#454 = CYLINDRICAL_SURFACE('',#455,0.250213887771);
#455 = AXIS2_PLACEMENT_3D('',#456,#457,#458);
#456 = CARTESIAN_POINT('',(6.35235750047,1.802213108219,0.E+000));
#457 = DIRECTION('',(0.E+000,0.E+000,-1.));
#458 = DIRECTION('',(0.705965230603,-0.708246491823,0.E+000));
#459 = ADVANCED_FACE('',(#460),#485,.F.);
#460 = FACE_BOUND('',#461,.F.);
#461 = EDGE_LOOP('',(#462,#463,#471,#479));
#462 = ORIENTED_EDGE('',*,*,#440,.T.);
#463 = ORIENTED_EDGE('',*,*,#464,.T.);
#464 = EDGE_CURVE('',#432,#465,#467,.T.);
#465 = VERTEX_POINT('',#466);
#466 = CARTESIAN_POINT('',(0.351999998093,1.552000045776,0.16350234));
#467 = LINE('',#468,#469);
#468 = CARTESIAN_POINT('',(6.353000164032,1.552000045776,0.16350234));
#469 = VECTOR('',#470,1.);
#470 = DIRECTION('',(-1.,0.E+000,0.E+000));
#471 = ORIENTED_EDGE('',*,*,#472,.F.);
#472 = EDGE_CURVE('',#473,#465,#475,.T.);
#473 = VERTEX_POINT('',#474);
#474 = CARTESIAN_POINT('',(0.351999998093,1.552000045776,0.E+000));
#475 = LINE('',#476,#477);
#476 = CARTESIAN_POINT('',(0.351999998093,1.552000045776,0.E+000));
#477 = VECTOR('',#478,1.);
#478 = DIRECTION('',(0.E+000,0.E+000,1.));
#479 = ORIENTED_EDGE('',*,*,#480,.F.);
#480 = EDGE_CURVE('',#441,#473,#481,.T.);
#481 = LINE('',#482,#483);
#482 = CARTESIAN_POINT('',(6.353000164032,1.552000045776,0.E+000));
#483 = VECTOR('',#484,1.);
#484 = DIRECTION('',(-1.,0.E+000,0.E+000));
#485 = PLANE('',#486);
#486 = AXIS2_PLACEMENT_3D('',#487,#488,#489);
#487 = CARTESIAN_POINT('',(6.353000164032,1.552000045776,0.E+000));
#488 = DIRECTION('',(0.E+000,-1.,0.E+000));
#489 = DIRECTION('',(-1.,0.E+000,0.E+000));
#490 = ADVANCED_FACE('',(#491),#518,.T.);
#491 = FACE_BOUND('',#492,.F.);
#492 = EDGE_LOOP('',(#493,#494,#503,#511));
#493 = ORIENTED_EDGE('',*,*,#472,.T.);
#494 = ORIENTED_EDGE('',*,*,#495,.T.);
#495 = EDGE_CURVE('',#465,#496,#498,.T.);
#496 = VERTEX_POINT('',#497);
#497 = CARTESIAN_POINT('',(-2.775557561563E-017,1.200000047684,
    0.16350234));
#498 = CIRCLE('',#499,0.351664620177);
#499 = AXIS2_PLACEMENT_3D('',#500,#501,#502);
#500 = CARTESIAN_POINT('',(0.351664460101,1.200335585675,0.16350234));
#501 = DIRECTION('',(0.E+000,0.E+000,1.));
#502 = DIRECTION('',(9.54142020385E-004,0.999999544806,-0.E+000));
#503 = ORIENTED_EDGE('',*,*,#504,.F.);
#504 = EDGE_CURVE('',#505,#496,#507,.T.);
#505 = VERTEX_POINT('',#506);
#506 = CARTESIAN_POINT('',(-2.775557561563E-017,1.200000047684,0.E+000)
  );
#507 = LINE('',#508,#509);
#508 = CARTESIAN_POINT('',(-2.775557561563E-017,1.200000047684,0.E+000)
  );
#509 = VECTOR('',#510,1.);
#510 = DIRECTION('',(0.E+000,0.E+000,1.));
#511 = ORIENTED_EDGE('',*,*,#512,.F.);
#512 = EDGE_CURVE('',#473,#505,#513,.T.);
#513 = CIRCLE('',#514,0.351664620177);
#514 = AXIS2_PLACEMENT_3D('',#515,#516,#517);
#515 = CARTESIAN_POINT('',(0.351664460101,1.200335585675,0.E+000));
#516 = DIRECTION('',(0.E+000,0.E+000,1.));
#517 = DIRECTION('',(9.54142020385E-004,0.999999544806,-0.E+000));
#518 = CYLINDRICAL_SURFACE('',#519,0.351664620177);
#519 = AXIS2_PLACEMENT_3D('',#520,#521,#522);
#520 = CARTESIAN_POINT('',(0.351664460101,1.200335585675,0.E+000));
#521 = DIRECTION('',(-0.E+000,-0.E+000,-1.));
#522 = DIRECTION('',(9.54142020385E-004,0.999999544806,-0.E+000));
#523 = ADVANCED_FACE('',(#524),#549,.F.);
#524 = FACE_BOUND('',#525,.F.);
#525 = EDGE_LOOP('',(#526,#527,#535,#543));
#526 = ORIENTED_EDGE('',*,*,#504,.T.);
#527 = ORIENTED_EDGE('',*,*,#528,.T.);
#528 = EDGE_CURVE('',#496,#529,#531,.T.);
#529 = VERTEX_POINT('',#530);
#530 = CARTESIAN_POINT('',(2.775557561563E-017,-1.200000047684,
    0.16350234));
#531 = LINE('',#532,#533);
#532 = CARTESIAN_POINT('',(0.E+000,1.200000047684,0.16350234));
#533 = VECTOR('',#534,1.);
#534 = DIRECTION('',(0.E+000,-1.,0.E+000));
#535 = ORIENTED_EDGE('',*,*,#536,.F.);
#536 = EDGE_CURVE('',#537,#529,#539,.T.);
#537 = VERTEX_POINT('',#538);
#538 = CARTESIAN_POINT('',(2.775557561563E-017,-1.200000047684,0.E+000)
  );
#539 = LINE('',#540,#541);
#540 = CARTESIAN_POINT('',(2.775557561563E-017,-1.200000047684,0.E+000)
  );
#541 = VECTOR('',#542,1.);
#542 = DIRECTION('',(0.E+000,0.E+000,1.));
#543 = ORIENTED_EDGE('',*,*,#544,.F.);
#544 = EDGE_CURVE('',#505,#537,#545,.T.);
#545 = LINE('',#546,#547);
#546 = CARTESIAN_POINT('',(0.E+000,1.200000047684,0.E+000));
#547 = VECTOR('',#548,1.);
#548 = DIRECTION('',(0.E+000,-1.,0.E+000));
#549 = PLANE('',#550);
#550 = AXIS2_PLACEMENT_3D('',#551,#552,#553);
#551 = CARTESIAN_POINT('',(0.E+000,1.200000047684,0.E+000));
#552 = DIRECTION('',(1.,0.E+000,-0.E+000));
#553 = DIRECTION('',(0.E+000,-1.,0.E+000));
#554 = ADVANCED_FACE('',(#555),#582,.T.);
#555 = FACE_BOUND('',#556,.F.);
#556 = EDGE_LOOP('',(#557,#558,#567,#575));
#557 = ORIENTED_EDGE('',*,*,#536,.T.);
#558 = ORIENTED_EDGE('',*,*,#559,.T.);
#559 = EDGE_CURVE('',#529,#560,#562,.T.);
#560 = VERTEX_POINT('',#561);
#561 = CARTESIAN_POINT('',(0.300000011921,-1.549999952316,0.16350234));
#562 = CIRCLE('',#563,0.325229877379);
#563 = AXIS2_PLACEMENT_3D('',#564,#565,#566);
#564 = CARTESIAN_POINT('',(0.324215026307,-1.22567279308,0.16350234));
#565 = DIRECTION('',(0.E+000,0.E+000,1.));
#566 = DIRECTION('',(-0.996879588433,7.893722927199E-002,0.E+000));
#567 = ORIENTED_EDGE('',*,*,#568,.F.);
#568 = EDGE_CURVE('',#569,#560,#571,.T.);
#569 = VERTEX_POINT('',#570);
#570 = CARTESIAN_POINT('',(0.300000011921,-1.549999952316,0.E+000));
#571 = LINE('',#572,#573);
#572 = CARTESIAN_POINT('',(0.300000011921,-1.549999952316,0.E+000));
#573 = VECTOR('',#574,1.);
#574 = DIRECTION('',(0.E+000,0.E+000,1.));
#575 = ORIENTED_EDGE('',*,*,#576,.F.);
#576 = EDGE_CURVE('',#537,#569,#577,.T.);
#577 = CIRCLE('',#578,0.325229877379);
#578 = AXIS2_PLACEMENT_3D('',#579,#580,#581);
#579 = CARTESIAN_POINT('',(0.324215026307,-1.22567279308,0.E+000));
#580 = DIRECTION('',(0.E+000,0.E+000,1.));
#581 = DIRECTION('',(-0.996879588433,7.893722927199E-002,0.E+000));
#582 = CYLINDRICAL_SURFACE('',#583,0.325229877379);
#583 = AXIS2_PLACEMENT_3D('',#584,#585,#586);
#584 = CARTESIAN_POINT('',(0.324215026307,-1.22567279308,0.E+000));
#585 = DIRECTION('',(-0.E+000,-0.E+000,-1.));
#586 = DIRECTION('',(-0.996879588433,7.893722927199E-002,0.E+000));
#587 = ADVANCED_FACE('',(#588),#604,.F.);
#588 = FACE_BOUND('',#589,.F.);
#589 = EDGE_LOOP('',(#590,#591,#597,#598));
#590 = ORIENTED_EDGE('',*,*,#568,.T.);
#591 = ORIENTED_EDGE('',*,*,#592,.T.);
#592 = EDGE_CURVE('',#560,#104,#593,.T.);
#593 = LINE('',#594,#595);
#594 = CARTESIAN_POINT('',(0.300000011921,-1.549999952316,0.16350234));
#595 = VECTOR('',#596,1.);
#596 = DIRECTION('',(1.,0.E+000,0.E+000));
#597 = ORIENTED_EDGE('',*,*,#101,.F.);
#598 = ORIENTED_EDGE('',*,*,#599,.F.);
#599 = EDGE_CURVE('',#569,#102,#600,.T.);
#600 = LINE('',#601,#602);
#601 = CARTESIAN_POINT('',(0.300000011921,-1.549999952316,0.E+000));
#602 = VECTOR('',#603,1.);
#603 = DIRECTION('',(1.,0.E+000,0.E+000));
#604 = PLANE('',#605);
#605 = AXIS2_PLACEMENT_3D('',#606,#607,#608);
#606 = CARTESIAN_POINT('',(0.300000011921,-1.549999952316,0.E+000));
#607 = DIRECTION('',(0.E+000,1.,0.E+000));
#608 = DIRECTION('',(1.,0.E+000,0.E+000));
#609 = ADVANCED_FACE('',(#610),#628,.F.);
#610 = FACE_BOUND('',#611,.F.);
#611 = EDGE_LOOP('',(#612,#613,#614,#615,#616,#617,#618,#619,#620,#621,
    #622,#623,#624,#625,#626,#627));
#612 = ORIENTED_EDGE('',*,*,#128,.T.);
#613 = ORIENTED_EDGE('',*,*,#160,.T.);
#614 = ORIENTED_EDGE('',*,*,#192,.T.);
#615 = ORIENTED_EDGE('',*,*,#224,.T.);
#616 = ORIENTED_EDGE('',*,*,#256,.T.);
#617 = ORIENTED_EDGE('',*,*,#288,.T.);
#618 = ORIENTED_EDGE('',*,*,#320,.T.);
#619 = ORIENTED_EDGE('',*,*,#352,.T.);
#620 = ORIENTED_EDGE('',*,*,#384,.T.);
#621 = ORIENTED_EDGE('',*,*,#416,.T.);
#622 = ORIENTED_EDGE('',*,*,#448,.T.);
#623 = ORIENTED_EDGE('',*,*,#480,.T.);
#624 = ORIENTED_EDGE('',*,*,#512,.T.);
#625 = ORIENTED_EDGE('',*,*,#544,.T.);
#626 = ORIENTED_EDGE('',*,*,#576,.T.);
#627 = ORIENTED_EDGE('',*,*,#599,.T.);
#628 = PLANE('',#629);
#629 = AXIS2_PLACEMENT_3D('',#630,#631,#632);
#630 = CARTESIAN_POINT('',(6.342000007629,-1.549999952316,0.E+000));
#631 = DIRECTION('',(0.E+000,0.E+000,1.));
#632 = DIRECTION('',(1.,0.E+000,-0.E+000));
#633 = ADVANCED_FACE('',(#634),#652,.T.);
#634 = FACE_BOUND('',#635,.T.);
#635 = EDGE_LOOP('',(#636,#637,#638,#639,#640,#641,#642,#643,#644,#645,
    #646,#647,#648,#649,#650,#651));
#636 = ORIENTED_EDGE('',*,*,#111,.T.);
#637 = ORIENTED_EDGE('',*,*,#144,.T.);
#638 = ORIENTED_EDGE('',*,*,#175,.T.);
#639 = ORIENTED_EDGE('',*,*,#208,.T.);
#640 = ORIENTED_EDGE('',*,*,#239,.T.);
#641 = ORIENTED_EDGE('',*,*,#272,.T.);
#642 = ORIENTED_EDGE('',*,*,#303,.T.);
#643 = ORIENTED_EDGE('',*,*,#336,.T.);
#644 = ORIENTED_EDGE('',*,*,#367,.T.);
#645 = ORIENTED_EDGE('',*,*,#400,.T.);
#646 = ORIENTED_EDGE('',*,*,#431,.T.);
#647 = ORIENTED_EDGE('',*,*,#464,.T.);
#648 = ORIENTED_EDGE('',*,*,#495,.T.);
#649 = ORIENTED_EDGE('',*,*,#528,.T.);
#650 = ORIENTED_EDGE('',*,*,#559,.T.);
#651 = ORIENTED_EDGE('',*,*,#592,.T.);
#652 = PLANE('',#653);
#653 = AXIS2_PLACEMENT_3D('',#654,#655,#656);
#654 = CARTESIAN_POINT('',(6.342000007629,-1.549999952316,0.16350234));
#655 = DIRECTION('',(0.E+000,0.E+000,1.));
#656 = DIRECTION('',(1.,0.E+000,-0.E+000));
#657 = ( GEOMETRIC_REPRESENTATION_CONTEXT(3) 
GLOBAL_UNCERTAINTY_ASSIGNED_CONTEXT((#661)) GLOBAL_UNIT_ASSIGNED_CONTEXT
((#658,#659,#660)) REPRESENTATION_CONTEXT('Context #1',
  '3D Context with UNIT and UNCERTAINTY') );
#658 = ( LENGTH_UNIT() NAMED_UNIT(*) SI_UNIT(.MILLI.,.METRE.) );
#659 = ( NAMED_UNIT(*) PLANE_ANGLE_UNIT() SI_UNIT($,.RADIAN.) );
#660 = ( NAMED_UNIT(*) SI_UNIT($,.STERADIAN.) SOLID_ANGLE_UNIT() );
#661 = UNCERTAINTY_MEASURE_WITH_UNIT(LENGTH_MEASURE(1.E-007),#658,
  'distance_accuracy_value','confusion accuracy');
#662 = SHAPE_DEFINITION_REPRESENTATION(#663,#94);
#663 = PRODUCT_DEFINITION_SHAPE('','',#664);
#664 = PRODUCT_DEFINITION('design','',#665,#668);
#665 = PRODUCT_DEFINITION_FORMATION('','',#666);
#666 = PRODUCT('Open CASCADE STEP translator 6.8 1.1.1',
  'Open CASCADE STEP translator 6.8 1.1.1','',(#667));
#667 = PRODUCT_CONTEXT('',#2,'mechanical');
#668 = PRODUCT_DEFINITION_CONTEXT('part definition',#2,'design');
#669 = CONTEXT_DEPENDENT_SHAPE_REPRESENTATION(#670,#672);
#670 = ( REPRESENTATION_RELATIONSHIP('','',#94,#84) 
REPRESENTATION_RELATIONSHIP_WITH_TRANSFORMATION(#671) 
SHAPE_REPRESENTATION_RELATIONSHIP() );
#671 = ITEM_DEFINED_TRANSFORMATION('','',#11,#85);
#672 = PRODUCT_DEFINITION_SHAPE('Placement','Placement of an item',#673
  );
#673 = NEXT_ASSEMBLY_USAGE_OCCURRENCE('1','','',#79,#664,$);
#674 = PRODUCT_RELATED_PRODUCT_CATEGORY('part',$,(#666));
#675 = CONTEXT_DEPENDENT_SHAPE_REPRESENTATION(#676,#678);
#676 = ( REPRESENTATION_RELATIONSHIP('','',#84,#10) 
REPRESENTATION_RELATIONSHIP_WITH_TRANSFORMATION(#677) 
SHAPE_REPRESENTATION_RELATIONSHIP() );
#677 = ITEM_DEFINED_TRANSFORMATION('','',#11,#15);
#678 = PRODUCT_DEFINITION_SHAPE('Placement','Placement of an item',#679
  );
#679 = NEXT_ASSEMBLY_USAGE_OCCURRENCE('2','','',#5,#79,$);
#680 = PRODUCT_RELATED_PRODUCT_CATEGORY('part',$,(#81));
#681 = SHAPE_DEFINITION_REPRESENTATION(#682,#688);
#682 = PRODUCT_DEFINITION_SHAPE('','',#683);
#683 = PRODUCT_DEFINITION('design','',#684,#687);
#684 = PRODUCT_DEFINITION_FORMATION('','',#685);
#685 = PRODUCT('U2','U2','',(#686));
#686 = PRODUCT_CONTEXT('',#2,'mechanical');
#687 = PRODUCT_DEFINITION_CONTEXT('part definition',#2,'design');
#688 = SHAPE_REPRESENTATION('',(#11,#689),#693);
#689 = AXIS2_PLACEMENT_3D('',#690,#691,#692);
#690 = CARTESIAN_POINT('',(119.98976430359,3.751144529929E-005,0.E+000)
  );
#691 = DIRECTION('',(1.,4.371138828674E-008,-4.371140912996E-008));
#692 = DIRECTION('',(-4.371138828674E-008,1.,1.840849544066E-031));
#693 = ( GEOMETRIC_REPRESENTATION_CONTEXT(3) 
GLOBAL_UNCERTAINTY_ASSIGNED_CONTEXT((#697)) GLOBAL_UNIT_ASSIGNED_CONTEXT
((#694,#695,#696)) REPRESENTATION_CONTEXT('Context #1',
  '3D Context with UNIT and UNCERTAINTY') );
#694 = ( LENGTH_UNIT() NAMED_UNIT(*) SI_UNIT(.MILLI.,.METRE.) );
#695 = ( NAMED_UNIT(*) PLANE_ANGLE_UNIT() SI_UNIT($,.RADIAN.) );
#696 = ( NAMED_UNIT(*) SI_UNIT($,.STERADIAN.) SOLID_ANGLE_UNIT() );
#697 = UNCERTAINTY_MEASURE_WITH_UNIT(LENGTH_MEASURE(1.E-005),#694,
  'distance_accuracy_value','confusion accuracy');
#698 = SHAPE_REPRESENTATION('',(#11,#699,#2378,#2528,#2678,#2828,#2978,
    #5104,#5254,#5404,#5554,#5704,#5854,#6004),#6121);
#699 = MANIFOLD_SOLID_BREP('',#700);
#700 = CLOSED_SHELL('',(#701,#741,#772,#803,#825,#837,#1215,#1246,#1270,
    #1294,#1311,#1323,#1354,#1378,#1402,#1419,#1431,#1462,#1486,#1503,
    #1514,#1545,#1569,#1593,#1610,#1622,#1653,#1677,#1701,#1718,#1730,
    #1761,#1785,#1809,#1826,#1838,#1869,#1893,#1917,#1934,#1946,#1977,
    #2001,#2025,#2042,#2054,#2085,#2109,#2133,#2150,#2162,#2193,#2217,
    #2241,#2258,#2270,#2301,#2325,#2349,#2366));
#701 = ADVANCED_FACE('',(#702),#736,.F.);
#702 = FACE_BOUND('',#703,.T.);
#703 = EDGE_LOOP('',(#704,#714,#722,#730));
#704 = ORIENTED_EDGE('',*,*,#705,.T.);
#705 = EDGE_CURVE('',#706,#708,#710,.T.);
#706 = VERTEX_POINT('',#707);
#707 = CARTESIAN_POINT('',(-1.,0.E+000,-1.));
#708 = VERTEX_POINT('',#709);
#709 = CARTESIAN_POINT('',(-1.,0.E+000,1.));
#710 = LINE('',#711,#712);
#711 = CARTESIAN_POINT('',(-1.,0.E+000,1.));
#712 = VECTOR('',#713,1.);
#713 = DIRECTION('',(-0.E+000,-0.E+000,1.));
#714 = ORIENTED_EDGE('',*,*,#715,.F.);
#715 = EDGE_CURVE('',#716,#708,#718,.T.);
#716 = VERTEX_POINT('',#717);
#717 = CARTESIAN_POINT('',(-1.,0.13,1.));
#718 = LINE('',#719,#720);
#719 = CARTESIAN_POINT('',(-1.,0.13,1.));
#720 = VECTOR('',#721,1.);
#721 = DIRECTION('',(-0.E+000,-1.,-0.E+000));
#722 = ORIENTED_EDGE('',*,*,#723,.F.);
#723 = EDGE_CURVE('',#724,#716,#726,.T.);
#724 = VERTEX_POINT('',#725);
#725 = CARTESIAN_POINT('',(-1.,0.13,-1.));
#726 = LINE('',#727,#728);
#727 = CARTESIAN_POINT('',(-1.,0.13,1.));
#728 = VECTOR('',#729,1.);
#729 = DIRECTION('',(-0.E+000,-0.E+000,1.));
#730 = ORIENTED_EDGE('',*,*,#731,.T.);
#731 = EDGE_CURVE('',#724,#706,#732,.T.);
#732 = LINE('',#733,#734);
#733 = CARTESIAN_POINT('',(-1.,0.13,-1.));
#734 = VECTOR('',#735,1.);
#735 = DIRECTION('',(-0.E+000,-1.,-0.E+000));
#736 = PLANE('',#737);
#737 = AXIS2_PLACEMENT_3D('',#738,#739,#740);
#738 = CARTESIAN_POINT('',(-1.,0.13,1.));
#739 = DIRECTION('',(1.,-0.E+000,0.E+000));
#740 = DIRECTION('',(0.E+000,0.E+000,-1.));
#741 = ADVANCED_FACE('',(#742),#767,.F.);
#742 = FACE_BOUND('',#743,.T.);
#743 = EDGE_LOOP('',(#744,#752,#760,#766));
#744 = ORIENTED_EDGE('',*,*,#745,.T.);
#745 = EDGE_CURVE('',#708,#746,#748,.T.);
#746 = VERTEX_POINT('',#747);
#747 = CARTESIAN_POINT('',(1.,0.E+000,1.));
#748 = LINE('',#749,#750);
#749 = CARTESIAN_POINT('',(1.,0.E+000,1.));
#750 = VECTOR('',#751,1.);
#751 = DIRECTION('',(1.,-0.E+000,-2.168404344971E-016));
#752 = ORIENTED_EDGE('',*,*,#753,.F.);
#753 = EDGE_CURVE('',#754,#746,#756,.T.);
#754 = VERTEX_POINT('',#755);
#755 = CARTESIAN_POINT('',(1.,0.13,1.));
#756 = LINE('',#757,#758);
#757 = CARTESIAN_POINT('',(1.,0.13,1.));
#758 = VECTOR('',#759,1.);
#759 = DIRECTION('',(-0.E+000,-1.,-0.E+000));
#760 = ORIENTED_EDGE('',*,*,#761,.F.);
#761 = EDGE_CURVE('',#716,#754,#762,.T.);
#762 = LINE('',#763,#764);
#763 = CARTESIAN_POINT('',(1.,0.13,1.));
#764 = VECTOR('',#765,1.);
#765 = DIRECTION('',(1.,-0.E+000,-2.168404344971E-016));
#766 = ORIENTED_EDGE('',*,*,#715,.T.);
#767 = PLANE('',#768);
#768 = AXIS2_PLACEMENT_3D('',#769,#770,#771);
#769 = CARTESIAN_POINT('',(1.,0.13,1.));
#770 = DIRECTION('',(-2.168404344971E-016,0.E+000,-1.));
#771 = DIRECTION('',(-1.,0.E+000,2.168404344971E-016));
#772 = ADVANCED_FACE('',(#773),#798,.F.);
#773 = FACE_BOUND('',#774,.T.);
#774 = EDGE_LOOP('',(#775,#783,#791,#797));
#775 = ORIENTED_EDGE('',*,*,#776,.T.);
#776 = EDGE_CURVE('',#746,#777,#779,.T.);
#777 = VERTEX_POINT('',#778);
#778 = CARTESIAN_POINT('',(1.,0.E+000,-1.));
#779 = LINE('',#780,#781);
#780 = CARTESIAN_POINT('',(1.,0.E+000,1.));
#781 = VECTOR('',#782,1.);
#782 = DIRECTION('',(0.E+000,0.E+000,-1.));
#783 = ORIENTED_EDGE('',*,*,#784,.F.);
#784 = EDGE_CURVE('',#785,#777,#787,.T.);
#785 = VERTEX_POINT('',#786);
#786 = CARTESIAN_POINT('',(1.,0.13,-1.));
#787 = LINE('',#788,#789);
#788 = CARTESIAN_POINT('',(1.,0.13,-1.));
#789 = VECTOR('',#790,1.);
#790 = DIRECTION('',(-0.E+000,-1.,-0.E+000));
#791 = ORIENTED_EDGE('',*,*,#792,.F.);
#792 = EDGE_CURVE('',#754,#785,#793,.T.);
#793 = LINE('',#794,#795);
#794 = CARTESIAN_POINT('',(1.,0.13,1.));
#795 = VECTOR('',#796,1.);
#796 = DIRECTION('',(0.E+000,0.E+000,-1.));
#797 = ORIENTED_EDGE('',*,*,#753,.T.);
#798 = PLANE('',#799);
#799 = AXIS2_PLACEMENT_3D('',#800,#801,#802);
#800 = CARTESIAN_POINT('',(1.,0.13,1.));
#801 = DIRECTION('',(-1.,0.E+000,0.E+000));
#802 = DIRECTION('',(0.E+000,0.E+000,1.));
#803 = ADVANCED_FACE('',(#804),#820,.F.);
#804 = FACE_BOUND('',#805,.T.);
#805 = EDGE_LOOP('',(#806,#812,#813,#819));
#806 = ORIENTED_EDGE('',*,*,#807,.T.);
#807 = EDGE_CURVE('',#777,#706,#808,.T.);
#808 = LINE('',#809,#810);
#809 = CARTESIAN_POINT('',(1.,0.E+000,-1.));
#810 = VECTOR('',#811,1.);
#811 = DIRECTION('',(-1.,0.E+000,2.168404344971E-016));
#812 = ORIENTED_EDGE('',*,*,#731,.F.);
#813 = ORIENTED_EDGE('',*,*,#814,.F.);
#814 = EDGE_CURVE('',#785,#724,#815,.T.);
#815 = LINE('',#816,#817);
#816 = CARTESIAN_POINT('',(1.,0.13,-1.));
#817 = VECTOR('',#818,1.);
#818 = DIRECTION('',(-1.,0.E+000,2.168404344971E-016));
#819 = ORIENTED_EDGE('',*,*,#784,.T.);
#820 = PLANE('',#821);
#821 = AXIS2_PLACEMENT_3D('',#822,#823,#824);
#822 = CARTESIAN_POINT('',(1.,0.13,-1.));
#823 = DIRECTION('',(2.168404344971E-016,-0.E+000,1.));
#824 = DIRECTION('',(1.,0.E+000,-2.168404344971E-016));
#825 = ADVANCED_FACE('',(#826),#832,.T.);
#826 = FACE_BOUND('',#827,.T.);
#827 = EDGE_LOOP('',(#828,#829,#830,#831));
#828 = ORIENTED_EDGE('',*,*,#723,.T.);
#829 = ORIENTED_EDGE('',*,*,#761,.T.);
#830 = ORIENTED_EDGE('',*,*,#792,.T.);
#831 = ORIENTED_EDGE('',*,*,#814,.T.);
#832 = PLANE('',#833);
#833 = AXIS2_PLACEMENT_3D('',#834,#835,#836);
#834 = CARTESIAN_POINT('',(0.E+000,0.13,0.E+000));
#835 = DIRECTION('',(0.E+000,1.,0.E+000));
#836 = DIRECTION('',(0.E+000,-0.E+000,1.));
#837 = ADVANCED_FACE('',(#838,#872,#906,#940,#974,#1008,#1042,#1076,
    #1110,#1136,#1170,#1204),#1210,.F.);
#838 = FACE_BOUND('',#839,.T.);
#839 = EDGE_LOOP('',(#840,#850,#858,#866));
#840 = ORIENTED_EDGE('',*,*,#841,.F.);
#841 = EDGE_CURVE('',#842,#844,#846,.T.);
#842 = VERTEX_POINT('',#843);
#843 = CARTESIAN_POINT('',(0.375,0.E+000,-0.9));
#844 = VERTEX_POINT('',#845);
#845 = CARTESIAN_POINT('',(0.375,0.E+000,-0.625));
#846 = LINE('',#847,#848);
#847 = CARTESIAN_POINT('',(0.375,0.E+000,-0.9));
#848 = VECTOR('',#849,1.);
#849 = DIRECTION('',(0.E+000,0.E+000,1.));
#850 = ORIENTED_EDGE('',*,*,#851,.F.);
#851 = EDGE_CURVE('',#852,#842,#854,.T.);
#852 = VERTEX_POINT('',#853);
#853 = CARTESIAN_POINT('',(0.125,0.E+000,-0.9));
#854 = LINE('',#855,#856);
#855 = CARTESIAN_POINT('',(0.125,0.E+000,-0.9));
#856 = VECTOR('',#857,1.);
#857 = DIRECTION('',(1.,0.E+000,0.E+000));
#858 = ORIENTED_EDGE('',*,*,#859,.F.);
#859 = EDGE_CURVE('',#860,#852,#862,.T.);
#860 = VERTEX_POINT('',#861);
#861 = CARTESIAN_POINT('',(0.125,0.E+000,-0.625));
#862 = LINE('',#863,#864);
#863 = CARTESIAN_POINT('',(0.125,0.E+000,-0.9));
#864 = VECTOR('',#865,1.);
#865 = DIRECTION('',(9.856383386232E-017,-0.E+000,-1.));
#866 = ORIENTED_EDGE('',*,*,#867,.F.);
#867 = EDGE_CURVE('',#844,#860,#868,.T.);
#868 = LINE('',#869,#870);
#869 = CARTESIAN_POINT('',(0.125,0.E+000,-0.625));
#870 = VECTOR('',#871,1.);
#871 = DIRECTION('',(-1.,-0.E+000,-0.E+000));
#872 = FACE_BOUND('',#873,.T.);
#873 = EDGE_LOOP('',(#874,#884,#892,#900));
#874 = ORIENTED_EDGE('',*,*,#875,.F.);
#875 = EDGE_CURVE('',#876,#878,#880,.T.);
#876 = VERTEX_POINT('',#877);
#877 = CARTESIAN_POINT('',(-0.375,0.E+000,0.625));
#878 = VERTEX_POINT('',#879);
#879 = CARTESIAN_POINT('',(-0.125,0.E+000,0.625));
#880 = LINE('',#881,#882);
#881 = CARTESIAN_POINT('',(-0.125,0.E+000,0.625));
#882 = VECTOR('',#883,1.);
#883 = DIRECTION('',(1.,-0.E+000,-0.E+000));
#884 = ORIENTED_EDGE('',*,*,#885,.F.);
#885 = EDGE_CURVE('',#886,#876,#888,.T.);
#886 = VERTEX_POINT('',#887);
#887 = CARTESIAN_POINT('',(-0.375,0.E+000,0.9));
#888 = LINE('',#889,#890);
#889 = CARTESIAN_POINT('',(-0.375,0.E+000,0.9));
#890 = VECTOR('',#891,1.);
#891 = DIRECTION('',(0.E+000,0.E+000,-1.));
#892 = ORIENTED_EDGE('',*,*,#893,.F.);
#893 = EDGE_CURVE('',#894,#886,#896,.T.);
#894 = VERTEX_POINT('',#895);
#895 = CARTESIAN_POINT('',(-0.125,0.E+000,0.9));
#896 = LINE('',#897,#898);
#897 = CARTESIAN_POINT('',(-0.125,0.E+000,0.9));
#898 = VECTOR('',#899,1.);
#899 = DIRECTION('',(-1.,0.E+000,0.E+000));
#900 = ORIENTED_EDGE('',*,*,#901,.F.);
#901 = EDGE_CURVE('',#878,#894,#902,.T.);
#902 = LINE('',#903,#904);
#903 = CARTESIAN_POINT('',(-0.125,0.E+000,0.9));
#904 = VECTOR('',#905,1.);
#905 = DIRECTION('',(-9.856383386232E-017,-0.E+000,1.));
#906 = FACE_BOUND('',#907,.T.);
#907 = EDGE_LOOP('',(#908,#918,#926,#934));
#908 = ORIENTED_EDGE('',*,*,#909,.F.);
#909 = EDGE_CURVE('',#910,#912,#914,.T.);
#910 = VERTEX_POINT('',#911);
#911 = CARTESIAN_POINT('',(0.625,0.E+000,0.375));
#912 = VERTEX_POINT('',#913);
#913 = CARTESIAN_POINT('',(0.9,0.E+000,0.375));
#914 = LINE('',#915,#916);
#915 = CARTESIAN_POINT('',(0.625,0.E+000,0.375));
#916 = VECTOR('',#917,1.);
#917 = DIRECTION('',(1.,0.E+000,0.E+000));
#918 = ORIENTED_EDGE('',*,*,#919,.F.);
#919 = EDGE_CURVE('',#920,#910,#922,.T.);
#920 = VERTEX_POINT('',#921);
#921 = CARTESIAN_POINT('',(0.625,0.E+000,0.625));
#922 = LINE('',#923,#924);
#923 = CARTESIAN_POINT('',(0.625,0.E+000,0.375));
#924 = VECTOR('',#925,1.);
#925 = DIRECTION('',(-4.336808689942E-016,-0.E+000,-1.));
#926 = ORIENTED_EDGE('',*,*,#927,.F.);
#927 = EDGE_CURVE('',#928,#920,#930,.T.);
#928 = VERTEX_POINT('',#929);
#929 = CARTESIAN_POINT('',(0.9,0.E+000,0.625));
#930 = LINE('',#931,#932);
#931 = CARTESIAN_POINT('',(0.625,0.E+000,0.625));
#932 = VECTOR('',#933,1.);
#933 = DIRECTION('',(-1.,-0.E+000,-0.E+000));
#934 = ORIENTED_EDGE('',*,*,#935,.F.);
#935 = EDGE_CURVE('',#912,#928,#936,.T.);
#936 = LINE('',#937,#938);
#937 = CARTESIAN_POINT('',(0.9,0.E+000,0.375));
#938 = VECTOR('',#939,1.);
#939 = DIRECTION('',(0.E+000,0.E+000,1.));
#940 = FACE_BOUND('',#941,.T.);
#941 = EDGE_LOOP('',(#942,#952,#960,#968));
#942 = ORIENTED_EDGE('',*,*,#943,.F.);
#943 = EDGE_CURVE('',#944,#946,#948,.T.);
#944 = VERTEX_POINT('',#945);
#945 = CARTESIAN_POINT('',(0.625,0.E+000,-0.125));
#946 = VERTEX_POINT('',#947);
#947 = CARTESIAN_POINT('',(0.9,0.E+000,-0.125));
#948 = LINE('',#949,#950);
#949 = CARTESIAN_POINT('',(0.625,0.E+000,-0.125));
#950 = VECTOR('',#951,1.);
#951 = DIRECTION('',(1.,0.E+000,-3.942553354493E-016));
#952 = ORIENTED_EDGE('',*,*,#953,.F.);
#953 = EDGE_CURVE('',#954,#944,#956,.T.);
#954 = VERTEX_POINT('',#955);
#955 = CARTESIAN_POINT('',(0.625,0.E+000,0.125));
#956 = LINE('',#957,#958);
#957 = CARTESIAN_POINT('',(0.625,0.E+000,-0.125));
#958 = VECTOR('',#959,1.);
#959 = DIRECTION('',(3.903127820948E-015,-0.E+000,-1.));
#960 = ORIENTED_EDGE('',*,*,#961,.F.);
#961 = EDGE_CURVE('',#962,#954,#964,.T.);
#962 = VERTEX_POINT('',#963);
#963 = CARTESIAN_POINT('',(0.9,0.E+000,0.125));
#964 = LINE('',#965,#966);
#965 = CARTESIAN_POINT('',(0.625,0.E+000,0.125));
#966 = VECTOR('',#967,1.);
#967 = DIRECTION('',(-1.,-0.E+000,-0.E+000));
#968 = ORIENTED_EDGE('',*,*,#969,.F.);
#969 = EDGE_CURVE('',#946,#962,#970,.T.);
#970 = LINE('',#971,#972);
#971 = CARTESIAN_POINT('',(0.9,0.E+000,-0.125));
#972 = VECTOR('',#973,1.);
#973 = DIRECTION('',(4.336808689942E-015,0.E+000,1.));
#974 = FACE_BOUND('',#975,.T.);
#975 = EDGE_LOOP('',(#976,#986,#994,#1002));
#976 = ORIENTED_EDGE('',*,*,#977,.F.);
#977 = EDGE_CURVE('',#978,#980,#982,.T.);
#978 = VERTEX_POINT('',#979);
#979 = CARTESIAN_POINT('',(-0.9,0.E+000,-0.375));
#980 = VERTEX_POINT('',#981);
#981 = CARTESIAN_POINT('',(-0.9,-0.E+000,-0.625));
#982 = LINE('',#983,#984);
#983 = CARTESIAN_POINT('',(-0.9,-0.E+000,-0.625));
#984 = VECTOR('',#985,1.);
#985 = DIRECTION('',(-0.E+000,-0.E+000,-1.));
#986 = ORIENTED_EDGE('',*,*,#987,.F.);
#987 = EDGE_CURVE('',#988,#978,#990,.T.);
#988 = VERTEX_POINT('',#989);
#989 = CARTESIAN_POINT('',(-0.625,-0.E+000,-0.375));
#990 = LINE('',#991,#992);
#991 = CARTESIAN_POINT('',(-0.625,-0.E+000,-0.375));
#992 = VECTOR('',#993,1.);
#993 = DIRECTION('',(-1.,0.E+000,2.168404344971E-015));
#994 = ORIENTED_EDGE('',*,*,#995,.F.);
#995 = EDGE_CURVE('',#996,#988,#998,.T.);
#996 = VERTEX_POINT('',#997);
#997 = CARTESIAN_POINT('',(-0.625,-0.E+000,-0.625));
#998 = LINE('',#999,#1000);
#999 = CARTESIAN_POINT('',(-0.625,-0.E+000,-0.625));
#1000 = VECTOR('',#1001,1.);
#1001 = DIRECTION('',(-4.336808689942E-016,0.E+000,1.));
#1002 = ORIENTED_EDGE('',*,*,#1003,.F.);
#1003 = EDGE_CURVE('',#980,#996,#1004,.T.);
#1004 = LINE('',#1005,#1006);
#1005 = CARTESIAN_POINT('',(-0.625,-0.E+000,-0.625));
#1006 = VECTOR('',#1007,1.);
#1007 = DIRECTION('',(1.,-0.E+000,-3.942553354493E-016));
#1008 = FACE_BOUND('',#1009,.T.);
#1009 = EDGE_LOOP('',(#1010,#1020,#1028,#1036));
#1010 = ORIENTED_EDGE('',*,*,#1011,.F.);
#1011 = EDGE_CURVE('',#1012,#1014,#1016,.T.);
#1012 = VERTEX_POINT('',#1013);
#1013 = CARTESIAN_POINT('',(-0.9,0.E+000,0.125));
#1014 = VERTEX_POINT('',#1015);
#1015 = CARTESIAN_POINT('',(-0.9,-0.E+000,-0.125));
#1016 = LINE('',#1017,#1018);
#1017 = CARTESIAN_POINT('',(-0.9,-0.E+000,-0.125));
#1018 = VECTOR('',#1019,1.);
#1019 = DIRECTION('',(4.336808689942E-015,-0.E+000,-1.));
#1020 = ORIENTED_EDGE('',*,*,#1021,.F.);
#1021 = EDGE_CURVE('',#1022,#1012,#1024,.T.);
#1022 = VERTEX_POINT('',#1023);
#1023 = CARTESIAN_POINT('',(-0.625,0.E+000,0.125));
#1024 = LINE('',#1025,#1026);
#1025 = CARTESIAN_POINT('',(-0.625,0.E+000,0.125));
#1026 = VECTOR('',#1027,1.);
#1027 = DIRECTION('',(-1.,0.E+000,-5.913830031739E-016));
#1028 = ORIENTED_EDGE('',*,*,#1029,.F.);
#1029 = EDGE_CURVE('',#1030,#1022,#1032,.T.);
#1030 = VERTEX_POINT('',#1031);
#1031 = CARTESIAN_POINT('',(-0.625,-0.E+000,-0.125));
#1032 = LINE('',#1033,#1034);
#1033 = CARTESIAN_POINT('',(-0.625,-0.E+000,-0.125));
#1034 = VECTOR('',#1035,1.);
#1035 = DIRECTION('',(3.903127820948E-015,0.E+000,1.));
#1036 = ORIENTED_EDGE('',*,*,#1037,.F.);
#1037 = EDGE_CURVE('',#1014,#1030,#1038,.T.);
#1038 = LINE('',#1039,#1040);
#1039 = CARTESIAN_POINT('',(-0.625,-0.E+000,-0.125));
#1040 = VECTOR('',#1041,1.);
#1041 = DIRECTION('',(1.,-0.E+000,3.942553354493E-016));
#1042 = FACE_BOUND('',#1043,.T.);
#1043 = EDGE_LOOP('',(#1044,#1054,#1062,#1070));
#1044 = ORIENTED_EDGE('',*,*,#1045,.F.);
#1045 = EDGE_CURVE('',#1046,#1048,#1050,.T.);
#1046 = VERTEX_POINT('',#1047);
#1047 = CARTESIAN_POINT('',(0.625,0.E+000,-0.625));
#1048 = VERTEX_POINT('',#1049);
#1049 = CARTESIAN_POINT('',(0.9,0.E+000,-0.625));
#1050 = LINE('',#1051,#1052);
#1051 = CARTESIAN_POINT('',(0.625,0.E+000,-0.625));
#1052 = VECTOR('',#1053,1.);
#1053 = DIRECTION('',(1.,0.E+000,3.942553354493E-016));
#1054 = ORIENTED_EDGE('',*,*,#1055,.F.);
#1055 = EDGE_CURVE('',#1056,#1046,#1058,.T.);
#1056 = VERTEX_POINT('',#1057);
#1057 = CARTESIAN_POINT('',(0.625,0.E+000,-0.375));
#1058 = LINE('',#1059,#1060);
#1059 = CARTESIAN_POINT('',(0.625,0.E+000,-0.625));
#1060 = VECTOR('',#1061,1.);
#1061 = DIRECTION('',(-4.336808689942E-016,-0.E+000,-1.));
#1062 = ORIENTED_EDGE('',*,*,#1063,.F.);
#1063 = EDGE_CURVE('',#1064,#1056,#1066,.T.);
#1064 = VERTEX_POINT('',#1065);
#1065 = CARTESIAN_POINT('',(0.9,0.E+000,-0.375));
#1066 = LINE('',#1067,#1068);
#1067 = CARTESIAN_POINT('',(0.625,0.E+000,-0.375));
#1068 = VECTOR('',#1069,1.);
#1069 = DIRECTION('',(-1.,-0.E+000,-2.365532012696E-015));
#1070 = ORIENTED_EDGE('',*,*,#1071,.F.);
#1071 = EDGE_CURVE('',#1048,#1064,#1072,.T.);
#1072 = LINE('',#1073,#1074);
#1073 = CARTESIAN_POINT('',(0.9,0.E+000,-0.625));
#1074 = VECTOR('',#1075,1.);
#1075 = DIRECTION('',(0.E+000,0.E+000,1.));
#1076 = FACE_BOUND('',#1077,.T.);
#1077 = EDGE_LOOP('',(#1078,#1088,#1096,#1104));
#1078 = ORIENTED_EDGE('',*,*,#1079,.F.);
#1079 = EDGE_CURVE('',#1080,#1082,#1084,.T.);
#1080 = VERTEX_POINT('',#1081);
#1081 = CARTESIAN_POINT('',(0.125,0.E+000,0.625));
#1082 = VERTEX_POINT('',#1083);
#1083 = CARTESIAN_POINT('',(0.375,0.E+000,0.625));
#1084 = LINE('',#1085,#1086);
#1085 = CARTESIAN_POINT('',(0.125,0.E+000,0.625));
#1086 = VECTOR('',#1087,1.);
#1087 = DIRECTION('',(1.,0.E+000,0.E+000));
#1088 = ORIENTED_EDGE('',*,*,#1089,.F.);
#1089 = EDGE_CURVE('',#1090,#1080,#1092,.T.);
#1090 = VERTEX_POINT('',#1091);
#1091 = CARTESIAN_POINT('',(0.125,0.E+000,0.9));
#1092 = LINE('',#1093,#1094);
#1093 = CARTESIAN_POINT('',(0.125,0.E+000,0.9));
#1094 = VECTOR('',#1095,1.);
#1095 = DIRECTION('',(-9.856383386232E-017,0.E+000,-1.));
#1096 = ORIENTED_EDGE('',*,*,#1097,.F.);
#1097 = EDGE_CURVE('',#1098,#1090,#1100,.T.);
#1098 = VERTEX_POINT('',#1099);
#1099 = CARTESIAN_POINT('',(0.375,0.E+000,0.9));
#1100 = LINE('',#1101,#1102);
#1101 = CARTESIAN_POINT('',(0.125,0.E+000,0.9));
#1102 = VECTOR('',#1103,1.);
#1103 = DIRECTION('',(-1.,-0.E+000,-0.E+000));
#1104 = ORIENTED_EDGE('',*,*,#1105,.F.);
#1105 = EDGE_CURVE('',#1082,#1098,#1106,.T.);
#1106 = LINE('',#1107,#1108);
#1107 = CARTESIAN_POINT('',(0.375,0.E+000,0.9));
#1108 = VECTOR('',#1109,1.);
#1109 = DIRECTION('',(-0.E+000,-0.E+000,1.));
#1110 = FACE_BOUND('',#1111,.T.);
#1111 = EDGE_LOOP('',(#1112,#1122,#1130));
#1112 = ORIENTED_EDGE('',*,*,#1113,.F.);
#1113 = EDGE_CURVE('',#1114,#1116,#1118,.T.);
#1114 = VERTEX_POINT('',#1115);
#1115 = CARTESIAN_POINT('',(-0.886675832476,0.E+000,0.886675832476));
#1116 = VERTEX_POINT('',#1117);
#1117 = CARTESIAN_POINT('',(-0.886675832476,0.E+000,0.761675832476));
#1118 = LINE('',#1119,#1120);
#1119 = CARTESIAN_POINT('',(-0.886675832476,0.E+000,0.886675832476));
#1120 = VECTOR('',#1121,1.);
#1121 = DIRECTION('',(0.E+000,0.E+000,-1.));
#1122 = ORIENTED_EDGE('',*,*,#1123,.F.);
#1123 = EDGE_CURVE('',#1124,#1114,#1126,.T.);
#1124 = VERTEX_POINT('',#1125);
#1125 = CARTESIAN_POINT('',(-0.761675832476,0.E+000,0.886675832476));
#1126 = LINE('',#1127,#1128);
#1127 = CARTESIAN_POINT('',(-0.886675832476,0.E+000,0.886675832476));
#1128 = VECTOR('',#1129,1.);
#1129 = DIRECTION('',(-1.,-0.E+000,-0.E+000));
#1130 = ORIENTED_EDGE('',*,*,#1131,.F.);
#1131 = EDGE_CURVE('',#1116,#1124,#1132,.T.);
#1132 = LINE('',#1133,#1134);
#1133 = CARTESIAN_POINT('',(-0.886675832476,0.E+000,0.761675832476));
#1134 = VECTOR('',#1135,1.);
#1135 = DIRECTION('',(0.707106781187,0.E+000,0.707106781187));
#1136 = FACE_BOUND('',#1137,.T.);
#1137 = EDGE_LOOP('',(#1138,#1148,#1156,#1164));
#1138 = ORIENTED_EDGE('',*,*,#1139,.F.);
#1139 = EDGE_CURVE('',#1140,#1142,#1144,.T.);
#1140 = VERTEX_POINT('',#1141);
#1141 = CARTESIAN_POINT('',(-0.125,0.E+000,-0.625));
#1142 = VERTEX_POINT('',#1143);
#1143 = CARTESIAN_POINT('',(-0.375,-0.E+000,-0.625));
#1144 = LINE('',#1145,#1146);
#1145 = CARTESIAN_POINT('',(-0.125,-0.E+000,-0.625));
#1146 = VECTOR('',#1147,1.);
#1147 = DIRECTION('',(-1.,0.E+000,0.E+000));
#1148 = ORIENTED_EDGE('',*,*,#1149,.F.);
#1149 = EDGE_CURVE('',#1150,#1140,#1152,.T.);
#1150 = VERTEX_POINT('',#1151);
#1151 = CARTESIAN_POINT('',(-0.125,-0.E+000,-0.9));
#1152 = LINE('',#1153,#1154);
#1153 = CARTESIAN_POINT('',(-0.125,-0.E+000,-0.9));
#1154 = VECTOR('',#1155,1.);
#1155 = DIRECTION('',(9.856383386232E-017,0.E+000,1.));
#1156 = ORIENTED_EDGE('',*,*,#1157,.F.);
#1157 = EDGE_CURVE('',#1158,#1150,#1160,.T.);
#1158 = VERTEX_POINT('',#1159);
#1159 = CARTESIAN_POINT('',(-0.375,-0.E+000,-0.9));
#1160 = LINE('',#1161,#1162);
#1161 = CARTESIAN_POINT('',(-0.125,-0.E+000,-0.9));
#1162 = VECTOR('',#1163,1.);
#1163 = DIRECTION('',(1.,-0.E+000,-0.E+000));
#1164 = ORIENTED_EDGE('',*,*,#1165,.F.);
#1165 = EDGE_CURVE('',#1142,#1158,#1166,.T.);
#1166 = LINE('',#1167,#1168);
#1167 = CARTESIAN_POINT('',(-0.375,-0.E+000,-0.9));
#1168 = VECTOR('',#1169,1.);
#1169 = DIRECTION('',(-0.E+000,-0.E+000,-1.));
#1170 = FACE_BOUND('',#1171,.T.);
#1171 = EDGE_LOOP('',(#1172,#1182,#1190,#1198));
#1172 = ORIENTED_EDGE('',*,*,#1173,.F.);
#1173 = EDGE_CURVE('',#1174,#1176,#1178,.T.);
#1174 = VERTEX_POINT('',#1175);
#1175 = CARTESIAN_POINT('',(-0.9,0.E+000,0.375));
#1176 = VERTEX_POINT('',#1177);
#1177 = CARTESIAN_POINT('',(-0.625,0.E+000,0.375));
#1178 = LINE('',#1179,#1180);
#1179 = CARTESIAN_POINT('',(-0.625,0.E+000,0.375));
#1180 = VECTOR('',#1181,1.);
#1181 = DIRECTION('',(1.,-0.E+000,-0.E+000));
#1182 = ORIENTED_EDGE('',*,*,#1183,.F.);
#1183 = EDGE_CURVE('',#1184,#1174,#1186,.T.);
#1184 = VERTEX_POINT('',#1185);
#1185 = CARTESIAN_POINT('',(-0.9,0.E+000,0.625));
#1186 = LINE('',#1187,#1188);
#1187 = CARTESIAN_POINT('',(-0.9,0.E+000,0.375));
#1188 = VECTOR('',#1189,1.);
#1189 = DIRECTION('',(-0.E+000,-0.E+000,-1.));
#1190 = ORIENTED_EDGE('',*,*,#1191,.F.);
#1191 = EDGE_CURVE('',#1192,#1184,#1194,.T.);
#1192 = VERTEX_POINT('',#1193);
#1193 = CARTESIAN_POINT('',(-0.625,0.E+000,0.625));
#1194 = LINE('',#1195,#1196);
#1195 = CARTESIAN_POINT('',(-0.625,0.E+000,0.625));
#1196 = VECTOR('',#1197,1.);
#1197 = DIRECTION('',(-1.,0.E+000,0.E+000));
#1198 = ORIENTED_EDGE('',*,*,#1199,.F.);
#1199 = EDGE_CURVE('',#1176,#1192,#1200,.T.);
#1200 = LINE('',#1201,#1202);
#1201 = CARTESIAN_POINT('',(-0.625,0.E+000,0.375));
#1202 = VECTOR('',#1203,1.);
#1203 = DIRECTION('',(-4.336808689942E-016,0.E+000,1.));
#1204 = FACE_BOUND('',#1205,.T.);
#1205 = EDGE_LOOP('',(#1206,#1207,#1208,#1209));
#1206 = ORIENTED_EDGE('',*,*,#705,.F.);
#1207 = ORIENTED_EDGE('',*,*,#807,.F.);
#1208 = ORIENTED_EDGE('',*,*,#776,.F.);
#1209 = ORIENTED_EDGE('',*,*,#745,.F.);
#1210 = PLANE('',#1211);
#1211 = AXIS2_PLACEMENT_3D('',#1212,#1213,#1214);
#1212 = CARTESIAN_POINT('',(0.E+000,0.E+000,0.E+000));
#1213 = DIRECTION('',(0.E+000,1.,0.E+000));
#1214 = DIRECTION('',(0.E+000,-0.E+000,1.));
#1215 = ADVANCED_FACE('',(#1216),#1241,.F.);
#1216 = FACE_BOUND('',#1217,.T.);
#1217 = EDGE_LOOP('',(#1218,#1219,#1227,#1235));
#1218 = ORIENTED_EDGE('',*,*,#1183,.T.);
#1219 = ORIENTED_EDGE('',*,*,#1220,.F.);
#1220 = EDGE_CURVE('',#1221,#1174,#1223,.T.);
#1221 = VERTEX_POINT('',#1222);
#1222 = CARTESIAN_POINT('',(-0.9,0.1,0.375));
#1223 = LINE('',#1224,#1225);
#1224 = CARTESIAN_POINT('',(-0.9,0.1,0.375));
#1225 = VECTOR('',#1226,1.);
#1226 = DIRECTION('',(-0.E+000,-1.,-0.E+000));
#1227 = ORIENTED_EDGE('',*,*,#1228,.F.);
#1228 = EDGE_CURVE('',#1229,#1221,#1231,.T.);
#1229 = VERTEX_POINT('',#1230);
#1230 = CARTESIAN_POINT('',(-0.9,0.1,0.625));
#1231 = LINE('',#1232,#1233);
#1232 = CARTESIAN_POINT('',(-0.9,0.1,0.375));
#1233 = VECTOR('',#1234,1.);
#1234 = DIRECTION('',(-0.E+000,-0.E+000,-1.));
#1235 = ORIENTED_EDGE('',*,*,#1236,.T.);
#1236 = EDGE_CURVE('',#1229,#1184,#1237,.T.);
#1237 = LINE('',#1238,#1239);
#1238 = CARTESIAN_POINT('',(-0.9,0.1,0.625));
#1239 = VECTOR('',#1240,1.);
#1240 = DIRECTION('',(-0.E+000,-1.,-0.E+000));
#1241 = PLANE('',#1242);
#1242 = AXIS2_PLACEMENT_3D('',#1243,#1244,#1245);
#1243 = CARTESIAN_POINT('',(-0.9,0.1,0.375));
#1244 = DIRECTION('',(-1.,0.E+000,0.E+000));
#1245 = DIRECTION('',(0.E+000,0.E+000,1.));
#1246 = ADVANCED_FACE('',(#1247),#1265,.F.);
#1247 = FACE_BOUND('',#1248,.T.);
#1248 = EDGE_LOOP('',(#1249,#1250,#1251,#1259));
#1249 = ORIENTED_EDGE('',*,*,#1191,.T.);
#1250 = ORIENTED_EDGE('',*,*,#1236,.F.);
#1251 = ORIENTED_EDGE('',*,*,#1252,.F.);
#1252 = EDGE_CURVE('',#1253,#1229,#1255,.T.);
#1253 = VERTEX_POINT('',#1254);
#1254 = CARTESIAN_POINT('',(-0.625,0.1,0.625));
#1255 = LINE('',#1256,#1257);
#1256 = CARTESIAN_POINT('',(-0.625,0.1,0.625));
#1257 = VECTOR('',#1258,1.);
#1258 = DIRECTION('',(-1.,0.E+000,0.E+000));
#1259 = ORIENTED_EDGE('',*,*,#1260,.T.);
#1260 = EDGE_CURVE('',#1253,#1192,#1261,.T.);
#1261 = LINE('',#1262,#1263);
#1262 = CARTESIAN_POINT('',(-0.625,0.1,0.625));
#1263 = VECTOR('',#1264,1.);
#1264 = DIRECTION('',(-0.E+000,-1.,-0.E+000));
#1265 = PLANE('',#1266);
#1266 = AXIS2_PLACEMENT_3D('',#1267,#1268,#1269);
#1267 = CARTESIAN_POINT('',(-0.625,0.1,0.625));
#1268 = DIRECTION('',(0.E+000,-0.E+000,1.));
#1269 = DIRECTION('',(1.,0.E+000,0.E+000));
#1270 = ADVANCED_FACE('',(#1271),#1289,.F.);
#1271 = FACE_BOUND('',#1272,.T.);
#1272 = EDGE_LOOP('',(#1273,#1274,#1275,#1283));
#1273 = ORIENTED_EDGE('',*,*,#1199,.T.);
#1274 = ORIENTED_EDGE('',*,*,#1260,.F.);
#1275 = ORIENTED_EDGE('',*,*,#1276,.F.);
#1276 = EDGE_CURVE('',#1277,#1253,#1279,.T.);
#1277 = VERTEX_POINT('',#1278);
#1278 = CARTESIAN_POINT('',(-0.625,0.1,0.375));
#1279 = LINE('',#1280,#1281);
#1280 = CARTESIAN_POINT('',(-0.625,0.1,0.375));
#1281 = VECTOR('',#1282,1.);
#1282 = DIRECTION('',(-4.336808689942E-016,0.E+000,1.));
#1283 = ORIENTED_EDGE('',*,*,#1284,.T.);
#1284 = EDGE_CURVE('',#1277,#1176,#1285,.T.);
#1285 = LINE('',#1286,#1287);
#1286 = CARTESIAN_POINT('',(-0.625,0.1,0.375));
#1287 = VECTOR('',#1288,1.);
#1288 = DIRECTION('',(-0.E+000,-1.,-0.E+000));
#1289 = PLANE('',#1290);
#1290 = AXIS2_PLACEMENT_3D('',#1291,#1292,#1293);
#1291 = CARTESIAN_POINT('',(-0.625,0.1,0.375));
#1292 = DIRECTION('',(1.,-0.E+000,4.336808689942E-016));
#1293 = DIRECTION('',(4.336808689942E-016,0.E+000,-1.));
#1294 = ADVANCED_FACE('',(#1295),#1306,.F.);
#1295 = FACE_BOUND('',#1296,.T.);
#1296 = EDGE_LOOP('',(#1297,#1298,#1299,#1305));
#1297 = ORIENTED_EDGE('',*,*,#1173,.T.);
#1298 = ORIENTED_EDGE('',*,*,#1284,.F.);
#1299 = ORIENTED_EDGE('',*,*,#1300,.F.);
#1300 = EDGE_CURVE('',#1221,#1277,#1301,.T.);
#1301 = LINE('',#1302,#1303);
#1302 = CARTESIAN_POINT('',(-0.625,0.1,0.375));
#1303 = VECTOR('',#1304,1.);
#1304 = DIRECTION('',(1.,-0.E+000,-0.E+000));
#1305 = ORIENTED_EDGE('',*,*,#1220,.T.);
#1306 = PLANE('',#1307);
#1307 = AXIS2_PLACEMENT_3D('',#1308,#1309,#1310);
#1308 = CARTESIAN_POINT('',(-0.625,0.1,0.375));
#1309 = DIRECTION('',(0.E+000,0.E+000,-1.));
#1310 = DIRECTION('',(-1.,0.E+000,-0.E+000));
#1311 = ADVANCED_FACE('',(#1312),#1318,.T.);
#1312 = FACE_BOUND('',#1313,.T.);
#1313 = EDGE_LOOP('',(#1314,#1315,#1316,#1317));
#1314 = ORIENTED_EDGE('',*,*,#1228,.T.);
#1315 = ORIENTED_EDGE('',*,*,#1300,.T.);
#1316 = ORIENTED_EDGE('',*,*,#1276,.T.);
#1317 = ORIENTED_EDGE('',*,*,#1252,.T.);
#1318 = PLANE('',#1319);
#1319 = AXIS2_PLACEMENT_3D('',#1320,#1321,#1322);
#1320 = CARTESIAN_POINT('',(0.E+000,0.1,0.E+000));
#1321 = DIRECTION('',(0.E+000,-1.,0.E+000));
#1322 = DIRECTION('',(0.E+000,-0.E+000,-1.));
#1323 = ADVANCED_FACE('',(#1324),#1349,.F.);
#1324 = FACE_BOUND('',#1325,.T.);
#1325 = EDGE_LOOP('',(#1326,#1327,#1335,#1343));
#1326 = ORIENTED_EDGE('',*,*,#1149,.T.);
#1327 = ORIENTED_EDGE('',*,*,#1328,.F.);
#1328 = EDGE_CURVE('',#1329,#1140,#1331,.T.);
#1329 = VERTEX_POINT('',#1330);
#1330 = CARTESIAN_POINT('',(-0.125,0.1,-0.625));
#1331 = LINE('',#1332,#1333);
#1332 = CARTESIAN_POINT('',(-0.125,0.1,-0.625));
#1333 = VECTOR('',#1334,1.);
#1334 = DIRECTION('',(-0.E+000,-1.,-0.E+000));
#1335 = ORIENTED_EDGE('',*,*,#1336,.F.);
#1336 = EDGE_CURVE('',#1337,#1329,#1339,.T.);
#1337 = VERTEX_POINT('',#1338);
#1338 = CARTESIAN_POINT('',(-0.125,0.1,-0.9));
#1339 = LINE('',#1340,#1341);
#1340 = CARTESIAN_POINT('',(-0.125,0.1,-0.9));
#1341 = VECTOR('',#1342,1.);
#1342 = DIRECTION('',(9.856383386232E-017,0.E+000,1.));
#1343 = ORIENTED_EDGE('',*,*,#1344,.T.);
#1344 = EDGE_CURVE('',#1337,#1150,#1345,.T.);
#1345 = LINE('',#1346,#1347);
#1346 = CARTESIAN_POINT('',(-0.125,0.1,-0.9));
#1347 = VECTOR('',#1348,1.);
#1348 = DIRECTION('',(-0.E+000,-1.,-0.E+000));
#1349 = PLANE('',#1350);
#1350 = AXIS2_PLACEMENT_3D('',#1351,#1352,#1353);
#1351 = CARTESIAN_POINT('',(-0.125,0.1,-0.9));
#1352 = DIRECTION('',(1.,0.E+000,-9.856383386232E-017));
#1353 = DIRECTION('',(-9.856383386232E-017,0.E+000,-1.));
#1354 = ADVANCED_FACE('',(#1355),#1373,.F.);
#1355 = FACE_BOUND('',#1356,.T.);
#1356 = EDGE_LOOP('',(#1357,#1358,#1359,#1367));
#1357 = ORIENTED_EDGE('',*,*,#1157,.T.);
#1358 = ORIENTED_EDGE('',*,*,#1344,.F.);
#1359 = ORIENTED_EDGE('',*,*,#1360,.F.);
#1360 = EDGE_CURVE('',#1361,#1337,#1363,.T.);
#1361 = VERTEX_POINT('',#1362);
#1362 = CARTESIAN_POINT('',(-0.375,0.1,-0.9));
#1363 = LINE('',#1364,#1365);
#1364 = CARTESIAN_POINT('',(-0.125,0.1,-0.9));
#1365 = VECTOR('',#1366,1.);
#1366 = DIRECTION('',(1.,-0.E+000,-0.E+000));
#1367 = ORIENTED_EDGE('',*,*,#1368,.T.);
#1368 = EDGE_CURVE('',#1361,#1158,#1369,.T.);
#1369 = LINE('',#1370,#1371);
#1370 = CARTESIAN_POINT('',(-0.375,0.1,-0.9));
#1371 = VECTOR('',#1372,1.);
#1372 = DIRECTION('',(-0.E+000,-1.,-0.E+000));
#1373 = PLANE('',#1374);
#1374 = AXIS2_PLACEMENT_3D('',#1375,#1376,#1377);
#1375 = CARTESIAN_POINT('',(-0.125,0.1,-0.9));
#1376 = DIRECTION('',(0.E+000,0.E+000,-1.));
#1377 = DIRECTION('',(-1.,0.E+000,-0.E+000));
#1378 = ADVANCED_FACE('',(#1379),#1397,.F.);
#1379 = FACE_BOUND('',#1380,.T.);
#1380 = EDGE_LOOP('',(#1381,#1382,#1383,#1391));
#1381 = ORIENTED_EDGE('',*,*,#1165,.T.);
#1382 = ORIENTED_EDGE('',*,*,#1368,.F.);
#1383 = ORIENTED_EDGE('',*,*,#1384,.F.);
#1384 = EDGE_CURVE('',#1385,#1361,#1387,.T.);
#1385 = VERTEX_POINT('',#1386);
#1386 = CARTESIAN_POINT('',(-0.375,0.1,-0.625));
#1387 = LINE('',#1388,#1389);
#1388 = CARTESIAN_POINT('',(-0.375,0.1,-0.9));
#1389 = VECTOR('',#1390,1.);
#1390 = DIRECTION('',(-0.E+000,-0.E+000,-1.));
#1391 = ORIENTED_EDGE('',*,*,#1392,.T.);
#1392 = EDGE_CURVE('',#1385,#1142,#1393,.T.);
#1393 = LINE('',#1394,#1395);
#1394 = CARTESIAN_POINT('',(-0.375,0.1,-0.625));
#1395 = VECTOR('',#1396,1.);
#1396 = DIRECTION('',(-0.E+000,-1.,-0.E+000));
#1397 = PLANE('',#1398);
#1398 = AXIS2_PLACEMENT_3D('',#1399,#1400,#1401);
#1399 = CARTESIAN_POINT('',(-0.375,0.1,-0.9));
#1400 = DIRECTION('',(-1.,0.E+000,0.E+000));
#1401 = DIRECTION('',(0.E+000,0.E+000,1.));
#1402 = ADVANCED_FACE('',(#1403),#1414,.F.);
#1403 = FACE_BOUND('',#1404,.T.);
#1404 = EDGE_LOOP('',(#1405,#1406,#1407,#1413));
#1405 = ORIENTED_EDGE('',*,*,#1139,.T.);
#1406 = ORIENTED_EDGE('',*,*,#1392,.F.);
#1407 = ORIENTED_EDGE('',*,*,#1408,.F.);
#1408 = EDGE_CURVE('',#1329,#1385,#1409,.T.);
#1409 = LINE('',#1410,#1411);
#1410 = CARTESIAN_POINT('',(-0.125,0.1,-0.625));
#1411 = VECTOR('',#1412,1.);
#1412 = DIRECTION('',(-1.,0.E+000,0.E+000));
#1413 = ORIENTED_EDGE('',*,*,#1328,.T.);
#1414 = PLANE('',#1415);
#1415 = AXIS2_PLACEMENT_3D('',#1416,#1417,#1418);
#1416 = CARTESIAN_POINT('',(-0.125,0.1,-0.625));
#1417 = DIRECTION('',(0.E+000,-0.E+000,1.));
#1418 = DIRECTION('',(1.,0.E+000,0.E+000));
#1419 = ADVANCED_FACE('',(#1420),#1426,.T.);
#1420 = FACE_BOUND('',#1421,.T.);
#1421 = EDGE_LOOP('',(#1422,#1423,#1424,#1425));
#1422 = ORIENTED_EDGE('',*,*,#1336,.T.);
#1423 = ORIENTED_EDGE('',*,*,#1408,.T.);
#1424 = ORIENTED_EDGE('',*,*,#1384,.T.);
#1425 = ORIENTED_EDGE('',*,*,#1360,.T.);
#1426 = PLANE('',#1427);
#1427 = AXIS2_PLACEMENT_3D('',#1428,#1429,#1430);
#1428 = CARTESIAN_POINT('',(0.E+000,0.1,0.E+000));
#1429 = DIRECTION('',(0.E+000,-1.,0.E+000));
#1430 = DIRECTION('',(0.E+000,-0.E+000,-1.));
#1431 = ADVANCED_FACE('',(#1432),#1457,.F.);
#1432 = FACE_BOUND('',#1433,.T.);
#1433 = EDGE_LOOP('',(#1434,#1435,#1443,#1451));
#1434 = ORIENTED_EDGE('',*,*,#1123,.T.);
#1435 = ORIENTED_EDGE('',*,*,#1436,.F.);
#1436 = EDGE_CURVE('',#1437,#1114,#1439,.T.);
#1437 = VERTEX_POINT('',#1438);
#1438 = CARTESIAN_POINT('',(-0.886675832476,0.1,0.886675832476));
#1439 = LINE('',#1440,#1441);
#1440 = CARTESIAN_POINT('',(-0.886675832476,0.1,0.886675832476));
#1441 = VECTOR('',#1442,1.);
#1442 = DIRECTION('',(-0.E+000,-1.,-0.E+000));
#1443 = ORIENTED_EDGE('',*,*,#1444,.F.);
#1444 = EDGE_CURVE('',#1445,#1437,#1447,.T.);
#1445 = VERTEX_POINT('',#1446);
#1446 = CARTESIAN_POINT('',(-0.761675832476,0.1,0.886675832476));
#1447 = LINE('',#1448,#1449);
#1448 = CARTESIAN_POINT('',(-0.886675832476,0.1,0.886675832476));
#1449 = VECTOR('',#1450,1.);
#1450 = DIRECTION('',(-1.,-0.E+000,-0.E+000));
#1451 = ORIENTED_EDGE('',*,*,#1452,.T.);
#1452 = EDGE_CURVE('',#1445,#1124,#1453,.T.);
#1453 = LINE('',#1454,#1455);
#1454 = CARTESIAN_POINT('',(-0.761675832476,0.1,0.886675832476));
#1455 = VECTOR('',#1456,1.);
#1456 = DIRECTION('',(-0.E+000,-1.,-0.E+000));
#1457 = PLANE('',#1458);
#1458 = AXIS2_PLACEMENT_3D('',#1459,#1460,#1461);
#1459 = CARTESIAN_POINT('',(-0.886675832476,0.1,0.886675832476));
#1460 = DIRECTION('',(0.E+000,0.E+000,1.));
#1461 = DIRECTION('',(1.,0.E+000,-0.E+000));
#1462 = ADVANCED_FACE('',(#1463),#1481,.F.);
#1463 = FACE_BOUND('',#1464,.T.);
#1464 = EDGE_LOOP('',(#1465,#1466,#1467,#1475));
#1465 = ORIENTED_EDGE('',*,*,#1131,.T.);
#1466 = ORIENTED_EDGE('',*,*,#1452,.F.);
#1467 = ORIENTED_EDGE('',*,*,#1468,.F.);
#1468 = EDGE_CURVE('',#1469,#1445,#1471,.T.);
#1469 = VERTEX_POINT('',#1470);
#1470 = CARTESIAN_POINT('',(-0.886675832476,0.1,0.761675832476));
#1471 = LINE('',#1472,#1473);
#1472 = CARTESIAN_POINT('',(-0.886675832476,0.1,0.761675832476));
#1473 = VECTOR('',#1474,1.);
#1474 = DIRECTION('',(0.707106781187,0.E+000,0.707106781187));
#1475 = ORIENTED_EDGE('',*,*,#1476,.T.);
#1476 = EDGE_CURVE('',#1469,#1116,#1477,.T.);
#1477 = LINE('',#1478,#1479);
#1478 = CARTESIAN_POINT('',(-0.886675832476,0.1,0.761675832476));
#1479 = VECTOR('',#1480,1.);
#1480 = DIRECTION('',(-0.E+000,-1.,-0.E+000));
#1481 = PLANE('',#1482);
#1482 = AXIS2_PLACEMENT_3D('',#1483,#1484,#1485);
#1483 = CARTESIAN_POINT('',(-0.886675832476,0.1,0.761675832476));
#1484 = DIRECTION('',(0.707106781187,0.E+000,-0.707106781187));
#1485 = DIRECTION('',(-0.707106781187,0.E+000,-0.707106781187));
#1486 = ADVANCED_FACE('',(#1487),#1498,.F.);
#1487 = FACE_BOUND('',#1488,.T.);
#1488 = EDGE_LOOP('',(#1489,#1490,#1491,#1497));
#1489 = ORIENTED_EDGE('',*,*,#1113,.T.);
#1490 = ORIENTED_EDGE('',*,*,#1476,.F.);
#1491 = ORIENTED_EDGE('',*,*,#1492,.F.);
#1492 = EDGE_CURVE('',#1437,#1469,#1493,.T.);
#1493 = LINE('',#1494,#1495);
#1494 = CARTESIAN_POINT('',(-0.886675832476,0.1,0.886675832476));
#1495 = VECTOR('',#1496,1.);
#1496 = DIRECTION('',(0.E+000,0.E+000,-1.));
#1497 = ORIENTED_EDGE('',*,*,#1436,.T.);
#1498 = PLANE('',#1499);
#1499 = AXIS2_PLACEMENT_3D('',#1500,#1501,#1502);
#1500 = CARTESIAN_POINT('',(-0.886675832476,0.1,0.886675832476));
#1501 = DIRECTION('',(-1.,0.E+000,0.E+000));
#1502 = DIRECTION('',(0.E+000,0.E+000,1.));
#1503 = ADVANCED_FACE('',(#1504),#1509,.F.);
#1504 = FACE_BOUND('',#1505,.T.);
#1505 = EDGE_LOOP('',(#1506,#1507,#1508));
#1506 = ORIENTED_EDGE('',*,*,#1444,.T.);
#1507 = ORIENTED_EDGE('',*,*,#1492,.T.);
#1508 = ORIENTED_EDGE('',*,*,#1468,.T.);
#1509 = PLANE('',#1510);
#1510 = AXIS2_PLACEMENT_3D('',#1511,#1512,#1513);
#1511 = CARTESIAN_POINT('',(0.E+000,0.1,0.E+000));
#1512 = DIRECTION('',(-0.E+000,1.,0.E+000));
#1513 = DIRECTION('',(0.E+000,0.E+000,1.));
#1514 = ADVANCED_FACE('',(#1515),#1540,.F.);
#1515 = FACE_BOUND('',#1516,.T.);
#1516 = EDGE_LOOP('',(#1517,#1518,#1526,#1534));
#1517 = ORIENTED_EDGE('',*,*,#1089,.T.);
#1518 = ORIENTED_EDGE('',*,*,#1519,.F.);
#1519 = EDGE_CURVE('',#1520,#1080,#1522,.T.);
#1520 = VERTEX_POINT('',#1521);
#1521 = CARTESIAN_POINT('',(0.125,0.1,0.625));
#1522 = LINE('',#1523,#1524);
#1523 = CARTESIAN_POINT('',(0.125,0.1,0.625));
#1524 = VECTOR('',#1525,1.);
#1525 = DIRECTION('',(-0.E+000,-1.,-0.E+000));
#1526 = ORIENTED_EDGE('',*,*,#1527,.F.);
#1527 = EDGE_CURVE('',#1528,#1520,#1530,.T.);
#1528 = VERTEX_POINT('',#1529);
#1529 = CARTESIAN_POINT('',(0.125,0.1,0.9));
#1530 = LINE('',#1531,#1532);
#1531 = CARTESIAN_POINT('',(0.125,0.1,0.9));
#1532 = VECTOR('',#1533,1.);
#1533 = DIRECTION('',(-9.856383386232E-017,0.E+000,-1.));
#1534 = ORIENTED_EDGE('',*,*,#1535,.T.);
#1535 = EDGE_CURVE('',#1528,#1090,#1536,.T.);
#1536 = LINE('',#1537,#1538);
#1537 = CARTESIAN_POINT('',(0.125,0.1,0.9));
#1538 = VECTOR('',#1539,1.);
#1539 = DIRECTION('',(-0.E+000,-1.,-0.E+000));
#1540 = PLANE('',#1541);
#1541 = AXIS2_PLACEMENT_3D('',#1542,#1543,#1544);
#1542 = CARTESIAN_POINT('',(0.125,0.1,0.9));
#1543 = DIRECTION('',(-1.,0.E+000,9.856383386232E-017));
#1544 = DIRECTION('',(9.856383386232E-017,0.E+000,1.));
#1545 = ADVANCED_FACE('',(#1546),#1564,.F.);
#1546 = FACE_BOUND('',#1547,.T.);
#1547 = EDGE_LOOP('',(#1548,#1549,#1550,#1558));
#1548 = ORIENTED_EDGE('',*,*,#1097,.T.);
#1549 = ORIENTED_EDGE('',*,*,#1535,.F.);
#1550 = ORIENTED_EDGE('',*,*,#1551,.F.);
#1551 = EDGE_CURVE('',#1552,#1528,#1554,.T.);
#1552 = VERTEX_POINT('',#1553);
#1553 = CARTESIAN_POINT('',(0.375,0.1,0.9));
#1554 = LINE('',#1555,#1556);
#1555 = CARTESIAN_POINT('',(0.125,0.1,0.9));
#1556 = VECTOR('',#1557,1.);
#1557 = DIRECTION('',(-1.,-0.E+000,-0.E+000));
#1558 = ORIENTED_EDGE('',*,*,#1559,.T.);
#1559 = EDGE_CURVE('',#1552,#1098,#1560,.T.);
#1560 = LINE('',#1561,#1562);
#1561 = CARTESIAN_POINT('',(0.375,0.1,0.9));
#1562 = VECTOR('',#1563,1.);
#1563 = DIRECTION('',(-0.E+000,-1.,-0.E+000));
#1564 = PLANE('',#1565);
#1565 = AXIS2_PLACEMENT_3D('',#1566,#1567,#1568);
#1566 = CARTESIAN_POINT('',(0.125,0.1,0.9));
#1567 = DIRECTION('',(0.E+000,0.E+000,1.));
#1568 = DIRECTION('',(1.,0.E+000,-0.E+000));
#1569 = ADVANCED_FACE('',(#1570),#1588,.F.);
#1570 = FACE_BOUND('',#1571,.T.);
#1571 = EDGE_LOOP('',(#1572,#1573,#1574,#1582));
#1572 = ORIENTED_EDGE('',*,*,#1105,.T.);
#1573 = ORIENTED_EDGE('',*,*,#1559,.F.);
#1574 = ORIENTED_EDGE('',*,*,#1575,.F.);
#1575 = EDGE_CURVE('',#1576,#1552,#1578,.T.);
#1576 = VERTEX_POINT('',#1577);
#1577 = CARTESIAN_POINT('',(0.375,0.1,0.625));
#1578 = LINE('',#1579,#1580);
#1579 = CARTESIAN_POINT('',(0.375,0.1,0.9));
#1580 = VECTOR('',#1581,1.);
#1581 = DIRECTION('',(-0.E+000,-0.E+000,1.));
#1582 = ORIENTED_EDGE('',*,*,#1583,.T.);
#1583 = EDGE_CURVE('',#1576,#1082,#1584,.T.);
#1584 = LINE('',#1585,#1586);
#1585 = CARTESIAN_POINT('',(0.375,0.1,0.625));
#1586 = VECTOR('',#1587,1.);
#1587 = DIRECTION('',(-0.E+000,-1.,-0.E+000));
#1588 = PLANE('',#1589);
#1589 = AXIS2_PLACEMENT_3D('',#1590,#1591,#1592);
#1590 = CARTESIAN_POINT('',(0.375,0.1,0.9));
#1591 = DIRECTION('',(1.,-0.E+000,0.E+000));
#1592 = DIRECTION('',(0.E+000,0.E+000,-1.));
#1593 = ADVANCED_FACE('',(#1594),#1605,.F.);
#1594 = FACE_BOUND('',#1595,.T.);
#1595 = EDGE_LOOP('',(#1596,#1597,#1598,#1604));
#1596 = ORIENTED_EDGE('',*,*,#1079,.T.);
#1597 = ORIENTED_EDGE('',*,*,#1583,.F.);
#1598 = ORIENTED_EDGE('',*,*,#1599,.F.);
#1599 = EDGE_CURVE('',#1520,#1576,#1600,.T.);
#1600 = LINE('',#1601,#1602);
#1601 = CARTESIAN_POINT('',(0.125,0.1,0.625));
#1602 = VECTOR('',#1603,1.);
#1603 = DIRECTION('',(1.,0.E+000,0.E+000));
#1604 = ORIENTED_EDGE('',*,*,#1519,.T.);
#1605 = PLANE('',#1606);
#1606 = AXIS2_PLACEMENT_3D('',#1607,#1608,#1609);
#1607 = CARTESIAN_POINT('',(0.125,0.1,0.625));
#1608 = DIRECTION('',(0.E+000,0.E+000,-1.));
#1609 = DIRECTION('',(-1.,0.E+000,-0.E+000));
#1610 = ADVANCED_FACE('',(#1611),#1617,.T.);
#1611 = FACE_BOUND('',#1612,.T.);
#1612 = EDGE_LOOP('',(#1613,#1614,#1615,#1616));
#1613 = ORIENTED_EDGE('',*,*,#1527,.T.);
#1614 = ORIENTED_EDGE('',*,*,#1599,.T.);
#1615 = ORIENTED_EDGE('',*,*,#1575,.T.);
#1616 = ORIENTED_EDGE('',*,*,#1551,.T.);
#1617 = PLANE('',#1618);
#1618 = AXIS2_PLACEMENT_3D('',#1619,#1620,#1621);
#1619 = CARTESIAN_POINT('',(0.E+000,0.1,0.E+000));
#1620 = DIRECTION('',(0.E+000,-1.,0.E+000));
#1621 = DIRECTION('',(0.E+000,0.E+000,-1.));
#1622 = ADVANCED_FACE('',(#1623),#1648,.F.);
#1623 = FACE_BOUND('',#1624,.T.);
#1624 = EDGE_LOOP('',(#1625,#1626,#1634,#1642));
#1625 = ORIENTED_EDGE('',*,*,#1055,.T.);
#1626 = ORIENTED_EDGE('',*,*,#1627,.F.);
#1627 = EDGE_CURVE('',#1628,#1046,#1630,.T.);
#1628 = VERTEX_POINT('',#1629);
#1629 = CARTESIAN_POINT('',(0.625,0.1,-0.625));
#1630 = LINE('',#1631,#1632);
#1631 = CARTESIAN_POINT('',(0.625,0.1,-0.625));
#1632 = VECTOR('',#1633,1.);
#1633 = DIRECTION('',(-0.E+000,-1.,-0.E+000));
#1634 = ORIENTED_EDGE('',*,*,#1635,.F.);
#1635 = EDGE_CURVE('',#1636,#1628,#1638,.T.);
#1636 = VERTEX_POINT('',#1637);
#1637 = CARTESIAN_POINT('',(0.625,0.1,-0.375));
#1638 = LINE('',#1639,#1640);
#1639 = CARTESIAN_POINT('',(0.625,0.1,-0.625));
#1640 = VECTOR('',#1641,1.);
#1641 = DIRECTION('',(-4.336808689942E-016,-0.E+000,-1.));
#1642 = ORIENTED_EDGE('',*,*,#1643,.T.);
#1643 = EDGE_CURVE('',#1636,#1056,#1644,.T.);
#1644 = LINE('',#1645,#1646);
#1645 = CARTESIAN_POINT('',(0.625,0.1,-0.375));
#1646 = VECTOR('',#1647,1.);
#1647 = DIRECTION('',(-0.E+000,-1.,-0.E+000));
#1648 = PLANE('',#1649);
#1649 = AXIS2_PLACEMENT_3D('',#1650,#1651,#1652);
#1650 = CARTESIAN_POINT('',(0.625,0.1,-0.625));
#1651 = DIRECTION('',(-1.,0.E+000,4.336808689942E-016));
#1652 = DIRECTION('',(4.336808689942E-016,0.E+000,1.));
#1653 = ADVANCED_FACE('',(#1654),#1672,.F.);
#1654 = FACE_BOUND('',#1655,.T.);
#1655 = EDGE_LOOP('',(#1656,#1657,#1658,#1666));
#1656 = ORIENTED_EDGE('',*,*,#1063,.T.);
#1657 = ORIENTED_EDGE('',*,*,#1643,.F.);
#1658 = ORIENTED_EDGE('',*,*,#1659,.F.);
#1659 = EDGE_CURVE('',#1660,#1636,#1662,.T.);
#1660 = VERTEX_POINT('',#1661);
#1661 = CARTESIAN_POINT('',(0.9,0.1,-0.375));
#1662 = LINE('',#1663,#1664);
#1663 = CARTESIAN_POINT('',(0.625,0.1,-0.375));
#1664 = VECTOR('',#1665,1.);
#1665 = DIRECTION('',(-1.,-0.E+000,-2.365532012696E-015));
#1666 = ORIENTED_EDGE('',*,*,#1667,.T.);
#1667 = EDGE_CURVE('',#1660,#1064,#1668,.T.);
#1668 = LINE('',#1669,#1670);
#1669 = CARTESIAN_POINT('',(0.9,0.1,-0.375));
#1670 = VECTOR('',#1671,1.);
#1671 = DIRECTION('',(-0.E+000,-1.,-0.E+000));
#1672 = PLANE('',#1673);
#1673 = AXIS2_PLACEMENT_3D('',#1674,#1675,#1676);
#1674 = CARTESIAN_POINT('',(0.625,0.1,-0.375));
#1675 = DIRECTION('',(-2.365532012696E-015,0.E+000,1.));
#1676 = DIRECTION('',(1.,0.E+000,2.365532012696E-015));
#1677 = ADVANCED_FACE('',(#1678),#1696,.F.);
#1678 = FACE_BOUND('',#1679,.T.);
#1679 = EDGE_LOOP('',(#1680,#1681,#1682,#1690));
#1680 = ORIENTED_EDGE('',*,*,#1071,.T.);
#1681 = ORIENTED_EDGE('',*,*,#1667,.F.);
#1682 = ORIENTED_EDGE('',*,*,#1683,.F.);
#1683 = EDGE_CURVE('',#1684,#1660,#1686,.T.);
#1684 = VERTEX_POINT('',#1685);
#1685 = CARTESIAN_POINT('',(0.9,0.1,-0.625));
#1686 = LINE('',#1687,#1688);
#1687 = CARTESIAN_POINT('',(0.9,0.1,-0.625));
#1688 = VECTOR('',#1689,1.);
#1689 = DIRECTION('',(0.E+000,0.E+000,1.));
#1690 = ORIENTED_EDGE('',*,*,#1691,.T.);
#1691 = EDGE_CURVE('',#1684,#1048,#1692,.T.);
#1692 = LINE('',#1693,#1694);
#1693 = CARTESIAN_POINT('',(0.9,0.1,-0.625));
#1694 = VECTOR('',#1695,1.);
#1695 = DIRECTION('',(-0.E+000,-1.,-0.E+000));
#1696 = PLANE('',#1697);
#1697 = AXIS2_PLACEMENT_3D('',#1698,#1699,#1700);
#1698 = CARTESIAN_POINT('',(0.9,0.1,-0.625));
#1699 = DIRECTION('',(1.,0.E+000,0.E+000));
#1700 = DIRECTION('',(0.E+000,0.E+000,-1.));
#1701 = ADVANCED_FACE('',(#1702),#1713,.F.);
#1702 = FACE_BOUND('',#1703,.T.);
#1703 = EDGE_LOOP('',(#1704,#1705,#1706,#1712));
#1704 = ORIENTED_EDGE('',*,*,#1045,.T.);
#1705 = ORIENTED_EDGE('',*,*,#1691,.F.);
#1706 = ORIENTED_EDGE('',*,*,#1707,.F.);
#1707 = EDGE_CURVE('',#1628,#1684,#1708,.T.);
#1708 = LINE('',#1709,#1710);
#1709 = CARTESIAN_POINT('',(0.625,0.1,-0.625));
#1710 = VECTOR('',#1711,1.);
#1711 = DIRECTION('',(1.,0.E+000,3.942553354493E-016));
#1712 = ORIENTED_EDGE('',*,*,#1627,.T.);
#1713 = PLANE('',#1714);
#1714 = AXIS2_PLACEMENT_3D('',#1715,#1716,#1717);
#1715 = CARTESIAN_POINT('',(0.625,0.1,-0.625));
#1716 = DIRECTION('',(3.942553354493E-016,0.E+000,-1.));
#1717 = DIRECTION('',(-1.,0.E+000,-3.942553354493E-016));
#1718 = ADVANCED_FACE('',(#1719),#1725,.F.);
#1719 = FACE_BOUND('',#1720,.T.);
#1720 = EDGE_LOOP('',(#1721,#1722,#1723,#1724));
#1721 = ORIENTED_EDGE('',*,*,#1635,.T.);
#1722 = ORIENTED_EDGE('',*,*,#1707,.T.);
#1723 = ORIENTED_EDGE('',*,*,#1683,.T.);
#1724 = ORIENTED_EDGE('',*,*,#1659,.T.);
#1725 = PLANE('',#1726);
#1726 = AXIS2_PLACEMENT_3D('',#1727,#1728,#1729);
#1727 = CARTESIAN_POINT('',(0.E+000,0.1,0.E+000));
#1728 = DIRECTION('',(0.E+000,1.,0.E+000));
#1729 = DIRECTION('',(0.E+000,-0.E+000,1.));
#1730 = ADVANCED_FACE('',(#1731),#1756,.F.);
#1731 = FACE_BOUND('',#1732,.T.);
#1732 = EDGE_LOOP('',(#1733,#1734,#1742,#1750));
#1733 = ORIENTED_EDGE('',*,*,#1021,.T.);
#1734 = ORIENTED_EDGE('',*,*,#1735,.F.);
#1735 = EDGE_CURVE('',#1736,#1012,#1738,.T.);
#1736 = VERTEX_POINT('',#1737);
#1737 = CARTESIAN_POINT('',(-0.9,0.1,0.125));
#1738 = LINE('',#1739,#1740);
#1739 = CARTESIAN_POINT('',(-0.9,0.1,0.125));
#1740 = VECTOR('',#1741,1.);
#1741 = DIRECTION('',(-0.E+000,-1.,-0.E+000));
#1742 = ORIENTED_EDGE('',*,*,#1743,.F.);
#1743 = EDGE_CURVE('',#1744,#1736,#1746,.T.);
#1744 = VERTEX_POINT('',#1745);
#1745 = CARTESIAN_POINT('',(-0.625,0.1,0.125));
#1746 = LINE('',#1747,#1748);
#1747 = CARTESIAN_POINT('',(-0.625,0.1,0.125));
#1748 = VECTOR('',#1749,1.);
#1749 = DIRECTION('',(-1.,0.E+000,-5.913830031739E-016));
#1750 = ORIENTED_EDGE('',*,*,#1751,.T.);
#1751 = EDGE_CURVE('',#1744,#1022,#1752,.T.);
#1752 = LINE('',#1753,#1754);
#1753 = CARTESIAN_POINT('',(-0.625,0.1,0.125));
#1754 = VECTOR('',#1755,1.);
#1755 = DIRECTION('',(-0.E+000,-1.,-0.E+000));
#1756 = PLANE('',#1757);
#1757 = AXIS2_PLACEMENT_3D('',#1758,#1759,#1760);
#1758 = CARTESIAN_POINT('',(-0.625,0.1,0.125));
#1759 = DIRECTION('',(-5.913830031739E-016,0.E+000,1.));
#1760 = DIRECTION('',(1.,0.E+000,5.913830031739E-016));
#1761 = ADVANCED_FACE('',(#1762),#1780,.F.);
#1762 = FACE_BOUND('',#1763,.T.);
#1763 = EDGE_LOOP('',(#1764,#1765,#1766,#1774));
#1764 = ORIENTED_EDGE('',*,*,#1029,.T.);
#1765 = ORIENTED_EDGE('',*,*,#1751,.F.);
#1766 = ORIENTED_EDGE('',*,*,#1767,.F.);
#1767 = EDGE_CURVE('',#1768,#1744,#1770,.T.);
#1768 = VERTEX_POINT('',#1769);
#1769 = CARTESIAN_POINT('',(-0.625,0.1,-0.125));
#1770 = LINE('',#1771,#1772);
#1771 = CARTESIAN_POINT('',(-0.625,0.1,-0.125));
#1772 = VECTOR('',#1773,1.);
#1773 = DIRECTION('',(3.903127820948E-015,0.E+000,1.));
#1774 = ORIENTED_EDGE('',*,*,#1775,.T.);
#1775 = EDGE_CURVE('',#1768,#1030,#1776,.T.);
#1776 = LINE('',#1777,#1778);
#1777 = CARTESIAN_POINT('',(-0.625,0.1,-0.125));
#1778 = VECTOR('',#1779,1.);
#1779 = DIRECTION('',(-0.E+000,-1.,-0.E+000));
#1780 = PLANE('',#1781);
#1781 = AXIS2_PLACEMENT_3D('',#1782,#1783,#1784);
#1782 = CARTESIAN_POINT('',(-0.625,0.1,-0.125));
#1783 = DIRECTION('',(1.,0.E+000,-3.903127820948E-015));
#1784 = DIRECTION('',(-3.903127820948E-015,0.E+000,-1.));
#1785 = ADVANCED_FACE('',(#1786),#1804,.F.);
#1786 = FACE_BOUND('',#1787,.T.);
#1787 = EDGE_LOOP('',(#1788,#1789,#1790,#1798));
#1788 = ORIENTED_EDGE('',*,*,#1037,.T.);
#1789 = ORIENTED_EDGE('',*,*,#1775,.F.);
#1790 = ORIENTED_EDGE('',*,*,#1791,.F.);
#1791 = EDGE_CURVE('',#1792,#1768,#1794,.T.);
#1792 = VERTEX_POINT('',#1793);
#1793 = CARTESIAN_POINT('',(-0.9,0.1,-0.125));
#1794 = LINE('',#1795,#1796);
#1795 = CARTESIAN_POINT('',(-0.625,0.1,-0.125));
#1796 = VECTOR('',#1797,1.);
#1797 = DIRECTION('',(1.,-0.E+000,3.942553354493E-016));
#1798 = ORIENTED_EDGE('',*,*,#1799,.T.);
#1799 = EDGE_CURVE('',#1792,#1014,#1800,.T.);
#1800 = LINE('',#1801,#1802);
#1801 = CARTESIAN_POINT('',(-0.9,0.1,-0.125));
#1802 = VECTOR('',#1803,1.);
#1803 = DIRECTION('',(-0.E+000,-1.,-0.E+000));
#1804 = PLANE('',#1805);
#1805 = AXIS2_PLACEMENT_3D('',#1806,#1807,#1808);
#1806 = CARTESIAN_POINT('',(-0.625,0.1,-0.125));
#1807 = DIRECTION('',(3.942553354493E-016,0.E+000,-1.));
#1808 = DIRECTION('',(-1.,0.E+000,-3.942553354493E-016));
#1809 = ADVANCED_FACE('',(#1810),#1821,.F.);
#1810 = FACE_BOUND('',#1811,.T.);
#1811 = EDGE_LOOP('',(#1812,#1813,#1814,#1820));
#1812 = ORIENTED_EDGE('',*,*,#1011,.T.);
#1813 = ORIENTED_EDGE('',*,*,#1799,.F.);
#1814 = ORIENTED_EDGE('',*,*,#1815,.F.);
#1815 = EDGE_CURVE('',#1736,#1792,#1816,.T.);
#1816 = LINE('',#1817,#1818);
#1817 = CARTESIAN_POINT('',(-0.9,0.1,-0.125));
#1818 = VECTOR('',#1819,1.);
#1819 = DIRECTION('',(4.336808689942E-015,-0.E+000,-1.));
#1820 = ORIENTED_EDGE('',*,*,#1735,.T.);
#1821 = PLANE('',#1822);
#1822 = AXIS2_PLACEMENT_3D('',#1823,#1824,#1825);
#1823 = CARTESIAN_POINT('',(-0.9,0.1,-0.125));
#1824 = DIRECTION('',(-1.,0.E+000,-4.336808689942E-015));
#1825 = DIRECTION('',(-4.336808689942E-015,0.E+000,1.));
#1826 = ADVANCED_FACE('',(#1827),#1833,.F.);
#1827 = FACE_BOUND('',#1828,.T.);
#1828 = EDGE_LOOP('',(#1829,#1830,#1831,#1832));
#1829 = ORIENTED_EDGE('',*,*,#1743,.T.);
#1830 = ORIENTED_EDGE('',*,*,#1815,.T.);
#1831 = ORIENTED_EDGE('',*,*,#1791,.T.);
#1832 = ORIENTED_EDGE('',*,*,#1767,.T.);
#1833 = PLANE('',#1834);
#1834 = AXIS2_PLACEMENT_3D('',#1835,#1836,#1837);
#1835 = CARTESIAN_POINT('',(0.E+000,0.1,0.E+000));
#1836 = DIRECTION('',(0.E+000,1.,0.E+000));
#1837 = DIRECTION('',(0.E+000,-0.E+000,1.));
#1838 = ADVANCED_FACE('',(#1839),#1864,.F.);
#1839 = FACE_BOUND('',#1840,.T.);
#1840 = EDGE_LOOP('',(#1841,#1842,#1850,#1858));
#1841 = ORIENTED_EDGE('',*,*,#987,.T.);
#1842 = ORIENTED_EDGE('',*,*,#1843,.F.);
#1843 = EDGE_CURVE('',#1844,#978,#1846,.T.);
#1844 = VERTEX_POINT('',#1845);
#1845 = CARTESIAN_POINT('',(-0.9,0.1,-0.375));
#1846 = LINE('',#1847,#1848);
#1847 = CARTESIAN_POINT('',(-0.9,0.1,-0.375));
#1848 = VECTOR('',#1849,1.);
#1849 = DIRECTION('',(-0.E+000,-1.,-0.E+000));
#1850 = ORIENTED_EDGE('',*,*,#1851,.F.);
#1851 = EDGE_CURVE('',#1852,#1844,#1854,.T.);
#1852 = VERTEX_POINT('',#1853);
#1853 = CARTESIAN_POINT('',(-0.625,0.1,-0.375));
#1854 = LINE('',#1855,#1856);
#1855 = CARTESIAN_POINT('',(-0.625,0.1,-0.375));
#1856 = VECTOR('',#1857,1.);
#1857 = DIRECTION('',(-1.,0.E+000,2.168404344971E-015));
#1858 = ORIENTED_EDGE('',*,*,#1859,.T.);
#1859 = EDGE_CURVE('',#1852,#988,#1860,.T.);
#1860 = LINE('',#1861,#1862);
#1861 = CARTESIAN_POINT('',(-0.625,0.1,-0.375));
#1862 = VECTOR('',#1863,1.);
#1863 = DIRECTION('',(-0.E+000,-1.,-0.E+000));
#1864 = PLANE('',#1865);
#1865 = AXIS2_PLACEMENT_3D('',#1866,#1867,#1868);
#1866 = CARTESIAN_POINT('',(-0.625,0.1,-0.375));
#1867 = DIRECTION('',(2.168404344971E-015,-0.E+000,1.));
#1868 = DIRECTION('',(1.,0.E+000,-2.168404344971E-015));
#1869 = ADVANCED_FACE('',(#1870),#1888,.F.);
#1870 = FACE_BOUND('',#1871,.T.);
#1871 = EDGE_LOOP('',(#1872,#1873,#1874,#1882));
#1872 = ORIENTED_EDGE('',*,*,#995,.T.);
#1873 = ORIENTED_EDGE('',*,*,#1859,.F.);
#1874 = ORIENTED_EDGE('',*,*,#1875,.F.);
#1875 = EDGE_CURVE('',#1876,#1852,#1878,.T.);
#1876 = VERTEX_POINT('',#1877);
#1877 = CARTESIAN_POINT('',(-0.625,0.1,-0.625));
#1878 = LINE('',#1879,#1880);
#1879 = CARTESIAN_POINT('',(-0.625,0.1,-0.625));
#1880 = VECTOR('',#1881,1.);
#1881 = DIRECTION('',(-4.336808689942E-016,0.E+000,1.));
#1882 = ORIENTED_EDGE('',*,*,#1883,.T.);
#1883 = EDGE_CURVE('',#1876,#996,#1884,.T.);
#1884 = LINE('',#1885,#1886);
#1885 = CARTESIAN_POINT('',(-0.625,0.1,-0.625));
#1886 = VECTOR('',#1887,1.);
#1887 = DIRECTION('',(-0.E+000,-1.,-0.E+000));
#1888 = PLANE('',#1889);
#1889 = AXIS2_PLACEMENT_3D('',#1890,#1891,#1892);
#1890 = CARTESIAN_POINT('',(-0.625,0.1,-0.625));
#1891 = DIRECTION('',(1.,-0.E+000,4.336808689942E-016));
#1892 = DIRECTION('',(4.336808689942E-016,0.E+000,-1.));
#1893 = ADVANCED_FACE('',(#1894),#1912,.F.);
#1894 = FACE_BOUND('',#1895,.T.);
#1895 = EDGE_LOOP('',(#1896,#1897,#1898,#1906));
#1896 = ORIENTED_EDGE('',*,*,#1003,.T.);
#1897 = ORIENTED_EDGE('',*,*,#1883,.F.);
#1898 = ORIENTED_EDGE('',*,*,#1899,.F.);
#1899 = EDGE_CURVE('',#1900,#1876,#1902,.T.);
#1900 = VERTEX_POINT('',#1901);
#1901 = CARTESIAN_POINT('',(-0.9,0.1,-0.625));
#1902 = LINE('',#1903,#1904);
#1903 = CARTESIAN_POINT('',(-0.625,0.1,-0.625));
#1904 = VECTOR('',#1905,1.);
#1905 = DIRECTION('',(1.,-0.E+000,-3.942553354493E-016));
#1906 = ORIENTED_EDGE('',*,*,#1907,.T.);
#1907 = EDGE_CURVE('',#1900,#980,#1908,.T.);
#1908 = LINE('',#1909,#1910);
#1909 = CARTESIAN_POINT('',(-0.9,0.1,-0.625));
#1910 = VECTOR('',#1911,1.);
#1911 = DIRECTION('',(-0.E+000,-1.,-0.E+000));
#1912 = PLANE('',#1913);
#1913 = AXIS2_PLACEMENT_3D('',#1914,#1915,#1916);
#1914 = CARTESIAN_POINT('',(-0.625,0.1,-0.625));
#1915 = DIRECTION('',(-3.942553354493E-016,0.E+000,-1.));
#1916 = DIRECTION('',(-1.,0.E+000,3.942553354493E-016));
#1917 = ADVANCED_FACE('',(#1918),#1929,.F.);
#1918 = FACE_BOUND('',#1919,.T.);
#1919 = EDGE_LOOP('',(#1920,#1921,#1922,#1928));
#1920 = ORIENTED_EDGE('',*,*,#977,.T.);
#1921 = ORIENTED_EDGE('',*,*,#1907,.F.);
#1922 = ORIENTED_EDGE('',*,*,#1923,.F.);
#1923 = EDGE_CURVE('',#1844,#1900,#1924,.T.);
#1924 = LINE('',#1925,#1926);
#1925 = CARTESIAN_POINT('',(-0.9,0.1,-0.625));
#1926 = VECTOR('',#1927,1.);
#1927 = DIRECTION('',(-0.E+000,-0.E+000,-1.));
#1928 = ORIENTED_EDGE('',*,*,#1843,.T.);
#1929 = PLANE('',#1930);
#1930 = AXIS2_PLACEMENT_3D('',#1931,#1932,#1933);
#1931 = CARTESIAN_POINT('',(-0.9,0.1,-0.625));
#1932 = DIRECTION('',(-1.,0.E+000,0.E+000));
#1933 = DIRECTION('',(0.E+000,0.E+000,1.));
#1934 = ADVANCED_FACE('',(#1935),#1941,.F.);
#1935 = FACE_BOUND('',#1936,.T.);
#1936 = EDGE_LOOP('',(#1937,#1938,#1939,#1940));
#1937 = ORIENTED_EDGE('',*,*,#1851,.T.);
#1938 = ORIENTED_EDGE('',*,*,#1923,.T.);
#1939 = ORIENTED_EDGE('',*,*,#1899,.T.);
#1940 = ORIENTED_EDGE('',*,*,#1875,.T.);
#1941 = PLANE('',#1942);
#1942 = AXIS2_PLACEMENT_3D('',#1943,#1944,#1945);
#1943 = CARTESIAN_POINT('',(0.E+000,0.1,0.E+000));
#1944 = DIRECTION('',(0.E+000,1.,-0.E+000));
#1945 = DIRECTION('',(0.E+000,0.E+000,1.));
#1946 = ADVANCED_FACE('',(#1947),#1972,.F.);
#1947 = FACE_BOUND('',#1948,.T.);
#1948 = EDGE_LOOP('',(#1949,#1950,#1958,#1966));
#1949 = ORIENTED_EDGE('',*,*,#953,.T.);
#1950 = ORIENTED_EDGE('',*,*,#1951,.F.);
#1951 = EDGE_CURVE('',#1952,#944,#1954,.T.);
#1952 = VERTEX_POINT('',#1953);
#1953 = CARTESIAN_POINT('',(0.625,0.1,-0.125));
#1954 = LINE('',#1955,#1956);
#1955 = CARTESIAN_POINT('',(0.625,0.1,-0.125));
#1956 = VECTOR('',#1957,1.);
#1957 = DIRECTION('',(-0.E+000,-1.,-0.E+000));
#1958 = ORIENTED_EDGE('',*,*,#1959,.F.);
#1959 = EDGE_CURVE('',#1960,#1952,#1962,.T.);
#1960 = VERTEX_POINT('',#1961);
#1961 = CARTESIAN_POINT('',(0.625,0.1,0.125));
#1962 = LINE('',#1963,#1964);
#1963 = CARTESIAN_POINT('',(0.625,0.1,-0.125));
#1964 = VECTOR('',#1965,1.);
#1965 = DIRECTION('',(3.903127820948E-015,-0.E+000,-1.));
#1966 = ORIENTED_EDGE('',*,*,#1967,.T.);
#1967 = EDGE_CURVE('',#1960,#954,#1968,.T.);
#1968 = LINE('',#1969,#1970);
#1969 = CARTESIAN_POINT('',(0.625,0.1,0.125));
#1970 = VECTOR('',#1971,1.);
#1971 = DIRECTION('',(-0.E+000,-1.,-0.E+000));
#1972 = PLANE('',#1973);
#1973 = AXIS2_PLACEMENT_3D('',#1974,#1975,#1976);
#1974 = CARTESIAN_POINT('',(0.625,0.1,-0.125));
#1975 = DIRECTION('',(-1.,0.E+000,-3.903127820948E-015));
#1976 = DIRECTION('',(-3.903127820948E-015,0.E+000,1.));
#1977 = ADVANCED_FACE('',(#1978),#1996,.F.);
#1978 = FACE_BOUND('',#1979,.T.);
#1979 = EDGE_LOOP('',(#1980,#1981,#1982,#1990));
#1980 = ORIENTED_EDGE('',*,*,#961,.T.);
#1981 = ORIENTED_EDGE('',*,*,#1967,.F.);
#1982 = ORIENTED_EDGE('',*,*,#1983,.F.);
#1983 = EDGE_CURVE('',#1984,#1960,#1986,.T.);
#1984 = VERTEX_POINT('',#1985);
#1985 = CARTESIAN_POINT('',(0.9,0.1,0.125));
#1986 = LINE('',#1987,#1988);
#1987 = CARTESIAN_POINT('',(0.625,0.1,0.125));
#1988 = VECTOR('',#1989,1.);
#1989 = DIRECTION('',(-1.,-0.E+000,-0.E+000));
#1990 = ORIENTED_EDGE('',*,*,#1991,.T.);
#1991 = EDGE_CURVE('',#1984,#962,#1992,.T.);
#1992 = LINE('',#1993,#1994);
#1993 = CARTESIAN_POINT('',(0.9,0.1,0.125));
#1994 = VECTOR('',#1995,1.);
#1995 = DIRECTION('',(-0.E+000,-1.,-0.E+000));
#1996 = PLANE('',#1997);
#1997 = AXIS2_PLACEMENT_3D('',#1998,#1999,#2000);
#1998 = CARTESIAN_POINT('',(0.625,0.1,0.125));
#1999 = DIRECTION('',(0.E+000,0.E+000,1.));
#2000 = DIRECTION('',(1.,0.E+000,-0.E+000));
#2001 = ADVANCED_FACE('',(#2002),#2020,.F.);
#2002 = FACE_BOUND('',#2003,.T.);
#2003 = EDGE_LOOP('',(#2004,#2005,#2006,#2014));
#2004 = ORIENTED_EDGE('',*,*,#969,.T.);
#2005 = ORIENTED_EDGE('',*,*,#1991,.F.);
#2006 = ORIENTED_EDGE('',*,*,#2007,.F.);
#2007 = EDGE_CURVE('',#2008,#1984,#2010,.T.);
#2008 = VERTEX_POINT('',#2009);
#2009 = CARTESIAN_POINT('',(0.9,0.1,-0.125));
#2010 = LINE('',#2011,#2012);
#2011 = CARTESIAN_POINT('',(0.9,0.1,-0.125));
#2012 = VECTOR('',#2013,1.);
#2013 = DIRECTION('',(4.336808689942E-015,0.E+000,1.));
#2014 = ORIENTED_EDGE('',*,*,#2015,.T.);
#2015 = EDGE_CURVE('',#2008,#946,#2016,.T.);
#2016 = LINE('',#2017,#2018);
#2017 = CARTESIAN_POINT('',(0.9,0.1,-0.125));
#2018 = VECTOR('',#2019,1.);
#2019 = DIRECTION('',(-0.E+000,-1.,-0.E+000));
#2020 = PLANE('',#2021);
#2021 = AXIS2_PLACEMENT_3D('',#2022,#2023,#2024);
#2022 = CARTESIAN_POINT('',(0.9,0.1,-0.125));
#2023 = DIRECTION('',(1.,0.E+000,-4.336808689942E-015));
#2024 = DIRECTION('',(-4.336808689942E-015,0.E+000,-1.));
#2025 = ADVANCED_FACE('',(#2026),#2037,.F.);
#2026 = FACE_BOUND('',#2027,.T.);
#2027 = EDGE_LOOP('',(#2028,#2029,#2030,#2036));
#2028 = ORIENTED_EDGE('',*,*,#943,.T.);
#2029 = ORIENTED_EDGE('',*,*,#2015,.F.);
#2030 = ORIENTED_EDGE('',*,*,#2031,.F.);
#2031 = EDGE_CURVE('',#1952,#2008,#2032,.T.);
#2032 = LINE('',#2033,#2034);
#2033 = CARTESIAN_POINT('',(0.625,0.1,-0.125));
#2034 = VECTOR('',#2035,1.);
#2035 = DIRECTION('',(1.,0.E+000,-3.942553354493E-016));
#2036 = ORIENTED_EDGE('',*,*,#1951,.T.);
#2037 = PLANE('',#2038);
#2038 = AXIS2_PLACEMENT_3D('',#2039,#2040,#2041);
#2039 = CARTESIAN_POINT('',(0.625,0.1,-0.125));
#2040 = DIRECTION('',(-3.942553354493E-016,0.E+000,-1.));
#2041 = DIRECTION('',(-1.,0.E+000,3.942553354493E-016));
#2042 = ADVANCED_FACE('',(#2043),#2049,.F.);
#2043 = FACE_BOUND('',#2044,.T.);
#2044 = EDGE_LOOP('',(#2045,#2046,#2047,#2048));
#2045 = ORIENTED_EDGE('',*,*,#1959,.T.);
#2046 = ORIENTED_EDGE('',*,*,#2031,.T.);
#2047 = ORIENTED_EDGE('',*,*,#2007,.T.);
#2048 = ORIENTED_EDGE('',*,*,#1983,.T.);
#2049 = PLANE('',#2050);
#2050 = AXIS2_PLACEMENT_3D('',#2051,#2052,#2053);
#2051 = CARTESIAN_POINT('',(0.E+000,0.1,0.E+000));
#2052 = DIRECTION('',(0.E+000,1.,-0.E+000));
#2053 = DIRECTION('',(0.E+000,0.E+000,1.));
#2054 = ADVANCED_FACE('',(#2055),#2080,.F.);
#2055 = FACE_BOUND('',#2056,.T.);
#2056 = EDGE_LOOP('',(#2057,#2058,#2066,#2074));
#2057 = ORIENTED_EDGE('',*,*,#919,.T.);
#2058 = ORIENTED_EDGE('',*,*,#2059,.F.);
#2059 = EDGE_CURVE('',#2060,#910,#2062,.T.);
#2060 = VERTEX_POINT('',#2061);
#2061 = CARTESIAN_POINT('',(0.625,0.1,0.375));
#2062 = LINE('',#2063,#2064);
#2063 = CARTESIAN_POINT('',(0.625,0.1,0.375));
#2064 = VECTOR('',#2065,1.);
#2065 = DIRECTION('',(-0.E+000,-1.,-0.E+000));
#2066 = ORIENTED_EDGE('',*,*,#2067,.F.);
#2067 = EDGE_CURVE('',#2068,#2060,#2070,.T.);
#2068 = VERTEX_POINT('',#2069);
#2069 = CARTESIAN_POINT('',(0.625,0.1,0.625));
#2070 = LINE('',#2071,#2072);
#2071 = CARTESIAN_POINT('',(0.625,0.1,0.375));
#2072 = VECTOR('',#2073,1.);
#2073 = DIRECTION('',(-4.336808689942E-016,-0.E+000,-1.));
#2074 = ORIENTED_EDGE('',*,*,#2075,.T.);
#2075 = EDGE_CURVE('',#2068,#920,#2076,.T.);
#2076 = LINE('',#2077,#2078);
#2077 = CARTESIAN_POINT('',(0.625,0.1,0.625));
#2078 = VECTOR('',#2079,1.);
#2079 = DIRECTION('',(-0.E+000,-1.,-0.E+000));
#2080 = PLANE('',#2081);
#2081 = AXIS2_PLACEMENT_3D('',#2082,#2083,#2084);
#2082 = CARTESIAN_POINT('',(0.625,0.1,0.375));
#2083 = DIRECTION('',(-1.,0.E+000,4.336808689942E-016));
#2084 = DIRECTION('',(4.336808689942E-016,0.E+000,1.));
#2085 = ADVANCED_FACE('',(#2086),#2104,.F.);
#2086 = FACE_BOUND('',#2087,.T.);
#2087 = EDGE_LOOP('',(#2088,#2089,#2090,#2098));
#2088 = ORIENTED_EDGE('',*,*,#927,.T.);
#2089 = ORIENTED_EDGE('',*,*,#2075,.F.);
#2090 = ORIENTED_EDGE('',*,*,#2091,.F.);
#2091 = EDGE_CURVE('',#2092,#2068,#2094,.T.);
#2092 = VERTEX_POINT('',#2093);
#2093 = CARTESIAN_POINT('',(0.9,0.1,0.625));
#2094 = LINE('',#2095,#2096);
#2095 = CARTESIAN_POINT('',(0.625,0.1,0.625));
#2096 = VECTOR('',#2097,1.);
#2097 = DIRECTION('',(-1.,-0.E+000,-0.E+000));
#2098 = ORIENTED_EDGE('',*,*,#2099,.T.);
#2099 = EDGE_CURVE('',#2092,#928,#2100,.T.);
#2100 = LINE('',#2101,#2102);
#2101 = CARTESIAN_POINT('',(0.9,0.1,0.625));
#2102 = VECTOR('',#2103,1.);
#2103 = DIRECTION('',(-0.E+000,-1.,-0.E+000));
#2104 = PLANE('',#2105);
#2105 = AXIS2_PLACEMENT_3D('',#2106,#2107,#2108);
#2106 = CARTESIAN_POINT('',(0.625,0.1,0.625));
#2107 = DIRECTION('',(0.E+000,0.E+000,1.));
#2108 = DIRECTION('',(1.,0.E+000,-0.E+000));
#2109 = ADVANCED_FACE('',(#2110),#2128,.F.);
#2110 = FACE_BOUND('',#2111,.T.);
#2111 = EDGE_LOOP('',(#2112,#2113,#2114,#2122));
#2112 = ORIENTED_EDGE('',*,*,#935,.T.);
#2113 = ORIENTED_EDGE('',*,*,#2099,.F.);
#2114 = ORIENTED_EDGE('',*,*,#2115,.F.);
#2115 = EDGE_CURVE('',#2116,#2092,#2118,.T.);
#2116 = VERTEX_POINT('',#2117);
#2117 = CARTESIAN_POINT('',(0.9,0.1,0.375));
#2118 = LINE('',#2119,#2120);
#2119 = CARTESIAN_POINT('',(0.9,0.1,0.375));
#2120 = VECTOR('',#2121,1.);
#2121 = DIRECTION('',(0.E+000,0.E+000,1.));
#2122 = ORIENTED_EDGE('',*,*,#2123,.T.);
#2123 = EDGE_CURVE('',#2116,#912,#2124,.T.);
#2124 = LINE('',#2125,#2126);
#2125 = CARTESIAN_POINT('',(0.9,0.1,0.375));
#2126 = VECTOR('',#2127,1.);
#2127 = DIRECTION('',(-0.E+000,-1.,-0.E+000));
#2128 = PLANE('',#2129);
#2129 = AXIS2_PLACEMENT_3D('',#2130,#2131,#2132);
#2130 = CARTESIAN_POINT('',(0.9,0.1,0.375));
#2131 = DIRECTION('',(1.,0.E+000,0.E+000));
#2132 = DIRECTION('',(0.E+000,0.E+000,-1.));
#2133 = ADVANCED_FACE('',(#2134),#2145,.F.);
#2134 = FACE_BOUND('',#2135,.T.);
#2135 = EDGE_LOOP('',(#2136,#2137,#2138,#2144));
#2136 = ORIENTED_EDGE('',*,*,#909,.T.);
#2137 = ORIENTED_EDGE('',*,*,#2123,.F.);
#2138 = ORIENTED_EDGE('',*,*,#2139,.F.);
#2139 = EDGE_CURVE('',#2060,#2116,#2140,.T.);
#2140 = LINE('',#2141,#2142);
#2141 = CARTESIAN_POINT('',(0.625,0.1,0.375));
#2142 = VECTOR('',#2143,1.);
#2143 = DIRECTION('',(1.,0.E+000,0.E+000));
#2144 = ORIENTED_EDGE('',*,*,#2059,.T.);
#2145 = PLANE('',#2146);
#2146 = AXIS2_PLACEMENT_3D('',#2147,#2148,#2149);
#2147 = CARTESIAN_POINT('',(0.625,0.1,0.375));
#2148 = DIRECTION('',(0.E+000,0.E+000,-1.));
#2149 = DIRECTION('',(-1.,0.E+000,-0.E+000));
#2150 = ADVANCED_FACE('',(#2151),#2157,.F.);
#2151 = FACE_BOUND('',#2152,.T.);
#2152 = EDGE_LOOP('',(#2153,#2154,#2155,#2156));
#2153 = ORIENTED_EDGE('',*,*,#2067,.T.);
#2154 = ORIENTED_EDGE('',*,*,#2139,.T.);
#2155 = ORIENTED_EDGE('',*,*,#2115,.T.);
#2156 = ORIENTED_EDGE('',*,*,#2091,.T.);
#2157 = PLANE('',#2158);
#2158 = AXIS2_PLACEMENT_3D('',#2159,#2160,#2161);
#2159 = CARTESIAN_POINT('',(0.E+000,0.1,0.E+000));
#2160 = DIRECTION('',(0.E+000,1.,0.E+000));
#2161 = DIRECTION('',(0.E+000,-0.E+000,1.));
#2162 = ADVANCED_FACE('',(#2163),#2188,.F.);
#2163 = FACE_BOUND('',#2164,.T.);
#2164 = EDGE_LOOP('',(#2165,#2166,#2174,#2182));
#2165 = ORIENTED_EDGE('',*,*,#885,.T.);
#2166 = ORIENTED_EDGE('',*,*,#2167,.F.);
#2167 = EDGE_CURVE('',#2168,#876,#2170,.T.);
#2168 = VERTEX_POINT('',#2169);
#2169 = CARTESIAN_POINT('',(-0.375,0.1,0.625));
#2170 = LINE('',#2171,#2172);
#2171 = CARTESIAN_POINT('',(-0.375,0.1,0.625));
#2172 = VECTOR('',#2173,1.);
#2173 = DIRECTION('',(-0.E+000,-1.,-0.E+000));
#2174 = ORIENTED_EDGE('',*,*,#2175,.F.);
#2175 = EDGE_CURVE('',#2176,#2168,#2178,.T.);
#2176 = VERTEX_POINT('',#2177);
#2177 = CARTESIAN_POINT('',(-0.375,0.1,0.9));
#2178 = LINE('',#2179,#2180);
#2179 = CARTESIAN_POINT('',(-0.375,0.1,0.9));
#2180 = VECTOR('',#2181,1.);
#2181 = DIRECTION('',(0.E+000,0.E+000,-1.));
#2182 = ORIENTED_EDGE('',*,*,#2183,.T.);
#2183 = EDGE_CURVE('',#2176,#886,#2184,.T.);
#2184 = LINE('',#2185,#2186);
#2185 = CARTESIAN_POINT('',(-0.375,0.1,0.9));
#2186 = VECTOR('',#2187,1.);
#2187 = DIRECTION('',(-0.E+000,-1.,-0.E+000));
#2188 = PLANE('',#2189);
#2189 = AXIS2_PLACEMENT_3D('',#2190,#2191,#2192);
#2190 = CARTESIAN_POINT('',(-0.375,0.1,0.9));
#2191 = DIRECTION('',(-1.,0.E+000,0.E+000));
#2192 = DIRECTION('',(0.E+000,0.E+000,1.));
#2193 = ADVANCED_FACE('',(#2194),#2212,.F.);
#2194 = FACE_BOUND('',#2195,.T.);
#2195 = EDGE_LOOP('',(#2196,#2197,#2198,#2206));
#2196 = ORIENTED_EDGE('',*,*,#893,.T.);
#2197 = ORIENTED_EDGE('',*,*,#2183,.F.);
#2198 = ORIENTED_EDGE('',*,*,#2199,.F.);
#2199 = EDGE_CURVE('',#2200,#2176,#2202,.T.);
#2200 = VERTEX_POINT('',#2201);
#2201 = CARTESIAN_POINT('',(-0.125,0.1,0.9));
#2202 = LINE('',#2203,#2204);
#2203 = CARTESIAN_POINT('',(-0.125,0.1,0.9));
#2204 = VECTOR('',#2205,1.);
#2205 = DIRECTION('',(-1.,0.E+000,0.E+000));
#2206 = ORIENTED_EDGE('',*,*,#2207,.T.);
#2207 = EDGE_CURVE('',#2200,#894,#2208,.T.);
#2208 = LINE('',#2209,#2210);
#2209 = CARTESIAN_POINT('',(-0.125,0.1,0.9));
#2210 = VECTOR('',#2211,1.);
#2211 = DIRECTION('',(-0.E+000,-1.,-0.E+000));
#2212 = PLANE('',#2213);
#2213 = AXIS2_PLACEMENT_3D('',#2214,#2215,#2216);
#2214 = CARTESIAN_POINT('',(-0.125,0.1,0.9));
#2215 = DIRECTION('',(0.E+000,-0.E+000,1.));
#2216 = DIRECTION('',(1.,0.E+000,0.E+000));
#2217 = ADVANCED_FACE('',(#2218),#2236,.F.);
#2218 = FACE_BOUND('',#2219,.T.);
#2219 = EDGE_LOOP('',(#2220,#2221,#2222,#2230));
#2220 = ORIENTED_EDGE('',*,*,#901,.T.);
#2221 = ORIENTED_EDGE('',*,*,#2207,.F.);
#2222 = ORIENTED_EDGE('',*,*,#2223,.F.);
#2223 = EDGE_CURVE('',#2224,#2200,#2226,.T.);
#2224 = VERTEX_POINT('',#2225);
#2225 = CARTESIAN_POINT('',(-0.125,0.1,0.625));
#2226 = LINE('',#2227,#2228);
#2227 = CARTESIAN_POINT('',(-0.125,0.1,0.9));
#2228 = VECTOR('',#2229,1.);
#2229 = DIRECTION('',(-9.856383386232E-017,-0.E+000,1.));
#2230 = ORIENTED_EDGE('',*,*,#2231,.T.);
#2231 = EDGE_CURVE('',#2224,#878,#2232,.T.);
#2232 = LINE('',#2233,#2234);
#2233 = CARTESIAN_POINT('',(-0.125,0.1,0.625));
#2234 = VECTOR('',#2235,1.);
#2235 = DIRECTION('',(-0.E+000,-1.,-0.E+000));
#2236 = PLANE('',#2237);
#2237 = AXIS2_PLACEMENT_3D('',#2238,#2239,#2240);
#2238 = CARTESIAN_POINT('',(-0.125,0.1,0.9));
#2239 = DIRECTION('',(1.,-0.E+000,9.856383386232E-017));
#2240 = DIRECTION('',(9.856383386232E-017,0.E+000,-1.));
#2241 = ADVANCED_FACE('',(#2242),#2253,.F.);
#2242 = FACE_BOUND('',#2243,.T.);
#2243 = EDGE_LOOP('',(#2244,#2245,#2246,#2252));
#2244 = ORIENTED_EDGE('',*,*,#875,.T.);
#2245 = ORIENTED_EDGE('',*,*,#2231,.F.);
#2246 = ORIENTED_EDGE('',*,*,#2247,.F.);
#2247 = EDGE_CURVE('',#2168,#2224,#2248,.T.);
#2248 = LINE('',#2249,#2250);
#2249 = CARTESIAN_POINT('',(-0.125,0.1,0.625));
#2250 = VECTOR('',#2251,1.);
#2251 = DIRECTION('',(1.,-0.E+000,-0.E+000));
#2252 = ORIENTED_EDGE('',*,*,#2167,.T.);
#2253 = PLANE('',#2254);
#2254 = AXIS2_PLACEMENT_3D('',#2255,#2256,#2257);
#2255 = CARTESIAN_POINT('',(-0.125,0.1,0.625));
#2256 = DIRECTION('',(0.E+000,0.E+000,-1.));
#2257 = DIRECTION('',(-1.,0.E+000,-0.E+000));
#2258 = ADVANCED_FACE('',(#2259),#2265,.F.);
#2259 = FACE_BOUND('',#2260,.T.);
#2260 = EDGE_LOOP('',(#2261,#2262,#2263,#2264));
#2261 = ORIENTED_EDGE('',*,*,#2175,.T.);
#2262 = ORIENTED_EDGE('',*,*,#2247,.T.);
#2263 = ORIENTED_EDGE('',*,*,#2223,.T.);
#2264 = ORIENTED_EDGE('',*,*,#2199,.T.);
#2265 = PLANE('',#2266);
#2266 = AXIS2_PLACEMENT_3D('',#2267,#2268,#2269);
#2267 = CARTESIAN_POINT('',(0.E+000,0.1,0.E+000));
#2268 = DIRECTION('',(0.E+000,1.,0.E+000));
#2269 = DIRECTION('',(0.E+000,-0.E+000,1.));
#2270 = ADVANCED_FACE('',(#2271),#2296,.F.);
#2271 = FACE_BOUND('',#2272,.T.);
#2272 = EDGE_LOOP('',(#2273,#2274,#2282,#2290));
#2273 = ORIENTED_EDGE('',*,*,#851,.T.);
#2274 = ORIENTED_EDGE('',*,*,#2275,.F.);
#2275 = EDGE_CURVE('',#2276,#842,#2278,.T.);
#2276 = VERTEX_POINT('',#2277);
#2277 = CARTESIAN_POINT('',(0.375,0.1,-0.9));
#2278 = LINE('',#2279,#2280);
#2279 = CARTESIAN_POINT('',(0.375,0.1,-0.9));
#2280 = VECTOR('',#2281,1.);
#2281 = DIRECTION('',(-0.E+000,-1.,-0.E+000));
#2282 = ORIENTED_EDGE('',*,*,#2283,.F.);
#2283 = EDGE_CURVE('',#2284,#2276,#2286,.T.);
#2284 = VERTEX_POINT('',#2285);
#2285 = CARTESIAN_POINT('',(0.125,0.1,-0.9));
#2286 = LINE('',#2287,#2288);
#2287 = CARTESIAN_POINT('',(0.125,0.1,-0.9));
#2288 = VECTOR('',#2289,1.);
#2289 = DIRECTION('',(1.,0.E+000,0.E+000));
#2290 = ORIENTED_EDGE('',*,*,#2291,.T.);
#2291 = EDGE_CURVE('',#2284,#852,#2292,.T.);
#2292 = LINE('',#2293,#2294);
#2293 = CARTESIAN_POINT('',(0.125,0.1,-0.9));
#2294 = VECTOR('',#2295,1.);
#2295 = DIRECTION('',(-0.E+000,-1.,-0.E+000));
#2296 = PLANE('',#2297);
#2297 = AXIS2_PLACEMENT_3D('',#2298,#2299,#2300);
#2298 = CARTESIAN_POINT('',(0.125,0.1,-0.9));
#2299 = DIRECTION('',(0.E+000,0.E+000,-1.));
#2300 = DIRECTION('',(-1.,0.E+000,-0.E+000));
#2301 = ADVANCED_FACE('',(#2302),#2320,.F.);
#2302 = FACE_BOUND('',#2303,.T.);
#2303 = EDGE_LOOP('',(#2304,#2305,#2306,#2314));
#2304 = ORIENTED_EDGE('',*,*,#859,.T.);
#2305 = ORIENTED_EDGE('',*,*,#2291,.F.);
#2306 = ORIENTED_EDGE('',*,*,#2307,.F.);
#2307 = EDGE_CURVE('',#2308,#2284,#2310,.T.);
#2308 = VERTEX_POINT('',#2309);
#2309 = CARTESIAN_POINT('',(0.125,0.1,-0.625));
#2310 = LINE('',#2311,#2312);
#2311 = CARTESIAN_POINT('',(0.125,0.1,-0.9));
#2312 = VECTOR('',#2313,1.);
#2313 = DIRECTION('',(9.856383386232E-017,-0.E+000,-1.));
#2314 = ORIENTED_EDGE('',*,*,#2315,.T.);
#2315 = EDGE_CURVE('',#2308,#860,#2316,.T.);
#2316 = LINE('',#2317,#2318);
#2317 = CARTESIAN_POINT('',(0.125,0.1,-0.625));
#2318 = VECTOR('',#2319,1.);
#2319 = DIRECTION('',(-0.E+000,-1.,-0.E+000));
#2320 = PLANE('',#2321);
#2321 = AXIS2_PLACEMENT_3D('',#2322,#2323,#2324);
#2322 = CARTESIAN_POINT('',(0.125,0.1,-0.9));
#2323 = DIRECTION('',(-1.,0.E+000,-9.856383386232E-017));
#2324 = DIRECTION('',(-9.856383386232E-017,0.E+000,1.));
#2325 = ADVANCED_FACE('',(#2326),#2344,.F.);
#2326 = FACE_BOUND('',#2327,.T.);
#2327 = EDGE_LOOP('',(#2328,#2329,#2330,#2338));
#2328 = ORIENTED_EDGE('',*,*,#867,.T.);
#2329 = ORIENTED_EDGE('',*,*,#2315,.F.);
#2330 = ORIENTED_EDGE('',*,*,#2331,.F.);
#2331 = EDGE_CURVE('',#2332,#2308,#2334,.T.);
#2332 = VERTEX_POINT('',#2333);
#2333 = CARTESIAN_POINT('',(0.375,0.1,-0.625));
#2334 = LINE('',#2335,#2336);
#2335 = CARTESIAN_POINT('',(0.125,0.1,-0.625));
#2336 = VECTOR('',#2337,1.);
#2337 = DIRECTION('',(-1.,-0.E+000,-0.E+000));
#2338 = ORIENTED_EDGE('',*,*,#2339,.T.);
#2339 = EDGE_CURVE('',#2332,#844,#2340,.T.);
#2340 = LINE('',#2341,#2342);
#2341 = CARTESIAN_POINT('',(0.375,0.1,-0.625));
#2342 = VECTOR('',#2343,1.);
#2343 = DIRECTION('',(-0.E+000,-1.,-0.E+000));
#2344 = PLANE('',#2345);
#2345 = AXIS2_PLACEMENT_3D('',#2346,#2347,#2348);
#2346 = CARTESIAN_POINT('',(0.125,0.1,-0.625));
#2347 = DIRECTION('',(0.E+000,0.E+000,1.));
#2348 = DIRECTION('',(1.,0.E+000,-0.E+000));
#2349 = ADVANCED_FACE('',(#2350),#2361,.F.);
#2350 = FACE_BOUND('',#2351,.T.);
#2351 = EDGE_LOOP('',(#2352,#2353,#2354,#2360));
#2352 = ORIENTED_EDGE('',*,*,#841,.T.);
#2353 = ORIENTED_EDGE('',*,*,#2339,.F.);
#2354 = ORIENTED_EDGE('',*,*,#2355,.F.);
#2355 = EDGE_CURVE('',#2276,#2332,#2356,.T.);
#2356 = LINE('',#2357,#2358);
#2357 = CARTESIAN_POINT('',(0.375,0.1,-0.9));
#2358 = VECTOR('',#2359,1.);
#2359 = DIRECTION('',(0.E+000,0.E+000,1.));
#2360 = ORIENTED_EDGE('',*,*,#2275,.T.);
#2361 = PLANE('',#2362);
#2362 = AXIS2_PLACEMENT_3D('',#2363,#2364,#2365);
#2363 = CARTESIAN_POINT('',(0.375,0.1,-0.9));
#2364 = DIRECTION('',(1.,0.E+000,0.E+000));
#2365 = DIRECTION('',(0.E+000,0.E+000,-1.));
#2366 = ADVANCED_FACE('',(#2367),#2373,.T.);
#2367 = FACE_BOUND('',#2368,.T.);
#2368 = EDGE_LOOP('',(#2369,#2370,#2371,#2372));
#2369 = ORIENTED_EDGE('',*,*,#2283,.T.);
#2370 = ORIENTED_EDGE('',*,*,#2355,.T.);
#2371 = ORIENTED_EDGE('',*,*,#2331,.T.);
#2372 = ORIENTED_EDGE('',*,*,#2307,.T.);
#2373 = PLANE('',#2374);
#2374 = AXIS2_PLACEMENT_3D('',#2375,#2376,#2377);
#2375 = CARTESIAN_POINT('',(0.E+000,0.1,0.E+000));
#2376 = DIRECTION('',(0.E+000,-1.,0.E+000));
#2377 = DIRECTION('',(0.E+000,-0.E+000,-1.));
#2378 = MANIFOLD_SOLID_BREP('',#2379);
#2379 = CLOSED_SHELL('',(#2380,#2420,#2451,#2482,#2504,#2516));
#2380 = ADVANCED_FACE('',(#2381),#2415,.F.);
#2381 = FACE_BOUND('',#2382,.T.);
#2382 = EDGE_LOOP('',(#2383,#2393,#2401,#2409));
#2383 = ORIENTED_EDGE('',*,*,#2384,.T.);
#2384 = EDGE_CURVE('',#2385,#2387,#2389,.T.);
#2385 = VERTEX_POINT('',#2386);
#2386 = CARTESIAN_POINT('',(-0.625,0.1,0.375));
#2387 = VERTEX_POINT('',#2388);
#2388 = CARTESIAN_POINT('',(-0.625,0.1,0.625));
#2389 = LINE('',#2390,#2391);
#2390 = CARTESIAN_POINT('',(-0.625,0.1,0.375));
#2391 = VECTOR('',#2392,1.);
#2392 = DIRECTION('',(-4.336808689942E-016,0.E+000,1.));
#2393 = ORIENTED_EDGE('',*,*,#2394,.F.);
#2394 = EDGE_CURVE('',#2395,#2387,#2397,.T.);
#2395 = VERTEX_POINT('',#2396);
#2396 = CARTESIAN_POINT('',(-0.625,0.E+000,0.625));
#2397 = LINE('',#2398,#2399);
#2398 = CARTESIAN_POINT('',(-0.625,0.E+000,0.625));
#2399 = VECTOR('',#2400,1.);
#2400 = DIRECTION('',(-0.E+000,1.,-0.E+000));
#2401 = ORIENTED_EDGE('',*,*,#2402,.F.);
#2402 = EDGE_CURVE('',#2403,#2395,#2405,.T.);
#2403 = VERTEX_POINT('',#2404);
#2404 = CARTESIAN_POINT('',(-0.625,0.E+000,0.375));
#2405 = LINE('',#2406,#2407);
#2406 = CARTESIAN_POINT('',(-0.625,0.E+000,0.375));
#2407 = VECTOR('',#2408,1.);
#2408 = DIRECTION('',(-4.336808689942E-016,0.E+000,1.));
#2409 = ORIENTED_EDGE('',*,*,#2410,.T.);
#2410 = EDGE_CURVE('',#2403,#2385,#2411,.T.);
#2411 = LINE('',#2412,#2413);
#2412 = CARTESIAN_POINT('',(-0.625,0.E+000,0.375));
#2413 = VECTOR('',#2414,1.);
#2414 = DIRECTION('',(-0.E+000,1.,-0.E+000));
#2415 = PLANE('',#2416);
#2416 = AXIS2_PLACEMENT_3D('',#2417,#2418,#2419);
#2417 = CARTESIAN_POINT('',(-0.625,0.E+000,0.375));
#2418 = DIRECTION('',(-1.,0.E+000,-4.336808689942E-016));
#2419 = DIRECTION('',(-4.336808689942E-016,0.E+000,1.));
#2420 = ADVANCED_FACE('',(#2421),#2446,.F.);
#2421 = FACE_BOUND('',#2422,.T.);
#2422 = EDGE_LOOP('',(#2423,#2431,#2439,#2445));
#2423 = ORIENTED_EDGE('',*,*,#2424,.T.);
#2424 = EDGE_CURVE('',#2387,#2425,#2427,.T.);
#2425 = VERTEX_POINT('',#2426);
#2426 = CARTESIAN_POINT('',(-0.9,0.1,0.625));
#2427 = LINE('',#2428,#2429);
#2428 = CARTESIAN_POINT('',(-0.625,0.1,0.625));
#2429 = VECTOR('',#2430,1.);
#2430 = DIRECTION('',(-1.,0.E+000,0.E+000));
#2431 = ORIENTED_EDGE('',*,*,#2432,.F.);
#2432 = EDGE_CURVE('',#2433,#2425,#2435,.T.);
#2433 = VERTEX_POINT('',#2434);
#2434 = CARTESIAN_POINT('',(-0.9,0.E+000,0.625));
#2435 = LINE('',#2436,#2437);
#2436 = CARTESIAN_POINT('',(-0.9,0.E+000,0.625));
#2437 = VECTOR('',#2438,1.);
#2438 = DIRECTION('',(-0.E+000,1.,-0.E+000));
#2439 = ORIENTED_EDGE('',*,*,#2440,.F.);
#2440 = EDGE_CURVE('',#2395,#2433,#2441,.T.);
#2441 = LINE('',#2442,#2443);
#2442 = CARTESIAN_POINT('',(-0.625,0.E+000,0.625));
#2443 = VECTOR('',#2444,1.);
#2444 = DIRECTION('',(-1.,0.E+000,0.E+000));
#2445 = ORIENTED_EDGE('',*,*,#2394,.T.);
#2446 = PLANE('',#2447);
#2447 = AXIS2_PLACEMENT_3D('',#2448,#2449,#2450);
#2448 = CARTESIAN_POINT('',(-0.625,0.E+000,0.625));
#2449 = DIRECTION('',(-0.E+000,0.E+000,-1.));
#2450 = DIRECTION('',(-1.,0.E+000,0.E+000));
#2451 = ADVANCED_FACE('',(#2452),#2477,.F.);
#2452 = FACE_BOUND('',#2453,.T.);
#2453 = EDGE_LOOP('',(#2454,#2462,#2470,#2476));
#2454 = ORIENTED_EDGE('',*,*,#2455,.T.);
#2455 = EDGE_CURVE('',#2425,#2456,#2458,.T.);
#2456 = VERTEX_POINT('',#2457);
#2457 = CARTESIAN_POINT('',(-0.9,0.1,0.375));
#2458 = LINE('',#2459,#2460);
#2459 = CARTESIAN_POINT('',(-0.9,0.1,0.625));
#2460 = VECTOR('',#2461,1.);
#2461 = DIRECTION('',(0.E+000,0.E+000,-1.));
#2462 = ORIENTED_EDGE('',*,*,#2463,.F.);
#2463 = EDGE_CURVE('',#2464,#2456,#2466,.T.);
#2464 = VERTEX_POINT('',#2465);
#2465 = CARTESIAN_POINT('',(-0.9,0.E+000,0.375));
#2466 = LINE('',#2467,#2468);
#2467 = CARTESIAN_POINT('',(-0.9,0.E+000,0.375));
#2468 = VECTOR('',#2469,1.);
#2469 = DIRECTION('',(-0.E+000,1.,-0.E+000));
#2470 = ORIENTED_EDGE('',*,*,#2471,.F.);
#2471 = EDGE_CURVE('',#2433,#2464,#2472,.T.);
#2472 = LINE('',#2473,#2474);
#2473 = CARTESIAN_POINT('',(-0.9,0.E+000,0.625));
#2474 = VECTOR('',#2475,1.);
#2475 = DIRECTION('',(0.E+000,0.E+000,-1.));
#2476 = ORIENTED_EDGE('',*,*,#2432,.T.);
#2477 = PLANE('',#2478);
#2478 = AXIS2_PLACEMENT_3D('',#2479,#2480,#2481);
#2479 = CARTESIAN_POINT('',(-0.9,0.E+000,0.625));
#2480 = DIRECTION('',(1.,0.E+000,0.E+000));
#2481 = DIRECTION('',(0.E+000,0.E+000,-1.));
#2482 = ADVANCED_FACE('',(#2483),#2499,.F.);
#2483 = FACE_BOUND('',#2484,.T.);
#2484 = EDGE_LOOP('',(#2485,#2491,#2492,#2498));
#2485 = ORIENTED_EDGE('',*,*,#2486,.T.);
#2486 = EDGE_CURVE('',#2456,#2385,#2487,.T.);
#2487 = LINE('',#2488,#2489);
#2488 = CARTESIAN_POINT('',(-0.9,0.1,0.375));
#2489 = VECTOR('',#2490,1.);
#2490 = DIRECTION('',(1.,0.E+000,0.E+000));
#2491 = ORIENTED_EDGE('',*,*,#2410,.F.);
#2492 = ORIENTED_EDGE('',*,*,#2493,.F.);
#2493 = EDGE_CURVE('',#2464,#2403,#2494,.T.);
#2494 = LINE('',#2495,#2496);
#2495 = CARTESIAN_POINT('',(-0.9,0.E+000,0.375));
#2496 = VECTOR('',#2497,1.);
#2497 = DIRECTION('',(1.,0.E+000,0.E+000));
#2498 = ORIENTED_EDGE('',*,*,#2463,.T.);
#2499 = PLANE('',#2500);
#2500 = AXIS2_PLACEMENT_3D('',#2501,#2502,#2503);
#2501 = CARTESIAN_POINT('',(-0.9,0.E+000,0.375));
#2502 = DIRECTION('',(-0.E+000,0.E+000,1.));
#2503 = DIRECTION('',(1.,0.E+000,0.E+000));
#2504 = ADVANCED_FACE('',(#2505),#2511,.T.);
#2505 = FACE_BOUND('',#2506,.T.);
#2506 = EDGE_LOOP('',(#2507,#2508,#2509,#2510));
#2507 = ORIENTED_EDGE('',*,*,#2402,.T.);
#2508 = ORIENTED_EDGE('',*,*,#2440,.T.);
#2509 = ORIENTED_EDGE('',*,*,#2471,.T.);
#2510 = ORIENTED_EDGE('',*,*,#2493,.T.);
#2511 = PLANE('',#2512);
#2512 = AXIS2_PLACEMENT_3D('',#2513,#2514,#2515);
#2513 = CARTESIAN_POINT('',(0.E+000,0.E+000,0.E+000));
#2514 = DIRECTION('',(0.E+000,-1.,0.E+000));
#2515 = DIRECTION('',(0.E+000,-0.E+000,-1.));
#2516 = ADVANCED_FACE('',(#2517),#2523,.F.);
#2517 = FACE_BOUND('',#2518,.T.);
#2518 = EDGE_LOOP('',(#2519,#2520,#2521,#2522));
#2519 = ORIENTED_EDGE('',*,*,#2384,.F.);
#2520 = ORIENTED_EDGE('',*,*,#2486,.F.);
#2521 = ORIENTED_EDGE('',*,*,#2455,.F.);
#2522 = ORIENTED_EDGE('',*,*,#2424,.F.);
#2523 = PLANE('',#2524);
#2524 = AXIS2_PLACEMENT_3D('',#2525,#2526,#2527);
#2525 = CARTESIAN_POINT('',(0.E+000,0.1,0.E+000));
#2526 = DIRECTION('',(0.E+000,-1.,0.E+000));
#2527 = DIRECTION('',(0.E+000,-0.E+000,-1.));
#2528 = MANIFOLD_SOLID_BREP('',#2529);
#2529 = CLOSED_SHELL('',(#2530,#2570,#2601,#2632,#2654,#2666));
#2530 = ADVANCED_FACE('',(#2531),#2565,.F.);
#2531 = FACE_BOUND('',#2532,.T.);
#2532 = EDGE_LOOP('',(#2533,#2543,#2551,#2559));
#2533 = ORIENTED_EDGE('',*,*,#2534,.T.);
#2534 = EDGE_CURVE('',#2535,#2537,#2539,.T.);
#2535 = VERTEX_POINT('',#2536);
#2536 = CARTESIAN_POINT('',(-0.9,0.1,-0.125));
#2537 = VERTEX_POINT('',#2538);
#2538 = CARTESIAN_POINT('',(-0.625,0.1,-0.125));
#2539 = LINE('',#2540,#2541);
#2540 = CARTESIAN_POINT('',(-0.9,0.1,-0.125));
#2541 = VECTOR('',#2542,1.);
#2542 = DIRECTION('',(1.,0.E+000,3.942553354493E-016));
#2543 = ORIENTED_EDGE('',*,*,#2544,.F.);
#2544 = EDGE_CURVE('',#2545,#2537,#2547,.T.);
#2545 = VERTEX_POINT('',#2546);
#2546 = CARTESIAN_POINT('',(-0.625,0.E+000,-0.125));
#2547 = LINE('',#2548,#2549);
#2548 = CARTESIAN_POINT('',(-0.625,0.E+000,-0.125));
#2549 = VECTOR('',#2550,1.);
#2550 = DIRECTION('',(-0.E+000,1.,-0.E+000));
#2551 = ORIENTED_EDGE('',*,*,#2552,.F.);
#2552 = EDGE_CURVE('',#2553,#2545,#2555,.T.);
#2553 = VERTEX_POINT('',#2554);
#2554 = CARTESIAN_POINT('',(-0.9,0.E+000,-0.125));
#2555 = LINE('',#2556,#2557);
#2556 = CARTESIAN_POINT('',(-0.9,0.E+000,-0.125));
#2557 = VECTOR('',#2558,1.);
#2558 = DIRECTION('',(1.,0.E+000,3.942553354493E-016));
#2559 = ORIENTED_EDGE('',*,*,#2560,.T.);
#2560 = EDGE_CURVE('',#2553,#2535,#2561,.T.);
#2561 = LINE('',#2562,#2563);
#2562 = CARTESIAN_POINT('',(-0.9,0.E+000,-0.125));
#2563 = VECTOR('',#2564,1.);
#2564 = DIRECTION('',(-0.E+000,1.,-0.E+000));
#2565 = PLANE('',#2566);
#2566 = AXIS2_PLACEMENT_3D('',#2567,#2568,#2569);
#2567 = CARTESIAN_POINT('',(-0.9,0.E+000,-0.125));
#2568 = DIRECTION('',(-3.942553354493E-016,0.E+000,1.));
#2569 = DIRECTION('',(1.,0.E+000,3.942553354493E-016));
#2570 = ADVANCED_FACE('',(#2571),#2596,.F.);
#2571 = FACE_BOUND('',#2572,.T.);
#2572 = EDGE_LOOP('',(#2573,#2581,#2589,#2595));
#2573 = ORIENTED_EDGE('',*,*,#2574,.T.);
#2574 = EDGE_CURVE('',#2537,#2575,#2577,.T.);
#2575 = VERTEX_POINT('',#2576);
#2576 = CARTESIAN_POINT('',(-0.625,0.1,0.125));
#2577 = LINE('',#2578,#2579);
#2578 = CARTESIAN_POINT('',(-0.625,0.1,-0.125));
#2579 = VECTOR('',#2580,1.);
#2580 = DIRECTION('',(3.903127820948E-015,0.E+000,1.));
#2581 = ORIENTED_EDGE('',*,*,#2582,.F.);
#2582 = EDGE_CURVE('',#2583,#2575,#2585,.T.);
#2583 = VERTEX_POINT('',#2584);
#2584 = CARTESIAN_POINT('',(-0.625,0.E+000,0.125));
#2585 = LINE('',#2586,#2587);
#2586 = CARTESIAN_POINT('',(-0.625,0.E+000,0.125));
#2587 = VECTOR('',#2588,1.);
#2588 = DIRECTION('',(-0.E+000,1.,-0.E+000));
#2589 = ORIENTED_EDGE('',*,*,#2590,.F.);
#2590 = EDGE_CURVE('',#2545,#2583,#2591,.T.);
#2591 = LINE('',#2592,#2593);
#2592 = CARTESIAN_POINT('',(-0.625,0.E+000,-0.125));
#2593 = VECTOR('',#2594,1.);
#2594 = DIRECTION('',(3.903127820948E-015,0.E+000,1.));
#2595 = ORIENTED_EDGE('',*,*,#2544,.T.);
#2596 = PLANE('',#2597);
#2597 = AXIS2_PLACEMENT_3D('',#2598,#2599,#2600);
#2598 = CARTESIAN_POINT('',(-0.625,0.E+000,-0.125));
#2599 = DIRECTION('',(-1.,0.E+000,3.903127820948E-015));
#2600 = DIRECTION('',(3.903127820948E-015,0.E+000,1.));
#2601 = ADVANCED_FACE('',(#2602),#2627,.F.);
#2602 = FACE_BOUND('',#2603,.T.);
#2603 = EDGE_LOOP('',(#2604,#2612,#2620,#2626));
#2604 = ORIENTED_EDGE('',*,*,#2605,.T.);
#2605 = EDGE_CURVE('',#2575,#2606,#2608,.T.);
#2606 = VERTEX_POINT('',#2607);
#2607 = CARTESIAN_POINT('',(-0.9,0.1,0.125));
#2608 = LINE('',#2609,#2610);
#2609 = CARTESIAN_POINT('',(-0.625,0.1,0.125));
#2610 = VECTOR('',#2611,1.);
#2611 = DIRECTION('',(-1.,0.E+000,-5.913830031739E-016));
#2612 = ORIENTED_EDGE('',*,*,#2613,.F.);
#2613 = EDGE_CURVE('',#2614,#2606,#2616,.T.);
#2614 = VERTEX_POINT('',#2615);
#2615 = CARTESIAN_POINT('',(-0.9,0.E+000,0.125));
#2616 = LINE('',#2617,#2618);
#2617 = CARTESIAN_POINT('',(-0.9,0.E+000,0.125));
#2618 = VECTOR('',#2619,1.);
#2619 = DIRECTION('',(-0.E+000,1.,-0.E+000));
#2620 = ORIENTED_EDGE('',*,*,#2621,.F.);
#2621 = EDGE_CURVE('',#2583,#2614,#2622,.T.);
#2622 = LINE('',#2623,#2624);
#2623 = CARTESIAN_POINT('',(-0.625,0.E+000,0.125));
#2624 = VECTOR('',#2625,1.);
#2625 = DIRECTION('',(-1.,0.E+000,-5.913830031739E-016));
#2626 = ORIENTED_EDGE('',*,*,#2582,.T.);
#2627 = PLANE('',#2628);
#2628 = AXIS2_PLACEMENT_3D('',#2629,#2630,#2631);
#2629 = CARTESIAN_POINT('',(-0.625,0.E+000,0.125));
#2630 = DIRECTION('',(5.913830031739E-016,0.E+000,-1.));
#2631 = DIRECTION('',(-1.,0.E+000,-5.913830031739E-016));
#2632 = ADVANCED_FACE('',(#2633),#2649,.F.);
#2633 = FACE_BOUND('',#2634,.T.);
#2634 = EDGE_LOOP('',(#2635,#2641,#2642,#2648));
#2635 = ORIENTED_EDGE('',*,*,#2636,.T.);
#2636 = EDGE_CURVE('',#2606,#2535,#2637,.T.);
#2637 = LINE('',#2638,#2639);
#2638 = CARTESIAN_POINT('',(-0.9,0.1,0.125));
#2639 = VECTOR('',#2640,1.);
#2640 = DIRECTION('',(4.336808689942E-015,0.E+000,-1.));
#2641 = ORIENTED_EDGE('',*,*,#2560,.F.);
#2642 = ORIENTED_EDGE('',*,*,#2643,.F.);
#2643 = EDGE_CURVE('',#2614,#2553,#2644,.T.);
#2644 = LINE('',#2645,#2646);
#2645 = CARTESIAN_POINT('',(-0.9,0.E+000,0.125));
#2646 = VECTOR('',#2647,1.);
#2647 = DIRECTION('',(4.336808689942E-015,0.E+000,-1.));
#2648 = ORIENTED_EDGE('',*,*,#2613,.T.);
#2649 = PLANE('',#2650);
#2650 = AXIS2_PLACEMENT_3D('',#2651,#2652,#2653);
#2651 = CARTESIAN_POINT('',(-0.9,0.E+000,0.125));
#2652 = DIRECTION('',(1.,0.E+000,4.336808689942E-015));
#2653 = DIRECTION('',(4.336808689942E-015,0.E+000,-1.));
#2654 = ADVANCED_FACE('',(#2655),#2661,.T.);
#2655 = FACE_BOUND('',#2656,.T.);
#2656 = EDGE_LOOP('',(#2657,#2658,#2659,#2660));
#2657 = ORIENTED_EDGE('',*,*,#2552,.T.);
#2658 = ORIENTED_EDGE('',*,*,#2590,.T.);
#2659 = ORIENTED_EDGE('',*,*,#2621,.T.);
#2660 = ORIENTED_EDGE('',*,*,#2643,.T.);
#2661 = PLANE('',#2662);
#2662 = AXIS2_PLACEMENT_3D('',#2663,#2664,#2665);
#2663 = CARTESIAN_POINT('',(0.E+000,0.E+000,0.E+000));
#2664 = DIRECTION('',(0.E+000,-1.,0.E+000));
#2665 = DIRECTION('',(0.E+000,-0.E+000,-1.));
#2666 = ADVANCED_FACE('',(#2667),#2673,.F.);
#2667 = FACE_BOUND('',#2668,.T.);
#2668 = EDGE_LOOP('',(#2669,#2670,#2671,#2672));
#2669 = ORIENTED_EDGE('',*,*,#2534,.F.);
#2670 = ORIENTED_EDGE('',*,*,#2636,.F.);
#2671 = ORIENTED_EDGE('',*,*,#2605,.F.);
#2672 = ORIENTED_EDGE('',*,*,#2574,.F.);
#2673 = PLANE('',#2674);
#2674 = AXIS2_PLACEMENT_3D('',#2675,#2676,#2677);
#2675 = CARTESIAN_POINT('',(0.E+000,0.1,0.E+000));
#2676 = DIRECTION('',(0.E+000,-1.,0.E+000));
#2677 = DIRECTION('',(0.E+000,-0.E+000,-1.));
#2678 = MANIFOLD_SOLID_BREP('',#2679);
#2679 = CLOSED_SHELL('',(#2680,#2720,#2751,#2782,#2804,#2816));
#2680 = ADVANCED_FACE('',(#2681),#2715,.F.);
#2681 = FACE_BOUND('',#2682,.T.);
#2682 = EDGE_LOOP('',(#2683,#2693,#2701,#2709));
#2683 = ORIENTED_EDGE('',*,*,#2684,.T.);
#2684 = EDGE_CURVE('',#2685,#2687,#2689,.T.);
#2685 = VERTEX_POINT('',#2686);
#2686 = CARTESIAN_POINT('',(0.625,0.1,0.125));
#2687 = VERTEX_POINT('',#2688);
#2688 = CARTESIAN_POINT('',(0.625,0.1,-0.125));
#2689 = LINE('',#2690,#2691);
#2690 = CARTESIAN_POINT('',(0.625,0.1,0.125));
#2691 = VECTOR('',#2692,1.);
#2692 = DIRECTION('',(3.903127820948E-015,0.E+000,-1.));
#2693 = ORIENTED_EDGE('',*,*,#2694,.F.);
#2694 = EDGE_CURVE('',#2695,#2687,#2697,.T.);
#2695 = VERTEX_POINT('',#2696);
#2696 = CARTESIAN_POINT('',(0.625,0.E+000,-0.125));
#2697 = LINE('',#2698,#2699);
#2698 = CARTESIAN_POINT('',(0.625,0.E+000,-0.125));
#2699 = VECTOR('',#2700,1.);
#2700 = DIRECTION('',(-0.E+000,1.,-0.E+000));
#2701 = ORIENTED_EDGE('',*,*,#2702,.F.);
#2702 = EDGE_CURVE('',#2703,#2695,#2705,.T.);
#2703 = VERTEX_POINT('',#2704);
#2704 = CARTESIAN_POINT('',(0.625,0.E+000,0.125));
#2705 = LINE('',#2706,#2707);
#2706 = CARTESIAN_POINT('',(0.625,0.E+000,0.125));
#2707 = VECTOR('',#2708,1.);
#2708 = DIRECTION('',(3.903127820948E-015,0.E+000,-1.));
#2709 = ORIENTED_EDGE('',*,*,#2710,.T.);
#2710 = EDGE_CURVE('',#2703,#2685,#2711,.T.);
#2711 = LINE('',#2712,#2713);
#2712 = CARTESIAN_POINT('',(0.625,0.E+000,0.125));
#2713 = VECTOR('',#2714,1.);
#2714 = DIRECTION('',(-0.E+000,1.,-0.E+000));
#2715 = PLANE('',#2716);
#2716 = AXIS2_PLACEMENT_3D('',#2717,#2718,#2719);
#2717 = CARTESIAN_POINT('',(0.625,0.E+000,0.125));
#2718 = DIRECTION('',(1.,0.E+000,3.903127820948E-015));
#2719 = DIRECTION('',(3.903127820948E-015,0.E+000,-1.));
#2720 = ADVANCED_FACE('',(#2721),#2746,.F.);
#2721 = FACE_BOUND('',#2722,.T.);
#2722 = EDGE_LOOP('',(#2723,#2731,#2739,#2745));
#2723 = ORIENTED_EDGE('',*,*,#2724,.T.);
#2724 = EDGE_CURVE('',#2687,#2725,#2727,.T.);
#2725 = VERTEX_POINT('',#2726);
#2726 = CARTESIAN_POINT('',(0.9,0.1,-0.125));
#2727 = LINE('',#2728,#2729);
#2728 = CARTESIAN_POINT('',(0.625,0.1,-0.125));
#2729 = VECTOR('',#2730,1.);
#2730 = DIRECTION('',(1.,0.E+000,-3.942553354493E-016));
#2731 = ORIENTED_EDGE('',*,*,#2732,.F.);
#2732 = EDGE_CURVE('',#2733,#2725,#2735,.T.);
#2733 = VERTEX_POINT('',#2734);
#2734 = CARTESIAN_POINT('',(0.9,0.E+000,-0.125));
#2735 = LINE('',#2736,#2737);
#2736 = CARTESIAN_POINT('',(0.9,0.E+000,-0.125));
#2737 = VECTOR('',#2738,1.);
#2738 = DIRECTION('',(-0.E+000,1.,-0.E+000));
#2739 = ORIENTED_EDGE('',*,*,#2740,.F.);
#2740 = EDGE_CURVE('',#2695,#2733,#2741,.T.);
#2741 = LINE('',#2742,#2743);
#2742 = CARTESIAN_POINT('',(0.625,0.E+000,-0.125));
#2743 = VECTOR('',#2744,1.);
#2744 = DIRECTION('',(1.,0.E+000,-3.942553354493E-016));
#2745 = ORIENTED_EDGE('',*,*,#2694,.T.);
#2746 = PLANE('',#2747);
#2747 = AXIS2_PLACEMENT_3D('',#2748,#2749,#2750);
#2748 = CARTESIAN_POINT('',(0.625,0.E+000,-0.125));
#2749 = DIRECTION('',(3.942553354493E-016,0.E+000,1.));
#2750 = DIRECTION('',(1.,0.E+000,-3.942553354493E-016));
#2751 = ADVANCED_FACE('',(#2752),#2777,.F.);
#2752 = FACE_BOUND('',#2753,.T.);
#2753 = EDGE_LOOP('',(#2754,#2762,#2770,#2776));
#2754 = ORIENTED_EDGE('',*,*,#2755,.T.);
#2755 = EDGE_CURVE('',#2725,#2756,#2758,.T.);
#2756 = VERTEX_POINT('',#2757);
#2757 = CARTESIAN_POINT('',(0.9,0.1,0.125));
#2758 = LINE('',#2759,#2760);
#2759 = CARTESIAN_POINT('',(0.9,0.1,-0.125));
#2760 = VECTOR('',#2761,1.);
#2761 = DIRECTION('',(4.336808689942E-015,0.E+000,1.));
#2762 = ORIENTED_EDGE('',*,*,#2763,.F.);
#2763 = EDGE_CURVE('',#2764,#2756,#2766,.T.);
#2764 = VERTEX_POINT('',#2765);
#2765 = CARTESIAN_POINT('',(0.9,0.E+000,0.125));
#2766 = LINE('',#2767,#2768);
#2767 = CARTESIAN_POINT('',(0.9,0.E+000,0.125));
#2768 = VECTOR('',#2769,1.);
#2769 = DIRECTION('',(-0.E+000,1.,-0.E+000));
#2770 = ORIENTED_EDGE('',*,*,#2771,.F.);
#2771 = EDGE_CURVE('',#2733,#2764,#2772,.T.);
#2772 = LINE('',#2773,#2774);
#2773 = CARTESIAN_POINT('',(0.9,0.E+000,-0.125));
#2774 = VECTOR('',#2775,1.);
#2775 = DIRECTION('',(4.336808689942E-015,0.E+000,1.));
#2776 = ORIENTED_EDGE('',*,*,#2732,.T.);
#2777 = PLANE('',#2778);
#2778 = AXIS2_PLACEMENT_3D('',#2779,#2780,#2781);
#2779 = CARTESIAN_POINT('',(0.9,0.E+000,-0.125));
#2780 = DIRECTION('',(-1.,0.E+000,4.336808689942E-015));
#2781 = DIRECTION('',(4.336808689942E-015,0.E+000,1.));
#2782 = ADVANCED_FACE('',(#2783),#2799,.F.);
#2783 = FACE_BOUND('',#2784,.T.);
#2784 = EDGE_LOOP('',(#2785,#2791,#2792,#2798));
#2785 = ORIENTED_EDGE('',*,*,#2786,.T.);
#2786 = EDGE_CURVE('',#2756,#2685,#2787,.T.);
#2787 = LINE('',#2788,#2789);
#2788 = CARTESIAN_POINT('',(0.9,0.1,0.125));
#2789 = VECTOR('',#2790,1.);
#2790 = DIRECTION('',(-1.,0.E+000,0.E+000));
#2791 = ORIENTED_EDGE('',*,*,#2710,.F.);
#2792 = ORIENTED_EDGE('',*,*,#2793,.F.);
#2793 = EDGE_CURVE('',#2764,#2703,#2794,.T.);
#2794 = LINE('',#2795,#2796);
#2795 = CARTESIAN_POINT('',(0.9,0.E+000,0.125));
#2796 = VECTOR('',#2797,1.);
#2797 = DIRECTION('',(-1.,0.E+000,0.E+000));
#2798 = ORIENTED_EDGE('',*,*,#2763,.T.);
#2799 = PLANE('',#2800);
#2800 = AXIS2_PLACEMENT_3D('',#2801,#2802,#2803);
#2801 = CARTESIAN_POINT('',(0.9,0.E+000,0.125));
#2802 = DIRECTION('',(-0.E+000,0.E+000,-1.));
#2803 = DIRECTION('',(-1.,0.E+000,0.E+000));
#2804 = ADVANCED_FACE('',(#2805),#2811,.T.);
#2805 = FACE_BOUND('',#2806,.T.);
#2806 = EDGE_LOOP('',(#2807,#2808,#2809,#2810));
#2807 = ORIENTED_EDGE('',*,*,#2702,.T.);
#2808 = ORIENTED_EDGE('',*,*,#2740,.T.);
#2809 = ORIENTED_EDGE('',*,*,#2771,.T.);
#2810 = ORIENTED_EDGE('',*,*,#2793,.T.);
#2811 = PLANE('',#2812);
#2812 = AXIS2_PLACEMENT_3D('',#2813,#2814,#2815);
#2813 = CARTESIAN_POINT('',(0.E+000,0.E+000,0.E+000));
#2814 = DIRECTION('',(0.E+000,-1.,0.E+000));
#2815 = DIRECTION('',(0.E+000,-0.E+000,-1.));
#2816 = ADVANCED_FACE('',(#2817),#2823,.F.);
#2817 = FACE_BOUND('',#2818,.T.);
#2818 = EDGE_LOOP('',(#2819,#2820,#2821,#2822));
#2819 = ORIENTED_EDGE('',*,*,#2684,.F.);
#2820 = ORIENTED_EDGE('',*,*,#2786,.F.);
#2821 = ORIENTED_EDGE('',*,*,#2755,.F.);
#2822 = ORIENTED_EDGE('',*,*,#2724,.F.);
#2823 = PLANE('',#2824);
#2824 = AXIS2_PLACEMENT_3D('',#2825,#2826,#2827);
#2825 = CARTESIAN_POINT('',(0.E+000,0.1,0.E+000));
#2826 = DIRECTION('',(0.E+000,-1.,0.E+000));
#2827 = DIRECTION('',(0.E+000,-0.E+000,-1.));
#2828 = MANIFOLD_SOLID_BREP('',#2829);
#2829 = CLOSED_SHELL('',(#2830,#2870,#2901,#2932,#2954,#2966));
#2830 = ADVANCED_FACE('',(#2831),#2865,.F.);
#2831 = FACE_BOUND('',#2832,.T.);
#2832 = EDGE_LOOP('',(#2833,#2843,#2851,#2859));
#2833 = ORIENTED_EDGE('',*,*,#2834,.T.);
#2834 = EDGE_CURVE('',#2835,#2837,#2839,.T.);
#2835 = VERTEX_POINT('',#2836);
#2836 = CARTESIAN_POINT('',(-0.9,0.1,-0.625));
#2837 = VERTEX_POINT('',#2838);
#2838 = CARTESIAN_POINT('',(-0.625,0.1,-0.625));
#2839 = LINE('',#2840,#2841);
#2840 = CARTESIAN_POINT('',(-0.9,0.1,-0.625));
#2841 = VECTOR('',#2842,1.);
#2842 = DIRECTION('',(1.,0.E+000,-3.942553354493E-016));
#2843 = ORIENTED_EDGE('',*,*,#2844,.F.);
#2844 = EDGE_CURVE('',#2845,#2837,#2847,.T.);
#2845 = VERTEX_POINT('',#2846);
#2846 = CARTESIAN_POINT('',(-0.625,0.E+000,-0.625));
#2847 = LINE('',#2848,#2849);
#2848 = CARTESIAN_POINT('',(-0.625,0.E+000,-0.625));
#2849 = VECTOR('',#2850,1.);
#2850 = DIRECTION('',(-0.E+000,1.,-0.E+000));
#2851 = ORIENTED_EDGE('',*,*,#2852,.F.);
#2852 = EDGE_CURVE('',#2853,#2845,#2855,.T.);
#2853 = VERTEX_POINT('',#2854);
#2854 = CARTESIAN_POINT('',(-0.9,0.E+000,-0.625));
#2855 = LINE('',#2856,#2857);
#2856 = CARTESIAN_POINT('',(-0.9,0.E+000,-0.625));
#2857 = VECTOR('',#2858,1.);
#2858 = DIRECTION('',(1.,0.E+000,-3.942553354493E-016));
#2859 = ORIENTED_EDGE('',*,*,#2860,.T.);
#2860 = EDGE_CURVE('',#2853,#2835,#2861,.T.);
#2861 = LINE('',#2862,#2863);
#2862 = CARTESIAN_POINT('',(-0.9,0.E+000,-0.625));
#2863 = VECTOR('',#2864,1.);
#2864 = DIRECTION('',(-0.E+000,1.,-0.E+000));
#2865 = PLANE('',#2866);
#2866 = AXIS2_PLACEMENT_3D('',#2867,#2868,#2869);
#2867 = CARTESIAN_POINT('',(-0.9,0.E+000,-0.625));
#2868 = DIRECTION('',(3.942553354493E-016,0.E+000,1.));
#2869 = DIRECTION('',(1.,0.E+000,-3.942553354493E-016));
#2870 = ADVANCED_FACE('',(#2871),#2896,.F.);
#2871 = FACE_BOUND('',#2872,.T.);
#2872 = EDGE_LOOP('',(#2873,#2881,#2889,#2895));
#2873 = ORIENTED_EDGE('',*,*,#2874,.T.);
#2874 = EDGE_CURVE('',#2837,#2875,#2877,.T.);
#2875 = VERTEX_POINT('',#2876);
#2876 = CARTESIAN_POINT('',(-0.625,0.1,-0.375));
#2877 = LINE('',#2878,#2879);
#2878 = CARTESIAN_POINT('',(-0.625,0.1,-0.625));
#2879 = VECTOR('',#2880,1.);
#2880 = DIRECTION('',(-4.336808689942E-016,0.E+000,1.));
#2881 = ORIENTED_EDGE('',*,*,#2882,.F.);
#2882 = EDGE_CURVE('',#2883,#2875,#2885,.T.);
#2883 = VERTEX_POINT('',#2884);
#2884 = CARTESIAN_POINT('',(-0.625,0.E+000,-0.375));
#2885 = LINE('',#2886,#2887);
#2886 = CARTESIAN_POINT('',(-0.625,0.E+000,-0.375));
#2887 = VECTOR('',#2888,1.);
#2888 = DIRECTION('',(-0.E+000,1.,-0.E+000));
#2889 = ORIENTED_EDGE('',*,*,#2890,.F.);
#2890 = EDGE_CURVE('',#2845,#2883,#2891,.T.);
#2891 = LINE('',#2892,#2893);
#2892 = CARTESIAN_POINT('',(-0.625,0.E+000,-0.625));
#2893 = VECTOR('',#2894,1.);
#2894 = DIRECTION('',(-4.336808689942E-016,0.E+000,1.));
#2895 = ORIENTED_EDGE('',*,*,#2844,.T.);
#2896 = PLANE('',#2897);
#2897 = AXIS2_PLACEMENT_3D('',#2898,#2899,#2900);
#2898 = CARTESIAN_POINT('',(-0.625,0.E+000,-0.625));
#2899 = DIRECTION('',(-1.,0.E+000,-4.336808689942E-016));
#2900 = DIRECTION('',(-4.336808689942E-016,0.E+000,1.));
#2901 = ADVANCED_FACE('',(#2902),#2927,.F.);
#2902 = FACE_BOUND('',#2903,.T.);
#2903 = EDGE_LOOP('',(#2904,#2912,#2920,#2926));
#2904 = ORIENTED_EDGE('',*,*,#2905,.T.);
#2905 = EDGE_CURVE('',#2875,#2906,#2908,.T.);
#2906 = VERTEX_POINT('',#2907);
#2907 = CARTESIAN_POINT('',(-0.9,0.1,-0.375));
#2908 = LINE('',#2909,#2910);
#2909 = CARTESIAN_POINT('',(-0.625,0.1,-0.375));
#2910 = VECTOR('',#2911,1.);
#2911 = DIRECTION('',(-1.,0.E+000,2.168404344971E-015));
#2912 = ORIENTED_EDGE('',*,*,#2913,.F.);
#2913 = EDGE_CURVE('',#2914,#2906,#2916,.T.);
#2914 = VERTEX_POINT('',#2915);
#2915 = CARTESIAN_POINT('',(-0.9,0.E+000,-0.375));
#2916 = LINE('',#2917,#2918);
#2917 = CARTESIAN_POINT('',(-0.9,0.E+000,-0.375));
#2918 = VECTOR('',#2919,1.);
#2919 = DIRECTION('',(-0.E+000,1.,-0.E+000));
#2920 = ORIENTED_EDGE('',*,*,#2921,.F.);
#2921 = EDGE_CURVE('',#2883,#2914,#2922,.T.);
#2922 = LINE('',#2923,#2924);
#2923 = CARTESIAN_POINT('',(-0.625,0.E+000,-0.375));
#2924 = VECTOR('',#2925,1.);
#2925 = DIRECTION('',(-1.,0.E+000,2.168404344971E-015));
#2926 = ORIENTED_EDGE('',*,*,#2882,.T.);
#2927 = PLANE('',#2928);
#2928 = AXIS2_PLACEMENT_3D('',#2929,#2930,#2931);
#2929 = CARTESIAN_POINT('',(-0.625,0.E+000,-0.375));
#2930 = DIRECTION('',(-2.168404344971E-015,0.E+000,-1.));
#2931 = DIRECTION('',(-1.,0.E+000,2.168404344971E-015));
#2932 = ADVANCED_FACE('',(#2933),#2949,.F.);
#2933 = FACE_BOUND('',#2934,.T.);
#2934 = EDGE_LOOP('',(#2935,#2941,#2942,#2948));
#2935 = ORIENTED_EDGE('',*,*,#2936,.T.);
#2936 = EDGE_CURVE('',#2906,#2835,#2937,.T.);
#2937 = LINE('',#2938,#2939);
#2938 = CARTESIAN_POINT('',(-0.9,0.1,-0.375));
#2939 = VECTOR('',#2940,1.);
#2940 = DIRECTION('',(0.E+000,0.E+000,-1.));
#2941 = ORIENTED_EDGE('',*,*,#2860,.F.);
#2942 = ORIENTED_EDGE('',*,*,#2943,.F.);
#2943 = EDGE_CURVE('',#2914,#2853,#2944,.T.);
#2944 = LINE('',#2945,#2946);
#2945 = CARTESIAN_POINT('',(-0.9,0.E+000,-0.375));
#2946 = VECTOR('',#2947,1.);
#2947 = DIRECTION('',(0.E+000,0.E+000,-1.));
#2948 = ORIENTED_EDGE('',*,*,#2913,.T.);
#2949 = PLANE('',#2950);
#2950 = AXIS2_PLACEMENT_3D('',#2951,#2952,#2953);
#2951 = CARTESIAN_POINT('',(-0.9,0.E+000,-0.375));
#2952 = DIRECTION('',(1.,0.E+000,0.E+000));
#2953 = DIRECTION('',(0.E+000,0.E+000,-1.));
#2954 = ADVANCED_FACE('',(#2955),#2961,.T.);
#2955 = FACE_BOUND('',#2956,.T.);
#2956 = EDGE_LOOP('',(#2957,#2958,#2959,#2960));
#2957 = ORIENTED_EDGE('',*,*,#2852,.T.);
#2958 = ORIENTED_EDGE('',*,*,#2890,.T.);
#2959 = ORIENTED_EDGE('',*,*,#2921,.T.);
#2960 = ORIENTED_EDGE('',*,*,#2943,.T.);
#2961 = PLANE('',#2962);
#2962 = AXIS2_PLACEMENT_3D('',#2963,#2964,#2965);
#2963 = CARTESIAN_POINT('',(0.E+000,0.E+000,0.E+000));
#2964 = DIRECTION('',(0.E+000,-1.,0.E+000));
#2965 = DIRECTION('',(0.E+000,-0.E+000,-1.));
#2966 = ADVANCED_FACE('',(#2967),#2973,.F.);
#2967 = FACE_BOUND('',#2968,.T.);
#2968 = EDGE_LOOP('',(#2969,#2970,#2971,#2972));
#2969 = ORIENTED_EDGE('',*,*,#2834,.F.);
#2970 = ORIENTED_EDGE('',*,*,#2936,.F.);
#2971 = ORIENTED_EDGE('',*,*,#2905,.F.);
#2972 = ORIENTED_EDGE('',*,*,#2874,.F.);
#2973 = PLANE('',#2974);
#2974 = AXIS2_PLACEMENT_3D('',#2975,#2976,#2977);
#2975 = CARTESIAN_POINT('',(0.E+000,0.1,0.E+000));
#2976 = DIRECTION('',(0.E+000,-1.,0.E+000));
#2977 = DIRECTION('',(0.E+000,-0.E+000,-1.));
#2978 = MANIFOLD_SOLID_BREP('',#2979);
#2979 = CLOSED_SHELL('',(#2980,#3022,#3064,#3106,#3148,#3180,#3211,#3236
    ,#3276,#3309,#3347,#3372,#3396,#3414,#3500,#3542,#3573,#3606,#3637,
    #3670,#3701,#3734,#3756,#3806,#3829,#3847,#3865,#3882,#3899,#3917,
    #3935,#3946,#3970,#3988,#4006,#4024,#4042,#4060,#4078,#4090,#4132,
    #4174,#4216,#4238,#4280,#4297,#4348,#4373,#4422,#4439,#4476,#4494,
    #4536,#4567,#4600,#4631,#4664,#4695,#4728,#4750,#4800,#4823,#4841,
    #4859,#4876,#4893,#4911,#4929,#4940,#4964,#4984,#5004,#5022,#5040,
    #5060,#5080,#5092));
#2980 = ADVANCED_FACE('',(#2981),#3017,.F.);
#2981 = FACE_BOUND('',#2982,.F.);
#2982 = EDGE_LOOP('',(#2983,#2993,#3002,#3010));
#2983 = ORIENTED_EDGE('',*,*,#2984,.T.);
#2984 = EDGE_CURVE('',#2985,#2987,#2989,.T.);
#2985 = VERTEX_POINT('',#2986);
#2986 = CARTESIAN_POINT('',(-0.355,0.75,0.48));
#2987 = VERTEX_POINT('',#2988);
#2988 = CARTESIAN_POINT('',(-0.355,0.8,0.48));
#2989 = LINE('',#2990,#2991);
#2990 = CARTESIAN_POINT('',(-0.355,0.3,0.48));
#2991 = VECTOR('',#2992,1.);
#2992 = DIRECTION('',(-0.E+000,1.,-0.E+000));
#2993 = ORIENTED_EDGE('',*,*,#2994,.F.);
#2994 = EDGE_CURVE('',#2995,#2987,#2997,.T.);
#2995 = VERTEX_POINT('',#2996);
#2996 = CARTESIAN_POINT('',(-0.355,0.8,0.23));
#2997 = CIRCLE('',#2998,0.125);
#2998 = AXIS2_PLACEMENT_3D('',#2999,#3000,#3001);
#2999 = CARTESIAN_POINT('',(-0.355,0.8,0.355));
#3000 = DIRECTION('',(0.E+000,1.,0.E+000));
#3001 = DIRECTION('',(0.E+000,-0.E+000,1.));
#3002 = ORIENTED_EDGE('',*,*,#3003,.F.);
#3003 = EDGE_CURVE('',#3004,#2995,#3006,.T.);
#3004 = VERTEX_POINT('',#3005);
#3005 = CARTESIAN_POINT('',(-0.355,0.75,0.23));
#3006 = LINE('',#3007,#3008);
#3007 = CARTESIAN_POINT('',(-0.355,0.3,0.23));
#3008 = VECTOR('',#3009,1.);
#3009 = DIRECTION('',(-0.E+000,1.,-0.E+000));
#3010 = ORIENTED_EDGE('',*,*,#3011,.T.);
#3011 = EDGE_CURVE('',#3004,#2985,#3012,.T.);
#3012 = CIRCLE('',#3013,0.125);
#3013 = AXIS2_PLACEMENT_3D('',#3014,#3015,#3016);
#3014 = CARTESIAN_POINT('',(-0.355,0.75,0.355));
#3015 = DIRECTION('',(0.E+000,1.,0.E+000));
#3016 = DIRECTION('',(0.E+000,-0.E+000,1.));
#3017 = CYLINDRICAL_SURFACE('',#3018,0.125);
#3018 = AXIS2_PLACEMENT_3D('',#3019,#3020,#3021);
#3019 = CARTESIAN_POINT('',(-0.355,0.3,0.355));
#3020 = DIRECTION('',(-0.E+000,1.,-0.E+000));
#3021 = DIRECTION('',(0.E+000,0.E+000,1.));
#3022 = ADVANCED_FACE('',(#3023),#3059,.T.);
#3023 = FACE_BOUND('',#3024,.T.);
#3024 = EDGE_LOOP('',(#3025,#3035,#3044,#3052));
#3025 = ORIENTED_EDGE('',*,*,#3026,.T.);
#3026 = EDGE_CURVE('',#3027,#3029,#3031,.T.);
#3027 = VERTEX_POINT('',#3028);
#3028 = CARTESIAN_POINT('',(-0.9,0.23,-0.78));
#3029 = VERTEX_POINT('',#3030);
#3030 = CARTESIAN_POINT('',(-0.9,0.23,-0.61));
#3031 = LINE('',#3032,#3033);
#3032 = CARTESIAN_POINT('',(-0.9,0.23,0.78));
#3033 = VECTOR('',#3034,1.);
#3034 = DIRECTION('',(-0.E+000,-0.E+000,1.));
#3035 = ORIENTED_EDGE('',*,*,#3036,.T.);
#3036 = EDGE_CURVE('',#3029,#3037,#3039,.T.);
#3037 = VERTEX_POINT('',#3038);
#3038 = CARTESIAN_POINT('',(-0.61,0.23,-0.9));
#3039 = CIRCLE('',#3040,0.29);
#3040 = AXIS2_PLACEMENT_3D('',#3041,#3042,#3043);
#3041 = CARTESIAN_POINT('',(-0.61,0.23,-0.61));
#3042 = DIRECTION('',(0.E+000,-1.,0.E+000));
#3043 = DIRECTION('',(0.E+000,0.E+000,1.));
#3044 = ORIENTED_EDGE('',*,*,#3045,.T.);
#3045 = EDGE_CURVE('',#3037,#3046,#3048,.T.);
#3046 = VERTEX_POINT('',#3047);
#3047 = CARTESIAN_POINT('',(-0.78,0.23,-0.9));
#3048 = LINE('',#3049,#3050);
#3049 = CARTESIAN_POINT('',(0.78,0.23,-0.9));
#3050 = VECTOR('',#3051,1.);
#3051 = DIRECTION('',(-1.,0.E+000,1.390002785238E-016));
#3052 = ORIENTED_EDGE('',*,*,#3053,.T.);
#3053 = EDGE_CURVE('',#3046,#3027,#3054,.T.);
#3054 = CIRCLE('',#3055,0.12);
#3055 = AXIS2_PLACEMENT_3D('',#3056,#3057,#3058);
#3056 = CARTESIAN_POINT('',(-0.78,0.23,-0.78));
#3057 = DIRECTION('',(0.E+000,1.,0.E+000));
#3058 = DIRECTION('',(0.E+000,-0.E+000,1.));
#3059 = PLANE('',#3060);
#3060 = AXIS2_PLACEMENT_3D('',#3061,#3062,#3063);
#3061 = CARTESIAN_POINT('',(0.78,0.23,-0.78));
#3062 = DIRECTION('',(0.E+000,1.,0.E+000));
#3063 = DIRECTION('',(0.E+000,-0.E+000,1.));
#3064 = ADVANCED_FACE('',(#3065),#3101,.T.);
#3065 = FACE_BOUND('',#3066,.T.);
#3066 = EDGE_LOOP('',(#3067,#3077,#3086,#3094));
#3067 = ORIENTED_EDGE('',*,*,#3068,.T.);
#3068 = EDGE_CURVE('',#3069,#3071,#3073,.T.);
#3069 = VERTEX_POINT('',#3070);
#3070 = CARTESIAN_POINT('',(0.78,0.23,-0.9));
#3071 = VERTEX_POINT('',#3072);
#3072 = CARTESIAN_POINT('',(0.61,0.23,-0.9));
#3073 = LINE('',#3074,#3075);
#3074 = CARTESIAN_POINT('',(0.78,0.23,-0.9));
#3075 = VECTOR('',#3076,1.);
#3076 = DIRECTION('',(-1.,0.E+000,1.390002785238E-016));
#3077 = ORIENTED_EDGE('',*,*,#3078,.T.);
#3078 = EDGE_CURVE('',#3071,#3079,#3081,.T.);
#3079 = VERTEX_POINT('',#3080);
#3080 = CARTESIAN_POINT('',(0.9,0.23,-0.61));
#3081 = CIRCLE('',#3082,0.29);
#3082 = AXIS2_PLACEMENT_3D('',#3083,#3084,#3085);
#3083 = CARTESIAN_POINT('',(0.61,0.23,-0.61));
#3084 = DIRECTION('',(0.E+000,-1.,0.E+000));
#3085 = DIRECTION('',(0.E+000,0.E+000,1.));
#3086 = ORIENTED_EDGE('',*,*,#3087,.T.);
#3087 = EDGE_CURVE('',#3079,#3088,#3090,.T.);
#3088 = VERTEX_POINT('',#3089);
#3089 = CARTESIAN_POINT('',(0.9,0.23,-0.78));
#3090 = LINE('',#3091,#3092);
#3091 = CARTESIAN_POINT('',(0.9,0.23,0.78));
#3092 = VECTOR('',#3093,1.);
#3093 = DIRECTION('',(0.E+000,0.E+000,-1.));
#3094 = ORIENTED_EDGE('',*,*,#3095,.T.);
#3095 = EDGE_CURVE('',#3088,#3069,#3096,.T.);
#3096 = CIRCLE('',#3097,0.12);
#3097 = AXIS2_PLACEMENT_3D('',#3098,#3099,#3100);
#3098 = CARTESIAN_POINT('',(0.78,0.23,-0.78));
#3099 = DIRECTION('',(0.E+000,1.,0.E+000));
#3100 = DIRECTION('',(0.E+000,-0.E+000,1.));
#3101 = PLANE('',#3102);
#3102 = AXIS2_PLACEMENT_3D('',#3103,#3104,#3105);
#3103 = CARTESIAN_POINT('',(0.78,0.23,-0.78));
#3104 = DIRECTION('',(0.E+000,1.,0.E+000));
#3105 = DIRECTION('',(0.E+000,-0.E+000,1.));
#3106 = ADVANCED_FACE('',(#3107),#3143,.T.);
#3107 = FACE_BOUND('',#3108,.T.);
#3108 = EDGE_LOOP('',(#3109,#3119,#3128,#3136));
#3109 = ORIENTED_EDGE('',*,*,#3110,.T.);
#3110 = EDGE_CURVE('',#3111,#3113,#3115,.T.);
#3111 = VERTEX_POINT('',#3112);
#3112 = CARTESIAN_POINT('',(0.9,0.23,0.78));
#3113 = VERTEX_POINT('',#3114);
#3114 = CARTESIAN_POINT('',(0.9,0.23,0.61));
#3115 = LINE('',#3116,#3117);
#3116 = CARTESIAN_POINT('',(0.9,0.23,0.78));
#3117 = VECTOR('',#3118,1.);
#3118 = DIRECTION('',(0.E+000,0.E+000,-1.));
#3119 = ORIENTED_EDGE('',*,*,#3120,.T.);
#3120 = EDGE_CURVE('',#3113,#3121,#3123,.T.);
#3121 = VERTEX_POINT('',#3122);
#3122 = CARTESIAN_POINT('',(0.61,0.23,0.9));
#3123 = CIRCLE('',#3124,0.29);
#3124 = AXIS2_PLACEMENT_3D('',#3125,#3126,#3127);
#3125 = CARTESIAN_POINT('',(0.61,0.23,0.61));
#3126 = DIRECTION('',(0.E+000,-1.,0.E+000));
#3127 = DIRECTION('',(0.E+000,0.E+000,1.));
#3128 = ORIENTED_EDGE('',*,*,#3129,.T.);
#3129 = EDGE_CURVE('',#3121,#3130,#3132,.T.);
#3130 = VERTEX_POINT('',#3131);
#3131 = CARTESIAN_POINT('',(0.78,0.23,0.9));
#3132 = LINE('',#3133,#3134);
#3133 = CARTESIAN_POINT('',(0.78,0.23,0.9));
#3134 = VECTOR('',#3135,1.);
#3135 = DIRECTION('',(1.,-0.E+000,-1.390002785238E-016));
#3136 = ORIENTED_EDGE('',*,*,#3137,.T.);
#3137 = EDGE_CURVE('',#3130,#3111,#3138,.T.);
#3138 = CIRCLE('',#3139,0.12);
#3139 = AXIS2_PLACEMENT_3D('',#3140,#3141,#3142);
#3140 = CARTESIAN_POINT('',(0.78,0.23,0.78));
#3141 = DIRECTION('',(0.E+000,1.,0.E+000));
#3142 = DIRECTION('',(0.E+000,-0.E+000,1.));
#3143 = PLANE('',#3144);
#3144 = AXIS2_PLACEMENT_3D('',#3145,#3146,#3147);
#3145 = CARTESIAN_POINT('',(0.78,0.23,-0.78));
#3146 = DIRECTION('',(0.E+000,1.,0.E+000));
#3147 = DIRECTION('',(0.E+000,-0.E+000,1.));
#3148 = ADVANCED_FACE('',(#3149),#3175,.T.);
#3149 = FACE_BOUND('',#3150,.T.);
#3150 = EDGE_LOOP('',(#3151,#3162,#3168,#3169));
#3151 = ORIENTED_EDGE('',*,*,#3152,.T.);
#3152 = EDGE_CURVE('',#3153,#3155,#3157,.T.);
#3153 = VERTEX_POINT('',#3154);
#3154 = CARTESIAN_POINT('',(0.9,0.13,-0.78));
#3155 = VERTEX_POINT('',#3156);
#3156 = CARTESIAN_POINT('',(0.78,0.13,-0.9));
#3157 = CIRCLE('',#3158,0.12);
#3158 = AXIS2_PLACEMENT_3D('',#3159,#3160,#3161);
#3159 = CARTESIAN_POINT('',(0.78,0.13,-0.78));
#3160 = DIRECTION('',(0.E+000,1.,0.E+000));
#3161 = DIRECTION('',(0.E+000,-0.E+000,1.));
#3162 = ORIENTED_EDGE('',*,*,#3163,.F.);
#3163 = EDGE_CURVE('',#3069,#3155,#3164,.T.);
#3164 = LINE('',#3165,#3166);
#3165 = CARTESIAN_POINT('',(0.78,0.23,-0.9));
#3166 = VECTOR('',#3167,1.);
#3167 = DIRECTION('',(-0.E+000,-1.,-0.E+000));
#3168 = ORIENTED_EDGE('',*,*,#3095,.F.);
#3169 = ORIENTED_EDGE('',*,*,#3170,.T.);
#3170 = EDGE_CURVE('',#3088,#3153,#3171,.T.);
#3171 = LINE('',#3172,#3173);
#3172 = CARTESIAN_POINT('',(0.9,0.23,-0.78));
#3173 = VECTOR('',#3174,1.);
#3174 = DIRECTION('',(-0.E+000,-1.,-0.E+000));
#3175 = CYLINDRICAL_SURFACE('',#3176,0.12);
#3176 = AXIS2_PLACEMENT_3D('',#3177,#3178,#3179);
#3177 = CARTESIAN_POINT('',(0.78,0.23,-0.78));
#3178 = DIRECTION('',(-0.E+000,-1.,-0.E+000));
#3179 = DIRECTION('',(0.E+000,0.E+000,-1.));
#3180 = ADVANCED_FACE('',(#3181),#3206,.F.);
#3181 = FACE_BOUND('',#3182,.T.);
#3182 = EDGE_LOOP('',(#3183,#3191,#3197,#3198,#3204,#3205));
#3183 = ORIENTED_EDGE('',*,*,#3184,.T.);
#3184 = EDGE_CURVE('',#3155,#3185,#3187,.T.);
#3185 = VERTEX_POINT('',#3186);
#3186 = CARTESIAN_POINT('',(-0.78,0.13,-0.9));
#3187 = LINE('',#3188,#3189);
#3188 = CARTESIAN_POINT('',(0.78,0.13,-0.9));
#3189 = VECTOR('',#3190,1.);
#3190 = DIRECTION('',(-1.,0.E+000,1.390002785238E-016));
#3191 = ORIENTED_EDGE('',*,*,#3192,.F.);
#3192 = EDGE_CURVE('',#3046,#3185,#3193,.T.);
#3193 = LINE('',#3194,#3195);
#3194 = CARTESIAN_POINT('',(-0.78,0.23,-0.9));
#3195 = VECTOR('',#3196,1.);
#3196 = DIRECTION('',(-0.E+000,-1.,-0.E+000));
#3197 = ORIENTED_EDGE('',*,*,#3045,.F.);
#3198 = ORIENTED_EDGE('',*,*,#3199,.F.);
#3199 = EDGE_CURVE('',#3071,#3037,#3200,.T.);
#3200 = LINE('',#3201,#3202);
#3201 = CARTESIAN_POINT('',(0.78,0.23,-0.9));
#3202 = VECTOR('',#3203,1.);
#3203 = DIRECTION('',(-1.,0.E+000,1.390002785238E-016));
#3204 = ORIENTED_EDGE('',*,*,#3068,.F.);
#3205 = ORIENTED_EDGE('',*,*,#3163,.T.);
#3206 = PLANE('',#3207);
#3207 = AXIS2_PLACEMENT_3D('',#3208,#3209,#3210);
#3208 = CARTESIAN_POINT('',(0.78,0.23,-0.9));
#3209 = DIRECTION('',(1.390002785238E-016,-0.E+000,1.));
#3210 = DIRECTION('',(1.,0.E+000,-1.390002785238E-016));
#3211 = ADVANCED_FACE('',(#3212),#3231,.T.);
#3212 = FACE_BOUND('',#3213,.T.);
#3213 = EDGE_LOOP('',(#3214,#3223,#3229,#3230));
#3214 = ORIENTED_EDGE('',*,*,#3215,.T.);
#3215 = EDGE_CURVE('',#3185,#3216,#3218,.T.);
#3216 = VERTEX_POINT('',#3217);
#3217 = CARTESIAN_POINT('',(-0.9,0.13,-0.78));
#3218 = CIRCLE('',#3219,0.12);
#3219 = AXIS2_PLACEMENT_3D('',#3220,#3221,#3222);
#3220 = CARTESIAN_POINT('',(-0.78,0.13,-0.78));
#3221 = DIRECTION('',(0.E+000,1.,0.E+000));
#3222 = DIRECTION('',(0.E+000,-0.E+000,1.));
#3223 = ORIENTED_EDGE('',*,*,#3224,.F.);
#3224 = EDGE_CURVE('',#3027,#3216,#3225,.T.);
#3225 = LINE('',#3226,#3227);
#3226 = CARTESIAN_POINT('',(-0.9,0.23,-0.78));
#3227 = VECTOR('',#3228,1.);
#3228 = DIRECTION('',(-0.E+000,-1.,-0.E+000));
#3229 = ORIENTED_EDGE('',*,*,#3053,.F.);
#3230 = ORIENTED_EDGE('',*,*,#3192,.T.);
#3231 = CYLINDRICAL_SURFACE('',#3232,0.12);
#3232 = AXIS2_PLACEMENT_3D('',#3233,#3234,#3235);
#3233 = CARTESIAN_POINT('',(-0.78,0.23,-0.78));
#3234 = DIRECTION('',(-0.E+000,-1.,-0.E+000));
#3235 = DIRECTION('',(0.E+000,0.E+000,-1.));
#3236 = ADVANCED_FACE('',(#3237),#3271,.F.);
#3237 = FACE_BOUND('',#3238,.T.);
#3238 = EDGE_LOOP('',(#3239,#3247,#3255,#3263,#3269,#3270));
#3239 = ORIENTED_EDGE('',*,*,#3240,.T.);
#3240 = EDGE_CURVE('',#3216,#3241,#3243,.T.);
#3241 = VERTEX_POINT('',#3242);
#3242 = CARTESIAN_POINT('',(-0.9,0.13,0.78));
#3243 = LINE('',#3244,#3245);
#3244 = CARTESIAN_POINT('',(-0.9,0.13,0.78));
#3245 = VECTOR('',#3246,1.);
#3246 = DIRECTION('',(-0.E+000,-0.E+000,1.));
#3247 = ORIENTED_EDGE('',*,*,#3248,.F.);
#3248 = EDGE_CURVE('',#3249,#3241,#3251,.T.);
#3249 = VERTEX_POINT('',#3250);
#3250 = CARTESIAN_POINT('',(-0.9,0.23,0.78));
#3251 = LINE('',#3252,#3253);
#3252 = CARTESIAN_POINT('',(-0.9,0.23,0.78));
#3253 = VECTOR('',#3254,1.);
#3254 = DIRECTION('',(-0.E+000,-1.,-0.E+000));
#3255 = ORIENTED_EDGE('',*,*,#3256,.F.);
#3256 = EDGE_CURVE('',#3257,#3249,#3259,.T.);
#3257 = VERTEX_POINT('',#3258);
#3258 = CARTESIAN_POINT('',(-0.9,0.23,0.61));
#3259 = LINE('',#3260,#3261);
#3260 = CARTESIAN_POINT('',(-0.9,0.23,0.78));
#3261 = VECTOR('',#3262,1.);
#3262 = DIRECTION('',(-0.E+000,-0.E+000,1.));
#3263 = ORIENTED_EDGE('',*,*,#3264,.F.);
#3264 = EDGE_CURVE('',#3029,#3257,#3265,.T.);
#3265 = LINE('',#3266,#3267);
#3266 = CARTESIAN_POINT('',(-0.9,0.23,0.78));
#3267 = VECTOR('',#3268,1.);
#3268 = DIRECTION('',(-0.E+000,-0.E+000,1.));
#3269 = ORIENTED_EDGE('',*,*,#3026,.F.);
#3270 = ORIENTED_EDGE('',*,*,#3224,.T.);
#3271 = PLANE('',#3272);
#3272 = AXIS2_PLACEMENT_3D('',#3273,#3274,#3275);
#3273 = CARTESIAN_POINT('',(-0.9,0.23,0.78));
#3274 = DIRECTION('',(1.,-0.E+000,0.E+000));
#3275 = DIRECTION('',(0.E+000,0.E+000,-1.));
#3276 = ADVANCED_FACE('',(#3277),#3304,.T.);
#3277 = FACE_BOUND('',#3278,.T.);
#3278 = EDGE_LOOP('',(#3279,#3288,#3296,#3303));
#3279 = ORIENTED_EDGE('',*,*,#3280,.T.);
#3280 = EDGE_CURVE('',#3241,#3281,#3283,.T.);
#3281 = VERTEX_POINT('',#3282);
#3282 = CARTESIAN_POINT('',(-0.78,0.13,0.9));
#3283 = CIRCLE('',#3284,0.12);
#3284 = AXIS2_PLACEMENT_3D('',#3285,#3286,#3287);
#3285 = CARTESIAN_POINT('',(-0.78,0.13,0.78));
#3286 = DIRECTION('',(0.E+000,1.,0.E+000));
#3287 = DIRECTION('',(0.E+000,-0.E+000,-1.));
#3288 = ORIENTED_EDGE('',*,*,#3289,.F.);
#3289 = EDGE_CURVE('',#3290,#3281,#3292,.T.);
#3290 = VERTEX_POINT('',#3291);
#3291 = CARTESIAN_POINT('',(-0.78,0.23,0.9));
#3292 = LINE('',#3293,#3294);
#3293 = CARTESIAN_POINT('',(-0.78,0.23,0.9));
#3294 = VECTOR('',#3295,1.);
#3295 = DIRECTION('',(-0.E+000,-1.,-0.E+000));
#3296 = ORIENTED_EDGE('',*,*,#3297,.F.);
#3297 = EDGE_CURVE('',#3249,#3290,#3298,.T.);
#3298 = CIRCLE('',#3299,0.12);
#3299 = AXIS2_PLACEMENT_3D('',#3300,#3301,#3302);
#3300 = CARTESIAN_POINT('',(-0.78,0.23,0.78));
#3301 = DIRECTION('',(0.E+000,1.,0.E+000));
#3302 = DIRECTION('',(0.E+000,-0.E+000,-1.));
#3303 = ORIENTED_EDGE('',*,*,#3248,.T.);
#3304 = CYLINDRICAL_SURFACE('',#3305,0.12);
#3305 = AXIS2_PLACEMENT_3D('',#3306,#3307,#3308);
#3306 = CARTESIAN_POINT('',(-0.78,0.23,0.78));
#3307 = DIRECTION('',(-0.E+000,-1.,-0.E+000));
#3308 = DIRECTION('',(0.E+000,0.E+000,-1.));
#3309 = ADVANCED_FACE('',(#3310),#3342,.F.);
#3310 = FACE_BOUND('',#3311,.T.);
#3311 = EDGE_LOOP('',(#3312,#3320,#3326,#3327,#3335,#3341));
#3312 = ORIENTED_EDGE('',*,*,#3313,.T.);
#3313 = EDGE_CURVE('',#3281,#3314,#3316,.T.);
#3314 = VERTEX_POINT('',#3315);
#3315 = CARTESIAN_POINT('',(0.78,0.13,0.9));
#3316 = LINE('',#3317,#3318);
#3317 = CARTESIAN_POINT('',(0.78,0.13,0.9));
#3318 = VECTOR('',#3319,1.);
#3319 = DIRECTION('',(1.,-0.E+000,-1.390002785238E-016));
#3320 = ORIENTED_EDGE('',*,*,#3321,.F.);
#3321 = EDGE_CURVE('',#3130,#3314,#3322,.T.);
#3322 = LINE('',#3323,#3324);
#3323 = CARTESIAN_POINT('',(0.78,0.23,0.9));
#3324 = VECTOR('',#3325,1.);
#3325 = DIRECTION('',(-0.E+000,-1.,-0.E+000));
#3326 = ORIENTED_EDGE('',*,*,#3129,.F.);
#3327 = ORIENTED_EDGE('',*,*,#3328,.F.);
#3328 = EDGE_CURVE('',#3329,#3121,#3331,.T.);
#3329 = VERTEX_POINT('',#3330);
#3330 = CARTESIAN_POINT('',(-0.61,0.23,0.9));
#3331 = LINE('',#3332,#3333);
#3332 = CARTESIAN_POINT('',(0.78,0.23,0.9));
#3333 = VECTOR('',#3334,1.);
#3334 = DIRECTION('',(1.,-0.E+000,-1.390002785238E-016));
#3335 = ORIENTED_EDGE('',*,*,#3336,.F.);
#3336 = EDGE_CURVE('',#3290,#3329,#3337,.T.);
#3337 = LINE('',#3338,#3339);
#3338 = CARTESIAN_POINT('',(0.78,0.23,0.9));
#3339 = VECTOR('',#3340,1.);
#3340 = DIRECTION('',(1.,-0.E+000,-1.390002785238E-016));
#3341 = ORIENTED_EDGE('',*,*,#3289,.T.);
#3342 = PLANE('',#3343);
#3343 = AXIS2_PLACEMENT_3D('',#3344,#3345,#3346);
#3344 = CARTESIAN_POINT('',(0.78,0.23,0.9));
#3345 = DIRECTION('',(-1.390002785238E-016,0.E+000,-1.));
#3346 = DIRECTION('',(-1.,0.E+000,1.390002785238E-016));
#3347 = ADVANCED_FACE('',(#3348),#3367,.T.);
#3348 = FACE_BOUND('',#3349,.T.);
#3349 = EDGE_LOOP('',(#3350,#3359,#3365,#3366));
#3350 = ORIENTED_EDGE('',*,*,#3351,.T.);
#3351 = EDGE_CURVE('',#3314,#3352,#3354,.T.);
#3352 = VERTEX_POINT('',#3353);
#3353 = CARTESIAN_POINT('',(0.9,0.13,0.78));
#3354 = CIRCLE('',#3355,0.12);
#3355 = AXIS2_PLACEMENT_3D('',#3356,#3357,#3358);
#3356 = CARTESIAN_POINT('',(0.78,0.13,0.78));
#3357 = DIRECTION('',(0.E+000,1.,0.E+000));
#3358 = DIRECTION('',(0.E+000,-0.E+000,1.));
#3359 = ORIENTED_EDGE('',*,*,#3360,.F.);
#3360 = EDGE_CURVE('',#3111,#3352,#3361,.T.);
#3361 = LINE('',#3362,#3363);
#3362 = CARTESIAN_POINT('',(0.9,0.23,0.78));
#3363 = VECTOR('',#3364,1.);
#3364 = DIRECTION('',(-0.E+000,-1.,-0.E+000));
#3365 = ORIENTED_EDGE('',*,*,#3137,.F.);
#3366 = ORIENTED_EDGE('',*,*,#3321,.T.);
#3367 = CYLINDRICAL_SURFACE('',#3368,0.12);
#3368 = AXIS2_PLACEMENT_3D('',#3369,#3370,#3371);
#3369 = CARTESIAN_POINT('',(0.78,0.23,0.78));
#3370 = DIRECTION('',(-0.E+000,-1.,-0.E+000));
#3371 = DIRECTION('',(0.E+000,0.E+000,-1.));
#3372 = ADVANCED_FACE('',(#3373),#3391,.F.);
#3373 = FACE_BOUND('',#3374,.T.);
#3374 = EDGE_LOOP('',(#3375,#3381,#3382,#3383,#3389,#3390));
#3375 = ORIENTED_EDGE('',*,*,#3376,.T.);
#3376 = EDGE_CURVE('',#3352,#3153,#3377,.T.);
#3377 = LINE('',#3378,#3379);
#3378 = CARTESIAN_POINT('',(0.9,0.13,0.78));
#3379 = VECTOR('',#3380,1.);
#3380 = DIRECTION('',(0.E+000,0.E+000,-1.));
#3381 = ORIENTED_EDGE('',*,*,#3170,.F.);
#3382 = ORIENTED_EDGE('',*,*,#3087,.F.);
#3383 = ORIENTED_EDGE('',*,*,#3384,.F.);
#3384 = EDGE_CURVE('',#3113,#3079,#3385,.T.);
#3385 = LINE('',#3386,#3387);
#3386 = CARTESIAN_POINT('',(0.9,0.23,0.78));
#3387 = VECTOR('',#3388,1.);
#3388 = DIRECTION('',(0.E+000,0.E+000,-1.));
#3389 = ORIENTED_EDGE('',*,*,#3110,.F.);
#3390 = ORIENTED_EDGE('',*,*,#3360,.T.);
#3391 = PLANE('',#3392);
#3392 = AXIS2_PLACEMENT_3D('',#3393,#3394,#3395);
#3393 = CARTESIAN_POINT('',(0.9,0.23,0.78));
#3394 = DIRECTION('',(-1.,0.E+000,0.E+000));
#3395 = DIRECTION('',(0.E+000,0.E+000,1.));
#3396 = ADVANCED_FACE('',(#3397),#3409,.T.);
#3397 = FACE_BOUND('',#3398,.T.);
#3398 = EDGE_LOOP('',(#3399,#3400,#3407,#3408));
#3399 = ORIENTED_EDGE('',*,*,#3336,.T.);
#3400 = ORIENTED_EDGE('',*,*,#3401,.T.);
#3401 = EDGE_CURVE('',#3329,#3257,#3402,.T.);
#3402 = CIRCLE('',#3403,0.29);
#3403 = AXIS2_PLACEMENT_3D('',#3404,#3405,#3406);
#3404 = CARTESIAN_POINT('',(-0.61,0.23,0.61));
#3405 = DIRECTION('',(0.E+000,-1.,0.E+000));
#3406 = DIRECTION('',(0.E+000,0.E+000,1.));
#3407 = ORIENTED_EDGE('',*,*,#3256,.T.);
#3408 = ORIENTED_EDGE('',*,*,#3297,.T.);
#3409 = PLANE('',#3410);
#3410 = AXIS2_PLACEMENT_3D('',#3411,#3412,#3413);
#3411 = CARTESIAN_POINT('',(0.78,0.23,-0.78));
#3412 = DIRECTION('',(0.E+000,1.,0.E+000));
#3413 = DIRECTION('',(0.E+000,-0.E+000,1.));
#3414 = ADVANCED_FACE('',(#3415,#3485),#3495,.F.);
#3415 = FACE_BOUND('',#3416,.T.);
#3416 = EDGE_LOOP('',(#3417,#3427,#3436,#3444,#3453,#3461,#3470,#3478));
#3417 = ORIENTED_EDGE('',*,*,#3418,.T.);
#3418 = EDGE_CURVE('',#3419,#3421,#3423,.T.);
#3419 = VERTEX_POINT('',#3420);
#3420 = CARTESIAN_POINT('',(0.85,0.13,0.78));
#3421 = VERTEX_POINT('',#3422);
#3422 = CARTESIAN_POINT('',(0.85,0.13,-0.78));
#3423 = LINE('',#3424,#3425);
#3424 = CARTESIAN_POINT('',(0.85,0.13,0.78));
#3425 = VECTOR('',#3426,1.);
#3426 = DIRECTION('',(0.E+000,0.E+000,-1.));
#3427 = ORIENTED_EDGE('',*,*,#3428,.T.);
#3428 = EDGE_CURVE('',#3421,#3429,#3431,.T.);
#3429 = VERTEX_POINT('',#3430);
#3430 = CARTESIAN_POINT('',(0.78,0.13,-0.85));
#3431 = CIRCLE('',#3432,7.E-002);
#3432 = AXIS2_PLACEMENT_3D('',#3433,#3434,#3435);
#3433 = CARTESIAN_POINT('',(0.78,0.13,-0.78));
#3434 = DIRECTION('',(0.E+000,1.,0.E+000));
#3435 = DIRECTION('',(0.E+000,-0.E+000,1.));
#3436 = ORIENTED_EDGE('',*,*,#3437,.T.);
#3437 = EDGE_CURVE('',#3429,#3438,#3440,.T.);
#3438 = VERTEX_POINT('',#3439);
#3439 = CARTESIAN_POINT('',(-0.78,0.13,-0.85));
#3440 = LINE('',#3441,#3442);
#3441 = CARTESIAN_POINT('',(0.78,0.13,-0.85));
#3442 = VECTOR('',#3443,1.);
#3443 = DIRECTION('',(-1.,0.E+000,1.390002785238E-016));
#3444 = ORIENTED_EDGE('',*,*,#3445,.T.);
#3445 = EDGE_CURVE('',#3438,#3446,#3448,.T.);
#3446 = VERTEX_POINT('',#3447);
#3447 = CARTESIAN_POINT('',(-0.85,0.13,-0.78));
#3448 = CIRCLE('',#3449,7.E-002);
#3449 = AXIS2_PLACEMENT_3D('',#3450,#3451,#3452);
#3450 = CARTESIAN_POINT('',(-0.78,0.13,-0.78));
#3451 = DIRECTION('',(0.E+000,1.,0.E+000));
#3452 = DIRECTION('',(0.E+000,-0.E+000,1.));
#3453 = ORIENTED_EDGE('',*,*,#3454,.T.);
#3454 = EDGE_CURVE('',#3446,#3455,#3457,.T.);
#3455 = VERTEX_POINT('',#3456);
#3456 = CARTESIAN_POINT('',(-0.85,0.13,0.78));
#3457 = LINE('',#3458,#3459);
#3458 = CARTESIAN_POINT('',(-0.85,0.13,0.78));
#3459 = VECTOR('',#3460,1.);
#3460 = DIRECTION('',(-0.E+000,0.E+000,1.));
#3461 = ORIENTED_EDGE('',*,*,#3462,.T.);
#3462 = EDGE_CURVE('',#3455,#3463,#3465,.T.);
#3463 = VERTEX_POINT('',#3464);
#3464 = CARTESIAN_POINT('',(-0.78,0.13,0.85));
#3465 = CIRCLE('',#3466,7.E-002);
#3466 = AXIS2_PLACEMENT_3D('',#3467,#3468,#3469);
#3467 = CARTESIAN_POINT('',(-0.78,0.13,0.78));
#3468 = DIRECTION('',(0.E+000,1.,0.E+000));
#3469 = DIRECTION('',(0.E+000,-0.E+000,1.));
#3470 = ORIENTED_EDGE('',*,*,#3471,.T.);
#3471 = EDGE_CURVE('',#3463,#3472,#3474,.T.);
#3472 = VERTEX_POINT('',#3473);
#3473 = CARTESIAN_POINT('',(0.78,0.13,0.85));
#3474 = LINE('',#3475,#3476);
#3475 = CARTESIAN_POINT('',(0.78,0.13,0.85));
#3476 = VECTOR('',#3477,1.);
#3477 = DIRECTION('',(1.,0.E+000,-1.390002785238E-016));
#3478 = ORIENTED_EDGE('',*,*,#3479,.T.);
#3479 = EDGE_CURVE('',#3472,#3419,#3480,.T.);
#3480 = CIRCLE('',#3481,7.E-002);
#3481 = AXIS2_PLACEMENT_3D('',#3482,#3483,#3484);
#3482 = CARTESIAN_POINT('',(0.78,0.13,0.78));
#3483 = DIRECTION('',(0.E+000,1.,0.E+000));
#3484 = DIRECTION('',(0.E+000,-0.E+000,1.));
#3485 = FACE_BOUND('',#3486,.T.);
#3486 = EDGE_LOOP('',(#3487,#3488,#3489,#3490,#3491,#3492,#3493,#3494));
#3487 = ORIENTED_EDGE('',*,*,#3152,.F.);
#3488 = ORIENTED_EDGE('',*,*,#3376,.F.);
#3489 = ORIENTED_EDGE('',*,*,#3351,.F.);
#3490 = ORIENTED_EDGE('',*,*,#3313,.F.);
#3491 = ORIENTED_EDGE('',*,*,#3280,.F.);
#3492 = ORIENTED_EDGE('',*,*,#3240,.F.);
#3493 = ORIENTED_EDGE('',*,*,#3215,.F.);
#3494 = ORIENTED_EDGE('',*,*,#3184,.F.);
#3495 = PLANE('',#3496);
#3496 = AXIS2_PLACEMENT_3D('',#3497,#3498,#3499);
#3497 = CARTESIAN_POINT('',(0.78,0.13,-0.78));
#3498 = DIRECTION('',(0.E+000,1.,0.E+000));
#3499 = DIRECTION('',(0.E+000,-0.E+000,1.));
#3500 = ADVANCED_FACE('',(#3501),#3537,.T.);
#3501 = FACE_BOUND('',#3502,.T.);
#3502 = EDGE_LOOP('',(#3503,#3513,#3522,#3530));
#3503 = ORIENTED_EDGE('',*,*,#3504,.T.);
#3504 = EDGE_CURVE('',#3505,#3507,#3509,.T.);
#3505 = VERTEX_POINT('',#3506);
#3506 = CARTESIAN_POINT('',(-0.85,0.56,0.61));
#3507 = VERTEX_POINT('',#3508);
#3508 = CARTESIAN_POINT('',(-0.85,0.28,0.61));
#3509 = LINE('',#3510,#3511);
#3510 = CARTESIAN_POINT('',(-0.85,4.004163056034,0.61));
#3511 = VECTOR('',#3512,1.);
#3512 = DIRECTION('',(-0.E+000,-1.,-0.E+000));
#3513 = ORIENTED_EDGE('',*,*,#3514,.T.);
#3514 = EDGE_CURVE('',#3507,#3515,#3517,.T.);
#3515 = VERTEX_POINT('',#3516);
#3516 = CARTESIAN_POINT('',(-0.61,0.28,0.85));
#3517 = CIRCLE('',#3518,0.24);
#3518 = AXIS2_PLACEMENT_3D('',#3519,#3520,#3521);
#3519 = CARTESIAN_POINT('',(-0.61,0.28,0.61));
#3520 = DIRECTION('',(0.E+000,1.,0.E+000));
#3521 = DIRECTION('',(0.E+000,-0.E+000,1.));
#3522 = ORIENTED_EDGE('',*,*,#3523,.F.);
#3523 = EDGE_CURVE('',#3524,#3515,#3526,.T.);
#3524 = VERTEX_POINT('',#3525);
#3525 = CARTESIAN_POINT('',(-0.61,0.56,0.85));
#3526 = LINE('',#3527,#3528);
#3527 = CARTESIAN_POINT('',(-0.61,4.004163056034,0.85));
#3528 = VECTOR('',#3529,1.);
#3529 = DIRECTION('',(-0.E+000,-1.,-0.E+000));
#3530 = ORIENTED_EDGE('',*,*,#3531,.T.);
#3531 = EDGE_CURVE('',#3524,#3505,#3532,.T.);
#3532 = CIRCLE('',#3533,0.24);
#3533 = AXIS2_PLACEMENT_3D('',#3534,#3535,#3536);
#3534 = CARTESIAN_POINT('',(-0.61,0.56,0.61));
#3535 = DIRECTION('',(0.E+000,-1.,-0.E+000));
#3536 = DIRECTION('',(0.E+000,0.E+000,-1.));
#3537 = CYLINDRICAL_SURFACE('',#3538,0.24);
#3538 = AXIS2_PLACEMENT_3D('',#3539,#3540,#3541);
#3539 = CARTESIAN_POINT('',(-0.61,4.004163056034,0.61));
#3540 = DIRECTION('',(-0.E+000,-1.,-0.E+000));
#3541 = DIRECTION('',(0.E+000,0.E+000,-1.));
#3542 = ADVANCED_FACE('',(#3543),#3568,.F.);
#3543 = FACE_BOUND('',#3544,.T.);
#3544 = EDGE_LOOP('',(#3545,#3546,#3554,#3562));
#3545 = ORIENTED_EDGE('',*,*,#3523,.T.);
#3546 = ORIENTED_EDGE('',*,*,#3547,.T.);
#3547 = EDGE_CURVE('',#3515,#3548,#3550,.T.);
#3548 = VERTEX_POINT('',#3549);
#3549 = CARTESIAN_POINT('',(0.61,0.28,0.85));
#3550 = LINE('',#3551,#3552);
#3551 = CARTESIAN_POINT('',(0.61,0.28,0.85));
#3552 = VECTOR('',#3553,1.);
#3553 = DIRECTION('',(1.,-0.E+000,0.E+000));
#3554 = ORIENTED_EDGE('',*,*,#3555,.F.);
#3555 = EDGE_CURVE('',#3556,#3548,#3558,.T.);
#3556 = VERTEX_POINT('',#3557);
#3557 = CARTESIAN_POINT('',(0.61,0.56,0.85));
#3558 = LINE('',#3559,#3560);
#3559 = CARTESIAN_POINT('',(0.61,4.004163056034,0.85));
#3560 = VECTOR('',#3561,1.);
#3561 = DIRECTION('',(-0.E+000,-1.,-0.E+000));
#3562 = ORIENTED_EDGE('',*,*,#3563,.T.);
#3563 = EDGE_CURVE('',#3556,#3524,#3564,.T.);
#3564 = LINE('',#3565,#3566);
#3565 = CARTESIAN_POINT('',(-0.61,0.56,0.85));
#3566 = VECTOR('',#3567,1.);
#3567 = DIRECTION('',(-1.,-0.E+000,-0.E+000));
#3568 = PLANE('',#3569);
#3569 = AXIS2_PLACEMENT_3D('',#3570,#3571,#3572);
#3570 = CARTESIAN_POINT('',(0.61,4.004163056034,0.85));
#3571 = DIRECTION('',(0.E+000,0.E+000,-1.));
#3572 = DIRECTION('',(-1.,0.E+000,-0.E+000));
#3573 = ADVANCED_FACE('',(#3574),#3601,.T.);
#3574 = FACE_BOUND('',#3575,.T.);
#3575 = EDGE_LOOP('',(#3576,#3577,#3586,#3594));
#3576 = ORIENTED_EDGE('',*,*,#3555,.T.);
#3577 = ORIENTED_EDGE('',*,*,#3578,.T.);
#3578 = EDGE_CURVE('',#3548,#3579,#3581,.T.);
#3579 = VERTEX_POINT('',#3580);
#3580 = CARTESIAN_POINT('',(0.85,0.28,0.61));
#3581 = CIRCLE('',#3582,0.24);
#3582 = AXIS2_PLACEMENT_3D('',#3583,#3584,#3585);
#3583 = CARTESIAN_POINT('',(0.61,0.28,0.61));
#3584 = DIRECTION('',(0.E+000,1.,0.E+000));
#3585 = DIRECTION('',(0.E+000,-0.E+000,1.));
#3586 = ORIENTED_EDGE('',*,*,#3587,.F.);
#3587 = EDGE_CURVE('',#3588,#3579,#3590,.T.);
#3588 = VERTEX_POINT('',#3589);
#3589 = CARTESIAN_POINT('',(0.85,0.56,0.61));
#3590 = LINE('',#3591,#3592);
#3591 = CARTESIAN_POINT('',(0.85,4.004163056034,0.61));
#3592 = VECTOR('',#3593,1.);
#3593 = DIRECTION('',(-0.E+000,-1.,-0.E+000));
#3594 = ORIENTED_EDGE('',*,*,#3595,.T.);
#3595 = EDGE_CURVE('',#3588,#3556,#3596,.T.);
#3596 = CIRCLE('',#3597,0.24);
#3597 = AXIS2_PLACEMENT_3D('',#3598,#3599,#3600);
#3598 = CARTESIAN_POINT('',(0.61,0.56,0.61));
#3599 = DIRECTION('',(0.E+000,-1.,-0.E+000));
#3600 = DIRECTION('',(0.E+000,0.E+000,-1.));
#3601 = CYLINDRICAL_SURFACE('',#3602,0.24);
#3602 = AXIS2_PLACEMENT_3D('',#3603,#3604,#3605);
#3603 = CARTESIAN_POINT('',(0.61,4.004163056034,0.61));
#3604 = DIRECTION('',(-0.E+000,-1.,-0.E+000));
#3605 = DIRECTION('',(0.E+000,0.E+000,-1.));
#3606 = ADVANCED_FACE('',(#3607),#3632,.F.);
#3607 = FACE_BOUND('',#3608,.T.);
#3608 = EDGE_LOOP('',(#3609,#3610,#3618,#3626));
#3609 = ORIENTED_EDGE('',*,*,#3587,.T.);
#3610 = ORIENTED_EDGE('',*,*,#3611,.T.);
#3611 = EDGE_CURVE('',#3579,#3612,#3614,.T.);
#3612 = VERTEX_POINT('',#3613);
#3613 = CARTESIAN_POINT('',(0.85,0.28,-0.61));
#3614 = LINE('',#3615,#3616);
#3615 = CARTESIAN_POINT('',(0.85,0.28,0.61));
#3616 = VECTOR('',#3617,1.);
#3617 = DIRECTION('',(8.88690305316E-017,0.E+000,-1.));
#3618 = ORIENTED_EDGE('',*,*,#3619,.F.);
#3619 = EDGE_CURVE('',#3620,#3612,#3622,.T.);
#3620 = VERTEX_POINT('',#3621);
#3621 = CARTESIAN_POINT('',(0.85,0.56,-0.61));
#3622 = LINE('',#3623,#3624);
#3623 = CARTESIAN_POINT('',(0.85,4.004163056034,-0.61));
#3624 = VECTOR('',#3625,1.);
#3625 = DIRECTION('',(-0.E+000,-1.,-0.E+000));
#3626 = ORIENTED_EDGE('',*,*,#3627,.T.);
#3627 = EDGE_CURVE('',#3620,#3588,#3628,.T.);
#3628 = LINE('',#3629,#3630);
#3629 = CARTESIAN_POINT('',(0.85,0.56,0.61));
#3630 = VECTOR('',#3631,1.);
#3631 = DIRECTION('',(-8.88690305316E-017,-0.E+000,1.));
#3632 = PLANE('',#3633);
#3633 = AXIS2_PLACEMENT_3D('',#3634,#3635,#3636);
#3634 = CARTESIAN_POINT('',(0.85,4.004163056034,0.61));
#3635 = DIRECTION('',(-1.,0.E+000,-8.88690305316E-017));
#3636 = DIRECTION('',(-8.88690305316E-017,0.E+000,1.));
#3637 = ADVANCED_FACE('',(#3638),#3665,.T.);
#3638 = FACE_BOUND('',#3639,.T.);
#3639 = EDGE_LOOP('',(#3640,#3641,#3650,#3658));
#3640 = ORIENTED_EDGE('',*,*,#3619,.T.);
#3641 = ORIENTED_EDGE('',*,*,#3642,.T.);
#3642 = EDGE_CURVE('',#3612,#3643,#3645,.T.);
#3643 = VERTEX_POINT('',#3644);
#3644 = CARTESIAN_POINT('',(0.61,0.28,-0.85));
#3645 = CIRCLE('',#3646,0.24);
#3646 = AXIS2_PLACEMENT_3D('',#3647,#3648,#3649);
#3647 = CARTESIAN_POINT('',(0.61,0.28,-0.61));
#3648 = DIRECTION('',(0.E+000,1.,0.E+000));
#3649 = DIRECTION('',(0.E+000,-0.E+000,1.));
#3650 = ORIENTED_EDGE('',*,*,#3651,.F.);
#3651 = EDGE_CURVE('',#3652,#3643,#3654,.T.);
#3652 = VERTEX_POINT('',#3653);
#3653 = CARTESIAN_POINT('',(0.61,0.56,-0.85));
#3654 = LINE('',#3655,#3656);
#3655 = CARTESIAN_POINT('',(0.61,4.004163056034,-0.85));
#3656 = VECTOR('',#3657,1.);
#3657 = DIRECTION('',(-0.E+000,-1.,-0.E+000));
#3658 = ORIENTED_EDGE('',*,*,#3659,.T.);
#3659 = EDGE_CURVE('',#3652,#3620,#3660,.T.);
#3660 = CIRCLE('',#3661,0.24);
#3661 = AXIS2_PLACEMENT_3D('',#3662,#3663,#3664);
#3662 = CARTESIAN_POINT('',(0.61,0.56,-0.61));
#3663 = DIRECTION('',(0.E+000,-1.,-0.E+000));
#3664 = DIRECTION('',(0.E+000,0.E+000,-1.));
#3665 = CYLINDRICAL_SURFACE('',#3666,0.24);
#3666 = AXIS2_PLACEMENT_3D('',#3667,#3668,#3669);
#3667 = CARTESIAN_POINT('',(0.61,4.004163056034,-0.61));
#3668 = DIRECTION('',(-0.E+000,-1.,-0.E+000));
#3669 = DIRECTION('',(0.E+000,0.E+000,-1.));
#3670 = ADVANCED_FACE('',(#3671),#3696,.F.);
#3671 = FACE_BOUND('',#3672,.T.);
#3672 = EDGE_LOOP('',(#3673,#3674,#3682,#3690));
#3673 = ORIENTED_EDGE('',*,*,#3651,.T.);
#3674 = ORIENTED_EDGE('',*,*,#3675,.T.);
#3675 = EDGE_CURVE('',#3643,#3676,#3678,.T.);
#3676 = VERTEX_POINT('',#3677);
#3677 = CARTESIAN_POINT('',(-0.61,0.28,-0.85));
#3678 = LINE('',#3679,#3680);
#3679 = CARTESIAN_POINT('',(0.61,0.28,-0.85));
#3680 = VECTOR('',#3681,1.);
#3681 = DIRECTION('',(-1.,0.E+000,0.E+000));
#3682 = ORIENTED_EDGE('',*,*,#3683,.F.);
#3683 = EDGE_CURVE('',#3684,#3676,#3686,.T.);
#3684 = VERTEX_POINT('',#3685);
#3685 = CARTESIAN_POINT('',(-0.61,0.56,-0.85));
#3686 = LINE('',#3687,#3688);
#3687 = CARTESIAN_POINT('',(-0.61,4.004163056034,-0.85));
#3688 = VECTOR('',#3689,1.);
#3689 = DIRECTION('',(-0.E+000,-1.,-0.E+000));
#3690 = ORIENTED_EDGE('',*,*,#3691,.T.);
#3691 = EDGE_CURVE('',#3684,#3652,#3692,.T.);
#3692 = LINE('',#3693,#3694);
#3693 = CARTESIAN_POINT('',(0.61,0.56,-0.85));
#3694 = VECTOR('',#3695,1.);
#3695 = DIRECTION('',(1.,-0.E+000,-0.E+000));
#3696 = PLANE('',#3697);
#3697 = AXIS2_PLACEMENT_3D('',#3698,#3699,#3700);
#3698 = CARTESIAN_POINT('',(0.61,4.004163056034,-0.85));
#3699 = DIRECTION('',(0.E+000,-0.E+000,1.));
#3700 = DIRECTION('',(1.,0.E+000,0.E+000));
#3701 = ADVANCED_FACE('',(#3702),#3729,.T.);
#3702 = FACE_BOUND('',#3703,.T.);
#3703 = EDGE_LOOP('',(#3704,#3705,#3714,#3722));
#3704 = ORIENTED_EDGE('',*,*,#3683,.T.);
#3705 = ORIENTED_EDGE('',*,*,#3706,.T.);
#3706 = EDGE_CURVE('',#3676,#3707,#3709,.T.);
#3707 = VERTEX_POINT('',#3708);
#3708 = CARTESIAN_POINT('',(-0.85,0.28,-0.61));
#3709 = CIRCLE('',#3710,0.24);
#3710 = AXIS2_PLACEMENT_3D('',#3711,#3712,#3713);
#3711 = CARTESIAN_POINT('',(-0.61,0.28,-0.61));
#3712 = DIRECTION('',(0.E+000,1.,0.E+000));
#3713 = DIRECTION('',(0.E+000,-0.E+000,1.));
#3714 = ORIENTED_EDGE('',*,*,#3715,.F.);
#3715 = EDGE_CURVE('',#3716,#3707,#3718,.T.);
#3716 = VERTEX_POINT('',#3717);
#3717 = CARTESIAN_POINT('',(-0.85,0.56,-0.61));
#3718 = LINE('',#3719,#3720);
#3719 = CARTESIAN_POINT('',(-0.85,4.004163056034,-0.61));
#3720 = VECTOR('',#3721,1.);
#3721 = DIRECTION('',(-0.E+000,-1.,-0.E+000));
#3722 = ORIENTED_EDGE('',*,*,#3723,.T.);
#3723 = EDGE_CURVE('',#3716,#3684,#3724,.T.);
#3724 = CIRCLE('',#3725,0.24);
#3725 = AXIS2_PLACEMENT_3D('',#3726,#3727,#3728);
#3726 = CARTESIAN_POINT('',(-0.61,0.56,-0.61));
#3727 = DIRECTION('',(0.E+000,-1.,-0.E+000));
#3728 = DIRECTION('',(0.E+000,0.E+000,-1.));
#3729 = CYLINDRICAL_SURFACE('',#3730,0.24);
#3730 = AXIS2_PLACEMENT_3D('',#3731,#3732,#3733);
#3731 = CARTESIAN_POINT('',(-0.61,4.004163056034,-0.61));
#3732 = DIRECTION('',(-0.E+000,-1.,-0.E+000));
#3733 = DIRECTION('',(0.E+000,0.E+000,-1.));
#3734 = ADVANCED_FACE('',(#3735),#3751,.F.);
#3735 = FACE_BOUND('',#3736,.T.);
#3736 = EDGE_LOOP('',(#3737,#3738,#3744,#3745));
#3737 = ORIENTED_EDGE('',*,*,#3715,.T.);
#3738 = ORIENTED_EDGE('',*,*,#3739,.T.);
#3739 = EDGE_CURVE('',#3707,#3507,#3740,.T.);
#3740 = LINE('',#3741,#3742);
#3741 = CARTESIAN_POINT('',(-0.85,0.28,0.61));
#3742 = VECTOR('',#3743,1.);
#3743 = DIRECTION('',(-0.E+000,0.E+000,1.));
#3744 = ORIENTED_EDGE('',*,*,#3504,.F.);
#3745 = ORIENTED_EDGE('',*,*,#3746,.T.);
#3746 = EDGE_CURVE('',#3505,#3716,#3747,.T.);
#3747 = LINE('',#3748,#3749);
#3748 = CARTESIAN_POINT('',(-0.85,0.56,-0.61));
#3749 = VECTOR('',#3750,1.);
#3750 = DIRECTION('',(0.E+000,-0.E+000,-1.));
#3751 = PLANE('',#3752);
#3752 = AXIS2_PLACEMENT_3D('',#3753,#3754,#3755);
#3753 = CARTESIAN_POINT('',(-0.85,4.004163056034,0.61));
#3754 = DIRECTION('',(1.,-0.E+000,0.E+000));
#3755 = DIRECTION('',(0.E+000,0.E+000,-1.));
#3756 = ADVANCED_FACE('',(#3757,#3767),#3801,.T.);
#3757 = FACE_BOUND('',#3758,.T.);
#3758 = EDGE_LOOP('',(#3759,#3766));
#3759 = ORIENTED_EDGE('',*,*,#3760,.F.);
#3760 = EDGE_CURVE('',#2987,#2995,#3761,.T.);
#3761 = CIRCLE('',#3762,0.125);
#3762 = AXIS2_PLACEMENT_3D('',#3763,#3764,#3765);
#3763 = CARTESIAN_POINT('',(-0.355,0.8,0.355));
#3764 = DIRECTION('',(0.E+000,1.,0.E+000));
#3765 = DIRECTION('',(0.E+000,-0.E+000,1.));
#3766 = ORIENTED_EDGE('',*,*,#2994,.F.);
#3767 = FACE_BOUND('',#3768,.T.);
#3768 = EDGE_LOOP('',(#3769,#3779,#3787,#3795));
#3769 = ORIENTED_EDGE('',*,*,#3770,.T.);
#3770 = EDGE_CURVE('',#3771,#3773,#3775,.T.);
#3771 = VERTEX_POINT('',#3772);
#3772 = CARTESIAN_POINT('',(0.61,0.8,0.61));
#3773 = VERTEX_POINT('',#3774);
#3774 = CARTESIAN_POINT('',(0.61,0.8,-0.61));
#3775 = LINE('',#3776,#3777);
#3776 = CARTESIAN_POINT('',(0.61,0.8,-0.61));
#3777 = VECTOR('',#3778,1.);
#3778 = DIRECTION('',(8.88690305316E-017,0.E+000,-1.));
#3779 = ORIENTED_EDGE('',*,*,#3780,.T.);
#3780 = EDGE_CURVE('',#3773,#3781,#3783,.T.);
#3781 = VERTEX_POINT('',#3782);
#3782 = CARTESIAN_POINT('',(-0.61,0.8,-0.61));
#3783 = LINE('',#3784,#3785);
#3784 = CARTESIAN_POINT('',(-0.61,0.8,-0.61));
#3785 = VECTOR('',#3786,1.);
#3786 = DIRECTION('',(-1.,0.E+000,0.E+000));
#3787 = ORIENTED_EDGE('',*,*,#3788,.T.);
#3788 = EDGE_CURVE('',#3781,#3789,#3791,.T.);
#3789 = VERTEX_POINT('',#3790);
#3790 = CARTESIAN_POINT('',(-0.61,0.8,0.61));
#3791 = LINE('',#3792,#3793);
#3792 = CARTESIAN_POINT('',(-0.61,0.8,0.61));
#3793 = VECTOR('',#3794,1.);
#3794 = DIRECTION('',(-0.E+000,0.E+000,1.));
#3795 = ORIENTED_EDGE('',*,*,#3796,.T.);
#3796 = EDGE_CURVE('',#3789,#3771,#3797,.T.);
#3797 = LINE('',#3798,#3799);
#3798 = CARTESIAN_POINT('',(0.61,0.8,0.61));
#3799 = VECTOR('',#3800,1.);
#3800 = DIRECTION('',(1.,-0.E+000,0.E+000));
#3801 = PLANE('',#3802);
#3802 = AXIS2_PLACEMENT_3D('',#3803,#3804,#3805);
#3803 = CARTESIAN_POINT('',(0.E+000,0.8,0.E+000));
#3804 = DIRECTION('',(0.E+000,1.,0.E+000));
#3805 = DIRECTION('',(0.E+000,-0.E+000,1.));
#3806 = ADVANCED_FACE('',(#3807),#3824,.T.);
#3807 = FACE_BOUND('',#3808,.T.);
#3808 = EDGE_LOOP('',(#3809,#3816,#3817));
#3809 = ORIENTED_EDGE('',*,*,#3810,.F.);
#3810 = EDGE_CURVE('',#3556,#3771,#3811,.T.);
#3811 = CIRCLE('',#3812,0.24);
#3812 = AXIS2_PLACEMENT_3D('',#3813,#3814,#3815);
#3813 = CARTESIAN_POINT('',(0.61,0.56,0.61));
#3814 = DIRECTION('',(-1.,0.E+000,0.E+000));
#3815 = DIRECTION('',(0.E+000,0.E+000,1.));
#3816 = ORIENTED_EDGE('',*,*,#3595,.F.);
#3817 = ORIENTED_EDGE('',*,*,#3818,.F.);
#3818 = EDGE_CURVE('',#3771,#3588,#3819,.T.);
#3819 = CIRCLE('',#3820,0.24);
#3820 = AXIS2_PLACEMENT_3D('',#3821,#3822,#3823);
#3821 = CARTESIAN_POINT('',(0.61,0.56,0.61));
#3822 = DIRECTION('',(0.E+000,0.E+000,-1.));
#3823 = DIRECTION('',(-1.,0.E+000,0.E+000));
#3824 = SPHERICAL_SURFACE('',#3825,0.24);
#3825 = AXIS2_PLACEMENT_3D('',#3826,#3827,#3828);
#3826 = CARTESIAN_POINT('',(0.61,0.56,0.61));
#3827 = DIRECTION('',(1.,0.E+000,0.E+000));
#3828 = DIRECTION('',(0.E+000,0.E+000,1.));
#3829 = ADVANCED_FACE('',(#3830),#3842,.T.);
#3830 = FACE_BOUND('',#3831,.T.);
#3831 = EDGE_LOOP('',(#3832,#3833,#3834,#3841));
#3832 = ORIENTED_EDGE('',*,*,#3818,.T.);
#3833 = ORIENTED_EDGE('',*,*,#3627,.F.);
#3834 = ORIENTED_EDGE('',*,*,#3835,.F.);
#3835 = EDGE_CURVE('',#3773,#3620,#3836,.T.);
#3836 = CIRCLE('',#3837,0.24);
#3837 = AXIS2_PLACEMENT_3D('',#3838,#3839,#3840);
#3838 = CARTESIAN_POINT('',(0.61,0.56,-0.61));
#3839 = DIRECTION('',(0.E+000,0.E+000,-1.));
#3840 = DIRECTION('',(-1.,0.E+000,0.E+000));
#3841 = ORIENTED_EDGE('',*,*,#3770,.F.);
#3842 = CYLINDRICAL_SURFACE('',#3843,0.24);
#3843 = AXIS2_PLACEMENT_3D('',#3844,#3845,#3846);
#3844 = CARTESIAN_POINT('',(0.61,0.56,5.421010862428E-017));
#3845 = DIRECTION('',(-8.88690305316E-017,0.E+000,1.));
#3846 = DIRECTION('',(1.,0.E+000,8.88690305316E-017));
#3847 = ADVANCED_FACE('',(#3848),#3860,.T.);
#3848 = FACE_BOUND('',#3849,.T.);
#3849 = EDGE_LOOP('',(#3850,#3851,#3852,#3859));
#3850 = ORIENTED_EDGE('',*,*,#3810,.T.);
#3851 = ORIENTED_EDGE('',*,*,#3796,.F.);
#3852 = ORIENTED_EDGE('',*,*,#3853,.F.);
#3853 = EDGE_CURVE('',#3524,#3789,#3854,.T.);
#3854 = CIRCLE('',#3855,0.24);
#3855 = AXIS2_PLACEMENT_3D('',#3856,#3857,#3858);
#3856 = CARTESIAN_POINT('',(-0.61,0.56,0.61));
#3857 = DIRECTION('',(-1.,0.E+000,0.E+000));
#3858 = DIRECTION('',(0.E+000,0.E+000,1.));
#3859 = ORIENTED_EDGE('',*,*,#3563,.F.);
#3860 = CYLINDRICAL_SURFACE('',#3861,0.24);
#3861 = AXIS2_PLACEMENT_3D('',#3862,#3863,#3864);
#3862 = CARTESIAN_POINT('',(0.E+000,0.56,0.61));
#3863 = DIRECTION('',(-1.,0.E+000,0.E+000));
#3864 = DIRECTION('',(0.E+000,0.E+000,1.));
#3865 = ADVANCED_FACE('',(#3866),#3877,.T.);
#3866 = FACE_BOUND('',#3867,.T.);
#3867 = EDGE_LOOP('',(#3868,#3869,#3870));
#3868 = ORIENTED_EDGE('',*,*,#3835,.T.);
#3869 = ORIENTED_EDGE('',*,*,#3659,.F.);
#3870 = ORIENTED_EDGE('',*,*,#3871,.F.);
#3871 = EDGE_CURVE('',#3773,#3652,#3872,.T.);
#3872 = CIRCLE('',#3873,0.24);
#3873 = AXIS2_PLACEMENT_3D('',#3874,#3875,#3876);
#3874 = CARTESIAN_POINT('',(0.61,0.56,-0.61));
#3875 = DIRECTION('',(-1.,0.E+000,0.E+000));
#3876 = DIRECTION('',(0.E+000,0.E+000,1.));
#3877 = SPHERICAL_SURFACE('',#3878,0.24);
#3878 = AXIS2_PLACEMENT_3D('',#3879,#3880,#3881);
#3879 = CARTESIAN_POINT('',(0.61,0.56,-0.61));
#3880 = DIRECTION('',(1.,0.E+000,0.E+000));
#3881 = DIRECTION('',(0.E+000,0.E+000,1.));
#3882 = ADVANCED_FACE('',(#3883),#3894,.T.);
#3883 = FACE_BOUND('',#3884,.T.);
#3884 = EDGE_LOOP('',(#3885,#3886,#3887));
#3885 = ORIENTED_EDGE('',*,*,#3531,.F.);
#3886 = ORIENTED_EDGE('',*,*,#3853,.T.);
#3887 = ORIENTED_EDGE('',*,*,#3888,.F.);
#3888 = EDGE_CURVE('',#3505,#3789,#3889,.T.);
#3889 = CIRCLE('',#3890,0.24);
#3890 = AXIS2_PLACEMENT_3D('',#3891,#3892,#3893);
#3891 = CARTESIAN_POINT('',(-0.61,0.56,0.61));
#3892 = DIRECTION('',(0.E+000,0.E+000,-1.));
#3893 = DIRECTION('',(-1.,0.E+000,0.E+000));
#3894 = SPHERICAL_SURFACE('',#3895,0.24);
#3895 = AXIS2_PLACEMENT_3D('',#3896,#3897,#3898);
#3896 = CARTESIAN_POINT('',(-0.61,0.56,0.61));
#3897 = DIRECTION('',(1.,0.E+000,0.E+000));
#3898 = DIRECTION('',(0.E+000,0.E+000,1.));
#3899 = ADVANCED_FACE('',(#3900),#3912,.T.);
#3900 = FACE_BOUND('',#3901,.T.);
#3901 = EDGE_LOOP('',(#3902,#3903,#3904,#3911));
#3902 = ORIENTED_EDGE('',*,*,#3871,.T.);
#3903 = ORIENTED_EDGE('',*,*,#3691,.F.);
#3904 = ORIENTED_EDGE('',*,*,#3905,.F.);
#3905 = EDGE_CURVE('',#3781,#3684,#3906,.T.);
#3906 = CIRCLE('',#3907,0.24);
#3907 = AXIS2_PLACEMENT_3D('',#3908,#3909,#3910);
#3908 = CARTESIAN_POINT('',(-0.61,0.56,-0.61));
#3909 = DIRECTION('',(-1.,0.E+000,0.E+000));
#3910 = DIRECTION('',(0.E+000,0.E+000,1.));
#3911 = ORIENTED_EDGE('',*,*,#3780,.F.);
#3912 = CYLINDRICAL_SURFACE('',#3913,0.24);
#3913 = AXIS2_PLACEMENT_3D('',#3914,#3915,#3916);
#3914 = CARTESIAN_POINT('',(0.E+000,0.56,-0.61));
#3915 = DIRECTION('',(1.,0.E+000,-0.E+000));
#3916 = DIRECTION('',(0.E+000,-0.E+000,-1.));
#3917 = ADVANCED_FACE('',(#3918),#3930,.T.);
#3918 = FACE_BOUND('',#3919,.T.);
#3919 = EDGE_LOOP('',(#3920,#3921,#3922,#3929));
#3920 = ORIENTED_EDGE('',*,*,#3888,.T.);
#3921 = ORIENTED_EDGE('',*,*,#3788,.F.);
#3922 = ORIENTED_EDGE('',*,*,#3923,.F.);
#3923 = EDGE_CURVE('',#3716,#3781,#3924,.T.);
#3924 = CIRCLE('',#3925,0.24);
#3925 = AXIS2_PLACEMENT_3D('',#3926,#3927,#3928);
#3926 = CARTESIAN_POINT('',(-0.61,0.56,-0.61));
#3927 = DIRECTION('',(0.E+000,0.E+000,-1.));
#3928 = DIRECTION('',(-1.,0.E+000,0.E+000));
#3929 = ORIENTED_EDGE('',*,*,#3746,.F.);
#3930 = CYLINDRICAL_SURFACE('',#3931,0.24);
#3931 = AXIS2_PLACEMENT_3D('',#3932,#3933,#3934);
#3932 = CARTESIAN_POINT('',(-0.61,0.56,0.E+000));
#3933 = DIRECTION('',(0.E+000,0.E+000,-1.));
#3934 = DIRECTION('',(-1.,0.E+000,0.E+000));
#3935 = ADVANCED_FACE('',(#3936),#3941,.T.);
#3936 = FACE_BOUND('',#3937,.T.);
#3937 = EDGE_LOOP('',(#3938,#3939,#3940));
#3938 = ORIENTED_EDGE('',*,*,#3905,.T.);
#3939 = ORIENTED_EDGE('',*,*,#3723,.F.);
#3940 = ORIENTED_EDGE('',*,*,#3923,.T.);
#3941 = SPHERICAL_SURFACE('',#3942,0.24);
#3942 = AXIS2_PLACEMENT_3D('',#3943,#3944,#3945);
#3943 = CARTESIAN_POINT('',(-0.61,0.56,-0.61));
#3944 = DIRECTION('',(1.,0.E+000,0.E+000));
#3945 = DIRECTION('',(0.E+000,0.E+000,1.));
#3946 = ADVANCED_FACE('',(#3947),#3965,.F.);
#3947 = FACE_BOUND('',#3948,.F.);
#3948 = EDGE_LOOP('',(#3949,#3950,#3957,#3958));
#3949 = ORIENTED_EDGE('',*,*,#3611,.T.);
#3950 = ORIENTED_EDGE('',*,*,#3951,.T.);
#3951 = EDGE_CURVE('',#3612,#3079,#3952,.T.);
#3952 = CIRCLE('',#3953,5.E-002);
#3953 = AXIS2_PLACEMENT_3D('',#3954,#3955,#3956);
#3954 = CARTESIAN_POINT('',(0.9,0.28,-0.61));
#3955 = DIRECTION('',(0.E+000,0.E+000,1.));
#3956 = DIRECTION('',(1.,0.E+000,-0.E+000));
#3957 = ORIENTED_EDGE('',*,*,#3384,.F.);
#3958 = ORIENTED_EDGE('',*,*,#3959,.T.);
#3959 = EDGE_CURVE('',#3113,#3579,#3960,.T.);
#3960 = CIRCLE('',#3961,5.E-002);
#3961 = AXIS2_PLACEMENT_3D('',#3962,#3963,#3964);
#3962 = CARTESIAN_POINT('',(0.9,0.28,0.61));
#3963 = DIRECTION('',(0.E+000,-0.E+000,-1.));
#3964 = DIRECTION('',(-1.,-0.E+000,0.E+000));
#3965 = CYLINDRICAL_SURFACE('',#3966,5.E-002);
#3966 = AXIS2_PLACEMENT_3D('',#3967,#3968,#3969);
#3967 = CARTESIAN_POINT('',(0.9,0.28,0.61));
#3968 = DIRECTION('',(8.88690305316E-017,0.E+000,-1.));
#3969 = DIRECTION('',(-1.,0.E+000,-8.88690305316E-017));
#3970 = ADVANCED_FACE('',(#3971),#3983,.F.);
#3971 = FACE_BOUND('',#3972,.F.);
#3972 = EDGE_LOOP('',(#3973,#3974,#3981,#3982));
#3973 = ORIENTED_EDGE('',*,*,#3642,.T.);
#3974 = ORIENTED_EDGE('',*,*,#3975,.T.);
#3975 = EDGE_CURVE('',#3643,#3071,#3976,.T.);
#3976 = CIRCLE('',#3977,5.E-002);
#3977 = AXIS2_PLACEMENT_3D('',#3978,#3979,#3980);
#3978 = CARTESIAN_POINT('',(0.61,0.28,-0.9));
#3979 = DIRECTION('',(1.,0.E+000,0.E+000));
#3980 = DIRECTION('',(0.E+000,-0.E+000,-1.));
#3981 = ORIENTED_EDGE('',*,*,#3078,.T.);
#3982 = ORIENTED_EDGE('',*,*,#3951,.F.);
#3983 = TOROIDAL_SURFACE('',#3984,0.29,5.E-002);
#3984 = AXIS2_PLACEMENT_3D('',#3985,#3986,#3987);
#3985 = CARTESIAN_POINT('',(0.61,0.28,-0.61));
#3986 = DIRECTION('',(0.E+000,1.,0.E+000));
#3987 = DIRECTION('',(0.E+000,-0.E+000,1.));
#3988 = ADVANCED_FACE('',(#3989),#4001,.F.);
#3989 = FACE_BOUND('',#3990,.F.);
#3990 = EDGE_LOOP('',(#3991,#3992,#3999,#4000));
#3991 = ORIENTED_EDGE('',*,*,#3120,.T.);
#3992 = ORIENTED_EDGE('',*,*,#3993,.T.);
#3993 = EDGE_CURVE('',#3121,#3548,#3994,.T.);
#3994 = CIRCLE('',#3995,5.E-002);
#3995 = AXIS2_PLACEMENT_3D('',#3996,#3997,#3998);
#3996 = CARTESIAN_POINT('',(0.61,0.28,0.9));
#3997 = DIRECTION('',(1.,0.E+000,0.E+000));
#3998 = DIRECTION('',(0.E+000,0.E+000,-1.));
#3999 = ORIENTED_EDGE('',*,*,#3578,.T.);
#4000 = ORIENTED_EDGE('',*,*,#3959,.F.);
#4001 = TOROIDAL_SURFACE('',#4002,0.29,5.E-002);
#4002 = AXIS2_PLACEMENT_3D('',#4003,#4004,#4005);
#4003 = CARTESIAN_POINT('',(0.61,0.28,0.61));
#4004 = DIRECTION('',(0.E+000,1.,0.E+000));
#4005 = DIRECTION('',(0.E+000,-0.E+000,1.));
#4006 = ADVANCED_FACE('',(#4007),#4019,.F.);
#4007 = FACE_BOUND('',#4008,.F.);
#4008 = EDGE_LOOP('',(#4009,#4010,#4017,#4018));
#4009 = ORIENTED_EDGE('',*,*,#3675,.T.);
#4010 = ORIENTED_EDGE('',*,*,#4011,.T.);
#4011 = EDGE_CURVE('',#3676,#3037,#4012,.T.);
#4012 = CIRCLE('',#4013,5.E-002);
#4013 = AXIS2_PLACEMENT_3D('',#4014,#4015,#4016);
#4014 = CARTESIAN_POINT('',(-0.61,0.28,-0.9));
#4015 = DIRECTION('',(1.,0.E+000,0.E+000));
#4016 = DIRECTION('',(0.E+000,-0.E+000,-1.));
#4017 = ORIENTED_EDGE('',*,*,#3199,.F.);
#4018 = ORIENTED_EDGE('',*,*,#3975,.F.);
#4019 = CYLINDRICAL_SURFACE('',#4020,5.E-002);
#4020 = AXIS2_PLACEMENT_3D('',#4021,#4022,#4023);
#4021 = CARTESIAN_POINT('',(0.61,0.28,-0.9));
#4022 = DIRECTION('',(-1.,0.E+000,0.E+000));
#4023 = DIRECTION('',(0.E+000,0.E+000,1.));
#4024 = ADVANCED_FACE('',(#4025),#4037,.F.);
#4025 = FACE_BOUND('',#4026,.F.);
#4026 = EDGE_LOOP('',(#4027,#4028,#4035,#4036));
#4027 = ORIENTED_EDGE('',*,*,#3328,.F.);
#4028 = ORIENTED_EDGE('',*,*,#4029,.T.);
#4029 = EDGE_CURVE('',#3329,#3515,#4030,.T.);
#4030 = CIRCLE('',#4031,5.E-002);
#4031 = AXIS2_PLACEMENT_3D('',#4032,#4033,#4034);
#4032 = CARTESIAN_POINT('',(-0.61,0.28,0.9));
#4033 = DIRECTION('',(1.,0.E+000,0.E+000));
#4034 = DIRECTION('',(0.E+000,0.E+000,-1.));
#4035 = ORIENTED_EDGE('',*,*,#3547,.T.);
#4036 = ORIENTED_EDGE('',*,*,#3993,.F.);
#4037 = CYLINDRICAL_SURFACE('',#4038,5.E-002);
#4038 = AXIS2_PLACEMENT_3D('',#4039,#4040,#4041);
#4039 = CARTESIAN_POINT('',(0.61,0.28,0.9));
#4040 = DIRECTION('',(1.,-0.E+000,0.E+000));
#4041 = DIRECTION('',(0.E+000,0.E+000,-1.));
#4042 = ADVANCED_FACE('',(#4043),#4055,.F.);
#4043 = FACE_BOUND('',#4044,.F.);
#4044 = EDGE_LOOP('',(#4045,#4046,#4053,#4054));
#4045 = ORIENTED_EDGE('',*,*,#3706,.T.);
#4046 = ORIENTED_EDGE('',*,*,#4047,.T.);
#4047 = EDGE_CURVE('',#3707,#3029,#4048,.T.);
#4048 = CIRCLE('',#4049,5.E-002);
#4049 = AXIS2_PLACEMENT_3D('',#4050,#4051,#4052);
#4050 = CARTESIAN_POINT('',(-0.9,0.28,-0.61));
#4051 = DIRECTION('',(0.E+000,0.E+000,-1.));
#4052 = DIRECTION('',(-1.,0.E+000,0.E+000));
#4053 = ORIENTED_EDGE('',*,*,#3036,.T.);
#4054 = ORIENTED_EDGE('',*,*,#4011,.F.);
#4055 = TOROIDAL_SURFACE('',#4056,0.29,5.E-002);
#4056 = AXIS2_PLACEMENT_3D('',#4057,#4058,#4059);
#4057 = CARTESIAN_POINT('',(-0.61,0.28,-0.61));
#4058 = DIRECTION('',(0.E+000,1.,0.E+000));
#4059 = DIRECTION('',(0.E+000,-0.E+000,1.));
#4060 = ADVANCED_FACE('',(#4061),#4073,.F.);
#4061 = FACE_BOUND('',#4062,.F.);
#4062 = EDGE_LOOP('',(#4063,#4064,#4071,#4072));
#4063 = ORIENTED_EDGE('',*,*,#3401,.T.);
#4064 = ORIENTED_EDGE('',*,*,#4065,.T.);
#4065 = EDGE_CURVE('',#3257,#3507,#4066,.T.);
#4066 = CIRCLE('',#4067,5.E-002);
#4067 = AXIS2_PLACEMENT_3D('',#4068,#4069,#4070);
#4068 = CARTESIAN_POINT('',(-0.9,0.28,0.61));
#4069 = DIRECTION('',(0.E+000,0.E+000,1.));
#4070 = DIRECTION('',(1.,0.E+000,-0.E+000));
#4071 = ORIENTED_EDGE('',*,*,#3514,.T.);
#4072 = ORIENTED_EDGE('',*,*,#4029,.F.);
#4073 = TOROIDAL_SURFACE('',#4074,0.29,5.E-002);
#4074 = AXIS2_PLACEMENT_3D('',#4075,#4076,#4077);
#4075 = CARTESIAN_POINT('',(-0.61,0.28,0.61));
#4076 = DIRECTION('',(0.E+000,1.,0.E+000));
#4077 = DIRECTION('',(0.E+000,-0.E+000,1.));
#4078 = ADVANCED_FACE('',(#4079),#4085,.F.);
#4079 = FACE_BOUND('',#4080,.F.);
#4080 = EDGE_LOOP('',(#4081,#4082,#4083,#4084));
#4081 = ORIENTED_EDGE('',*,*,#3739,.T.);
#4082 = ORIENTED_EDGE('',*,*,#4065,.F.);
#4083 = ORIENTED_EDGE('',*,*,#3264,.F.);
#4084 = ORIENTED_EDGE('',*,*,#4047,.F.);
#4085 = CYLINDRICAL_SURFACE('',#4086,5.E-002);
#4086 = AXIS2_PLACEMENT_3D('',#4087,#4088,#4089);
#4087 = CARTESIAN_POINT('',(-0.9,0.28,0.61));
#4088 = DIRECTION('',(-0.E+000,0.E+000,1.));
#4089 = DIRECTION('',(1.,0.E+000,0.E+000));
#4090 = ADVANCED_FACE('',(#4091),#4127,.F.);
#4091 = FACE_BOUND('',#4092,.T.);
#4092 = EDGE_LOOP('',(#4093,#4103,#4112,#4120));
#4093 = ORIENTED_EDGE('',*,*,#4094,.F.);
#4094 = EDGE_CURVE('',#4095,#4097,#4099,.T.);
#4095 = VERTEX_POINT('',#4096);
#4096 = CARTESIAN_POINT('',(-0.85,0.18,-0.78));
#4097 = VERTEX_POINT('',#4098);
#4098 = CARTESIAN_POINT('',(-0.85,0.18,-0.772788205961));
#4099 = LINE('',#4100,#4101);
#4100 = CARTESIAN_POINT('',(-0.85,0.18,0.78));
#4101 = VECTOR('',#4102,1.);
#4102 = DIRECTION('',(-0.E+000,0.E+000,1.));
#4103 = ORIENTED_EDGE('',*,*,#4104,.F.);
#4104 = EDGE_CURVE('',#4105,#4095,#4107,.T.);
#4105 = VERTEX_POINT('',#4106);
#4106 = CARTESIAN_POINT('',(-0.78,0.18,-0.85));
#4107 = CIRCLE('',#4108,7.E-002);
#4108 = AXIS2_PLACEMENT_3D('',#4109,#4110,#4111);
#4109 = CARTESIAN_POINT('',(-0.78,0.18,-0.78));
#4110 = DIRECTION('',(0.E+000,1.,0.E+000));
#4111 = DIRECTION('',(0.E+000,-0.E+000,1.));
#4112 = ORIENTED_EDGE('',*,*,#4113,.F.);
#4113 = EDGE_CURVE('',#4114,#4105,#4116,.T.);
#4114 = VERTEX_POINT('',#4115);
#4115 = CARTESIAN_POINT('',(-0.772788205961,0.18,-0.85));
#4116 = LINE('',#4117,#4118);
#4117 = CARTESIAN_POINT('',(0.78,0.18,-0.85));
#4118 = VECTOR('',#4119,1.);
#4119 = DIRECTION('',(-1.,0.E+000,1.390002785238E-016));
#4120 = ORIENTED_EDGE('',*,*,#4121,.F.);
#4121 = EDGE_CURVE('',#4097,#4114,#4122,.T.);
#4122 = CIRCLE('',#4123,0.29);
#4123 = AXIS2_PLACEMENT_3D('',#4124,#4125,#4126);
#4124 = CARTESIAN_POINT('',(-0.61,0.18,-0.61));
#4125 = DIRECTION('',(0.E+000,-1.,0.E+000));
#4126 = DIRECTION('',(0.E+000,0.E+000,1.));
#4127 = PLANE('',#4128);
#4128 = AXIS2_PLACEMENT_3D('',#4129,#4130,#4131);
#4129 = CARTESIAN_POINT('',(0.78,0.18,-0.78));
#4130 = DIRECTION('',(0.E+000,1.,0.E+000));
#4131 = DIRECTION('',(0.E+000,-0.E+000,1.));
#4132 = ADVANCED_FACE('',(#4133),#4169,.F.);
#4133 = FACE_BOUND('',#4134,.T.);
#4134 = EDGE_LOOP('',(#4135,#4145,#4154,#4162));
#4135 = ORIENTED_EDGE('',*,*,#4136,.F.);
#4136 = EDGE_CURVE('',#4137,#4139,#4141,.T.);
#4137 = VERTEX_POINT('',#4138);
#4138 = CARTESIAN_POINT('',(0.78,0.18,-0.85));
#4139 = VERTEX_POINT('',#4140);
#4140 = CARTESIAN_POINT('',(0.772788205961,0.18,-0.85));
#4141 = LINE('',#4142,#4143);
#4142 = CARTESIAN_POINT('',(0.78,0.18,-0.85));
#4143 = VECTOR('',#4144,1.);
#4144 = DIRECTION('',(-1.,0.E+000,1.390002785238E-016));
#4145 = ORIENTED_EDGE('',*,*,#4146,.F.);
#4146 = EDGE_CURVE('',#4147,#4137,#4149,.T.);
#4147 = VERTEX_POINT('',#4148);
#4148 = CARTESIAN_POINT('',(0.85,0.18,-0.78));
#4149 = CIRCLE('',#4150,7.E-002);
#4150 = AXIS2_PLACEMENT_3D('',#4151,#4152,#4153);
#4151 = CARTESIAN_POINT('',(0.78,0.18,-0.78));
#4152 = DIRECTION('',(0.E+000,1.,0.E+000));
#4153 = DIRECTION('',(0.E+000,-0.E+000,1.));
#4154 = ORIENTED_EDGE('',*,*,#4155,.F.);
#4155 = EDGE_CURVE('',#4156,#4147,#4158,.T.);
#4156 = VERTEX_POINT('',#4157);
#4157 = CARTESIAN_POINT('',(0.85,0.18,-0.772788205961));
#4158 = LINE('',#4159,#4160);
#4159 = CARTESIAN_POINT('',(0.85,0.18,0.78));
#4160 = VECTOR('',#4161,1.);
#4161 = DIRECTION('',(0.E+000,0.E+000,-1.));
#4162 = ORIENTED_EDGE('',*,*,#4163,.F.);
#4163 = EDGE_CURVE('',#4139,#4156,#4164,.T.);
#4164 = CIRCLE('',#4165,0.29);
#4165 = AXIS2_PLACEMENT_3D('',#4166,#4167,#4168);
#4166 = CARTESIAN_POINT('',(0.61,0.18,-0.61));
#4167 = DIRECTION('',(-0.E+000,-1.,0.E+000));
#4168 = DIRECTION('',(-8.972707634363E-015,0.E+000,1.));
#4169 = PLANE('',#4170);
#4170 = AXIS2_PLACEMENT_3D('',#4171,#4172,#4173);
#4171 = CARTESIAN_POINT('',(0.78,0.18,-0.78));
#4172 = DIRECTION('',(0.E+000,1.,0.E+000));
#4173 = DIRECTION('',(0.E+000,-0.E+000,1.));
#4174 = ADVANCED_FACE('',(#4175),#4211,.F.);
#4175 = FACE_BOUND('',#4176,.T.);
#4176 = EDGE_LOOP('',(#4177,#4187,#4196,#4204));
#4177 = ORIENTED_EDGE('',*,*,#4178,.F.);
#4178 = EDGE_CURVE('',#4179,#4181,#4183,.T.);
#4179 = VERTEX_POINT('',#4180);
#4180 = CARTESIAN_POINT('',(0.85,0.18,0.78));
#4181 = VERTEX_POINT('',#4182);
#4182 = CARTESIAN_POINT('',(0.85,0.18,0.772788205961));
#4183 = LINE('',#4184,#4185);
#4184 = CARTESIAN_POINT('',(0.85,0.18,0.78));
#4185 = VECTOR('',#4186,1.);
#4186 = DIRECTION('',(0.E+000,0.E+000,-1.));
#4187 = ORIENTED_EDGE('',*,*,#4188,.F.);
#4188 = EDGE_CURVE('',#4189,#4179,#4191,.T.);
#4189 = VERTEX_POINT('',#4190);
#4190 = CARTESIAN_POINT('',(0.78,0.18,0.85));
#4191 = CIRCLE('',#4192,7.E-002);
#4192 = AXIS2_PLACEMENT_3D('',#4193,#4194,#4195);
#4193 = CARTESIAN_POINT('',(0.78,0.18,0.78));
#4194 = DIRECTION('',(0.E+000,1.,0.E+000));
#4195 = DIRECTION('',(0.E+000,-0.E+000,1.));
#4196 = ORIENTED_EDGE('',*,*,#4197,.F.);
#4197 = EDGE_CURVE('',#4198,#4189,#4200,.T.);
#4198 = VERTEX_POINT('',#4199);
#4199 = CARTESIAN_POINT('',(0.772788205961,0.18,0.85));
#4200 = LINE('',#4201,#4202);
#4201 = CARTESIAN_POINT('',(0.78,0.18,0.85));
#4202 = VECTOR('',#4203,1.);
#4203 = DIRECTION('',(1.,0.E+000,-1.390002785238E-016));
#4204 = ORIENTED_EDGE('',*,*,#4205,.F.);
#4205 = EDGE_CURVE('',#4181,#4198,#4206,.T.);
#4206 = CIRCLE('',#4207,0.29);
#4207 = AXIS2_PLACEMENT_3D('',#4208,#4209,#4210);
#4208 = CARTESIAN_POINT('',(0.61,0.18,0.61));
#4209 = DIRECTION('',(-0.E+000,-1.,0.E+000));
#4210 = DIRECTION('',(8.972707634363E-015,-0.E+000,1.));
#4211 = PLANE('',#4212);
#4212 = AXIS2_PLACEMENT_3D('',#4213,#4214,#4215);
#4213 = CARTESIAN_POINT('',(0.78,0.18,-0.78));
#4214 = DIRECTION('',(0.E+000,1.,0.E+000));
#4215 = DIRECTION('',(0.E+000,-0.E+000,1.));
#4216 = ADVANCED_FACE('',(#4217),#4233,.F.);
#4217 = FACE_BOUND('',#4218,.F.);
#4218 = EDGE_LOOP('',(#4219,#4225,#4226,#4232));
#4219 = ORIENTED_EDGE('',*,*,#4220,.F.);
#4220 = EDGE_CURVE('',#4137,#3429,#4221,.T.);
#4221 = LINE('',#4222,#4223);
#4222 = CARTESIAN_POINT('',(0.78,0.23,-0.85));
#4223 = VECTOR('',#4224,1.);
#4224 = DIRECTION('',(-0.E+000,-1.,-0.E+000));
#4225 = ORIENTED_EDGE('',*,*,#4146,.F.);
#4226 = ORIENTED_EDGE('',*,*,#4227,.T.);
#4227 = EDGE_CURVE('',#4147,#3421,#4228,.T.);
#4228 = LINE('',#4229,#4230);
#4229 = CARTESIAN_POINT('',(0.85,0.23,-0.78));
#4230 = VECTOR('',#4231,1.);
#4231 = DIRECTION('',(-0.E+000,-1.,-0.E+000));
#4232 = ORIENTED_EDGE('',*,*,#3428,.T.);
#4233 = CYLINDRICAL_SURFACE('',#4234,7.E-002);
#4234 = AXIS2_PLACEMENT_3D('',#4235,#4236,#4237);
#4235 = CARTESIAN_POINT('',(0.78,0.23,-0.78));
#4236 = DIRECTION('',(-0.E+000,-1.,-0.E+000));
#4237 = DIRECTION('',(0.E+000,0.E+000,-1.));
#4238 = ADVANCED_FACE('',(#4239),#4275,.T.);
#4239 = FACE_BOUND('',#4240,.T.);
#4240 = EDGE_LOOP('',(#4241,#4242,#4243,#4244,#4253,#4261,#4268,#4269));
#4241 = ORIENTED_EDGE('',*,*,#3437,.F.);
#4242 = ORIENTED_EDGE('',*,*,#4220,.F.);
#4243 = ORIENTED_EDGE('',*,*,#4136,.T.);
#4244 = ORIENTED_EDGE('',*,*,#4245,.F.);
#4245 = EDGE_CURVE('',#4246,#4139,#4248,.T.);
#4246 = VERTEX_POINT('',#4247);
#4247 = CARTESIAN_POINT('',(0.61,0.193397459622,-0.85));
#4248 = B_SPLINE_CURVE_WITH_KNOTS('',3,(#4249,#4250,#4251,#4252),
  .UNSPECIFIED.,.F.,.F.,(4,4),(0.E+000,1.633385806364E-004),
  .PIECEWISE_BEZIER_KNOTS.);
#4249 = CARTESIAN_POINT('',(0.61,0.193397459622,-0.85));
#4250 = CARTESIAN_POINT('',(0.664630272029,0.193397459622,-0.85));
#4251 = CARTESIAN_POINT('',(0.718157933932,0.18,-0.85));
#4252 = CARTESIAN_POINT('',(0.772788205961,0.18,-0.85));
#4253 = ORIENTED_EDGE('',*,*,#4254,.T.);
#4254 = EDGE_CURVE('',#4246,#4255,#4257,.T.);
#4255 = VERTEX_POINT('',#4256);
#4256 = CARTESIAN_POINT('',(-0.61,0.193397459622,-0.85));
#4257 = LINE('',#4258,#4259);
#4258 = CARTESIAN_POINT('',(0.61,0.193397459622,-0.85));
#4259 = VECTOR('',#4260,1.);
#4260 = DIRECTION('',(-1.,0.E+000,0.E+000));
#4261 = ORIENTED_EDGE('',*,*,#4262,.F.);
#4262 = EDGE_CURVE('',#4114,#4255,#4263,.T.);
#4263 = B_SPLINE_CURVE_WITH_KNOTS('',3,(#4264,#4265,#4266,#4267),
  .UNSPECIFIED.,.F.,.F.,(4,4),(0.E+000,1.633385806364E-004),
  .PIECEWISE_BEZIER_KNOTS.);
#4264 = CARTESIAN_POINT('',(-0.772788205961,0.18,-0.85));
#4265 = CARTESIAN_POINT('',(-0.718157933932,0.18,-0.85));
#4266 = CARTESIAN_POINT('',(-0.664630272029,0.193397459622,-0.85));
#4267 = CARTESIAN_POINT('',(-0.61,0.193397459622,-0.85));
#4268 = ORIENTED_EDGE('',*,*,#4113,.T.);
#4269 = ORIENTED_EDGE('',*,*,#4270,.T.);
#4270 = EDGE_CURVE('',#4105,#3438,#4271,.T.);
#4271 = LINE('',#4272,#4273);
#4272 = CARTESIAN_POINT('',(-0.78,0.23,-0.85));
#4273 = VECTOR('',#4274,1.);
#4274 = DIRECTION('',(-0.E+000,-1.,-0.E+000));
#4275 = PLANE('',#4276);
#4276 = AXIS2_PLACEMENT_3D('',#4277,#4278,#4279);
#4277 = CARTESIAN_POINT('',(0.78,0.23,-0.85));
#4278 = DIRECTION('',(1.390002785238E-016,-0.E+000,1.));
#4279 = DIRECTION('',(1.,0.E+000,-1.390002785238E-016));
#4280 = ADVANCED_FACE('',(#4281),#4292,.F.);
#4281 = FACE_BOUND('',#4282,.F.);
#4282 = EDGE_LOOP('',(#4283,#4289,#4290,#4291));
#4283 = ORIENTED_EDGE('',*,*,#4284,.F.);
#4284 = EDGE_CURVE('',#4095,#3446,#4285,.T.);
#4285 = LINE('',#4286,#4287);
#4286 = CARTESIAN_POINT('',(-0.85,0.23,-0.78));
#4287 = VECTOR('',#4288,1.);
#4288 = DIRECTION('',(-0.E+000,-1.,-0.E+000));
#4289 = ORIENTED_EDGE('',*,*,#4104,.F.);
#4290 = ORIENTED_EDGE('',*,*,#4270,.T.);
#4291 = ORIENTED_EDGE('',*,*,#3445,.T.);
#4292 = CYLINDRICAL_SURFACE('',#4293,7.E-002);
#4293 = AXIS2_PLACEMENT_3D('',#4294,#4295,#4296);
#4294 = CARTESIAN_POINT('',(-0.78,0.23,-0.78));
#4295 = DIRECTION('',(-0.E+000,-1.,-0.E+000));
#4296 = DIRECTION('',(0.E+000,0.E+000,-1.));
#4297 = ADVANCED_FACE('',(#4298),#4343,.T.);
#4298 = FACE_BOUND('',#4299,.T.);
#4299 = EDGE_LOOP('',(#4300,#4301,#4302,#4303,#4312,#4320,#4329,#4337));
#4300 = ORIENTED_EDGE('',*,*,#3454,.F.);
#4301 = ORIENTED_EDGE('',*,*,#4284,.F.);
#4302 = ORIENTED_EDGE('',*,*,#4094,.T.);
#4303 = ORIENTED_EDGE('',*,*,#4304,.T.);
#4304 = EDGE_CURVE('',#4097,#4305,#4307,.T.);
#4305 = VERTEX_POINT('',#4306);
#4306 = CARTESIAN_POINT('',(-0.85,0.193397459622,-0.61));
#4307 = B_SPLINE_CURVE_WITH_KNOTS('',3,(#4308,#4309,#4310,#4311),
  .UNSPECIFIED.,.F.,.F.,(4,4),(0.E+000,1.633385806364E-004),
  .PIECEWISE_BEZIER_KNOTS.);
#4308 = CARTESIAN_POINT('',(-0.85,0.18,-0.772788205961));
#4309 = CARTESIAN_POINT('',(-0.85,0.18,-0.718157933932));
#4310 = CARTESIAN_POINT('',(-0.85,0.193397459622,-0.664630272029));
#4311 = CARTESIAN_POINT('',(-0.85,0.193397459622,-0.61));
#4312 = ORIENTED_EDGE('',*,*,#4313,.T.);
#4313 = EDGE_CURVE('',#4305,#4314,#4316,.T.);
#4314 = VERTEX_POINT('',#4315);
#4315 = CARTESIAN_POINT('',(-0.85,0.193397459622,0.61));
#4316 = LINE('',#4317,#4318);
#4317 = CARTESIAN_POINT('',(-0.85,0.193397459622,0.61));
#4318 = VECTOR('',#4319,1.);
#4319 = DIRECTION('',(-0.E+000,0.E+000,1.));
#4320 = ORIENTED_EDGE('',*,*,#4321,.F.);
#4321 = EDGE_CURVE('',#4322,#4314,#4324,.T.);
#4322 = VERTEX_POINT('',#4323);
#4323 = CARTESIAN_POINT('',(-0.85,0.18,0.772788205961));
#4324 = B_SPLINE_CURVE_WITH_KNOTS('',3,(#4325,#4326,#4327,#4328),
  .UNSPECIFIED.,.F.,.F.,(4,4),(0.E+000,1.633385806364E-004),
  .PIECEWISE_BEZIER_KNOTS.);
#4325 = CARTESIAN_POINT('',(-0.85,0.18,0.772788205961));
#4326 = CARTESIAN_POINT('',(-0.85,0.18,0.718157933932));
#4327 = CARTESIAN_POINT('',(-0.85,0.193397459622,0.664630272029));
#4328 = CARTESIAN_POINT('',(-0.85,0.193397459622,0.61));
#4329 = ORIENTED_EDGE('',*,*,#4330,.T.);
#4330 = EDGE_CURVE('',#4322,#4331,#4333,.T.);
#4331 = VERTEX_POINT('',#4332);
#4332 = CARTESIAN_POINT('',(-0.85,0.18,0.78));
#4333 = LINE('',#4334,#4335);
#4334 = CARTESIAN_POINT('',(-0.85,0.18,0.78));
#4335 = VECTOR('',#4336,1.);
#4336 = DIRECTION('',(-0.E+000,0.E+000,1.));
#4337 = ORIENTED_EDGE('',*,*,#4338,.T.);
#4338 = EDGE_CURVE('',#4331,#3455,#4339,.T.);
#4339 = LINE('',#4340,#4341);
#4340 = CARTESIAN_POINT('',(-0.85,0.23,0.78));
#4341 = VECTOR('',#4342,1.);
#4342 = DIRECTION('',(-0.E+000,-1.,-0.E+000));
#4343 = PLANE('',#4344);
#4344 = AXIS2_PLACEMENT_3D('',#4345,#4346,#4347);
#4345 = CARTESIAN_POINT('',(-0.85,0.23,0.78));
#4346 = DIRECTION('',(1.,-0.E+000,0.E+000));
#4347 = DIRECTION('',(0.E+000,0.E+000,-1.));
#4348 = ADVANCED_FACE('',(#4349),#4368,.F.);
#4349 = FACE_BOUND('',#4350,.F.);
#4350 = EDGE_LOOP('',(#4351,#4359,#4366,#4367));
#4351 = ORIENTED_EDGE('',*,*,#4352,.F.);
#4352 = EDGE_CURVE('',#4353,#3463,#4355,.T.);
#4353 = VERTEX_POINT('',#4354);
#4354 = CARTESIAN_POINT('',(-0.78,0.18,0.85));
#4355 = LINE('',#4356,#4357);
#4356 = CARTESIAN_POINT('',(-0.78,0.23,0.85));
#4357 = VECTOR('',#4358,1.);
#4358 = DIRECTION('',(-0.E+000,-1.,-0.E+000));
#4359 = ORIENTED_EDGE('',*,*,#4360,.F.);
#4360 = EDGE_CURVE('',#4331,#4353,#4361,.T.);
#4361 = CIRCLE('',#4362,7.E-002);
#4362 = AXIS2_PLACEMENT_3D('',#4363,#4364,#4365);
#4363 = CARTESIAN_POINT('',(-0.78,0.18,0.78));
#4364 = DIRECTION('',(0.E+000,1.,0.E+000));
#4365 = DIRECTION('',(0.E+000,-0.E+000,1.));
#4366 = ORIENTED_EDGE('',*,*,#4338,.T.);
#4367 = ORIENTED_EDGE('',*,*,#3462,.T.);
#4368 = CYLINDRICAL_SURFACE('',#4369,7.E-002);
#4369 = AXIS2_PLACEMENT_3D('',#4370,#4371,#4372);
#4370 = CARTESIAN_POINT('',(-0.78,0.23,0.78));
#4371 = DIRECTION('',(-0.E+000,-1.,-0.E+000));
#4372 = DIRECTION('',(0.E+000,0.E+000,-1.));
#4373 = ADVANCED_FACE('',(#4374),#4417,.T.);
#4374 = FACE_BOUND('',#4375,.T.);
#4375 = EDGE_LOOP('',(#4376,#4377,#4378,#4386,#4395,#4403,#4410,#4411));
#4376 = ORIENTED_EDGE('',*,*,#3471,.F.);
#4377 = ORIENTED_EDGE('',*,*,#4352,.F.);
#4378 = ORIENTED_EDGE('',*,*,#4379,.T.);
#4379 = EDGE_CURVE('',#4353,#4380,#4382,.T.);
#4380 = VERTEX_POINT('',#4381);
#4381 = CARTESIAN_POINT('',(-0.772788205961,0.18,0.85));
#4382 = LINE('',#4383,#4384);
#4383 = CARTESIAN_POINT('',(0.78,0.18,0.85));
#4384 = VECTOR('',#4385,1.);
#4385 = DIRECTION('',(1.,0.E+000,-1.390002785238E-016));
#4386 = ORIENTED_EDGE('',*,*,#4387,.F.);
#4387 = EDGE_CURVE('',#4388,#4380,#4390,.T.);
#4388 = VERTEX_POINT('',#4389);
#4389 = CARTESIAN_POINT('',(-0.61,0.193397459622,0.85));
#4390 = B_SPLINE_CURVE_WITH_KNOTS('',3,(#4391,#4392,#4393,#4394),
  .UNSPECIFIED.,.F.,.F.,(4,4),(0.E+000,1.633385806364E-004),
  .PIECEWISE_BEZIER_KNOTS.);
#4391 = CARTESIAN_POINT('',(-0.61,0.193397459622,0.85));
#4392 = CARTESIAN_POINT('',(-0.664630272029,0.193397459622,0.85));
#4393 = CARTESIAN_POINT('',(-0.718157933932,0.18,0.85));
#4394 = CARTESIAN_POINT('',(-0.772788205961,0.18,0.85));
#4395 = ORIENTED_EDGE('',*,*,#4396,.T.);
#4396 = EDGE_CURVE('',#4388,#4397,#4399,.T.);
#4397 = VERTEX_POINT('',#4398);
#4398 = CARTESIAN_POINT('',(0.61,0.193397459622,0.85));
#4399 = LINE('',#4400,#4401);
#4400 = CARTESIAN_POINT('',(0.61,0.193397459622,0.85));
#4401 = VECTOR('',#4402,1.);
#4402 = DIRECTION('',(1.,-0.E+000,0.E+000));
#4403 = ORIENTED_EDGE('',*,*,#4404,.F.);
#4404 = EDGE_CURVE('',#4198,#4397,#4405,.T.);
#4405 = B_SPLINE_CURVE_WITH_KNOTS('',3,(#4406,#4407,#4408,#4409),
  .UNSPECIFIED.,.F.,.F.,(4,4),(0.E+000,1.633385806364E-004),
  .PIECEWISE_BEZIER_KNOTS.);
#4406 = CARTESIAN_POINT('',(0.772788205961,0.18,0.85));
#4407 = CARTESIAN_POINT('',(0.718157933932,0.18,0.85));
#4408 = CARTESIAN_POINT('',(0.664630272029,0.193397459622,0.85));
#4409 = CARTESIAN_POINT('',(0.61,0.193397459622,0.85));
#4410 = ORIENTED_EDGE('',*,*,#4197,.T.);
#4411 = ORIENTED_EDGE('',*,*,#4412,.T.);
#4412 = EDGE_CURVE('',#4189,#3472,#4413,.T.);
#4413 = LINE('',#4414,#4415);
#4414 = CARTESIAN_POINT('',(0.78,0.23,0.85));
#4415 = VECTOR('',#4416,1.);
#4416 = DIRECTION('',(-0.E+000,-1.,-0.E+000));
#4417 = PLANE('',#4418);
#4418 = AXIS2_PLACEMENT_3D('',#4419,#4420,#4421);
#4419 = CARTESIAN_POINT('',(0.78,0.23,0.85));
#4420 = DIRECTION('',(-1.390002785238E-016,0.E+000,-1.));
#4421 = DIRECTION('',(-1.,0.E+000,1.390002785238E-016));
#4422 = ADVANCED_FACE('',(#4423),#4434,.F.);
#4423 = FACE_BOUND('',#4424,.F.);
#4424 = EDGE_LOOP('',(#4425,#4431,#4432,#4433));
#4425 = ORIENTED_EDGE('',*,*,#4426,.F.);
#4426 = EDGE_CURVE('',#4179,#3419,#4427,.T.);
#4427 = LINE('',#4428,#4429);
#4428 = CARTESIAN_POINT('',(0.85,0.23,0.78));
#4429 = VECTOR('',#4430,1.);
#4430 = DIRECTION('',(-0.E+000,-1.,0.E+000));
#4431 = ORIENTED_EDGE('',*,*,#4188,.F.);
#4432 = ORIENTED_EDGE('',*,*,#4412,.T.);
#4433 = ORIENTED_EDGE('',*,*,#3479,.T.);
#4434 = CYLINDRICAL_SURFACE('',#4435,7.E-002);
#4435 = AXIS2_PLACEMENT_3D('',#4436,#4437,#4438);
#4436 = CARTESIAN_POINT('',(0.78,0.23,0.78));
#4437 = DIRECTION('',(-0.E+000,-1.,-0.E+000));
#4438 = DIRECTION('',(0.E+000,0.E+000,-1.));
#4439 = ADVANCED_FACE('',(#4440),#4471,.T.);
#4440 = FACE_BOUND('',#4441,.T.);
#4441 = EDGE_LOOP('',(#4442,#4443,#4444,#4445,#4454,#4462,#4469,#4470));
#4442 = ORIENTED_EDGE('',*,*,#3418,.F.);
#4443 = ORIENTED_EDGE('',*,*,#4426,.F.);
#4444 = ORIENTED_EDGE('',*,*,#4178,.T.);
#4445 = ORIENTED_EDGE('',*,*,#4446,.F.);
#4446 = EDGE_CURVE('',#4447,#4181,#4449,.T.);
#4447 = VERTEX_POINT('',#4448);
#4448 = CARTESIAN_POINT('',(0.85,0.193397459622,0.61));
#4449 = B_SPLINE_CURVE_WITH_KNOTS('',3,(#4450,#4451,#4452,#4453),
  .UNSPECIFIED.,.F.,.F.,(4,4),(0.E+000,1.633385806364E-004),
  .PIECEWISE_BEZIER_KNOTS.);
#4450 = CARTESIAN_POINT('',(0.85,0.193397459622,0.61));
#4451 = CARTESIAN_POINT('',(0.85,0.193397459622,0.664630272029));
#4452 = CARTESIAN_POINT('',(0.85,0.18,0.718157933932));
#4453 = CARTESIAN_POINT('',(0.85,0.18,0.772788205961));
#4454 = ORIENTED_EDGE('',*,*,#4455,.T.);
#4455 = EDGE_CURVE('',#4447,#4456,#4458,.T.);
#4456 = VERTEX_POINT('',#4457);
#4457 = CARTESIAN_POINT('',(0.85,0.193397459622,-0.61));
#4458 = LINE('',#4459,#4460);
#4459 = CARTESIAN_POINT('',(0.85,0.193397459622,0.61));
#4460 = VECTOR('',#4461,1.);
#4461 = DIRECTION('',(8.88690305316E-017,0.E+000,-1.));
#4462 = ORIENTED_EDGE('',*,*,#4463,.F.);
#4463 = EDGE_CURVE('',#4156,#4456,#4464,.T.);
#4464 = B_SPLINE_CURVE_WITH_KNOTS('',3,(#4465,#4466,#4467,#4468),
  .UNSPECIFIED.,.F.,.F.,(4,4),(0.E+000,1.633385806364E-004),
  .PIECEWISE_BEZIER_KNOTS.);
#4465 = CARTESIAN_POINT('',(0.85,0.18,-0.772788205961));
#4466 = CARTESIAN_POINT('',(0.85,0.18,-0.718157933932));
#4467 = CARTESIAN_POINT('',(0.85,0.193397459622,-0.664630272029));
#4468 = CARTESIAN_POINT('',(0.85,0.193397459622,-0.61));
#4469 = ORIENTED_EDGE('',*,*,#4155,.T.);
#4470 = ORIENTED_EDGE('',*,*,#4227,.T.);
#4471 = PLANE('',#4472);
#4472 = AXIS2_PLACEMENT_3D('',#4473,#4474,#4475);
#4473 = CARTESIAN_POINT('',(0.85,0.23,0.78));
#4474 = DIRECTION('',(-1.,0.E+000,0.E+000));
#4475 = DIRECTION('',(0.E+000,0.E+000,1.));
#4476 = ADVANCED_FACE('',(#4477),#4489,.F.);
#4477 = FACE_BOUND('',#4478,.T.);
#4478 = EDGE_LOOP('',(#4479,#4480,#4481,#4482));
#4479 = ORIENTED_EDGE('',*,*,#4379,.F.);
#4480 = ORIENTED_EDGE('',*,*,#4360,.F.);
#4481 = ORIENTED_EDGE('',*,*,#4330,.F.);
#4482 = ORIENTED_EDGE('',*,*,#4483,.F.);
#4483 = EDGE_CURVE('',#4380,#4322,#4484,.T.);
#4484 = CIRCLE('',#4485,0.29);
#4485 = AXIS2_PLACEMENT_3D('',#4486,#4487,#4488);
#4486 = CARTESIAN_POINT('',(-0.61,0.18,0.61));
#4487 = DIRECTION('',(0.E+000,-1.,0.E+000));
#4488 = DIRECTION('',(0.E+000,0.E+000,1.));
#4489 = PLANE('',#4490);
#4490 = AXIS2_PLACEMENT_3D('',#4491,#4492,#4493);
#4491 = CARTESIAN_POINT('',(0.78,0.18,-0.78));
#4492 = DIRECTION('',(0.E+000,1.,0.E+000));
#4493 = DIRECTION('',(0.E+000,-0.E+000,1.));
#4494 = ADVANCED_FACE('',(#4495),#4531,.F.);
#4495 = FACE_BOUND('',#4496,.F.);
#4496 = EDGE_LOOP('',(#4497,#4508,#4516,#4525));
#4497 = ORIENTED_EDGE('',*,*,#4498,.T.);
#4498 = EDGE_CURVE('',#4499,#4501,#4503,.T.);
#4499 = VERTEX_POINT('',#4500);
#4500 = CARTESIAN_POINT('',(-0.8,0.28,0.61));
#4501 = VERTEX_POINT('',#4502);
#4502 = CARTESIAN_POINT('',(-0.61,0.28,0.8));
#4503 = CIRCLE('',#4504,0.19);
#4504 = AXIS2_PLACEMENT_3D('',#4505,#4506,#4507);
#4505 = CARTESIAN_POINT('',(-0.61,0.28,0.61));
#4506 = DIRECTION('',(0.E+000,1.,0.E+000));
#4507 = DIRECTION('',(0.E+000,0.E+000,-1.));
#4508 = ORIENTED_EDGE('',*,*,#4509,.F.);
#4509 = EDGE_CURVE('',#4510,#4501,#4512,.T.);
#4510 = VERTEX_POINT('',#4511);
#4511 = CARTESIAN_POINT('',(-0.61,0.56,0.8));
#4512 = LINE('',#4513,#4514);
#4513 = CARTESIAN_POINT('',(-0.61,4.004163056034,0.8));
#4514 = VECTOR('',#4515,1.);
#4515 = DIRECTION('',(-0.E+000,-1.,-0.E+000));
#4516 = ORIENTED_EDGE('',*,*,#4517,.T.);
#4517 = EDGE_CURVE('',#4510,#4518,#4520,.T.);
#4518 = VERTEX_POINT('',#4519);
#4519 = CARTESIAN_POINT('',(-0.8,0.56,0.61));
#4520 = CIRCLE('',#4521,0.19);
#4521 = AXIS2_PLACEMENT_3D('',#4522,#4523,#4524);
#4522 = CARTESIAN_POINT('',(-0.61,0.56,0.61));
#4523 = DIRECTION('',(0.E+000,-1.,-0.E+000));
#4524 = DIRECTION('',(0.E+000,0.E+000,-1.));
#4525 = ORIENTED_EDGE('',*,*,#4526,.T.);
#4526 = EDGE_CURVE('',#4518,#4499,#4527,.T.);
#4527 = LINE('',#4528,#4529);
#4528 = CARTESIAN_POINT('',(-0.8,4.004163056034,0.61));
#4529 = VECTOR('',#4530,1.);
#4530 = DIRECTION('',(-0.E+000,-1.,-0.E+000));
#4531 = CYLINDRICAL_SURFACE('',#4532,0.19);
#4532 = AXIS2_PLACEMENT_3D('',#4533,#4534,#4535);
#4533 = CARTESIAN_POINT('',(-0.61,4.004163056034,0.61));
#4534 = DIRECTION('',(-0.E+000,-1.,-0.E+000));
#4535 = DIRECTION('',(0.E+000,0.E+000,-1.));
#4536 = ADVANCED_FACE('',(#4537),#4562,.T.);
#4537 = FACE_BOUND('',#4538,.T.);
#4538 = EDGE_LOOP('',(#4539,#4540,#4548,#4556));
#4539 = ORIENTED_EDGE('',*,*,#4509,.F.);
#4540 = ORIENTED_EDGE('',*,*,#4541,.F.);
#4541 = EDGE_CURVE('',#4542,#4510,#4544,.T.);
#4542 = VERTEX_POINT('',#4543);
#4543 = CARTESIAN_POINT('',(0.61,0.56,0.8));
#4544 = LINE('',#4545,#4546);
#4545 = CARTESIAN_POINT('',(0.61,0.56,0.8));
#4546 = VECTOR('',#4547,1.);
#4547 = DIRECTION('',(-1.,0.E+000,-0.E+000));
#4548 = ORIENTED_EDGE('',*,*,#4549,.T.);
#4549 = EDGE_CURVE('',#4542,#4550,#4552,.T.);
#4550 = VERTEX_POINT('',#4551);
#4551 = CARTESIAN_POINT('',(0.61,0.28,0.8));
#4552 = LINE('',#4553,#4554);
#4553 = CARTESIAN_POINT('',(0.61,4.004163056034,0.8));
#4554 = VECTOR('',#4555,1.);
#4555 = DIRECTION('',(-0.E+000,-1.,-0.E+000));
#4556 = ORIENTED_EDGE('',*,*,#4557,.F.);
#4557 = EDGE_CURVE('',#4501,#4550,#4558,.T.);
#4558 = LINE('',#4559,#4560);
#4559 = CARTESIAN_POINT('',(0.61,0.28,0.8));
#4560 = VECTOR('',#4561,1.);
#4561 = DIRECTION('',(1.,-0.E+000,0.E+000));
#4562 = PLANE('',#4563);
#4563 = AXIS2_PLACEMENT_3D('',#4564,#4565,#4566);
#4564 = CARTESIAN_POINT('',(0.61,4.004163056034,0.8));
#4565 = DIRECTION('',(0.E+000,0.E+000,-1.));
#4566 = DIRECTION('',(-1.,0.E+000,-0.E+000));
#4567 = ADVANCED_FACE('',(#4568),#4595,.F.);
#4568 = FACE_BOUND('',#4569,.F.);
#4569 = EDGE_LOOP('',(#4570,#4579,#4587,#4594));
#4570 = ORIENTED_EDGE('',*,*,#4571,.T.);
#4571 = EDGE_CURVE('',#4550,#4572,#4574,.T.);
#4572 = VERTEX_POINT('',#4573);
#4573 = CARTESIAN_POINT('',(0.8,0.28,0.61));
#4574 = CIRCLE('',#4575,0.19);
#4575 = AXIS2_PLACEMENT_3D('',#4576,#4577,#4578);
#4576 = CARTESIAN_POINT('',(0.61,0.28,0.61));
#4577 = DIRECTION('',(0.E+000,1.,0.E+000));
#4578 = DIRECTION('',(0.E+000,0.E+000,-1.));
#4579 = ORIENTED_EDGE('',*,*,#4580,.F.);
#4580 = EDGE_CURVE('',#4581,#4572,#4583,.T.);
#4581 = VERTEX_POINT('',#4582);
#4582 = CARTESIAN_POINT('',(0.8,0.56,0.61));
#4583 = LINE('',#4584,#4585);
#4584 = CARTESIAN_POINT('',(0.8,4.004163056034,0.61));
#4585 = VECTOR('',#4586,1.);
#4586 = DIRECTION('',(-0.E+000,-1.,-0.E+000));
#4587 = ORIENTED_EDGE('',*,*,#4588,.T.);
#4588 = EDGE_CURVE('',#4581,#4542,#4589,.T.);
#4589 = CIRCLE('',#4590,0.19);
#4590 = AXIS2_PLACEMENT_3D('',#4591,#4592,#4593);
#4591 = CARTESIAN_POINT('',(0.61,0.56,0.61));
#4592 = DIRECTION('',(0.E+000,-1.,-0.E+000));
#4593 = DIRECTION('',(0.E+000,0.E+000,-1.));
#4594 = ORIENTED_EDGE('',*,*,#4549,.T.);
#4595 = CYLINDRICAL_SURFACE('',#4596,0.19);
#4596 = AXIS2_PLACEMENT_3D('',#4597,#4598,#4599);
#4597 = CARTESIAN_POINT('',(0.61,4.004163056034,0.61));
#4598 = DIRECTION('',(-0.E+000,-1.,-0.E+000));
#4599 = DIRECTION('',(0.E+000,0.E+000,-1.));
#4600 = ADVANCED_FACE('',(#4601),#4626,.T.);
#4601 = FACE_BOUND('',#4602,.T.);
#4602 = EDGE_LOOP('',(#4603,#4604,#4612,#4620));
#4603 = ORIENTED_EDGE('',*,*,#4580,.F.);
#4604 = ORIENTED_EDGE('',*,*,#4605,.F.);
#4605 = EDGE_CURVE('',#4606,#4581,#4608,.T.);
#4606 = VERTEX_POINT('',#4607);
#4607 = CARTESIAN_POINT('',(0.8,0.56,-0.61));
#4608 = LINE('',#4609,#4610);
#4609 = CARTESIAN_POINT('',(0.8,0.56,0.61));
#4610 = VECTOR('',#4611,1.);
#4611 = DIRECTION('',(-8.88690305316E-017,0.E+000,1.));
#4612 = ORIENTED_EDGE('',*,*,#4613,.T.);
#4613 = EDGE_CURVE('',#4606,#4614,#4616,.T.);
#4614 = VERTEX_POINT('',#4615);
#4615 = CARTESIAN_POINT('',(0.8,0.28,-0.61));
#4616 = LINE('',#4617,#4618);
#4617 = CARTESIAN_POINT('',(0.8,4.004163056034,-0.61));
#4618 = VECTOR('',#4619,1.);
#4619 = DIRECTION('',(-0.E+000,-1.,-0.E+000));
#4620 = ORIENTED_EDGE('',*,*,#4621,.F.);
#4621 = EDGE_CURVE('',#4572,#4614,#4622,.T.);
#4622 = LINE('',#4623,#4624);
#4623 = CARTESIAN_POINT('',(0.8,0.28,0.61));
#4624 = VECTOR('',#4625,1.);
#4625 = DIRECTION('',(8.88690305316E-017,-0.E+000,-1.));
#4626 = PLANE('',#4627);
#4627 = AXIS2_PLACEMENT_3D('',#4628,#4629,#4630);
#4628 = CARTESIAN_POINT('',(0.8,4.004163056034,0.61));
#4629 = DIRECTION('',(-1.,0.E+000,-8.88690305316E-017));
#4630 = DIRECTION('',(-8.88690305316E-017,0.E+000,1.));
#4631 = ADVANCED_FACE('',(#4632),#4659,.F.);
#4632 = FACE_BOUND('',#4633,.F.);
#4633 = EDGE_LOOP('',(#4634,#4643,#4651,#4658));
#4634 = ORIENTED_EDGE('',*,*,#4635,.T.);
#4635 = EDGE_CURVE('',#4614,#4636,#4638,.T.);
#4636 = VERTEX_POINT('',#4637);
#4637 = CARTESIAN_POINT('',(0.61,0.28,-0.8));
#4638 = CIRCLE('',#4639,0.19);
#4639 = AXIS2_PLACEMENT_3D('',#4640,#4641,#4642);
#4640 = CARTESIAN_POINT('',(0.61,0.28,-0.61));
#4641 = DIRECTION('',(0.E+000,1.,0.E+000));
#4642 = DIRECTION('',(0.E+000,0.E+000,-1.));
#4643 = ORIENTED_EDGE('',*,*,#4644,.F.);
#4644 = EDGE_CURVE('',#4645,#4636,#4647,.T.);
#4645 = VERTEX_POINT('',#4646);
#4646 = CARTESIAN_POINT('',(0.61,0.56,-0.8));
#4647 = LINE('',#4648,#4649);
#4648 = CARTESIAN_POINT('',(0.61,4.004163056034,-0.8));
#4649 = VECTOR('',#4650,1.);
#4650 = DIRECTION('',(-0.E+000,-1.,-0.E+000));
#4651 = ORIENTED_EDGE('',*,*,#4652,.T.);
#4652 = EDGE_CURVE('',#4645,#4606,#4653,.T.);
#4653 = CIRCLE('',#4654,0.19);
#4654 = AXIS2_PLACEMENT_3D('',#4655,#4656,#4657);
#4655 = CARTESIAN_POINT('',(0.61,0.56,-0.61));
#4656 = DIRECTION('',(0.E+000,-1.,-0.E+000));
#4657 = DIRECTION('',(0.E+000,0.E+000,-1.));
#4658 = ORIENTED_EDGE('',*,*,#4613,.T.);
#4659 = CYLINDRICAL_SURFACE('',#4660,0.19);
#4660 = AXIS2_PLACEMENT_3D('',#4661,#4662,#4663);
#4661 = CARTESIAN_POINT('',(0.61,4.004163056034,-0.61));
#4662 = DIRECTION('',(-0.E+000,-1.,-0.E+000));
#4663 = DIRECTION('',(0.E+000,0.E+000,-1.));
#4664 = ADVANCED_FACE('',(#4665),#4690,.T.);
#4665 = FACE_BOUND('',#4666,.T.);
#4666 = EDGE_LOOP('',(#4667,#4668,#4676,#4684));
#4667 = ORIENTED_EDGE('',*,*,#4644,.F.);
#4668 = ORIENTED_EDGE('',*,*,#4669,.F.);
#4669 = EDGE_CURVE('',#4670,#4645,#4672,.T.);
#4670 = VERTEX_POINT('',#4671);
#4671 = CARTESIAN_POINT('',(-0.61,0.56,-0.8));
#4672 = LINE('',#4673,#4674);
#4673 = CARTESIAN_POINT('',(0.61,0.56,-0.8));
#4674 = VECTOR('',#4675,1.);
#4675 = DIRECTION('',(1.,0.E+000,-0.E+000));
#4676 = ORIENTED_EDGE('',*,*,#4677,.T.);
#4677 = EDGE_CURVE('',#4670,#4678,#4680,.T.);
#4678 = VERTEX_POINT('',#4679);
#4679 = CARTESIAN_POINT('',(-0.61,0.28,-0.8));
#4680 = LINE('',#4681,#4682);
#4681 = CARTESIAN_POINT('',(-0.61,4.004163056034,-0.8));
#4682 = VECTOR('',#4683,1.);
#4683 = DIRECTION('',(-0.E+000,-1.,-0.E+000));
#4684 = ORIENTED_EDGE('',*,*,#4685,.F.);
#4685 = EDGE_CURVE('',#4636,#4678,#4686,.T.);
#4686 = LINE('',#4687,#4688);
#4687 = CARTESIAN_POINT('',(0.61,0.28,-0.8));
#4688 = VECTOR('',#4689,1.);
#4689 = DIRECTION('',(-1.,-0.E+000,0.E+000));
#4690 = PLANE('',#4691);
#4691 = AXIS2_PLACEMENT_3D('',#4692,#4693,#4694);
#4692 = CARTESIAN_POINT('',(0.61,4.004163056034,-0.8));
#4693 = DIRECTION('',(0.E+000,-0.E+000,1.));
#4694 = DIRECTION('',(1.,0.E+000,0.E+000));
#4695 = ADVANCED_FACE('',(#4696),#4723,.F.);
#4696 = FACE_BOUND('',#4697,.F.);
#4697 = EDGE_LOOP('',(#4698,#4707,#4715,#4722));
#4698 = ORIENTED_EDGE('',*,*,#4699,.T.);
#4699 = EDGE_CURVE('',#4678,#4700,#4702,.T.);
#4700 = VERTEX_POINT('',#4701);
#4701 = CARTESIAN_POINT('',(-0.8,0.28,-0.61));
#4702 = CIRCLE('',#4703,0.19);
#4703 = AXIS2_PLACEMENT_3D('',#4704,#4705,#4706);
#4704 = CARTESIAN_POINT('',(-0.61,0.28,-0.61));
#4705 = DIRECTION('',(0.E+000,1.,0.E+000));
#4706 = DIRECTION('',(0.E+000,0.E+000,-1.));
#4707 = ORIENTED_EDGE('',*,*,#4708,.F.);
#4708 = EDGE_CURVE('',#4709,#4700,#4711,.T.);
#4709 = VERTEX_POINT('',#4710);
#4710 = CARTESIAN_POINT('',(-0.8,0.56,-0.61));
#4711 = LINE('',#4712,#4713);
#4712 = CARTESIAN_POINT('',(-0.8,4.004163056034,-0.61));
#4713 = VECTOR('',#4714,1.);
#4714 = DIRECTION('',(-0.E+000,-1.,-0.E+000));
#4715 = ORIENTED_EDGE('',*,*,#4716,.T.);
#4716 = EDGE_CURVE('',#4709,#4670,#4717,.T.);
#4717 = CIRCLE('',#4718,0.19);
#4718 = AXIS2_PLACEMENT_3D('',#4719,#4720,#4721);
#4719 = CARTESIAN_POINT('',(-0.61,0.56,-0.61));
#4720 = DIRECTION('',(0.E+000,-1.,-0.E+000));
#4721 = DIRECTION('',(0.E+000,0.E+000,-1.));
#4722 = ORIENTED_EDGE('',*,*,#4677,.T.);
#4723 = CYLINDRICAL_SURFACE('',#4724,0.19);
#4724 = AXIS2_PLACEMENT_3D('',#4725,#4726,#4727);
#4725 = CARTESIAN_POINT('',(-0.61,4.004163056034,-0.61));
#4726 = DIRECTION('',(-0.E+000,-1.,-0.E+000));
#4727 = DIRECTION('',(0.E+000,0.E+000,-1.));
#4728 = ADVANCED_FACE('',(#4729),#4745,.T.);
#4729 = FACE_BOUND('',#4730,.T.);
#4730 = EDGE_LOOP('',(#4731,#4732,#4738,#4739));
#4731 = ORIENTED_EDGE('',*,*,#4708,.F.);
#4732 = ORIENTED_EDGE('',*,*,#4733,.F.);
#4733 = EDGE_CURVE('',#4518,#4709,#4734,.T.);
#4734 = LINE('',#4735,#4736);
#4735 = CARTESIAN_POINT('',(-0.8,0.56,0.61));
#4736 = VECTOR('',#4737,1.);
#4737 = DIRECTION('',(0.E+000,0.E+000,-1.));
#4738 = ORIENTED_EDGE('',*,*,#4526,.T.);
#4739 = ORIENTED_EDGE('',*,*,#4740,.F.);
#4740 = EDGE_CURVE('',#4700,#4499,#4741,.T.);
#4741 = LINE('',#4742,#4743);
#4742 = CARTESIAN_POINT('',(-0.8,0.28,0.61));
#4743 = VECTOR('',#4744,1.);
#4744 = DIRECTION('',(-0.E+000,-0.E+000,1.));
#4745 = PLANE('',#4746);
#4746 = AXIS2_PLACEMENT_3D('',#4747,#4748,#4749);
#4747 = CARTESIAN_POINT('',(-0.8,4.004163056034,0.61));
#4748 = DIRECTION('',(1.,-0.E+000,0.E+000));
#4749 = DIRECTION('',(0.E+000,0.E+000,-1.));
#4750 = ADVANCED_FACE('',(#4751,#4761),#4795,.F.);
#4751 = FACE_BOUND('',#4752,.T.);
#4752 = EDGE_LOOP('',(#4753,#4760));
#4753 = ORIENTED_EDGE('',*,*,#4754,.T.);
#4754 = EDGE_CURVE('',#2985,#3004,#4755,.T.);
#4755 = CIRCLE('',#4756,0.125);
#4756 = AXIS2_PLACEMENT_3D('',#4757,#4758,#4759);
#4757 = CARTESIAN_POINT('',(-0.355,0.75,0.355));
#4758 = DIRECTION('',(0.E+000,1.,0.E+000));
#4759 = DIRECTION('',(0.E+000,-0.E+000,1.));
#4760 = ORIENTED_EDGE('',*,*,#3011,.T.);
#4761 = FACE_BOUND('',#4762,.T.);
#4762 = EDGE_LOOP('',(#4763,#4773,#4781,#4789));
#4763 = ORIENTED_EDGE('',*,*,#4764,.F.);
#4764 = EDGE_CURVE('',#4765,#4767,#4769,.T.);
#4765 = VERTEX_POINT('',#4766);
#4766 = CARTESIAN_POINT('',(0.61,0.75,0.61));
#4767 = VERTEX_POINT('',#4768);
#4768 = CARTESIAN_POINT('',(0.61,0.75,-0.61));
#4769 = LINE('',#4770,#4771);
#4770 = CARTESIAN_POINT('',(0.61,0.75,0.E+000));
#4771 = VECTOR('',#4772,1.);
#4772 = DIRECTION('',(-0.E+000,0.E+000,-1.));
#4773 = ORIENTED_EDGE('',*,*,#4774,.F.);
#4774 = EDGE_CURVE('',#4775,#4765,#4777,.T.);
#4775 = VERTEX_POINT('',#4776);
#4776 = CARTESIAN_POINT('',(-0.61,0.75,0.61));
#4777 = LINE('',#4778,#4779);
#4778 = CARTESIAN_POINT('',(0.E+000,0.75,0.61));
#4779 = VECTOR('',#4780,1.);
#4780 = DIRECTION('',(1.,0.E+000,-0.E+000));
#4781 = ORIENTED_EDGE('',*,*,#4782,.F.);
#4782 = EDGE_CURVE('',#4783,#4775,#4785,.T.);
#4783 = VERTEX_POINT('',#4784);
#4784 = CARTESIAN_POINT('',(-0.61,0.75,-0.61));
#4785 = LINE('',#4786,#4787);
#4786 = CARTESIAN_POINT('',(-0.61,0.75,0.E+000));
#4787 = VECTOR('',#4788,1.);
#4788 = DIRECTION('',(0.E+000,-0.E+000,1.));
#4789 = ORIENTED_EDGE('',*,*,#4790,.F.);
#4790 = EDGE_CURVE('',#4767,#4783,#4791,.T.);
#4791 = LINE('',#4792,#4793);
#4792 = CARTESIAN_POINT('',(0.E+000,0.75,-0.61));
#4793 = VECTOR('',#4794,1.);
#4794 = DIRECTION('',(-1.,-0.E+000,0.E+000));
#4795 = PLANE('',#4796);
#4796 = AXIS2_PLACEMENT_3D('',#4797,#4798,#4799);
#4797 = CARTESIAN_POINT('',(0.E+000,0.75,0.E+000));
#4798 = DIRECTION('',(0.E+000,1.,0.E+000));
#4799 = DIRECTION('',(0.E+000,-0.E+000,1.));
#4800 = ADVANCED_FACE('',(#4801),#4818,.F.);
#4801 = FACE_BOUND('',#4802,.F.);
#4802 = EDGE_LOOP('',(#4803,#4804,#4811));
#4803 = ORIENTED_EDGE('',*,*,#4588,.F.);
#4804 = ORIENTED_EDGE('',*,*,#4805,.F.);
#4805 = EDGE_CURVE('',#4765,#4581,#4806,.T.);
#4806 = CIRCLE('',#4807,0.19);
#4807 = AXIS2_PLACEMENT_3D('',#4808,#4809,#4810);
#4808 = CARTESIAN_POINT('',(0.61,0.56,0.61));
#4809 = DIRECTION('',(8.88690305316E-017,0.E+000,-1.));
#4810 = DIRECTION('',(1.,-2.853163611804E-015,8.88690305316E-017));
#4811 = ORIENTED_EDGE('',*,*,#4812,.F.);
#4812 = EDGE_CURVE('',#4542,#4765,#4813,.T.);
#4813 = CIRCLE('',#4814,0.19);
#4814 = AXIS2_PLACEMENT_3D('',#4815,#4816,#4817);
#4815 = CARTESIAN_POINT('',(0.61,0.56,0.61));
#4816 = DIRECTION('',(-1.,0.E+000,0.E+000));
#4817 = DIRECTION('',(0.E+000,0.E+000,1.));
#4818 = SPHERICAL_SURFACE('',#4819,0.19);
#4819 = AXIS2_PLACEMENT_3D('',#4820,#4821,#4822);
#4820 = CARTESIAN_POINT('',(0.61,0.56,0.61));
#4821 = DIRECTION('',(1.,0.E+000,0.E+000));
#4822 = DIRECTION('',(0.E+000,0.E+000,1.));
#4823 = ADVANCED_FACE('',(#4824),#4836,.F.);
#4824 = FACE_BOUND('',#4825,.F.);
#4825 = EDGE_LOOP('',(#4826,#4827,#4834,#4835));
#4826 = ORIENTED_EDGE('',*,*,#4605,.F.);
#4827 = ORIENTED_EDGE('',*,*,#4828,.F.);
#4828 = EDGE_CURVE('',#4767,#4606,#4829,.T.);
#4829 = CIRCLE('',#4830,0.19);
#4830 = AXIS2_PLACEMENT_3D('',#4831,#4832,#4833);
#4831 = CARTESIAN_POINT('',(0.61,0.56,-0.61));
#4832 = DIRECTION('',(6.123233995737E-017,0.E+000,-1.));
#4833 = DIRECTION('',(1.,-1.141265444722E-015,6.123233995737E-017));
#4834 = ORIENTED_EDGE('',*,*,#4764,.F.);
#4835 = ORIENTED_EDGE('',*,*,#4805,.T.);
#4836 = CYLINDRICAL_SURFACE('',#4837,0.19);
#4837 = AXIS2_PLACEMENT_3D('',#4838,#4839,#4840);
#4838 = CARTESIAN_POINT('',(0.61,0.56,5.421010862428E-017));
#4839 = DIRECTION('',(-8.88690305316E-017,0.E+000,1.));
#4840 = DIRECTION('',(1.,0.E+000,8.88690305316E-017));
#4841 = ADVANCED_FACE('',(#4842),#4854,.F.);
#4842 = FACE_BOUND('',#4843,.F.);
#4843 = EDGE_LOOP('',(#4844,#4845,#4852,#4853));
#4844 = ORIENTED_EDGE('',*,*,#4774,.F.);
#4845 = ORIENTED_EDGE('',*,*,#4846,.F.);
#4846 = EDGE_CURVE('',#4510,#4775,#4847,.T.);
#4847 = CIRCLE('',#4848,0.19);
#4848 = AXIS2_PLACEMENT_3D('',#4849,#4850,#4851);
#4849 = CARTESIAN_POINT('',(-0.61,0.56,0.61));
#4850 = DIRECTION('',(-1.,0.E+000,0.E+000));
#4851 = DIRECTION('',(0.E+000,0.E+000,1.));
#4852 = ORIENTED_EDGE('',*,*,#4541,.F.);
#4853 = ORIENTED_EDGE('',*,*,#4812,.T.);
#4854 = CYLINDRICAL_SURFACE('',#4855,0.19);
#4855 = AXIS2_PLACEMENT_3D('',#4856,#4857,#4858);
#4856 = CARTESIAN_POINT('',(0.E+000,0.56,0.61));
#4857 = DIRECTION('',(-1.,0.E+000,0.E+000));
#4858 = DIRECTION('',(0.E+000,0.E+000,1.));
#4859 = ADVANCED_FACE('',(#4860),#4871,.F.);
#4860 = FACE_BOUND('',#4861,.F.);
#4861 = EDGE_LOOP('',(#4862,#4863,#4870));
#4862 = ORIENTED_EDGE('',*,*,#4652,.F.);
#4863 = ORIENTED_EDGE('',*,*,#4864,.F.);
#4864 = EDGE_CURVE('',#4767,#4645,#4865,.T.);
#4865 = CIRCLE('',#4866,0.19);
#4866 = AXIS2_PLACEMENT_3D('',#4867,#4868,#4869);
#4867 = CARTESIAN_POINT('',(0.61,0.56,-0.61));
#4868 = DIRECTION('',(-1.,-0.E+000,0.E+000));
#4869 = DIRECTION('',(0.E+000,-1.711898167082E-015,-1.));
#4870 = ORIENTED_EDGE('',*,*,#4828,.T.);
#4871 = SPHERICAL_SURFACE('',#4872,0.19);
#4872 = AXIS2_PLACEMENT_3D('',#4873,#4874,#4875);
#4873 = CARTESIAN_POINT('',(0.61,0.56,-0.61));
#4874 = DIRECTION('',(1.,0.E+000,0.E+000));
#4875 = DIRECTION('',(0.E+000,0.E+000,1.));
#4876 = ADVANCED_FACE('',(#4877),#4888,.F.);
#4877 = FACE_BOUND('',#4878,.F.);
#4878 = EDGE_LOOP('',(#4879,#4880,#4887));
#4879 = ORIENTED_EDGE('',*,*,#4846,.T.);
#4880 = ORIENTED_EDGE('',*,*,#4881,.F.);
#4881 = EDGE_CURVE('',#4518,#4775,#4882,.T.);
#4882 = CIRCLE('',#4883,0.19);
#4883 = AXIS2_PLACEMENT_3D('',#4884,#4885,#4886);
#4884 = CARTESIAN_POINT('',(-0.61,0.56,0.61));
#4885 = DIRECTION('',(0.E+000,0.E+000,-1.));
#4886 = DIRECTION('',(-1.,0.E+000,0.E+000));
#4887 = ORIENTED_EDGE('',*,*,#4517,.F.);
#4888 = SPHERICAL_SURFACE('',#4889,0.19);
#4889 = AXIS2_PLACEMENT_3D('',#4890,#4891,#4892);
#4890 = CARTESIAN_POINT('',(-0.61,0.56,0.61));
#4891 = DIRECTION('',(1.,0.E+000,0.E+000));
#4892 = DIRECTION('',(0.E+000,0.E+000,1.));
#4893 = ADVANCED_FACE('',(#4894),#4906,.F.);
#4894 = FACE_BOUND('',#4895,.F.);
#4895 = EDGE_LOOP('',(#4896,#4897,#4904,#4905));
#4896 = ORIENTED_EDGE('',*,*,#4669,.F.);
#4897 = ORIENTED_EDGE('',*,*,#4898,.F.);
#4898 = EDGE_CURVE('',#4783,#4670,#4899,.T.);
#4899 = CIRCLE('',#4900,0.19);
#4900 = AXIS2_PLACEMENT_3D('',#4901,#4902,#4903);
#4901 = CARTESIAN_POINT('',(-0.61,0.56,-0.61));
#4902 = DIRECTION('',(-1.,0.E+000,-1.224646799147E-016));
#4903 = DIRECTION('',(1.224646799147E-016,0.E+000,-1.));
#4904 = ORIENTED_EDGE('',*,*,#4790,.F.);
#4905 = ORIENTED_EDGE('',*,*,#4864,.T.);
#4906 = CYLINDRICAL_SURFACE('',#4907,0.19);
#4907 = AXIS2_PLACEMENT_3D('',#4908,#4909,#4910);
#4908 = CARTESIAN_POINT('',(0.E+000,0.56,-0.61));
#4909 = DIRECTION('',(1.,0.E+000,-0.E+000));
#4910 = DIRECTION('',(0.E+000,-0.E+000,-1.));
#4911 = ADVANCED_FACE('',(#4912),#4924,.F.);
#4912 = FACE_BOUND('',#4913,.F.);
#4913 = EDGE_LOOP('',(#4914,#4915,#4922,#4923));
#4914 = ORIENTED_EDGE('',*,*,#4782,.F.);
#4915 = ORIENTED_EDGE('',*,*,#4916,.F.);
#4916 = EDGE_CURVE('',#4709,#4783,#4917,.T.);
#4917 = CIRCLE('',#4918,0.19);
#4918 = AXIS2_PLACEMENT_3D('',#4919,#4920,#4921);
#4919 = CARTESIAN_POINT('',(-0.61,0.56,-0.61));
#4920 = DIRECTION('',(1.836970198721E-016,0.E+000,-1.));
#4921 = DIRECTION('',(-1.,0.E+000,-1.836970198721E-016));
#4922 = ORIENTED_EDGE('',*,*,#4733,.F.);
#4923 = ORIENTED_EDGE('',*,*,#4881,.T.);
#4924 = CYLINDRICAL_SURFACE('',#4925,0.19);
#4925 = AXIS2_PLACEMENT_3D('',#4926,#4927,#4928);
#4926 = CARTESIAN_POINT('',(-0.61,0.56,0.E+000));
#4927 = DIRECTION('',(0.E+000,0.E+000,-1.));
#4928 = DIRECTION('',(-1.,0.E+000,0.E+000));
#4929 = ADVANCED_FACE('',(#4930),#4935,.F.);
#4930 = FACE_BOUND('',#4931,.F.);
#4931 = EDGE_LOOP('',(#4932,#4933,#4934));
#4932 = ORIENTED_EDGE('',*,*,#4716,.F.);
#4933 = ORIENTED_EDGE('',*,*,#4916,.T.);
#4934 = ORIENTED_EDGE('',*,*,#4898,.T.);
#4935 = SPHERICAL_SURFACE('',#4936,0.19);
#4936 = AXIS2_PLACEMENT_3D('',#4937,#4938,#4939);
#4937 = CARTESIAN_POINT('',(-0.61,0.56,-0.61));
#4938 = DIRECTION('',(1.,0.E+000,0.E+000));
#4939 = DIRECTION('',(0.E+000,0.E+000,1.));
#4940 = ADVANCED_FACE('',(#4941),#4959,.T.);
#4941 = FACE_BOUND('',#4942,.T.);
#4942 = EDGE_LOOP('',(#4943,#4950,#4951,#4958));
#4943 = ORIENTED_EDGE('',*,*,#4944,.T.);
#4944 = EDGE_CURVE('',#4447,#4572,#4945,.T.);
#4945 = CIRCLE('',#4946,0.1);
#4946 = AXIS2_PLACEMENT_3D('',#4947,#4948,#4949);
#4947 = CARTESIAN_POINT('',(0.9,0.28,0.61));
#4948 = DIRECTION('',(6.123233995737E-017,0.E+000,-1.));
#4949 = DIRECTION('',(1.,2.710505431214E-015,6.123233995737E-017));
#4950 = ORIENTED_EDGE('',*,*,#4621,.T.);
#4951 = ORIENTED_EDGE('',*,*,#4952,.T.);
#4952 = EDGE_CURVE('',#4614,#4456,#4953,.T.);
#4953 = CIRCLE('',#4954,0.1);
#4954 = AXIS2_PLACEMENT_3D('',#4955,#4956,#4957);
#4955 = CARTESIAN_POINT('',(0.9,0.28,-0.61));
#4956 = DIRECTION('',(-6.123233995737E-017,0.E+000,1.));
#4957 = DIRECTION('',(1.,0.E+000,6.123233995737E-017));
#4958 = ORIENTED_EDGE('',*,*,#4455,.F.);
#4959 = CYLINDRICAL_SURFACE('',#4960,0.1);
#4960 = AXIS2_PLACEMENT_3D('',#4961,#4962,#4963);
#4961 = CARTESIAN_POINT('',(0.9,0.28,0.61));
#4962 = DIRECTION('',(8.88690305316E-017,0.E+000,-1.));
#4963 = DIRECTION('',(-1.,0.E+000,-8.88690305316E-017));
#4964 = ADVANCED_FACE('',(#4965),#4979,.T.);
#4965 = FACE_BOUND('',#4966,.T.);
#4966 = EDGE_LOOP('',(#4967,#4968,#4969,#4976,#4977,#4978));
#4967 = ORIENTED_EDGE('',*,*,#4952,.F.);
#4968 = ORIENTED_EDGE('',*,*,#4635,.T.);
#4969 = ORIENTED_EDGE('',*,*,#4970,.T.);
#4970 = EDGE_CURVE('',#4636,#4246,#4971,.T.);
#4971 = CIRCLE('',#4972,0.1);
#4972 = AXIS2_PLACEMENT_3D('',#4973,#4974,#4975);
#4973 = CARTESIAN_POINT('',(0.61,0.28,-0.9));
#4974 = DIRECTION('',(1.,0.E+000,-0.E+000));
#4975 = DIRECTION('',(0.E+000,0.E+000,1.));
#4976 = ORIENTED_EDGE('',*,*,#4245,.T.);
#4977 = ORIENTED_EDGE('',*,*,#4163,.T.);
#4978 = ORIENTED_EDGE('',*,*,#4463,.T.);
#4979 = TOROIDAL_SURFACE('',#4980,0.29,0.1);
#4980 = AXIS2_PLACEMENT_3D('',#4981,#4982,#4983);
#4981 = CARTESIAN_POINT('',(0.61,0.28,-0.61));
#4982 = DIRECTION('',(0.E+000,1.,0.E+000));
#4983 = DIRECTION('',(0.E+000,-0.E+000,1.));
#4984 = ADVANCED_FACE('',(#4985),#4999,.T.);
#4985 = FACE_BOUND('',#4986,.T.);
#4986 = EDGE_LOOP('',(#4987,#4988,#4989,#4990,#4991,#4998));
#4987 = ORIENTED_EDGE('',*,*,#4944,.F.);
#4988 = ORIENTED_EDGE('',*,*,#4446,.T.);
#4989 = ORIENTED_EDGE('',*,*,#4205,.T.);
#4990 = ORIENTED_EDGE('',*,*,#4404,.T.);
#4991 = ORIENTED_EDGE('',*,*,#4992,.T.);
#4992 = EDGE_CURVE('',#4397,#4550,#4993,.T.);
#4993 = CIRCLE('',#4994,0.1);
#4994 = AXIS2_PLACEMENT_3D('',#4995,#4996,#4997);
#4995 = CARTESIAN_POINT('',(0.61,0.28,0.9));
#4996 = DIRECTION('',(1.,-0.E+000,0.E+000));
#4997 = DIRECTION('',(0.E+000,0.E+000,-1.));
#4998 = ORIENTED_EDGE('',*,*,#4571,.T.);
#4999 = TOROIDAL_SURFACE('',#5000,0.29,0.1);
#5000 = AXIS2_PLACEMENT_3D('',#5001,#5002,#5003);
#5001 = CARTESIAN_POINT('',(0.61,0.28,0.61));
#5002 = DIRECTION('',(0.E+000,1.,0.E+000));
#5003 = DIRECTION('',(0.E+000,-0.E+000,1.));
#5004 = ADVANCED_FACE('',(#5005),#5017,.T.);
#5005 = FACE_BOUND('',#5006,.T.);
#5006 = EDGE_LOOP('',(#5007,#5008,#5009,#5016));
#5007 = ORIENTED_EDGE('',*,*,#4970,.F.);
#5008 = ORIENTED_EDGE('',*,*,#4685,.T.);
#5009 = ORIENTED_EDGE('',*,*,#5010,.T.);
#5010 = EDGE_CURVE('',#4678,#4255,#5011,.T.);
#5011 = CIRCLE('',#5012,0.1);
#5012 = AXIS2_PLACEMENT_3D('',#5013,#5014,#5015);
#5013 = CARTESIAN_POINT('',(-0.61,0.28,-0.9));
#5014 = DIRECTION('',(1.,-0.E+000,1.224646799147E-016));
#5015 = DIRECTION('',(1.224646799147E-016,0.E+000,-1.));
#5016 = ORIENTED_EDGE('',*,*,#4254,.F.);
#5017 = CYLINDRICAL_SURFACE('',#5018,0.1);
#5018 = AXIS2_PLACEMENT_3D('',#5019,#5020,#5021);
#5019 = CARTESIAN_POINT('',(0.61,0.28,-0.9));
#5020 = DIRECTION('',(-1.,0.E+000,0.E+000));
#5021 = DIRECTION('',(0.E+000,0.E+000,1.));
#5022 = ADVANCED_FACE('',(#5023),#5035,.T.);
#5023 = FACE_BOUND('',#5024,.T.);
#5024 = EDGE_LOOP('',(#5025,#5026,#5027,#5034));
#5025 = ORIENTED_EDGE('',*,*,#4992,.F.);
#5026 = ORIENTED_EDGE('',*,*,#4396,.F.);
#5027 = ORIENTED_EDGE('',*,*,#5028,.T.);
#5028 = EDGE_CURVE('',#4388,#4501,#5029,.T.);
#5029 = CIRCLE('',#5030,0.1);
#5030 = AXIS2_PLACEMENT_3D('',#5031,#5032,#5033);
#5031 = CARTESIAN_POINT('',(-0.61,0.28,0.9));
#5032 = DIRECTION('',(1.,0.E+000,-0.E+000));
#5033 = DIRECTION('',(0.E+000,0.E+000,1.));
#5034 = ORIENTED_EDGE('',*,*,#4557,.T.);
#5035 = CYLINDRICAL_SURFACE('',#5036,0.1);
#5036 = AXIS2_PLACEMENT_3D('',#5037,#5038,#5039);
#5037 = CARTESIAN_POINT('',(0.61,0.28,0.9));
#5038 = DIRECTION('',(1.,-0.E+000,0.E+000));
#5039 = DIRECTION('',(0.E+000,0.E+000,-1.));
#5040 = ADVANCED_FACE('',(#5041),#5055,.T.);
#5041 = FACE_BOUND('',#5042,.T.);
#5042 = EDGE_LOOP('',(#5043,#5044,#5045,#5052,#5053,#5054));
#5043 = ORIENTED_EDGE('',*,*,#5010,.F.);
#5044 = ORIENTED_EDGE('',*,*,#4699,.T.);
#5045 = ORIENTED_EDGE('',*,*,#5046,.T.);
#5046 = EDGE_CURVE('',#4700,#4305,#5047,.T.);
#5047 = CIRCLE('',#5048,0.1);
#5048 = AXIS2_PLACEMENT_3D('',#5049,#5050,#5051);
#5049 = CARTESIAN_POINT('',(-0.9,0.28,-0.61));
#5050 = DIRECTION('',(0.E+000,0.E+000,-1.));
#5051 = DIRECTION('',(1.,0.E+000,0.E+000));
#5052 = ORIENTED_EDGE('',*,*,#4304,.F.);
#5053 = ORIENTED_EDGE('',*,*,#4121,.T.);
#5054 = ORIENTED_EDGE('',*,*,#4262,.T.);
#5055 = TOROIDAL_SURFACE('',#5056,0.29,0.1);
#5056 = AXIS2_PLACEMENT_3D('',#5057,#5058,#5059);
#5057 = CARTESIAN_POINT('',(-0.61,0.28,-0.61));
#5058 = DIRECTION('',(0.E+000,1.,0.E+000));
#5059 = DIRECTION('',(0.E+000,-0.E+000,1.));
#5060 = ADVANCED_FACE('',(#5061),#5075,.T.);
#5061 = FACE_BOUND('',#5062,.T.);
#5062 = EDGE_LOOP('',(#5063,#5064,#5065,#5066,#5067,#5074));
#5063 = ORIENTED_EDGE('',*,*,#5028,.F.);
#5064 = ORIENTED_EDGE('',*,*,#4387,.T.);
#5065 = ORIENTED_EDGE('',*,*,#4483,.T.);
#5066 = ORIENTED_EDGE('',*,*,#4321,.T.);
#5067 = ORIENTED_EDGE('',*,*,#5068,.T.);
#5068 = EDGE_CURVE('',#4314,#4499,#5069,.T.);
#5069 = CIRCLE('',#5070,0.1);
#5070 = AXIS2_PLACEMENT_3D('',#5071,#5072,#5073);
#5071 = CARTESIAN_POINT('',(-0.9,0.28,0.61));
#5072 = DIRECTION('',(-0.E+000,0.E+000,1.));
#5073 = DIRECTION('',(1.,0.E+000,0.E+000));
#5074 = ORIENTED_EDGE('',*,*,#4498,.T.);
#5075 = TOROIDAL_SURFACE('',#5076,0.29,0.1);
#5076 = AXIS2_PLACEMENT_3D('',#5077,#5078,#5079);
#5077 = CARTESIAN_POINT('',(-0.61,0.28,0.61));
#5078 = DIRECTION('',(0.E+000,1.,0.E+000));
#5079 = DIRECTION('',(0.E+000,-0.E+000,1.));
#5080 = ADVANCED_FACE('',(#5081),#5087,.T.);
#5081 = FACE_BOUND('',#5082,.T.);
#5082 = EDGE_LOOP('',(#5083,#5084,#5085,#5086));
#5083 = ORIENTED_EDGE('',*,*,#5046,.F.);
#5084 = ORIENTED_EDGE('',*,*,#4740,.T.);
#5085 = ORIENTED_EDGE('',*,*,#5068,.F.);
#5086 = ORIENTED_EDGE('',*,*,#4313,.F.);
#5087 = CYLINDRICAL_SURFACE('',#5088,0.1);
#5088 = AXIS2_PLACEMENT_3D('',#5089,#5090,#5091);
#5089 = CARTESIAN_POINT('',(-0.9,0.28,0.61));
#5090 = DIRECTION('',(-0.E+000,0.E+000,1.));
#5091 = DIRECTION('',(1.,0.E+000,0.E+000));
#5092 = ADVANCED_FACE('',(#5093),#5099,.F.);
#5093 = FACE_BOUND('',#5094,.F.);
#5094 = EDGE_LOOP('',(#5095,#5096,#5097,#5098));
#5095 = ORIENTED_EDGE('',*,*,#3760,.F.);
#5096 = ORIENTED_EDGE('',*,*,#2984,.F.);
#5097 = ORIENTED_EDGE('',*,*,#4754,.T.);
#5098 = ORIENTED_EDGE('',*,*,#3003,.T.);
#5099 = CYLINDRICAL_SURFACE('',#5100,0.125);
#5100 = AXIS2_PLACEMENT_3D('',#5101,#5102,#5103);
#5101 = CARTESIAN_POINT('',(-0.355,0.3,0.355));
#5102 = DIRECTION('',(-0.E+000,1.,-0.E+000));
#5103 = DIRECTION('',(0.E+000,0.E+000,1.));
#5104 = MANIFOLD_SOLID_BREP('',#5105);
#5105 = CLOSED_SHELL('',(#5106,#5146,#5177,#5208,#5230,#5242));
#5106 = ADVANCED_FACE('',(#5107),#5141,.F.);
#5107 = FACE_BOUND('',#5108,.T.);
#5108 = EDGE_LOOP('',(#5109,#5119,#5127,#5135));
#5109 = ORIENTED_EDGE('',*,*,#5110,.T.);
#5110 = EDGE_CURVE('',#5111,#5113,#5115,.T.);
#5111 = VERTEX_POINT('',#5112);
#5112 = CARTESIAN_POINT('',(0.625,0.1,0.625));
#5113 = VERTEX_POINT('',#5114);
#5114 = CARTESIAN_POINT('',(0.625,0.1,0.375));
#5115 = LINE('',#5116,#5117);
#5116 = CARTESIAN_POINT('',(0.625,0.1,0.625));
#5117 = VECTOR('',#5118,1.);
#5118 = DIRECTION('',(-4.336808689942E-016,0.E+000,-1.));
#5119 = ORIENTED_EDGE('',*,*,#5120,.F.);
#5120 = EDGE_CURVE('',#5121,#5113,#5123,.T.);
#5121 = VERTEX_POINT('',#5122);
#5122 = CARTESIAN_POINT('',(0.625,0.E+000,0.375));
#5123 = LINE('',#5124,#5125);
#5124 = CARTESIAN_POINT('',(0.625,0.E+000,0.375));
#5125 = VECTOR('',#5126,1.);
#5126 = DIRECTION('',(-0.E+000,1.,-0.E+000));
#5127 = ORIENTED_EDGE('',*,*,#5128,.F.);
#5128 = EDGE_CURVE('',#5129,#5121,#5131,.T.);
#5129 = VERTEX_POINT('',#5130);
#5130 = CARTESIAN_POINT('',(0.625,0.E+000,0.625));
#5131 = LINE('',#5132,#5133);
#5132 = CARTESIAN_POINT('',(0.625,0.E+000,0.625));
#5133 = VECTOR('',#5134,1.);
#5134 = DIRECTION('',(-4.336808689942E-016,0.E+000,-1.));
#5135 = ORIENTED_EDGE('',*,*,#5136,.T.);
#5136 = EDGE_CURVE('',#5129,#5111,#5137,.T.);
#5137 = LINE('',#5138,#5139);
#5138 = CARTESIAN_POINT('',(0.625,0.E+000,0.625));
#5139 = VECTOR('',#5140,1.);
#5140 = DIRECTION('',(-0.E+000,1.,-0.E+000));
#5141 = PLANE('',#5142);
#5142 = AXIS2_PLACEMENT_3D('',#5143,#5144,#5145);
#5143 = CARTESIAN_POINT('',(0.625,0.E+000,0.625));
#5144 = DIRECTION('',(1.,0.E+000,-4.336808689942E-016));
#5145 = DIRECTION('',(-4.336808689942E-016,0.E+000,-1.));
#5146 = ADVANCED_FACE('',(#5147),#5172,.F.);
#5147 = FACE_BOUND('',#5148,.T.);
#5148 = EDGE_LOOP('',(#5149,#5157,#5165,#5171));
#5149 = ORIENTED_EDGE('',*,*,#5150,.T.);
#5150 = EDGE_CURVE('',#5113,#5151,#5153,.T.);
#5151 = VERTEX_POINT('',#5152);
#5152 = CARTESIAN_POINT('',(0.9,0.1,0.375));
#5153 = LINE('',#5154,#5155);
#5154 = CARTESIAN_POINT('',(0.625,0.1,0.375));
#5155 = VECTOR('',#5156,1.);
#5156 = DIRECTION('',(1.,0.E+000,0.E+000));
#5157 = ORIENTED_EDGE('',*,*,#5158,.F.);
#5158 = EDGE_CURVE('',#5159,#5151,#5161,.T.);
#5159 = VERTEX_POINT('',#5160);
#5160 = CARTESIAN_POINT('',(0.9,0.E+000,0.375));
#5161 = LINE('',#5162,#5163);
#5162 = CARTESIAN_POINT('',(0.9,0.E+000,0.375));
#5163 = VECTOR('',#5164,1.);
#5164 = DIRECTION('',(-0.E+000,1.,-0.E+000));
#5165 = ORIENTED_EDGE('',*,*,#5166,.F.);
#5166 = EDGE_CURVE('',#5121,#5159,#5167,.T.);
#5167 = LINE('',#5168,#5169);
#5168 = CARTESIAN_POINT('',(0.625,0.E+000,0.375));
#5169 = VECTOR('',#5170,1.);
#5170 = DIRECTION('',(1.,0.E+000,0.E+000));
#5171 = ORIENTED_EDGE('',*,*,#5120,.T.);
#5172 = PLANE('',#5173);
#5173 = AXIS2_PLACEMENT_3D('',#5174,#5175,#5176);
#5174 = CARTESIAN_POINT('',(0.625,0.E+000,0.375));
#5175 = DIRECTION('',(-0.E+000,0.E+000,1.));
#5176 = DIRECTION('',(1.,0.E+000,0.E+000));
#5177 = ADVANCED_FACE('',(#5178),#5203,.F.);
#5178 = FACE_BOUND('',#5179,.T.);
#5179 = EDGE_LOOP('',(#5180,#5188,#5196,#5202));
#5180 = ORIENTED_EDGE('',*,*,#5181,.T.);
#5181 = EDGE_CURVE('',#5151,#5182,#5184,.T.);
#5182 = VERTEX_POINT('',#5183);
#5183 = CARTESIAN_POINT('',(0.9,0.1,0.625));
#5184 = LINE('',#5185,#5186);
#5185 = CARTESIAN_POINT('',(0.9,0.1,0.375));
#5186 = VECTOR('',#5187,1.);
#5187 = DIRECTION('',(0.E+000,0.E+000,1.));
#5188 = ORIENTED_EDGE('',*,*,#5189,.F.);
#5189 = EDGE_CURVE('',#5190,#5182,#5192,.T.);
#5190 = VERTEX_POINT('',#5191);
#5191 = CARTESIAN_POINT('',(0.9,0.E+000,0.625));
#5192 = LINE('',#5193,#5194);
#5193 = CARTESIAN_POINT('',(0.9,0.E+000,0.625));
#5194 = VECTOR('',#5195,1.);
#5195 = DIRECTION('',(-0.E+000,1.,-0.E+000));
#5196 = ORIENTED_EDGE('',*,*,#5197,.F.);
#5197 = EDGE_CURVE('',#5159,#5190,#5198,.T.);
#5198 = LINE('',#5199,#5200);
#5199 = CARTESIAN_POINT('',(0.9,0.E+000,0.375));
#5200 = VECTOR('',#5201,1.);
#5201 = DIRECTION('',(0.E+000,0.E+000,1.));
#5202 = ORIENTED_EDGE('',*,*,#5158,.T.);
#5203 = PLANE('',#5204);
#5204 = AXIS2_PLACEMENT_3D('',#5205,#5206,#5207);
#5205 = CARTESIAN_POINT('',(0.9,0.E+000,0.375));
#5206 = DIRECTION('',(-1.,0.E+000,0.E+000));
#5207 = DIRECTION('',(0.E+000,0.E+000,1.));
#5208 = ADVANCED_FACE('',(#5209),#5225,.F.);
#5209 = FACE_BOUND('',#5210,.T.);
#5210 = EDGE_LOOP('',(#5211,#5217,#5218,#5224));
#5211 = ORIENTED_EDGE('',*,*,#5212,.T.);
#5212 = EDGE_CURVE('',#5182,#5111,#5213,.T.);
#5213 = LINE('',#5214,#5215);
#5214 = CARTESIAN_POINT('',(0.9,0.1,0.625));
#5215 = VECTOR('',#5216,1.);
#5216 = DIRECTION('',(-1.,0.E+000,0.E+000));
#5217 = ORIENTED_EDGE('',*,*,#5136,.F.);
#5218 = ORIENTED_EDGE('',*,*,#5219,.F.);
#5219 = EDGE_CURVE('',#5190,#5129,#5220,.T.);
#5220 = LINE('',#5221,#5222);
#5221 = CARTESIAN_POINT('',(0.9,0.E+000,0.625));
#5222 = VECTOR('',#5223,1.);
#5223 = DIRECTION('',(-1.,0.E+000,0.E+000));
#5224 = ORIENTED_EDGE('',*,*,#5189,.T.);
#5225 = PLANE('',#5226);
#5226 = AXIS2_PLACEMENT_3D('',#5227,#5228,#5229);
#5227 = CARTESIAN_POINT('',(0.9,0.E+000,0.625));
#5228 = DIRECTION('',(-0.E+000,0.E+000,-1.));
#5229 = DIRECTION('',(-1.,0.E+000,0.E+000));
#5230 = ADVANCED_FACE('',(#5231),#5237,.T.);
#5231 = FACE_BOUND('',#5232,.T.);
#5232 = EDGE_LOOP('',(#5233,#5234,#5235,#5236));
#5233 = ORIENTED_EDGE('',*,*,#5128,.T.);
#5234 = ORIENTED_EDGE('',*,*,#5166,.T.);
#5235 = ORIENTED_EDGE('',*,*,#5197,.T.);
#5236 = ORIENTED_EDGE('',*,*,#5219,.T.);
#5237 = PLANE('',#5238);
#5238 = AXIS2_PLACEMENT_3D('',#5239,#5240,#5241);
#5239 = CARTESIAN_POINT('',(0.E+000,0.E+000,0.E+000));
#5240 = DIRECTION('',(0.E+000,-1.,0.E+000));
#5241 = DIRECTION('',(0.E+000,0.E+000,-1.));
#5242 = ADVANCED_FACE('',(#5243),#5249,.F.);
#5243 = FACE_BOUND('',#5244,.T.);
#5244 = EDGE_LOOP('',(#5245,#5246,#5247,#5248));
#5245 = ORIENTED_EDGE('',*,*,#5110,.F.);
#5246 = ORIENTED_EDGE('',*,*,#5212,.F.);
#5247 = ORIENTED_EDGE('',*,*,#5181,.F.);
#5248 = ORIENTED_EDGE('',*,*,#5150,.F.);
#5249 = PLANE('',#5250);
#5250 = AXIS2_PLACEMENT_3D('',#5251,#5252,#5253);
#5251 = CARTESIAN_POINT('',(0.E+000,0.1,0.E+000));
#5252 = DIRECTION('',(0.E+000,-1.,0.E+000));
#5253 = DIRECTION('',(0.E+000,0.E+000,-1.));
#5254 = MANIFOLD_SOLID_BREP('',#5255);
#5255 = CLOSED_SHELL('',(#5256,#5296,#5327,#5358,#5380,#5392));
#5256 = ADVANCED_FACE('',(#5257),#5291,.F.);
#5257 = FACE_BOUND('',#5258,.T.);
#5258 = EDGE_LOOP('',(#5259,#5269,#5277,#5285));
#5259 = ORIENTED_EDGE('',*,*,#5260,.T.);
#5260 = EDGE_CURVE('',#5261,#5263,#5265,.T.);
#5261 = VERTEX_POINT('',#5262);
#5262 = CARTESIAN_POINT('',(0.625,0.1,-0.625));
#5263 = VERTEX_POINT('',#5264);
#5264 = CARTESIAN_POINT('',(0.9,0.1,-0.625));
#5265 = LINE('',#5266,#5267);
#5266 = CARTESIAN_POINT('',(0.625,0.1,-0.625));
#5267 = VECTOR('',#5268,1.);
#5268 = DIRECTION('',(1.,0.E+000,3.942553354493E-016));
#5269 = ORIENTED_EDGE('',*,*,#5270,.F.);
#5270 = EDGE_CURVE('',#5271,#5263,#5273,.T.);
#5271 = VERTEX_POINT('',#5272);
#5272 = CARTESIAN_POINT('',(0.9,0.E+000,-0.625));
#5273 = LINE('',#5274,#5275);
#5274 = CARTESIAN_POINT('',(0.9,0.E+000,-0.625));
#5275 = VECTOR('',#5276,1.);
#5276 = DIRECTION('',(-0.E+000,1.,-0.E+000));
#5277 = ORIENTED_EDGE('',*,*,#5278,.F.);
#5278 = EDGE_CURVE('',#5279,#5271,#5281,.T.);
#5279 = VERTEX_POINT('',#5280);
#5280 = CARTESIAN_POINT('',(0.625,0.E+000,-0.625));
#5281 = LINE('',#5282,#5283);
#5282 = CARTESIAN_POINT('',(0.625,0.E+000,-0.625));
#5283 = VECTOR('',#5284,1.);
#5284 = DIRECTION('',(1.,0.E+000,3.942553354493E-016));
#5285 = ORIENTED_EDGE('',*,*,#5286,.T.);
#5286 = EDGE_CURVE('',#5279,#5261,#5287,.T.);
#5287 = LINE('',#5288,#5289);
#5288 = CARTESIAN_POINT('',(0.625,0.E+000,-0.625));
#5289 = VECTOR('',#5290,1.);
#5290 = DIRECTION('',(-0.E+000,1.,-0.E+000));
#5291 = PLANE('',#5292);
#5292 = AXIS2_PLACEMENT_3D('',#5293,#5294,#5295);
#5293 = CARTESIAN_POINT('',(0.625,0.E+000,-0.625));
#5294 = DIRECTION('',(-3.942553354493E-016,0.E+000,1.));
#5295 = DIRECTION('',(1.,0.E+000,3.942553354493E-016));
#5296 = ADVANCED_FACE('',(#5297),#5322,.F.);
#5297 = FACE_BOUND('',#5298,.T.);
#5298 = EDGE_LOOP('',(#5299,#5307,#5315,#5321));
#5299 = ORIENTED_EDGE('',*,*,#5300,.T.);
#5300 = EDGE_CURVE('',#5263,#5301,#5303,.T.);
#5301 = VERTEX_POINT('',#5302);
#5302 = CARTESIAN_POINT('',(0.9,0.1,-0.375));
#5303 = LINE('',#5304,#5305);
#5304 = CARTESIAN_POINT('',(0.9,0.1,-0.625));
#5305 = VECTOR('',#5306,1.);
#5306 = DIRECTION('',(0.E+000,0.E+000,1.));
#5307 = ORIENTED_EDGE('',*,*,#5308,.F.);
#5308 = EDGE_CURVE('',#5309,#5301,#5311,.T.);
#5309 = VERTEX_POINT('',#5310);
#5310 = CARTESIAN_POINT('',(0.9,0.E+000,-0.375));
#5311 = LINE('',#5312,#5313);
#5312 = CARTESIAN_POINT('',(0.9,0.E+000,-0.375));
#5313 = VECTOR('',#5314,1.);
#5314 = DIRECTION('',(-0.E+000,1.,-0.E+000));
#5315 = ORIENTED_EDGE('',*,*,#5316,.F.);
#5316 = EDGE_CURVE('',#5271,#5309,#5317,.T.);
#5317 = LINE('',#5318,#5319);
#5318 = CARTESIAN_POINT('',(0.9,0.E+000,-0.625));
#5319 = VECTOR('',#5320,1.);
#5320 = DIRECTION('',(0.E+000,0.E+000,1.));
#5321 = ORIENTED_EDGE('',*,*,#5270,.T.);
#5322 = PLANE('',#5323);
#5323 = AXIS2_PLACEMENT_3D('',#5324,#5325,#5326);
#5324 = CARTESIAN_POINT('',(0.9,0.E+000,-0.625));
#5325 = DIRECTION('',(-1.,0.E+000,0.E+000));
#5326 = DIRECTION('',(0.E+000,0.E+000,1.));
#5327 = ADVANCED_FACE('',(#5328),#5353,.F.);
#5328 = FACE_BOUND('',#5329,.T.);
#5329 = EDGE_LOOP('',(#5330,#5338,#5346,#5352));
#5330 = ORIENTED_EDGE('',*,*,#5331,.T.);
#5331 = EDGE_CURVE('',#5301,#5332,#5334,.T.);
#5332 = VERTEX_POINT('',#5333);
#5333 = CARTESIAN_POINT('',(0.625,0.1,-0.375));
#5334 = LINE('',#5335,#5336);
#5335 = CARTESIAN_POINT('',(0.9,0.1,-0.375));
#5336 = VECTOR('',#5337,1.);
#5337 = DIRECTION('',(-1.,0.E+000,-2.365532012696E-015));
#5338 = ORIENTED_EDGE('',*,*,#5339,.F.);
#5339 = EDGE_CURVE('',#5340,#5332,#5342,.T.);
#5340 = VERTEX_POINT('',#5341);
#5341 = CARTESIAN_POINT('',(0.625,0.E+000,-0.375));
#5342 = LINE('',#5343,#5344);
#5343 = CARTESIAN_POINT('',(0.625,0.E+000,-0.375));
#5344 = VECTOR('',#5345,1.);
#5345 = DIRECTION('',(-0.E+000,1.,-0.E+000));
#5346 = ORIENTED_EDGE('',*,*,#5347,.F.);
#5347 = EDGE_CURVE('',#5309,#5340,#5348,.T.);
#5348 = LINE('',#5349,#5350);
#5349 = CARTESIAN_POINT('',(0.9,0.E+000,-0.375));
#5350 = VECTOR('',#5351,1.);
#5351 = DIRECTION('',(-1.,0.E+000,-2.365532012696E-015));
#5352 = ORIENTED_EDGE('',*,*,#5308,.T.);
#5353 = PLANE('',#5354);
#5354 = AXIS2_PLACEMENT_3D('',#5355,#5356,#5357);
#5355 = CARTESIAN_POINT('',(0.9,0.E+000,-0.375));
#5356 = DIRECTION('',(2.365532012696E-015,0.E+000,-1.));
#5357 = DIRECTION('',(-1.,0.E+000,-2.365532012696E-015));
#5358 = ADVANCED_FACE('',(#5359),#5375,.F.);
#5359 = FACE_BOUND('',#5360,.T.);
#5360 = EDGE_LOOP('',(#5361,#5367,#5368,#5374));
#5361 = ORIENTED_EDGE('',*,*,#5362,.T.);
#5362 = EDGE_CURVE('',#5332,#5261,#5363,.T.);
#5363 = LINE('',#5364,#5365);
#5364 = CARTESIAN_POINT('',(0.625,0.1,-0.375));
#5365 = VECTOR('',#5366,1.);
#5366 = DIRECTION('',(-4.336808689942E-016,0.E+000,-1.));
#5367 = ORIENTED_EDGE('',*,*,#5286,.F.);
#5368 = ORIENTED_EDGE('',*,*,#5369,.F.);
#5369 = EDGE_CURVE('',#5340,#5279,#5370,.T.);
#5370 = LINE('',#5371,#5372);
#5371 = CARTESIAN_POINT('',(0.625,0.E+000,-0.375));
#5372 = VECTOR('',#5373,1.);
#5373 = DIRECTION('',(-4.336808689942E-016,0.E+000,-1.));
#5374 = ORIENTED_EDGE('',*,*,#5339,.T.);
#5375 = PLANE('',#5376);
#5376 = AXIS2_PLACEMENT_3D('',#5377,#5378,#5379);
#5377 = CARTESIAN_POINT('',(0.625,0.E+000,-0.375));
#5378 = DIRECTION('',(1.,0.E+000,-4.336808689942E-016));
#5379 = DIRECTION('',(-4.336808689942E-016,0.E+000,-1.));
#5380 = ADVANCED_FACE('',(#5381),#5387,.T.);
#5381 = FACE_BOUND('',#5382,.T.);
#5382 = EDGE_LOOP('',(#5383,#5384,#5385,#5386));
#5383 = ORIENTED_EDGE('',*,*,#5278,.T.);
#5384 = ORIENTED_EDGE('',*,*,#5316,.T.);
#5385 = ORIENTED_EDGE('',*,*,#5347,.T.);
#5386 = ORIENTED_EDGE('',*,*,#5369,.T.);
#5387 = PLANE('',#5388);
#5388 = AXIS2_PLACEMENT_3D('',#5389,#5390,#5391);
#5389 = CARTESIAN_POINT('',(0.E+000,0.E+000,0.E+000));
#5390 = DIRECTION('',(0.E+000,-1.,0.E+000));
#5391 = DIRECTION('',(0.E+000,-0.E+000,-1.));
#5392 = ADVANCED_FACE('',(#5393),#5399,.F.);
#5393 = FACE_BOUND('',#5394,.T.);
#5394 = EDGE_LOOP('',(#5395,#5396,#5397,#5398));
#5395 = ORIENTED_EDGE('',*,*,#5260,.F.);
#5396 = ORIENTED_EDGE('',*,*,#5362,.F.);
#5397 = ORIENTED_EDGE('',*,*,#5331,.F.);
#5398 = ORIENTED_EDGE('',*,*,#5300,.F.);
#5399 = PLANE('',#5400);
#5400 = AXIS2_PLACEMENT_3D('',#5401,#5402,#5403);
#5401 = CARTESIAN_POINT('',(0.E+000,0.1,0.E+000));
#5402 = DIRECTION('',(0.E+000,-1.,0.E+000));
#5403 = DIRECTION('',(0.E+000,-0.E+000,-1.));
#5404 = MANIFOLD_SOLID_BREP('',#5405);
#5405 = CLOSED_SHELL('',(#5406,#5446,#5477,#5508,#5530,#5542));
#5406 = ADVANCED_FACE('',(#5407),#5441,.F.);
#5407 = FACE_BOUND('',#5408,.T.);
#5408 = EDGE_LOOP('',(#5409,#5419,#5427,#5435));
#5409 = ORIENTED_EDGE('',*,*,#5410,.T.);
#5410 = EDGE_CURVE('',#5411,#5413,#5415,.T.);
#5411 = VERTEX_POINT('',#5412);
#5412 = CARTESIAN_POINT('',(0.125,0.1,-0.9));
#5413 = VERTEX_POINT('',#5414);
#5414 = CARTESIAN_POINT('',(0.375,0.1,-0.9));
#5415 = LINE('',#5416,#5417);
#5416 = CARTESIAN_POINT('',(0.125,0.1,-0.9));
#5417 = VECTOR('',#5418,1.);
#5418 = DIRECTION('',(1.,0.E+000,0.E+000));
#5419 = ORIENTED_EDGE('',*,*,#5420,.F.);
#5420 = EDGE_CURVE('',#5421,#5413,#5423,.T.);
#5421 = VERTEX_POINT('',#5422);
#5422 = CARTESIAN_POINT('',(0.375,0.E+000,-0.9));
#5423 = LINE('',#5424,#5425);
#5424 = CARTESIAN_POINT('',(0.375,0.E+000,-0.9));
#5425 = VECTOR('',#5426,1.);
#5426 = DIRECTION('',(-0.E+000,1.,-0.E+000));
#5427 = ORIENTED_EDGE('',*,*,#5428,.F.);
#5428 = EDGE_CURVE('',#5429,#5421,#5431,.T.);
#5429 = VERTEX_POINT('',#5430);
#5430 = CARTESIAN_POINT('',(0.125,0.E+000,-0.9));
#5431 = LINE('',#5432,#5433);
#5432 = CARTESIAN_POINT('',(0.125,0.E+000,-0.9));
#5433 = VECTOR('',#5434,1.);
#5434 = DIRECTION('',(1.,0.E+000,0.E+000));
#5435 = ORIENTED_EDGE('',*,*,#5436,.T.);
#5436 = EDGE_CURVE('',#5429,#5411,#5437,.T.);
#5437 = LINE('',#5438,#5439);
#5438 = CARTESIAN_POINT('',(0.125,0.E+000,-0.9));
#5439 = VECTOR('',#5440,1.);
#5440 = DIRECTION('',(-0.E+000,1.,-0.E+000));
#5441 = PLANE('',#5442);
#5442 = AXIS2_PLACEMENT_3D('',#5443,#5444,#5445);
#5443 = CARTESIAN_POINT('',(0.125,0.E+000,-0.9));
#5444 = DIRECTION('',(-0.E+000,0.E+000,1.));
#5445 = DIRECTION('',(1.,0.E+000,0.E+000));
#5446 = ADVANCED_FACE('',(#5447),#5472,.F.);
#5447 = FACE_BOUND('',#5448,.T.);
#5448 = EDGE_LOOP('',(#5449,#5457,#5465,#5471));
#5449 = ORIENTED_EDGE('',*,*,#5450,.T.);
#5450 = EDGE_CURVE('',#5413,#5451,#5453,.T.);
#5451 = VERTEX_POINT('',#5452);
#5452 = CARTESIAN_POINT('',(0.375,0.1,-0.625));
#5453 = LINE('',#5454,#5455);
#5454 = CARTESIAN_POINT('',(0.375,0.1,-0.9));
#5455 = VECTOR('',#5456,1.);
#5456 = DIRECTION('',(0.E+000,0.E+000,1.));
#5457 = ORIENTED_EDGE('',*,*,#5458,.F.);
#5458 = EDGE_CURVE('',#5459,#5451,#5461,.T.);
#5459 = VERTEX_POINT('',#5460);
#5460 = CARTESIAN_POINT('',(0.375,0.E+000,-0.625));
#5461 = LINE('',#5462,#5463);
#5462 = CARTESIAN_POINT('',(0.375,0.E+000,-0.625));
#5463 = VECTOR('',#5464,1.);
#5464 = DIRECTION('',(-0.E+000,1.,-0.E+000));
#5465 = ORIENTED_EDGE('',*,*,#5466,.F.);
#5466 = EDGE_CURVE('',#5421,#5459,#5467,.T.);
#5467 = LINE('',#5468,#5469);
#5468 = CARTESIAN_POINT('',(0.375,0.E+000,-0.9));
#5469 = VECTOR('',#5470,1.);
#5470 = DIRECTION('',(0.E+000,0.E+000,1.));
#5471 = ORIENTED_EDGE('',*,*,#5420,.T.);
#5472 = PLANE('',#5473);
#5473 = AXIS2_PLACEMENT_3D('',#5474,#5475,#5476);
#5474 = CARTESIAN_POINT('',(0.375,0.E+000,-0.9));
#5475 = DIRECTION('',(-1.,0.E+000,0.E+000));
#5476 = DIRECTION('',(0.E+000,0.E+000,1.));
#5477 = ADVANCED_FACE('',(#5478),#5503,.F.);
#5478 = FACE_BOUND('',#5479,.T.);
#5479 = EDGE_LOOP('',(#5480,#5488,#5496,#5502));
#5480 = ORIENTED_EDGE('',*,*,#5481,.T.);
#5481 = EDGE_CURVE('',#5451,#5482,#5484,.T.);
#5482 = VERTEX_POINT('',#5483);
#5483 = CARTESIAN_POINT('',(0.125,0.1,-0.625));
#5484 = LINE('',#5485,#5486);
#5485 = CARTESIAN_POINT('',(0.375,0.1,-0.625));
#5486 = VECTOR('',#5487,1.);
#5487 = DIRECTION('',(-1.,0.E+000,0.E+000));
#5488 = ORIENTED_EDGE('',*,*,#5489,.F.);
#5489 = EDGE_CURVE('',#5490,#5482,#5492,.T.);
#5490 = VERTEX_POINT('',#5491);
#5491 = CARTESIAN_POINT('',(0.125,0.E+000,-0.625));
#5492 = LINE('',#5493,#5494);
#5493 = CARTESIAN_POINT('',(0.125,0.E+000,-0.625));
#5494 = VECTOR('',#5495,1.);
#5495 = DIRECTION('',(-0.E+000,1.,-0.E+000));
#5496 = ORIENTED_EDGE('',*,*,#5497,.F.);
#5497 = EDGE_CURVE('',#5459,#5490,#5498,.T.);
#5498 = LINE('',#5499,#5500);
#5499 = CARTESIAN_POINT('',(0.375,0.E+000,-0.625));
#5500 = VECTOR('',#5501,1.);
#5501 = DIRECTION('',(-1.,0.E+000,0.E+000));
#5502 = ORIENTED_EDGE('',*,*,#5458,.T.);
#5503 = PLANE('',#5504);
#5504 = AXIS2_PLACEMENT_3D('',#5505,#5506,#5507);
#5505 = CARTESIAN_POINT('',(0.375,0.E+000,-0.625));
#5506 = DIRECTION('',(-0.E+000,0.E+000,-1.));
#5507 = DIRECTION('',(-1.,0.E+000,0.E+000));
#5508 = ADVANCED_FACE('',(#5509),#5525,.F.);
#5509 = FACE_BOUND('',#5510,.T.);
#5510 = EDGE_LOOP('',(#5511,#5517,#5518,#5524));
#5511 = ORIENTED_EDGE('',*,*,#5512,.T.);
#5512 = EDGE_CURVE('',#5482,#5411,#5513,.T.);
#5513 = LINE('',#5514,#5515);
#5514 = CARTESIAN_POINT('',(0.125,0.1,-0.625));
#5515 = VECTOR('',#5516,1.);
#5516 = DIRECTION('',(9.856383386232E-017,0.E+000,-1.));
#5517 = ORIENTED_EDGE('',*,*,#5436,.F.);
#5518 = ORIENTED_EDGE('',*,*,#5519,.F.);
#5519 = EDGE_CURVE('',#5490,#5429,#5520,.T.);
#5520 = LINE('',#5521,#5522);
#5521 = CARTESIAN_POINT('',(0.125,0.E+000,-0.625));
#5522 = VECTOR('',#5523,1.);
#5523 = DIRECTION('',(9.856383386232E-017,0.E+000,-1.));
#5524 = ORIENTED_EDGE('',*,*,#5489,.T.);
#5525 = PLANE('',#5526);
#5526 = AXIS2_PLACEMENT_3D('',#5527,#5528,#5529);
#5527 = CARTESIAN_POINT('',(0.125,0.E+000,-0.625));
#5528 = DIRECTION('',(1.,0.E+000,9.856383386232E-017));
#5529 = DIRECTION('',(9.856383386232E-017,0.E+000,-1.));
#5530 = ADVANCED_FACE('',(#5531),#5537,.T.);
#5531 = FACE_BOUND('',#5532,.T.);
#5532 = EDGE_LOOP('',(#5533,#5534,#5535,#5536));
#5533 = ORIENTED_EDGE('',*,*,#5428,.T.);
#5534 = ORIENTED_EDGE('',*,*,#5466,.T.);
#5535 = ORIENTED_EDGE('',*,*,#5497,.T.);
#5536 = ORIENTED_EDGE('',*,*,#5519,.T.);
#5537 = PLANE('',#5538);
#5538 = AXIS2_PLACEMENT_3D('',#5539,#5540,#5541);
#5539 = CARTESIAN_POINT('',(0.E+000,0.E+000,0.E+000));
#5540 = DIRECTION('',(0.E+000,-1.,0.E+000));
#5541 = DIRECTION('',(0.E+000,-0.E+000,-1.));
#5542 = ADVANCED_FACE('',(#5543),#5549,.F.);
#5543 = FACE_BOUND('',#5544,.T.);
#5544 = EDGE_LOOP('',(#5545,#5546,#5547,#5548));
#5545 = ORIENTED_EDGE('',*,*,#5410,.F.);
#5546 = ORIENTED_EDGE('',*,*,#5512,.F.);
#5547 = ORIENTED_EDGE('',*,*,#5481,.F.);
#5548 = ORIENTED_EDGE('',*,*,#5450,.F.);
#5549 = PLANE('',#5550);
#5550 = AXIS2_PLACEMENT_3D('',#5551,#5552,#5553);
#5551 = CARTESIAN_POINT('',(0.E+000,0.1,0.E+000));
#5552 = DIRECTION('',(0.E+000,-1.,0.E+000));
#5553 = DIRECTION('',(0.E+000,-0.E+000,-1.));
#5554 = MANIFOLD_SOLID_BREP('',#5555);
#5555 = CLOSED_SHELL('',(#5556,#5596,#5627,#5658,#5680,#5692));
#5556 = ADVANCED_FACE('',(#5557),#5591,.F.);
#5557 = FACE_BOUND('',#5558,.T.);
#5558 = EDGE_LOOP('',(#5559,#5569,#5577,#5585));
#5559 = ORIENTED_EDGE('',*,*,#5560,.T.);
#5560 = EDGE_CURVE('',#5561,#5563,#5565,.T.);
#5561 = VERTEX_POINT('',#5562);
#5562 = CARTESIAN_POINT('',(-0.125,0.1,0.625));
#5563 = VERTEX_POINT('',#5564);
#5564 = CARTESIAN_POINT('',(-0.125,0.1,0.9));
#5565 = LINE('',#5566,#5567);
#5566 = CARTESIAN_POINT('',(-0.125,0.1,0.625));
#5567 = VECTOR('',#5568,1.);
#5568 = DIRECTION('',(-9.856383386232E-017,0.E+000,1.));
#5569 = ORIENTED_EDGE('',*,*,#5570,.F.);
#5570 = EDGE_CURVE('',#5571,#5563,#5573,.T.);
#5571 = VERTEX_POINT('',#5572);
#5572 = CARTESIAN_POINT('',(-0.125,0.E+000,0.9));
#5573 = LINE('',#5574,#5575);
#5574 = CARTESIAN_POINT('',(-0.125,0.E+000,0.9));
#5575 = VECTOR('',#5576,1.);
#5576 = DIRECTION('',(-0.E+000,1.,-0.E+000));
#5577 = ORIENTED_EDGE('',*,*,#5578,.F.);
#5578 = EDGE_CURVE('',#5579,#5571,#5581,.T.);
#5579 = VERTEX_POINT('',#5580);
#5580 = CARTESIAN_POINT('',(-0.125,0.E+000,0.625));
#5581 = LINE('',#5582,#5583);
#5582 = CARTESIAN_POINT('',(-0.125,0.E+000,0.625));
#5583 = VECTOR('',#5584,1.);
#5584 = DIRECTION('',(-9.856383386232E-017,0.E+000,1.));
#5585 = ORIENTED_EDGE('',*,*,#5586,.T.);
#5586 = EDGE_CURVE('',#5579,#5561,#5587,.T.);
#5587 = LINE('',#5588,#5589);
#5588 = CARTESIAN_POINT('',(-0.125,0.E+000,0.625));
#5589 = VECTOR('',#5590,1.);
#5590 = DIRECTION('',(-0.E+000,1.,-0.E+000));
#5591 = PLANE('',#5592);
#5592 = AXIS2_PLACEMENT_3D('',#5593,#5594,#5595);
#5593 = CARTESIAN_POINT('',(-0.125,0.E+000,0.625));
#5594 = DIRECTION('',(-1.,0.E+000,-9.856383386232E-017));
#5595 = DIRECTION('',(-9.856383386232E-017,0.E+000,1.));
#5596 = ADVANCED_FACE('',(#5597),#5622,.F.);
#5597 = FACE_BOUND('',#5598,.T.);
#5598 = EDGE_LOOP('',(#5599,#5607,#5615,#5621));
#5599 = ORIENTED_EDGE('',*,*,#5600,.T.);
#5600 = EDGE_CURVE('',#5563,#5601,#5603,.T.);
#5601 = VERTEX_POINT('',#5602);
#5602 = CARTESIAN_POINT('',(-0.375,0.1,0.9));
#5603 = LINE('',#5604,#5605);
#5604 = CARTESIAN_POINT('',(-0.125,0.1,0.9));
#5605 = VECTOR('',#5606,1.);
#5606 = DIRECTION('',(-1.,0.E+000,0.E+000));
#5607 = ORIENTED_EDGE('',*,*,#5608,.F.);
#5608 = EDGE_CURVE('',#5609,#5601,#5611,.T.);
#5609 = VERTEX_POINT('',#5610);
#5610 = CARTESIAN_POINT('',(-0.375,0.E+000,0.9));
#5611 = LINE('',#5612,#5613);
#5612 = CARTESIAN_POINT('',(-0.375,0.E+000,0.9));
#5613 = VECTOR('',#5614,1.);
#5614 = DIRECTION('',(-0.E+000,1.,-0.E+000));
#5615 = ORIENTED_EDGE('',*,*,#5616,.F.);
#5616 = EDGE_CURVE('',#5571,#5609,#5617,.T.);
#5617 = LINE('',#5618,#5619);
#5618 = CARTESIAN_POINT('',(-0.125,0.E+000,0.9));
#5619 = VECTOR('',#5620,1.);
#5620 = DIRECTION('',(-1.,0.E+000,0.E+000));
#5621 = ORIENTED_EDGE('',*,*,#5570,.T.);
#5622 = PLANE('',#5623);
#5623 = AXIS2_PLACEMENT_3D('',#5624,#5625,#5626);
#5624 = CARTESIAN_POINT('',(-0.125,0.E+000,0.9));
#5625 = DIRECTION('',(-0.E+000,0.E+000,-1.));
#5626 = DIRECTION('',(-1.,0.E+000,0.E+000));
#5627 = ADVANCED_FACE('',(#5628),#5653,.F.);
#5628 = FACE_BOUND('',#5629,.T.);
#5629 = EDGE_LOOP('',(#5630,#5638,#5646,#5652));
#5630 = ORIENTED_EDGE('',*,*,#5631,.T.);
#5631 = EDGE_CURVE('',#5601,#5632,#5634,.T.);
#5632 = VERTEX_POINT('',#5633);
#5633 = CARTESIAN_POINT('',(-0.375,0.1,0.625));
#5634 = LINE('',#5635,#5636);
#5635 = CARTESIAN_POINT('',(-0.375,0.1,0.9));
#5636 = VECTOR('',#5637,1.);
#5637 = DIRECTION('',(0.E+000,0.E+000,-1.));
#5638 = ORIENTED_EDGE('',*,*,#5639,.F.);
#5639 = EDGE_CURVE('',#5640,#5632,#5642,.T.);
#5640 = VERTEX_POINT('',#5641);
#5641 = CARTESIAN_POINT('',(-0.375,0.E+000,0.625));
#5642 = LINE('',#5643,#5644);
#5643 = CARTESIAN_POINT('',(-0.375,0.E+000,0.625));
#5644 = VECTOR('',#5645,1.);
#5645 = DIRECTION('',(-0.E+000,1.,-0.E+000));
#5646 = ORIENTED_EDGE('',*,*,#5647,.F.);
#5647 = EDGE_CURVE('',#5609,#5640,#5648,.T.);
#5648 = LINE('',#5649,#5650);
#5649 = CARTESIAN_POINT('',(-0.375,0.E+000,0.9));
#5650 = VECTOR('',#5651,1.);
#5651 = DIRECTION('',(0.E+000,0.E+000,-1.));
#5652 = ORIENTED_EDGE('',*,*,#5608,.T.);
#5653 = PLANE('',#5654);
#5654 = AXIS2_PLACEMENT_3D('',#5655,#5656,#5657);
#5655 = CARTESIAN_POINT('',(-0.375,0.E+000,0.9));
#5656 = DIRECTION('',(1.,0.E+000,0.E+000));
#5657 = DIRECTION('',(0.E+000,0.E+000,-1.));
#5658 = ADVANCED_FACE('',(#5659),#5675,.F.);
#5659 = FACE_BOUND('',#5660,.T.);
#5660 = EDGE_LOOP('',(#5661,#5667,#5668,#5674));
#5661 = ORIENTED_EDGE('',*,*,#5662,.T.);
#5662 = EDGE_CURVE('',#5632,#5561,#5663,.T.);
#5663 = LINE('',#5664,#5665);
#5664 = CARTESIAN_POINT('',(-0.375,0.1,0.625));
#5665 = VECTOR('',#5666,1.);
#5666 = DIRECTION('',(1.,0.E+000,0.E+000));
#5667 = ORIENTED_EDGE('',*,*,#5586,.F.);
#5668 = ORIENTED_EDGE('',*,*,#5669,.F.);
#5669 = EDGE_CURVE('',#5640,#5579,#5670,.T.);
#5670 = LINE('',#5671,#5672);
#5671 = CARTESIAN_POINT('',(-0.375,0.E+000,0.625));
#5672 = VECTOR('',#5673,1.);
#5673 = DIRECTION('',(1.,0.E+000,0.E+000));
#5674 = ORIENTED_EDGE('',*,*,#5639,.T.);
#5675 = PLANE('',#5676);
#5676 = AXIS2_PLACEMENT_3D('',#5677,#5678,#5679);
#5677 = CARTESIAN_POINT('',(-0.375,0.E+000,0.625));
#5678 = DIRECTION('',(-0.E+000,0.E+000,1.));
#5679 = DIRECTION('',(1.,0.E+000,0.E+000));
#5680 = ADVANCED_FACE('',(#5681),#5687,.T.);
#5681 = FACE_BOUND('',#5682,.T.);
#5682 = EDGE_LOOP('',(#5683,#5684,#5685,#5686));
#5683 = ORIENTED_EDGE('',*,*,#5578,.T.);
#5684 = ORIENTED_EDGE('',*,*,#5616,.T.);
#5685 = ORIENTED_EDGE('',*,*,#5647,.T.);
#5686 = ORIENTED_EDGE('',*,*,#5669,.T.);
#5687 = PLANE('',#5688);
#5688 = AXIS2_PLACEMENT_3D('',#5689,#5690,#5691);
#5689 = CARTESIAN_POINT('',(0.E+000,0.E+000,0.E+000));
#5690 = DIRECTION('',(0.E+000,-1.,0.E+000));
#5691 = DIRECTION('',(0.E+000,-0.E+000,-1.));
#5692 = ADVANCED_FACE('',(#5693),#5699,.F.);
#5693 = FACE_BOUND('',#5694,.T.);
#5694 = EDGE_LOOP('',(#5695,#5696,#5697,#5698));
#5695 = ORIENTED_EDGE('',*,*,#5560,.F.);
#5696 = ORIENTED_EDGE('',*,*,#5662,.F.);
#5697 = ORIENTED_EDGE('',*,*,#5631,.F.);
#5698 = ORIENTED_EDGE('',*,*,#5600,.F.);
#5699 = PLANE('',#5700);
#5700 = AXIS2_PLACEMENT_3D('',#5701,#5702,#5703);
#5701 = CARTESIAN_POINT('',(0.E+000,0.1,0.E+000));
#5702 = DIRECTION('',(0.E+000,-1.,0.E+000));
#5703 = DIRECTION('',(0.E+000,-0.E+000,-1.));
#5704 = MANIFOLD_SOLID_BREP('',#5705);
#5705 = CLOSED_SHELL('',(#5706,#5746,#5777,#5808,#5830,#5842));
#5706 = ADVANCED_FACE('',(#5707),#5741,.F.);
#5707 = FACE_BOUND('',#5708,.T.);
#5708 = EDGE_LOOP('',(#5709,#5719,#5727,#5735));
#5709 = ORIENTED_EDGE('',*,*,#5710,.T.);
#5710 = EDGE_CURVE('',#5711,#5713,#5715,.T.);
#5711 = VERTEX_POINT('',#5712);
#5712 = CARTESIAN_POINT('',(0.375,0.1,0.9));
#5713 = VERTEX_POINT('',#5714);
#5714 = CARTESIAN_POINT('',(0.125,0.1,0.9));
#5715 = LINE('',#5716,#5717);
#5716 = CARTESIAN_POINT('',(0.375,0.1,0.9));
#5717 = VECTOR('',#5718,1.);
#5718 = DIRECTION('',(-1.,0.E+000,0.E+000));
#5719 = ORIENTED_EDGE('',*,*,#5720,.F.);
#5720 = EDGE_CURVE('',#5721,#5713,#5723,.T.);
#5721 = VERTEX_POINT('',#5722);
#5722 = CARTESIAN_POINT('',(0.125,0.E+000,0.9));
#5723 = LINE('',#5724,#5725);
#5724 = CARTESIAN_POINT('',(0.125,0.E+000,0.9));
#5725 = VECTOR('',#5726,1.);
#5726 = DIRECTION('',(-0.E+000,1.,-0.E+000));
#5727 = ORIENTED_EDGE('',*,*,#5728,.F.);
#5728 = EDGE_CURVE('',#5729,#5721,#5731,.T.);
#5729 = VERTEX_POINT('',#5730);
#5730 = CARTESIAN_POINT('',(0.375,0.E+000,0.9));
#5731 = LINE('',#5732,#5733);
#5732 = CARTESIAN_POINT('',(0.375,0.E+000,0.9));
#5733 = VECTOR('',#5734,1.);
#5734 = DIRECTION('',(-1.,0.E+000,0.E+000));
#5735 = ORIENTED_EDGE('',*,*,#5736,.T.);
#5736 = EDGE_CURVE('',#5729,#5711,#5737,.T.);
#5737 = LINE('',#5738,#5739);
#5738 = CARTESIAN_POINT('',(0.375,0.E+000,0.9));
#5739 = VECTOR('',#5740,1.);
#5740 = DIRECTION('',(-0.E+000,1.,-0.E+000));
#5741 = PLANE('',#5742);
#5742 = AXIS2_PLACEMENT_3D('',#5743,#5744,#5745);
#5743 = CARTESIAN_POINT('',(0.375,0.E+000,0.9));
#5744 = DIRECTION('',(-0.E+000,0.E+000,-1.));
#5745 = DIRECTION('',(-1.,0.E+000,0.E+000));
#5746 = ADVANCED_FACE('',(#5747),#5772,.F.);
#5747 = FACE_BOUND('',#5748,.T.);
#5748 = EDGE_LOOP('',(#5749,#5757,#5765,#5771));
#5749 = ORIENTED_EDGE('',*,*,#5750,.T.);
#5750 = EDGE_CURVE('',#5713,#5751,#5753,.T.);
#5751 = VERTEX_POINT('',#5752);
#5752 = CARTESIAN_POINT('',(0.125,0.1,0.625));
#5753 = LINE('',#5754,#5755);
#5754 = CARTESIAN_POINT('',(0.125,0.1,0.9));
#5755 = VECTOR('',#5756,1.);
#5756 = DIRECTION('',(-9.856383386232E-017,0.E+000,-1.));
#5757 = ORIENTED_EDGE('',*,*,#5758,.F.);
#5758 = EDGE_CURVE('',#5759,#5751,#5761,.T.);
#5759 = VERTEX_POINT('',#5760);
#5760 = CARTESIAN_POINT('',(0.125,0.E+000,0.625));
#5761 = LINE('',#5762,#5763);
#5762 = CARTESIAN_POINT('',(0.125,0.E+000,0.625));
#5763 = VECTOR('',#5764,1.);
#5764 = DIRECTION('',(-0.E+000,1.,-0.E+000));
#5765 = ORIENTED_EDGE('',*,*,#5766,.F.);
#5766 = EDGE_CURVE('',#5721,#5759,#5767,.T.);
#5767 = LINE('',#5768,#5769);
#5768 = CARTESIAN_POINT('',(0.125,0.E+000,0.9));
#5769 = VECTOR('',#5770,1.);
#5770 = DIRECTION('',(-9.856383386232E-017,0.E+000,-1.));
#5771 = ORIENTED_EDGE('',*,*,#5720,.T.);
#5772 = PLANE('',#5773);
#5773 = AXIS2_PLACEMENT_3D('',#5774,#5775,#5776);
#5774 = CARTESIAN_POINT('',(0.125,0.E+000,0.9));
#5775 = DIRECTION('',(1.,0.E+000,-9.856383386232E-017));
#5776 = DIRECTION('',(-9.856383386232E-017,0.E+000,-1.));
#5777 = ADVANCED_FACE('',(#5778),#5803,.F.);
#5778 = FACE_BOUND('',#5779,.T.);
#5779 = EDGE_LOOP('',(#5780,#5788,#5796,#5802));
#5780 = ORIENTED_EDGE('',*,*,#5781,.T.);
#5781 = EDGE_CURVE('',#5751,#5782,#5784,.T.);
#5782 = VERTEX_POINT('',#5783);
#5783 = CARTESIAN_POINT('',(0.375,0.1,0.625));
#5784 = LINE('',#5785,#5786);
#5785 = CARTESIAN_POINT('',(0.125,0.1,0.625));
#5786 = VECTOR('',#5787,1.);
#5787 = DIRECTION('',(1.,0.E+000,0.E+000));
#5788 = ORIENTED_EDGE('',*,*,#5789,.F.);
#5789 = EDGE_CURVE('',#5790,#5782,#5792,.T.);
#5790 = VERTEX_POINT('',#5791);
#5791 = CARTESIAN_POINT('',(0.375,0.E+000,0.625));
#5792 = LINE('',#5793,#5794);
#5793 = CARTESIAN_POINT('',(0.375,0.E+000,0.625));
#5794 = VECTOR('',#5795,1.);
#5795 = DIRECTION('',(-0.E+000,1.,-0.E+000));
#5796 = ORIENTED_EDGE('',*,*,#5797,.F.);
#5797 = EDGE_CURVE('',#5759,#5790,#5798,.T.);
#5798 = LINE('',#5799,#5800);
#5799 = CARTESIAN_POINT('',(0.125,0.E+000,0.625));
#5800 = VECTOR('',#5801,1.);
#5801 = DIRECTION('',(1.,0.E+000,0.E+000));
#5802 = ORIENTED_EDGE('',*,*,#5758,.T.);
#5803 = PLANE('',#5804);
#5804 = AXIS2_PLACEMENT_3D('',#5805,#5806,#5807);
#5805 = CARTESIAN_POINT('',(0.125,0.E+000,0.625));
#5806 = DIRECTION('',(-0.E+000,0.E+000,1.));
#5807 = DIRECTION('',(1.,0.E+000,0.E+000));
#5808 = ADVANCED_FACE('',(#5809),#5825,.F.);
#5809 = FACE_BOUND('',#5810,.T.);
#5810 = EDGE_LOOP('',(#5811,#5817,#5818,#5824));
#5811 = ORIENTED_EDGE('',*,*,#5812,.T.);
#5812 = EDGE_CURVE('',#5782,#5711,#5813,.T.);
#5813 = LINE('',#5814,#5815);
#5814 = CARTESIAN_POINT('',(0.375,0.1,0.625));
#5815 = VECTOR('',#5816,1.);
#5816 = DIRECTION('',(0.E+000,0.E+000,1.));
#5817 = ORIENTED_EDGE('',*,*,#5736,.F.);
#5818 = ORIENTED_EDGE('',*,*,#5819,.F.);
#5819 = EDGE_CURVE('',#5790,#5729,#5820,.T.);
#5820 = LINE('',#5821,#5822);
#5821 = CARTESIAN_POINT('',(0.375,0.E+000,0.625));
#5822 = VECTOR('',#5823,1.);
#5823 = DIRECTION('',(0.E+000,0.E+000,1.));
#5824 = ORIENTED_EDGE('',*,*,#5789,.T.);
#5825 = PLANE('',#5826);
#5826 = AXIS2_PLACEMENT_3D('',#5827,#5828,#5829);
#5827 = CARTESIAN_POINT('',(0.375,0.E+000,0.625));
#5828 = DIRECTION('',(-1.,0.E+000,0.E+000));
#5829 = DIRECTION('',(0.E+000,0.E+000,1.));
#5830 = ADVANCED_FACE('',(#5831),#5837,.T.);
#5831 = FACE_BOUND('',#5832,.T.);
#5832 = EDGE_LOOP('',(#5833,#5834,#5835,#5836));
#5833 = ORIENTED_EDGE('',*,*,#5728,.T.);
#5834 = ORIENTED_EDGE('',*,*,#5766,.T.);
#5835 = ORIENTED_EDGE('',*,*,#5797,.T.);
#5836 = ORIENTED_EDGE('',*,*,#5819,.T.);
#5837 = PLANE('',#5838);
#5838 = AXIS2_PLACEMENT_3D('',#5839,#5840,#5841);
#5839 = CARTESIAN_POINT('',(0.E+000,0.E+000,0.E+000));
#5840 = DIRECTION('',(0.E+000,-1.,0.E+000));
#5841 = DIRECTION('',(0.E+000,-0.E+000,-1.));
#5842 = ADVANCED_FACE('',(#5843),#5849,.F.);
#5843 = FACE_BOUND('',#5844,.T.);
#5844 = EDGE_LOOP('',(#5845,#5846,#5847,#5848));
#5845 = ORIENTED_EDGE('',*,*,#5710,.F.);
#5846 = ORIENTED_EDGE('',*,*,#5812,.F.);
#5847 = ORIENTED_EDGE('',*,*,#5781,.F.);
#5848 = ORIENTED_EDGE('',*,*,#5750,.F.);
#5849 = PLANE('',#5850);
#5850 = AXIS2_PLACEMENT_3D('',#5851,#5852,#5853);
#5851 = CARTESIAN_POINT('',(0.E+000,0.1,0.E+000));
#5852 = DIRECTION('',(0.E+000,-1.,0.E+000));
#5853 = DIRECTION('',(0.E+000,-0.E+000,-1.));
#5854 = MANIFOLD_SOLID_BREP('',#5855);
#5855 = CLOSED_SHELL('',(#5856,#5896,#5927,#5958,#5980,#5992));
#5856 = ADVANCED_FACE('',(#5857),#5891,.F.);
#5857 = FACE_BOUND('',#5858,.T.);
#5858 = EDGE_LOOP('',(#5859,#5869,#5877,#5885));
#5859 = ORIENTED_EDGE('',*,*,#5860,.T.);
#5860 = EDGE_CURVE('',#5861,#5863,#5865,.T.);
#5861 = VERTEX_POINT('',#5862);
#5862 = CARTESIAN_POINT('',(-0.125,0.1,-0.9));
#5863 = VERTEX_POINT('',#5864);
#5864 = CARTESIAN_POINT('',(-0.125,0.1,-0.625));
#5865 = LINE('',#5866,#5867);
#5866 = CARTESIAN_POINT('',(-0.125,0.1,-0.9));
#5867 = VECTOR('',#5868,1.);
#5868 = DIRECTION('',(9.856383386232E-017,0.E+000,1.));
#5869 = ORIENTED_EDGE('',*,*,#5870,.F.);
#5870 = EDGE_CURVE('',#5871,#5863,#5873,.T.);
#5871 = VERTEX_POINT('',#5872);
#5872 = CARTESIAN_POINT('',(-0.125,0.E+000,-0.625));
#5873 = LINE('',#5874,#5875);
#5874 = CARTESIAN_POINT('',(-0.125,0.E+000,-0.625));
#5875 = VECTOR('',#5876,1.);
#5876 = DIRECTION('',(-0.E+000,1.,-0.E+000));
#5877 = ORIENTED_EDGE('',*,*,#5878,.F.);
#5878 = EDGE_CURVE('',#5879,#5871,#5881,.T.);
#5879 = VERTEX_POINT('',#5880);
#5880 = CARTESIAN_POINT('',(-0.125,0.E+000,-0.9));
#5881 = LINE('',#5882,#5883);
#5882 = CARTESIAN_POINT('',(-0.125,0.E+000,-0.9));
#5883 = VECTOR('',#5884,1.);
#5884 = DIRECTION('',(9.856383386232E-017,0.E+000,1.));
#5885 = ORIENTED_EDGE('',*,*,#5886,.T.);
#5886 = EDGE_CURVE('',#5879,#5861,#5887,.T.);
#5887 = LINE('',#5888,#5889);
#5888 = CARTESIAN_POINT('',(-0.125,0.E+000,-0.9));
#5889 = VECTOR('',#5890,1.);
#5890 = DIRECTION('',(-0.E+000,1.,-0.E+000));
#5891 = PLANE('',#5892);
#5892 = AXIS2_PLACEMENT_3D('',#5893,#5894,#5895);
#5893 = CARTESIAN_POINT('',(-0.125,0.E+000,-0.9));
#5894 = DIRECTION('',(-1.,0.E+000,9.856383386232E-017));
#5895 = DIRECTION('',(9.856383386232E-017,0.E+000,1.));
#5896 = ADVANCED_FACE('',(#5897),#5922,.F.);
#5897 = FACE_BOUND('',#5898,.T.);
#5898 = EDGE_LOOP('',(#5899,#5907,#5915,#5921));
#5899 = ORIENTED_EDGE('',*,*,#5900,.T.);
#5900 = EDGE_CURVE('',#5863,#5901,#5903,.T.);
#5901 = VERTEX_POINT('',#5902);
#5902 = CARTESIAN_POINT('',(-0.375,0.1,-0.625));
#5903 = LINE('',#5904,#5905);
#5904 = CARTESIAN_POINT('',(-0.125,0.1,-0.625));
#5905 = VECTOR('',#5906,1.);
#5906 = DIRECTION('',(-1.,0.E+000,0.E+000));
#5907 = ORIENTED_EDGE('',*,*,#5908,.F.);
#5908 = EDGE_CURVE('',#5909,#5901,#5911,.T.);
#5909 = VERTEX_POINT('',#5910);
#5910 = CARTESIAN_POINT('',(-0.375,0.E+000,-0.625));
#5911 = LINE('',#5912,#5913);
#5912 = CARTESIAN_POINT('',(-0.375,0.E+000,-0.625));
#5913 = VECTOR('',#5914,1.);
#5914 = DIRECTION('',(-0.E+000,1.,-0.E+000));
#5915 = ORIENTED_EDGE('',*,*,#5916,.F.);
#5916 = EDGE_CURVE('',#5871,#5909,#5917,.T.);
#5917 = LINE('',#5918,#5919);
#5918 = CARTESIAN_POINT('',(-0.125,0.E+000,-0.625));
#5919 = VECTOR('',#5920,1.);
#5920 = DIRECTION('',(-1.,0.E+000,0.E+000));
#5921 = ORIENTED_EDGE('',*,*,#5870,.T.);
#5922 = PLANE('',#5923);
#5923 = AXIS2_PLACEMENT_3D('',#5924,#5925,#5926);
#5924 = CARTESIAN_POINT('',(-0.125,0.E+000,-0.625));
#5925 = DIRECTION('',(-0.E+000,0.E+000,-1.));
#5926 = DIRECTION('',(-1.,0.E+000,0.E+000));
#5927 = ADVANCED_FACE('',(#5928),#5953,.F.);
#5928 = FACE_BOUND('',#5929,.T.);
#5929 = EDGE_LOOP('',(#5930,#5938,#5946,#5952));
#5930 = ORIENTED_EDGE('',*,*,#5931,.T.);
#5931 = EDGE_CURVE('',#5901,#5932,#5934,.T.);
#5932 = VERTEX_POINT('',#5933);
#5933 = CARTESIAN_POINT('',(-0.375,0.1,-0.9));
#5934 = LINE('',#5935,#5936);
#5935 = CARTESIAN_POINT('',(-0.375,0.1,-0.625));
#5936 = VECTOR('',#5937,1.);
#5937 = DIRECTION('',(0.E+000,0.E+000,-1.));
#5938 = ORIENTED_EDGE('',*,*,#5939,.F.);
#5939 = EDGE_CURVE('',#5940,#5932,#5942,.T.);
#5940 = VERTEX_POINT('',#5941);
#5941 = CARTESIAN_POINT('',(-0.375,0.E+000,-0.9));
#5942 = LINE('',#5943,#5944);
#5943 = CARTESIAN_POINT('',(-0.375,0.E+000,-0.9));
#5944 = VECTOR('',#5945,1.);
#5945 = DIRECTION('',(-0.E+000,1.,-0.E+000));
#5946 = ORIENTED_EDGE('',*,*,#5947,.F.);
#5947 = EDGE_CURVE('',#5909,#5940,#5948,.T.);
#5948 = LINE('',#5949,#5950);
#5949 = CARTESIAN_POINT('',(-0.375,0.E+000,-0.625));
#5950 = VECTOR('',#5951,1.);
#5951 = DIRECTION('',(0.E+000,0.E+000,-1.));
#5952 = ORIENTED_EDGE('',*,*,#5908,.T.);
#5953 = PLANE('',#5954);
#5954 = AXIS2_PLACEMENT_3D('',#5955,#5956,#5957);
#5955 = CARTESIAN_POINT('',(-0.375,0.E+000,-0.625));
#5956 = DIRECTION('',(1.,0.E+000,0.E+000));
#5957 = DIRECTION('',(0.E+000,0.E+000,-1.));
#5958 = ADVANCED_FACE('',(#5959),#5975,.F.);
#5959 = FACE_BOUND('',#5960,.T.);
#5960 = EDGE_LOOP('',(#5961,#5967,#5968,#5974));
#5961 = ORIENTED_EDGE('',*,*,#5962,.T.);
#5962 = EDGE_CURVE('',#5932,#5861,#5963,.T.);
#5963 = LINE('',#5964,#5965);
#5964 = CARTESIAN_POINT('',(-0.375,0.1,-0.9));
#5965 = VECTOR('',#5966,1.);
#5966 = DIRECTION('',(1.,0.E+000,0.E+000));
#5967 = ORIENTED_EDGE('',*,*,#5886,.F.);
#5968 = ORIENTED_EDGE('',*,*,#5969,.F.);
#5969 = EDGE_CURVE('',#5940,#5879,#5970,.T.);
#5970 = LINE('',#5971,#5972);
#5971 = CARTESIAN_POINT('',(-0.375,0.E+000,-0.9));
#5972 = VECTOR('',#5973,1.);
#5973 = DIRECTION('',(1.,0.E+000,0.E+000));
#5974 = ORIENTED_EDGE('',*,*,#5939,.T.);
#5975 = PLANE('',#5976);
#5976 = AXIS2_PLACEMENT_3D('',#5977,#5978,#5979);
#5977 = CARTESIAN_POINT('',(-0.375,0.E+000,-0.9));
#5978 = DIRECTION('',(-0.E+000,0.E+000,1.));
#5979 = DIRECTION('',(1.,0.E+000,0.E+000));
#5980 = ADVANCED_FACE('',(#5981),#5987,.T.);
#5981 = FACE_BOUND('',#5982,.T.);
#5982 = EDGE_LOOP('',(#5983,#5984,#5985,#5986));
#5983 = ORIENTED_EDGE('',*,*,#5878,.T.);
#5984 = ORIENTED_EDGE('',*,*,#5916,.T.);
#5985 = ORIENTED_EDGE('',*,*,#5947,.T.);
#5986 = ORIENTED_EDGE('',*,*,#5969,.T.);
#5987 = PLANE('',#5988);
#5988 = AXIS2_PLACEMENT_3D('',#5989,#5990,#5991);
#5989 = CARTESIAN_POINT('',(0.E+000,0.E+000,0.E+000));
#5990 = DIRECTION('',(0.E+000,-1.,0.E+000));
#5991 = DIRECTION('',(0.E+000,-0.E+000,-1.));
#5992 = ADVANCED_FACE('',(#5993),#5999,.F.);
#5993 = FACE_BOUND('',#5994,.T.);
#5994 = EDGE_LOOP('',(#5995,#5996,#5997,#5998));
#5995 = ORIENTED_EDGE('',*,*,#5860,.F.);
#5996 = ORIENTED_EDGE('',*,*,#5962,.F.);
#5997 = ORIENTED_EDGE('',*,*,#5931,.F.);
#5998 = ORIENTED_EDGE('',*,*,#5900,.F.);
#5999 = PLANE('',#6000);
#6000 = AXIS2_PLACEMENT_3D('',#6001,#6002,#6003);
#6001 = CARTESIAN_POINT('',(0.E+000,0.1,0.E+000));
#6002 = DIRECTION('',(0.E+000,-1.,0.E+000));
#6003 = DIRECTION('',(0.E+000,-0.E+000,-1.));
#6004 = MANIFOLD_SOLID_BREP('',#6005);
#6005 = CLOSED_SHELL('',(#6006,#6046,#6077,#6099,#6110));
#6006 = ADVANCED_FACE('',(#6007),#6041,.F.);
#6007 = FACE_BOUND('',#6008,.T.);
#6008 = EDGE_LOOP('',(#6009,#6019,#6027,#6035));
#6009 = ORIENTED_EDGE('',*,*,#6010,.T.);
#6010 = EDGE_CURVE('',#6011,#6013,#6015,.T.);
#6011 = VERTEX_POINT('',#6012);
#6012 = CARTESIAN_POINT('',(-0.886675832476,0.1,0.886675832476));
#6013 = VERTEX_POINT('',#6014);
#6014 = CARTESIAN_POINT('',(-0.886675832476,0.1,0.761675832476));
#6015 = LINE('',#6016,#6017);
#6016 = CARTESIAN_POINT('',(-0.886675832476,0.1,0.886675832476));
#6017 = VECTOR('',#6018,1.);
#6018 = DIRECTION('',(0.E+000,0.E+000,-1.));
#6019 = ORIENTED_EDGE('',*,*,#6020,.F.);
#6020 = EDGE_CURVE('',#6021,#6013,#6023,.T.);
#6021 = VERTEX_POINT('',#6022);
#6022 = CARTESIAN_POINT('',(-0.886675832476,0.E+000,0.761675832476));
#6023 = LINE('',#6024,#6025);
#6024 = CARTESIAN_POINT('',(-0.886675832476,0.E+000,0.761675832476));
#6025 = VECTOR('',#6026,1.);
#6026 = DIRECTION('',(-0.E+000,1.,-0.E+000));
#6027 = ORIENTED_EDGE('',*,*,#6028,.F.);
#6028 = EDGE_CURVE('',#6029,#6021,#6031,.T.);
#6029 = VERTEX_POINT('',#6030);
#6030 = CARTESIAN_POINT('',(-0.886675832476,0.E+000,0.886675832476));
#6031 = LINE('',#6032,#6033);
#6032 = CARTESIAN_POINT('',(-0.886675832476,0.E+000,0.886675832476));
#6033 = VECTOR('',#6034,1.);
#6034 = DIRECTION('',(0.E+000,0.E+000,-1.));
#6035 = ORIENTED_EDGE('',*,*,#6036,.T.);
#6036 = EDGE_CURVE('',#6029,#6011,#6037,.T.);
#6037 = LINE('',#6038,#6039);
#6038 = CARTESIAN_POINT('',(-0.886675832476,0.E+000,0.886675832476));
#6039 = VECTOR('',#6040,1.);
#6040 = DIRECTION('',(-0.E+000,1.,-0.E+000));
#6041 = PLANE('',#6042);
#6042 = AXIS2_PLACEMENT_3D('',#6043,#6044,#6045);
#6043 = CARTESIAN_POINT('',(-0.886675832476,0.E+000,0.886675832476));
#6044 = DIRECTION('',(1.,0.E+000,0.E+000));
#6045 = DIRECTION('',(0.E+000,0.E+000,-1.));
#6046 = ADVANCED_FACE('',(#6047),#6072,.F.);
#6047 = FACE_BOUND('',#6048,.T.);
#6048 = EDGE_LOOP('',(#6049,#6057,#6065,#6071));
#6049 = ORIENTED_EDGE('',*,*,#6050,.T.);
#6050 = EDGE_CURVE('',#6013,#6051,#6053,.T.);
#6051 = VERTEX_POINT('',#6052);
#6052 = CARTESIAN_POINT('',(-0.761675832476,0.1,0.886675832476));
#6053 = LINE('',#6054,#6055);
#6054 = CARTESIAN_POINT('',(-0.886675832476,0.1,0.761675832476));
#6055 = VECTOR('',#6056,1.);
#6056 = DIRECTION('',(0.707106781187,0.E+000,0.707106781187));
#6057 = ORIENTED_EDGE('',*,*,#6058,.F.);
#6058 = EDGE_CURVE('',#6059,#6051,#6061,.T.);
#6059 = VERTEX_POINT('',#6060);
#6060 = CARTESIAN_POINT('',(-0.761675832476,0.E+000,0.886675832476));
#6061 = LINE('',#6062,#6063);
#6062 = CARTESIAN_POINT('',(-0.761675832476,0.E+000,0.886675832476));
#6063 = VECTOR('',#6064,1.);
#6064 = DIRECTION('',(-0.E+000,1.,-0.E+000));
#6065 = ORIENTED_EDGE('',*,*,#6066,.F.);
#6066 = EDGE_CURVE('',#6021,#6059,#6067,.T.);
#6067 = LINE('',#6068,#6069);
#6068 = CARTESIAN_POINT('',(-0.886675832476,0.E+000,0.761675832476));
#6069 = VECTOR('',#6070,1.);
#6070 = DIRECTION('',(0.707106781187,0.E+000,0.707106781187));
#6071 = ORIENTED_EDGE('',*,*,#6020,.T.);
#6072 = PLANE('',#6073);
#6073 = AXIS2_PLACEMENT_3D('',#6074,#6075,#6076);
#6074 = CARTESIAN_POINT('',(-0.886675832476,0.E+000,0.761675832476));
#6075 = DIRECTION('',(-0.707106781187,0.E+000,0.707106781187));
#6076 = DIRECTION('',(0.707106781187,0.E+000,0.707106781187));
#6077 = ADVANCED_FACE('',(#6078),#6094,.F.);
#6078 = FACE_BOUND('',#6079,.T.);
#6079 = EDGE_LOOP('',(#6080,#6086,#6087,#6093));
#6080 = ORIENTED_EDGE('',*,*,#6081,.T.);
#6081 = EDGE_CURVE('',#6051,#6011,#6082,.T.);
#6082 = LINE('',#6083,#6084);
#6083 = CARTESIAN_POINT('',(-0.761675832476,0.1,0.886675832476));
#6084 = VECTOR('',#6085,1.);
#6085 = DIRECTION('',(-1.,0.E+000,0.E+000));
#6086 = ORIENTED_EDGE('',*,*,#6036,.F.);
#6087 = ORIENTED_EDGE('',*,*,#6088,.F.);
#6088 = EDGE_CURVE('',#6059,#6029,#6089,.T.);
#6089 = LINE('',#6090,#6091);
#6090 = CARTESIAN_POINT('',(-0.761675832476,0.E+000,0.886675832476));
#6091 = VECTOR('',#6092,1.);
#6092 = DIRECTION('',(-1.,0.E+000,0.E+000));
#6093 = ORIENTED_EDGE('',*,*,#6058,.T.);
#6094 = PLANE('',#6095);
#6095 = AXIS2_PLACEMENT_3D('',#6096,#6097,#6098);
#6096 = CARTESIAN_POINT('',(-0.761675832476,0.E+000,0.886675832476));
#6097 = DIRECTION('',(-0.E+000,0.E+000,-1.));
#6098 = DIRECTION('',(-1.,0.E+000,0.E+000));
#6099 = ADVANCED_FACE('',(#6100),#6105,.F.);
#6100 = FACE_BOUND('',#6101,.T.);
#6101 = EDGE_LOOP('',(#6102,#6103,#6104));
#6102 = ORIENTED_EDGE('',*,*,#6028,.T.);
#6103 = ORIENTED_EDGE('',*,*,#6066,.T.);
#6104 = ORIENTED_EDGE('',*,*,#6088,.T.);
#6105 = PLANE('',#6106);
#6106 = AXIS2_PLACEMENT_3D('',#6107,#6108,#6109);
#6107 = CARTESIAN_POINT('',(0.E+000,0.E+000,0.E+000));
#6108 = DIRECTION('',(0.E+000,1.,0.E+000));
#6109 = DIRECTION('',(0.E+000,-0.E+000,1.));
#6110 = ADVANCED_FACE('',(#6111),#6116,.T.);
#6111 = FACE_BOUND('',#6112,.T.);
#6112 = EDGE_LOOP('',(#6113,#6114,#6115));
#6113 = ORIENTED_EDGE('',*,*,#6010,.F.);
#6114 = ORIENTED_EDGE('',*,*,#6081,.F.);
#6115 = ORIENTED_EDGE('',*,*,#6050,.F.);
#6116 = PLANE('',#6117);
#6117 = AXIS2_PLACEMENT_3D('',#6118,#6119,#6120);
#6118 = CARTESIAN_POINT('',(0.E+000,0.1,0.E+000));
#6119 = DIRECTION('',(0.E+000,1.,0.E+000));
#6120 = DIRECTION('',(0.E+000,-0.E+000,1.));
#6121 = ( GEOMETRIC_REPRESENTATION_CONTEXT(3) 
GLOBAL_UNCERTAINTY_ASSIGNED_CONTEXT((#6125)) 
GLOBAL_UNIT_ASSIGNED_CONTEXT((#6122,#6123,#6124)) REPRESENTATION_CONTEXT
('Context #1','3D Context with UNIT and UNCERTAINTY') );
#6122 = ( LENGTH_UNIT() NAMED_UNIT(*) SI_UNIT(.MILLI.,.METRE.) );
#6123 = ( NAMED_UNIT(*) PLANE_ANGLE_UNIT() SI_UNIT($,.RADIAN.) );
#6124 = ( NAMED_UNIT(*) SI_UNIT($,.STERADIAN.) SOLID_ANGLE_UNIT() );
#6125 = UNCERTAINTY_MEASURE_WITH_UNIT(LENGTH_MEASURE(1.E-005),#6122,
  'distance_accuracy_value','confusion accuracy');
#6126 = SHAPE_DEFINITION_REPRESENTATION(#6127,#698);
#6127 = PRODUCT_DEFINITION_SHAPE('','',#6128);
#6128 = PRODUCT_DEFINITION('design','',#6129,#6132);
#6129 = PRODUCT_DEFINITION_FORMATION('','',#6130);
#6130 = PRODUCT('BMP388--3DModel-STEP-56544',
  'BMP388--3DModel-STEP-56544','',(#6131));
#6131 = PRODUCT_CONTEXT('',#2,'mechanical');
#6132 = PRODUCT_DEFINITION_CONTEXT('part definition',#2,'design');
#6133 = CONTEXT_DEPENDENT_SHAPE_REPRESENTATION(#6134,#6136);
#6134 = ( REPRESENTATION_RELATIONSHIP('','',#698,#688) 
REPRESENTATION_RELATIONSHIP_WITH_TRANSFORMATION(#6135) 
SHAPE_REPRESENTATION_RELATIONSHIP() );
#6135 = ITEM_DEFINED_TRANSFORMATION('','',#11,#689);
#6136 = PRODUCT_DEFINITION_SHAPE('Placement','Placement of an item',
  #6137);
#6137 = NEXT_ASSEMBLY_USAGE_OCCURRENCE('3','','',#683,#6128,$);
#6138 = PRODUCT_RELATED_PRODUCT_CATEGORY('part',$,(#6130));
#6139 = CONTEXT_DEPENDENT_SHAPE_REPRESENTATION(#6140,#6142);
#6140 = ( REPRESENTATION_RELATIONSHIP('','',#688,#10) 
REPRESENTATION_RELATIONSHIP_WITH_TRANSFORMATION(#6141) 
SHAPE_REPRESENTATION_RELATIONSHIP() );
#6141 = ITEM_DEFINED_TRANSFORMATION('','',#11,#19);
#6142 = PRODUCT_DEFINITION_SHAPE('Placement','Placement of an item',
  #6143);
#6143 = NEXT_ASSEMBLY_USAGE_OCCURRENCE('4','','',#5,#683,$);
#6144 = PRODUCT_RELATED_PRODUCT_CATEGORY('part',$,(#685));
#6145 = SHAPE_DEFINITION_REPRESENTATION(#6146,#6152);
#6146 = PRODUCT_DEFINITION_SHAPE('','',#6147);
#6147 = PRODUCT_DEFINITION('design','',#6148,#6151);
#6148 = PRODUCT_DEFINITION_FORMATION('','',#6149);
#6149 = PRODUCT('U3','U3','',(#6150));
#6150 = PRODUCT_CONTEXT('',#2,'mechanical');
#6151 = PRODUCT_DEFINITION_CONTEXT('part definition',#2,'design');
#6152 = SHAPE_REPRESENTATION('',(#11,#6153),#6157);
#6153 = AXIS2_PLACEMENT_3D('',#6154,#6155,#6156);
#6154 = CARTESIAN_POINT('',(80.000033468633,3.751144529929E-005,0.E+000)
  );
#6155 = DIRECTION('',(1.748455531469E-007,-1.,-4.371140912996E-008));
#6156 = DIRECTION('',(1.,1.748455531469E-007,-1.262072989224E-030));
#6157 = ( GEOMETRIC_REPRESENTATION_CONTEXT(3) 
GLOBAL_UNCERTAINTY_ASSIGNED_CONTEXT((#6161)) 
GLOBAL_UNIT_ASSIGNED_CONTEXT((#6158,#6159,#6160)) REPRESENTATION_CONTEXT
('Context #1','3D Context with UNIT and UNCERTAINTY') );
#6158 = ( LENGTH_UNIT() NAMED_UNIT(*) SI_UNIT(.MILLI.,.METRE.) );
#6159 = ( NAMED_UNIT(*) PLANE_ANGLE_UNIT() SI_UNIT($,.RADIAN.) );
#6160 = ( NAMED_UNIT(*) SI_UNIT($,.STERADIAN.) SOLID_ANGLE_UNIT() );
#6161 = UNCERTAINTY_MEASURE_WITH_UNIT(LENGTH_MEASURE(1.E-005),#6158,
  'distance_accuracy_value','confusion accuracy');
#6162 = CONTEXT_DEPENDENT_SHAPE_REPRESENTATION(#6163,#6165);
#6163 = ( REPRESENTATION_RELATIONSHIP('','',#698,#6152) 
REPRESENTATION_RELATIONSHIP_WITH_TRANSFORMATION(#6164) 
SHAPE_REPRESENTATION_RELATIONSHIP() );
#6164 = ITEM_DEFINED_TRANSFORMATION('','',#11,#6153);
#6165 = PRODUCT_DEFINITION_SHAPE('Placement','Placement of an item',
  #6166);
#6166 = NEXT_ASSEMBLY_USAGE_OCCURRENCE('5','','',#6147,#6128,$);
#6167 = CONTEXT_DEPENDENT_SHAPE_REPRESENTATION(#6168,#6170);
#6168 = ( REPRESENTATION_RELATIONSHIP('','',#6152,#10) 
REPRESENTATION_RELATIONSHIP_WITH_TRANSFORMATION(#6169) 
SHAPE_REPRESENTATION_RELATIONSHIP() );
#6169 = ITEM_DEFINED_TRANSFORMATION('','',#11,#23);
#6170 = PRODUCT_DEFINITION_SHAPE('Placement','Placement of an item',
  #6171);
#6171 = NEXT_ASSEMBLY_USAGE_OCCURRENCE('6','','',#5,#6147,$);
#6172 = PRODUCT_RELATED_PRODUCT_CATEGORY('part',$,(#6149));
#6173 = SHAPE_DEFINITION_REPRESENTATION(#6174,#6180);
#6174 = PRODUCT_DEFINITION_SHAPE('','',#6175);
#6175 = PRODUCT_DEFINITION('design','',#6176,#6179);
#6176 = PRODUCT_DEFINITION_FORMATION('','',#6177);
#6177 = PRODUCT('FB1','FB1','',(#6178));
#6178 = PRODUCT_CONTEXT('',#2,'mechanical');
#6179 = PRODUCT_DEFINITION_CONTEXT('part definition',#2,'design');
#6180 = SHAPE_REPRESENTATION('',(#11,#6181),#6185);
#6181 = AXIS2_PLACEMENT_3D('',#6182,#6183,#6184);
#6182 = CARTESIAN_POINT('',(119.00767812195,-8.455886720071E-005,
    -0.163502246141));
#6183 = DIRECTION('',(0.E+000,8.742273394091E-008,-1.));
#6184 = DIRECTION('',(1.,0.E+000,0.E+000));
#6185 = ( GEOMETRIC_REPRESENTATION_CONTEXT(3) 
GLOBAL_UNCERTAINTY_ASSIGNED_CONTEXT((#6189)) 
GLOBAL_UNIT_ASSIGNED_CONTEXT((#6186,#6187,#6188)) REPRESENTATION_CONTEXT
('Context #1','3D Context with UNIT and UNCERTAINTY') );
#6186 = ( LENGTH_UNIT() NAMED_UNIT(*) SI_UNIT(.MILLI.,.METRE.) );
#6187 = ( NAMED_UNIT(*) PLANE_ANGLE_UNIT() SI_UNIT($,.RADIAN.) );
#6188 = ( NAMED_UNIT(*) SI_UNIT($,.STERADIAN.) SOLID_ANGLE_UNIT() );
#6189 = UNCERTAINTY_MEASURE_WITH_UNIT(LENGTH_MEASURE(1.E-007),#6186,
  'distance_accuracy_value','confusion accuracy');
#6190 = SHAPE_REPRESENTATION('',(#11,#6191,#6341,#6491),#6641);
#6191 = MANIFOLD_SOLID_BREP('',#6192);
#6192 = CLOSED_SHELL('',(#6193,#6233,#6264,#6295,#6317,#6329));
#6193 = ADVANCED_FACE('',(#6194),#6228,.T.);
#6194 = FACE_BOUND('',#6195,.T.);
#6195 = EDGE_LOOP('',(#6196,#6206,#6214,#6222));
#6196 = ORIENTED_EDGE('',*,*,#6197,.F.);
#6197 = EDGE_CURVE('',#6198,#6200,#6202,.T.);
#6198 = VERTEX_POINT('',#6199);
#6199 = CARTESIAN_POINT('',(0.229,-0.247,7.E-003));
#6200 = VERTEX_POINT('',#6201);
#6201 = CARTESIAN_POINT('',(-0.229,-0.247,7.E-003));
#6202 = LINE('',#6203,#6204);
#6203 = CARTESIAN_POINT('',(0.229,-0.247,7.E-003));
#6204 = VECTOR('',#6205,1.);
#6205 = DIRECTION('',(-1.,0.E+000,0.E+000));
#6206 = ORIENTED_EDGE('',*,*,#6207,.F.);
#6207 = EDGE_CURVE('',#6208,#6198,#6210,.T.);
#6208 = VERTEX_POINT('',#6209);
#6209 = CARTESIAN_POINT('',(0.229,-0.247,0.704));
#6210 = LINE('',#6211,#6212);
#6211 = CARTESIAN_POINT('',(0.229,-0.247,0.704));
#6212 = VECTOR('',#6213,1.);
#6213 = DIRECTION('',(0.E+000,0.E+000,-1.));
#6214 = ORIENTED_EDGE('',*,*,#6215,.F.);
#6215 = EDGE_CURVE('',#6216,#6208,#6218,.T.);
#6216 = VERTEX_POINT('',#6217);
#6217 = CARTESIAN_POINT('',(-0.229,-0.247,0.704));
#6218 = LINE('',#6219,#6220);
#6219 = CARTESIAN_POINT('',(-0.229,-0.247,0.704));
#6220 = VECTOR('',#6221,1.);
#6221 = DIRECTION('',(1.,0.E+000,0.E+000));
#6222 = ORIENTED_EDGE('',*,*,#6223,.F.);
#6223 = EDGE_CURVE('',#6200,#6216,#6224,.T.);
#6224 = LINE('',#6225,#6226);
#6225 = CARTESIAN_POINT('',(-0.229,-0.247,7.E-003));
#6226 = VECTOR('',#6227,1.);
#6227 = DIRECTION('',(0.E+000,0.E+000,1.));
#6228 = PLANE('',#6229);
#6229 = AXIS2_PLACEMENT_3D('',#6230,#6231,#6232);
#6230 = CARTESIAN_POINT('',(-0.229,-0.247,7.E-003));
#6231 = DIRECTION('',(0.E+000,-1.,0.E+000));
#6232 = DIRECTION('',(0.E+000,0.E+000,1.));
#6233 = ADVANCED_FACE('',(#6234),#6259,.T.);
#6234 = FACE_BOUND('',#6235,.T.);
#6235 = EDGE_LOOP('',(#6236,#6244,#6252,#6258));
#6236 = ORIENTED_EDGE('',*,*,#6237,.F.);
#6237 = EDGE_CURVE('',#6238,#6198,#6240,.T.);
#6238 = VERTEX_POINT('',#6239);
#6239 = CARTESIAN_POINT('',(0.229,0.247,7.E-003));
#6240 = LINE('',#6241,#6242);
#6241 = CARTESIAN_POINT('',(0.229,0.247,7.E-003));
#6242 = VECTOR('',#6243,1.);
#6243 = DIRECTION('',(0.E+000,-1.,0.E+000));
#6244 = ORIENTED_EDGE('',*,*,#6245,.F.);
#6245 = EDGE_CURVE('',#6246,#6238,#6248,.T.);
#6246 = VERTEX_POINT('',#6247);
#6247 = CARTESIAN_POINT('',(0.229,0.247,0.704));
#6248 = LINE('',#6249,#6250);
#6249 = CARTESIAN_POINT('',(0.229,0.247,0.704));
#6250 = VECTOR('',#6251,1.);
#6251 = DIRECTION('',(0.E+000,0.E+000,-1.));
#6252 = ORIENTED_EDGE('',*,*,#6253,.F.);
#6253 = EDGE_CURVE('',#6208,#6246,#6254,.T.);
#6254 = LINE('',#6255,#6256);
#6255 = CARTESIAN_POINT('',(0.229,-0.247,0.704));
#6256 = VECTOR('',#6257,1.);
#6257 = DIRECTION('',(0.E+000,1.,0.E+000));
#6258 = ORIENTED_EDGE('',*,*,#6207,.T.);
#6259 = PLANE('',#6260);
#6260 = AXIS2_PLACEMENT_3D('',#6261,#6262,#6263);
#6261 = CARTESIAN_POINT('',(0.229,-0.247,7.E-003));
#6262 = DIRECTION('',(1.,0.E+000,0.E+000));
#6263 = DIRECTION('',(0.E+000,0.E+000,1.));
#6264 = ADVANCED_FACE('',(#6265),#6290,.T.);
#6265 = FACE_BOUND('',#6266,.T.);
#6266 = EDGE_LOOP('',(#6267,#6275,#6283,#6289));
#6267 = ORIENTED_EDGE('',*,*,#6268,.F.);
#6268 = EDGE_CURVE('',#6269,#6238,#6271,.T.);
#6269 = VERTEX_POINT('',#6270);
#6270 = CARTESIAN_POINT('',(-0.229,0.247,7.E-003));
#6271 = LINE('',#6272,#6273);
#6272 = CARTESIAN_POINT('',(-0.229,0.247,7.E-003));
#6273 = VECTOR('',#6274,1.);
#6274 = DIRECTION('',(1.,0.E+000,0.E+000));
#6275 = ORIENTED_EDGE('',*,*,#6276,.F.);
#6276 = EDGE_CURVE('',#6277,#6269,#6279,.T.);
#6277 = VERTEX_POINT('',#6278);
#6278 = CARTESIAN_POINT('',(-0.229,0.247,0.704));
#6279 = LINE('',#6280,#6281);
#6280 = CARTESIAN_POINT('',(-0.229,0.247,0.704));
#6281 = VECTOR('',#6282,1.);
#6282 = DIRECTION('',(0.E+000,0.E+000,-1.));
#6283 = ORIENTED_EDGE('',*,*,#6284,.F.);
#6284 = EDGE_CURVE('',#6246,#6277,#6285,.T.);
#6285 = LINE('',#6286,#6287);
#6286 = CARTESIAN_POINT('',(0.229,0.247,0.704));
#6287 = VECTOR('',#6288,1.);
#6288 = DIRECTION('',(-1.,0.E+000,0.E+000));
#6289 = ORIENTED_EDGE('',*,*,#6245,.T.);
#6290 = PLANE('',#6291);
#6291 = AXIS2_PLACEMENT_3D('',#6292,#6293,#6294);
#6292 = CARTESIAN_POINT('',(0.229,0.247,7.E-003));
#6293 = DIRECTION('',(0.E+000,1.,0.E+000));
#6294 = DIRECTION('',(0.E+000,-0.E+000,1.));
#6295 = ADVANCED_FACE('',(#6296),#6312,.T.);
#6296 = FACE_BOUND('',#6297,.T.);
#6297 = EDGE_LOOP('',(#6298,#6304,#6305,#6311));
#6298 = ORIENTED_EDGE('',*,*,#6299,.F.);
#6299 = EDGE_CURVE('',#6200,#6269,#6300,.T.);
#6300 = LINE('',#6301,#6302);
#6301 = CARTESIAN_POINT('',(-0.229,-0.247,7.E-003));
#6302 = VECTOR('',#6303,1.);
#6303 = DIRECTION('',(0.E+000,1.,0.E+000));
#6304 = ORIENTED_EDGE('',*,*,#6223,.T.);
#6305 = ORIENTED_EDGE('',*,*,#6306,.F.);
#6306 = EDGE_CURVE('',#6277,#6216,#6307,.T.);
#6307 = LINE('',#6308,#6309);
#6308 = CARTESIAN_POINT('',(-0.229,0.247,0.704));
#6309 = VECTOR('',#6310,1.);
#6310 = DIRECTION('',(0.E+000,-1.,0.E+000));
#6311 = ORIENTED_EDGE('',*,*,#6276,.T.);
#6312 = PLANE('',#6313);
#6313 = AXIS2_PLACEMENT_3D('',#6314,#6315,#6316);
#6314 = CARTESIAN_POINT('',(-0.229,0.247,7.E-003));
#6315 = DIRECTION('',(-1.,0.E+000,0.E+000));
#6316 = DIRECTION('',(0.E+000,0.E+000,1.));
#6317 = ADVANCED_FACE('',(#6318),#6324,.T.);
#6318 = FACE_BOUND('',#6319,.T.);
#6319 = EDGE_LOOP('',(#6320,#6321,#6322,#6323));
#6320 = ORIENTED_EDGE('',*,*,#6268,.T.);
#6321 = ORIENTED_EDGE('',*,*,#6237,.T.);
#6322 = ORIENTED_EDGE('',*,*,#6197,.T.);
#6323 = ORIENTED_EDGE('',*,*,#6299,.T.);
#6324 = PLANE('',#6325);
#6325 = AXIS2_PLACEMENT_3D('',#6326,#6327,#6328);
#6326 = CARTESIAN_POINT('',(-0.229,0.247,7.E-003));
#6327 = DIRECTION('',(0.E+000,0.E+000,-1.));
#6328 = DIRECTION('',(0.E+000,1.,0.E+000));
#6329 = ADVANCED_FACE('',(#6330),#6336,.T.);
#6330 = FACE_BOUND('',#6331,.T.);
#6331 = EDGE_LOOP('',(#6332,#6333,#6334,#6335));
#6332 = ORIENTED_EDGE('',*,*,#6215,.T.);
#6333 = ORIENTED_EDGE('',*,*,#6253,.T.);
#6334 = ORIENTED_EDGE('',*,*,#6284,.T.);
#6335 = ORIENTED_EDGE('',*,*,#6306,.T.);
#6336 = PLANE('',#6337);
#6337 = AXIS2_PLACEMENT_3D('',#6338,#6339,#6340);
#6338 = CARTESIAN_POINT('',(-0.229,-0.247,0.704));
#6339 = DIRECTION('',(0.E+000,0.E+000,1.));
#6340 = DIRECTION('',(0.E+000,1.,0.E+000));
#6341 = MANIFOLD_SOLID_BREP('',#6342);
#6342 = CLOSED_SHELL('',(#6343,#6383,#6414,#6445,#6467,#6479));
#6343 = ADVANCED_FACE('',(#6344),#6378,.T.);
#6344 = FACE_BOUND('',#6345,.T.);
#6345 = EDGE_LOOP('',(#6346,#6356,#6364,#6372));
#6346 = ORIENTED_EDGE('',*,*,#6347,.F.);
#6347 = EDGE_CURVE('',#6348,#6350,#6352,.T.);
#6348 = VERTEX_POINT('',#6349);
#6349 = CARTESIAN_POINT('',(0.533,-0.254,0.E+000));
#6350 = VERTEX_POINT('',#6351);
#6351 = CARTESIAN_POINT('',(0.229,-0.254,0.E+000));
#6352 = LINE('',#6353,#6354);
#6353 = CARTESIAN_POINT('',(0.533,-0.254,0.E+000));
#6354 = VECTOR('',#6355,1.);
#6355 = DIRECTION('',(-1.,0.E+000,0.E+000));
#6356 = ORIENTED_EDGE('',*,*,#6357,.F.);
#6357 = EDGE_CURVE('',#6358,#6348,#6360,.T.);
#6358 = VERTEX_POINT('',#6359);
#6359 = CARTESIAN_POINT('',(0.533,-0.254,0.711));
#6360 = LINE('',#6361,#6362);
#6361 = CARTESIAN_POINT('',(0.533,-0.254,0.711));
#6362 = VECTOR('',#6363,1.);
#6363 = DIRECTION('',(0.E+000,0.E+000,-1.));
#6364 = ORIENTED_EDGE('',*,*,#6365,.F.);
#6365 = EDGE_CURVE('',#6366,#6358,#6368,.T.);
#6366 = VERTEX_POINT('',#6367);
#6367 = CARTESIAN_POINT('',(0.229,-0.254,0.711));
#6368 = LINE('',#6369,#6370);
#6369 = CARTESIAN_POINT('',(0.229,-0.254,0.711));
#6370 = VECTOR('',#6371,1.);
#6371 = DIRECTION('',(1.,0.E+000,0.E+000));
#6372 = ORIENTED_EDGE('',*,*,#6373,.F.);
#6373 = EDGE_CURVE('',#6350,#6366,#6374,.T.);
#6374 = LINE('',#6375,#6376);
#6375 = CARTESIAN_POINT('',(0.229,-0.254,0.E+000));
#6376 = VECTOR('',#6377,1.);
#6377 = DIRECTION('',(0.E+000,0.E+000,1.));
#6378 = PLANE('',#6379);
#6379 = AXIS2_PLACEMENT_3D('',#6380,#6381,#6382);
#6380 = CARTESIAN_POINT('',(0.229,-0.254,0.E+000));
#6381 = DIRECTION('',(0.E+000,-1.,0.E+000));
#6382 = DIRECTION('',(0.E+000,0.E+000,1.));
#6383 = ADVANCED_FACE('',(#6384),#6409,.T.);
#6384 = FACE_BOUND('',#6385,.T.);
#6385 = EDGE_LOOP('',(#6386,#6394,#6402,#6408));
#6386 = ORIENTED_EDGE('',*,*,#6387,.F.);
#6387 = EDGE_CURVE('',#6388,#6348,#6390,.T.);
#6388 = VERTEX_POINT('',#6389);
#6389 = CARTESIAN_POINT('',(0.533,0.254,0.E+000));
#6390 = LINE('',#6391,#6392);
#6391 = CARTESIAN_POINT('',(0.533,0.254,0.E+000));
#6392 = VECTOR('',#6393,1.);
#6393 = DIRECTION('',(0.E+000,-1.,0.E+000));
#6394 = ORIENTED_EDGE('',*,*,#6395,.F.);
#6395 = EDGE_CURVE('',#6396,#6388,#6398,.T.);
#6396 = VERTEX_POINT('',#6397);
#6397 = CARTESIAN_POINT('',(0.533,0.254,0.711));
#6398 = LINE('',#6399,#6400);
#6399 = CARTESIAN_POINT('',(0.533,0.254,0.711));
#6400 = VECTOR('',#6401,1.);
#6401 = DIRECTION('',(0.E+000,0.E+000,-1.));
#6402 = ORIENTED_EDGE('',*,*,#6403,.F.);
#6403 = EDGE_CURVE('',#6358,#6396,#6404,.T.);
#6404 = LINE('',#6405,#6406);
#6405 = CARTESIAN_POINT('',(0.533,-0.254,0.711));
#6406 = VECTOR('',#6407,1.);
#6407 = DIRECTION('',(0.E+000,1.,0.E+000));
#6408 = ORIENTED_EDGE('',*,*,#6357,.T.);
#6409 = PLANE('',#6410);
#6410 = AXIS2_PLACEMENT_3D('',#6411,#6412,#6413);
#6411 = CARTESIAN_POINT('',(0.533,-0.254,0.E+000));
#6412 = DIRECTION('',(1.,0.E+000,0.E+000));
#6413 = DIRECTION('',(0.E+000,0.E+000,1.));
#6414 = ADVANCED_FACE('',(#6415),#6440,.T.);
#6415 = FACE_BOUND('',#6416,.T.);
#6416 = EDGE_LOOP('',(#6417,#6425,#6433,#6439));
#6417 = ORIENTED_EDGE('',*,*,#6418,.F.);
#6418 = EDGE_CURVE('',#6419,#6388,#6421,.T.);
#6419 = VERTEX_POINT('',#6420);
#6420 = CARTESIAN_POINT('',(0.229,0.254,0.E+000));
#6421 = LINE('',#6422,#6423);
#6422 = CARTESIAN_POINT('',(0.229,0.254,0.E+000));
#6423 = VECTOR('',#6424,1.);
#6424 = DIRECTION('',(1.,0.E+000,0.E+000));
#6425 = ORIENTED_EDGE('',*,*,#6426,.F.);
#6426 = EDGE_CURVE('',#6427,#6419,#6429,.T.);
#6427 = VERTEX_POINT('',#6428);
#6428 = CARTESIAN_POINT('',(0.229,0.254,0.711));
#6429 = LINE('',#6430,#6431);
#6430 = CARTESIAN_POINT('',(0.229,0.254,0.711));
#6431 = VECTOR('',#6432,1.);
#6432 = DIRECTION('',(0.E+000,0.E+000,-1.));
#6433 = ORIENTED_EDGE('',*,*,#6434,.F.);
#6434 = EDGE_CURVE('',#6396,#6427,#6435,.T.);
#6435 = LINE('',#6436,#6437);
#6436 = CARTESIAN_POINT('',(0.533,0.254,0.711));
#6437 = VECTOR('',#6438,1.);
#6438 = DIRECTION('',(-1.,0.E+000,0.E+000));
#6439 = ORIENTED_EDGE('',*,*,#6395,.T.);
#6440 = PLANE('',#6441);
#6441 = AXIS2_PLACEMENT_3D('',#6442,#6443,#6444);
#6442 = CARTESIAN_POINT('',(0.533,0.254,0.E+000));
#6443 = DIRECTION('',(0.E+000,1.,0.E+000));
#6444 = DIRECTION('',(0.E+000,-0.E+000,1.));
#6445 = ADVANCED_FACE('',(#6446),#6462,.T.);
#6446 = FACE_BOUND('',#6447,.T.);
#6447 = EDGE_LOOP('',(#6448,#6454,#6455,#6461));
#6448 = ORIENTED_EDGE('',*,*,#6449,.F.);
#6449 = EDGE_CURVE('',#6350,#6419,#6450,.T.);
#6450 = LINE('',#6451,#6452);
#6451 = CARTESIAN_POINT('',(0.229,-0.254,0.E+000));
#6452 = VECTOR('',#6453,1.);
#6453 = DIRECTION('',(0.E+000,1.,0.E+000));
#6454 = ORIENTED_EDGE('',*,*,#6373,.T.);
#6455 = ORIENTED_EDGE('',*,*,#6456,.F.);
#6456 = EDGE_CURVE('',#6427,#6366,#6457,.T.);
#6457 = LINE('',#6458,#6459);
#6458 = CARTESIAN_POINT('',(0.229,0.254,0.711));
#6459 = VECTOR('',#6460,1.);
#6460 = DIRECTION('',(0.E+000,-1.,0.E+000));
#6461 = ORIENTED_EDGE('',*,*,#6426,.T.);
#6462 = PLANE('',#6463);
#6463 = AXIS2_PLACEMENT_3D('',#6464,#6465,#6466);
#6464 = CARTESIAN_POINT('',(0.229,0.254,0.E+000));
#6465 = DIRECTION('',(-1.,0.E+000,0.E+000));
#6466 = DIRECTION('',(0.E+000,0.E+000,1.));
#6467 = ADVANCED_FACE('',(#6468),#6474,.T.);
#6468 = FACE_BOUND('',#6469,.T.);
#6469 = EDGE_LOOP('',(#6470,#6471,#6472,#6473));
#6470 = ORIENTED_EDGE('',*,*,#6418,.T.);
#6471 = ORIENTED_EDGE('',*,*,#6387,.T.);
#6472 = ORIENTED_EDGE('',*,*,#6347,.T.);
#6473 = ORIENTED_EDGE('',*,*,#6449,.T.);
#6474 = PLANE('',#6475);
#6475 = AXIS2_PLACEMENT_3D('',#6476,#6477,#6478);
#6476 = CARTESIAN_POINT('',(0.229,0.254,0.E+000));
#6477 = DIRECTION('',(0.E+000,0.E+000,-1.));
#6478 = DIRECTION('',(0.E+000,1.,0.E+000));
#6479 = ADVANCED_FACE('',(#6480),#6486,.T.);
#6480 = FACE_BOUND('',#6481,.T.);
#6481 = EDGE_LOOP('',(#6482,#6483,#6484,#6485));
#6482 = ORIENTED_EDGE('',*,*,#6365,.T.);
#6483 = ORIENTED_EDGE('',*,*,#6403,.T.);
#6484 = ORIENTED_EDGE('',*,*,#6434,.T.);
#6485 = ORIENTED_EDGE('',*,*,#6456,.T.);
#6486 = PLANE('',#6487);
#6487 = AXIS2_PLACEMENT_3D('',#6488,#6489,#6490);
#6488 = CARTESIAN_POINT('',(0.229,-0.254,0.711));
#6489 = DIRECTION('',(0.E+000,0.E+000,1.));
#6490 = DIRECTION('',(0.E+000,1.,0.E+000));
#6491 = MANIFOLD_SOLID_BREP('',#6492);
#6492 = CLOSED_SHELL('',(#6493,#6533,#6564,#6595,#6617,#6629));
#6493 = ADVANCED_FACE('',(#6494),#6528,.T.);
#6494 = FACE_BOUND('',#6495,.T.);
#6495 = EDGE_LOOP('',(#6496,#6506,#6514,#6522));
#6496 = ORIENTED_EDGE('',*,*,#6497,.F.);
#6497 = EDGE_CURVE('',#6498,#6500,#6502,.T.);
#6498 = VERTEX_POINT('',#6499);
#6499 = CARTESIAN_POINT('',(-0.229,-0.254,0.E+000));
#6500 = VERTEX_POINT('',#6501);
#6501 = CARTESIAN_POINT('',(-0.533,-0.254,0.E+000));
#6502 = LINE('',#6503,#6504);
#6503 = CARTESIAN_POINT('',(-0.229,-0.254,0.E+000));
#6504 = VECTOR('',#6505,1.);
#6505 = DIRECTION('',(-1.,0.E+000,0.E+000));
#6506 = ORIENTED_EDGE('',*,*,#6507,.F.);
#6507 = EDGE_CURVE('',#6508,#6498,#6510,.T.);
#6508 = VERTEX_POINT('',#6509);
#6509 = CARTESIAN_POINT('',(-0.229,-0.254,0.711));
#6510 = LINE('',#6511,#6512);
#6511 = CARTESIAN_POINT('',(-0.229,-0.254,0.711));
#6512 = VECTOR('',#6513,1.);
#6513 = DIRECTION('',(0.E+000,0.E+000,-1.));
#6514 = ORIENTED_EDGE('',*,*,#6515,.F.);
#6515 = EDGE_CURVE('',#6516,#6508,#6518,.T.);
#6516 = VERTEX_POINT('',#6517);
#6517 = CARTESIAN_POINT('',(-0.533,-0.254,0.711));
#6518 = LINE('',#6519,#6520);
#6519 = CARTESIAN_POINT('',(-0.533,-0.254,0.711));
#6520 = VECTOR('',#6521,1.);
#6521 = DIRECTION('',(1.,0.E+000,0.E+000));
#6522 = ORIENTED_EDGE('',*,*,#6523,.F.);
#6523 = EDGE_CURVE('',#6500,#6516,#6524,.T.);
#6524 = LINE('',#6525,#6526);
#6525 = CARTESIAN_POINT('',(-0.533,-0.254,0.E+000));
#6526 = VECTOR('',#6527,1.);
#6527 = DIRECTION('',(0.E+000,0.E+000,1.));
#6528 = PLANE('',#6529);
#6529 = AXIS2_PLACEMENT_3D('',#6530,#6531,#6532);
#6530 = CARTESIAN_POINT('',(-0.533,-0.254,0.E+000));
#6531 = DIRECTION('',(0.E+000,-1.,0.E+000));
#6532 = DIRECTION('',(0.E+000,0.E+000,1.));
#6533 = ADVANCED_FACE('',(#6534),#6559,.T.);
#6534 = FACE_BOUND('',#6535,.T.);
#6535 = EDGE_LOOP('',(#6536,#6544,#6552,#6558));
#6536 = ORIENTED_EDGE('',*,*,#6537,.F.);
#6537 = EDGE_CURVE('',#6538,#6498,#6540,.T.);
#6538 = VERTEX_POINT('',#6539);
#6539 = CARTESIAN_POINT('',(-0.229,0.254,0.E+000));
#6540 = LINE('',#6541,#6542);
#6541 = CARTESIAN_POINT('',(-0.229,0.254,0.E+000));
#6542 = VECTOR('',#6543,1.);
#6543 = DIRECTION('',(0.E+000,-1.,0.E+000));
#6544 = ORIENTED_EDGE('',*,*,#6545,.F.);
#6545 = EDGE_CURVE('',#6546,#6538,#6548,.T.);
#6546 = VERTEX_POINT('',#6547);
#6547 = CARTESIAN_POINT('',(-0.229,0.254,0.711));
#6548 = LINE('',#6549,#6550);
#6549 = CARTESIAN_POINT('',(-0.229,0.254,0.711));
#6550 = VECTOR('',#6551,1.);
#6551 = DIRECTION('',(0.E+000,0.E+000,-1.));
#6552 = ORIENTED_EDGE('',*,*,#6553,.F.);
#6553 = EDGE_CURVE('',#6508,#6546,#6554,.T.);
#6554 = LINE('',#6555,#6556);
#6555 = CARTESIAN_POINT('',(-0.229,-0.254,0.711));
#6556 = VECTOR('',#6557,1.);
#6557 = DIRECTION('',(0.E+000,1.,0.E+000));
#6558 = ORIENTED_EDGE('',*,*,#6507,.T.);
#6559 = PLANE('',#6560);
#6560 = AXIS2_PLACEMENT_3D('',#6561,#6562,#6563);
#6561 = CARTESIAN_POINT('',(-0.229,-0.254,0.E+000));
#6562 = DIRECTION('',(1.,0.E+000,0.E+000));
#6563 = DIRECTION('',(0.E+000,0.E+000,1.));
#6564 = ADVANCED_FACE('',(#6565),#6590,.T.);
#6565 = FACE_BOUND('',#6566,.T.);
#6566 = EDGE_LOOP('',(#6567,#6575,#6583,#6589));
#6567 = ORIENTED_EDGE('',*,*,#6568,.F.);
#6568 = EDGE_CURVE('',#6569,#6538,#6571,.T.);
#6569 = VERTEX_POINT('',#6570);
#6570 = CARTESIAN_POINT('',(-0.533,0.254,0.E+000));
#6571 = LINE('',#6572,#6573);
#6572 = CARTESIAN_POINT('',(-0.533,0.254,0.E+000));
#6573 = VECTOR('',#6574,1.);
#6574 = DIRECTION('',(1.,0.E+000,0.E+000));
#6575 = ORIENTED_EDGE('',*,*,#6576,.F.);
#6576 = EDGE_CURVE('',#6577,#6569,#6579,.T.);
#6577 = VERTEX_POINT('',#6578);
#6578 = CARTESIAN_POINT('',(-0.533,0.254,0.711));
#6579 = LINE('',#6580,#6581);
#6580 = CARTESIAN_POINT('',(-0.533,0.254,0.711));
#6581 = VECTOR('',#6582,1.);
#6582 = DIRECTION('',(0.E+000,0.E+000,-1.));
#6583 = ORIENTED_EDGE('',*,*,#6584,.F.);
#6584 = EDGE_CURVE('',#6546,#6577,#6585,.T.);
#6585 = LINE('',#6586,#6587);
#6586 = CARTESIAN_POINT('',(-0.229,0.254,0.711));
#6587 = VECTOR('',#6588,1.);
#6588 = DIRECTION('',(-1.,0.E+000,0.E+000));
#6589 = ORIENTED_EDGE('',*,*,#6545,.T.);
#6590 = PLANE('',#6591);
#6591 = AXIS2_PLACEMENT_3D('',#6592,#6593,#6594);
#6592 = CARTESIAN_POINT('',(-0.229,0.254,0.E+000));
#6593 = DIRECTION('',(0.E+000,1.,0.E+000));
#6594 = DIRECTION('',(0.E+000,-0.E+000,1.));
#6595 = ADVANCED_FACE('',(#6596),#6612,.T.);
#6596 = FACE_BOUND('',#6597,.T.);
#6597 = EDGE_LOOP('',(#6598,#6604,#6605,#6611));
#6598 = ORIENTED_EDGE('',*,*,#6599,.F.);
#6599 = EDGE_CURVE('',#6500,#6569,#6600,.T.);
#6600 = LINE('',#6601,#6602);
#6601 = CARTESIAN_POINT('',(-0.533,-0.254,0.E+000));
#6602 = VECTOR('',#6603,1.);
#6603 = DIRECTION('',(0.E+000,1.,0.E+000));
#6604 = ORIENTED_EDGE('',*,*,#6523,.T.);
#6605 = ORIENTED_EDGE('',*,*,#6606,.F.);
#6606 = EDGE_CURVE('',#6577,#6516,#6607,.T.);
#6607 = LINE('',#6608,#6609);
#6608 = CARTESIAN_POINT('',(-0.533,0.254,0.711));
#6609 = VECTOR('',#6610,1.);
#6610 = DIRECTION('',(0.E+000,-1.,0.E+000));
#6611 = ORIENTED_EDGE('',*,*,#6576,.T.);
#6612 = PLANE('',#6613);
#6613 = AXIS2_PLACEMENT_3D('',#6614,#6615,#6616);
#6614 = CARTESIAN_POINT('',(-0.533,0.254,0.E+000));
#6615 = DIRECTION('',(-1.,0.E+000,0.E+000));
#6616 = DIRECTION('',(0.E+000,0.E+000,1.));
#6617 = ADVANCED_FACE('',(#6618),#6624,.T.);
#6618 = FACE_BOUND('',#6619,.T.);
#6619 = EDGE_LOOP('',(#6620,#6621,#6622,#6623));
#6620 = ORIENTED_EDGE('',*,*,#6568,.T.);
#6621 = ORIENTED_EDGE('',*,*,#6537,.T.);
#6622 = ORIENTED_EDGE('',*,*,#6497,.T.);
#6623 = ORIENTED_EDGE('',*,*,#6599,.T.);
#6624 = PLANE('',#6625);
#6625 = AXIS2_PLACEMENT_3D('',#6626,#6627,#6628);
#6626 = CARTESIAN_POINT('',(-0.533,0.254,0.E+000));
#6627 = DIRECTION('',(0.E+000,0.E+000,-1.));
#6628 = DIRECTION('',(0.E+000,1.,0.E+000));
#6629 = ADVANCED_FACE('',(#6630),#6636,.T.);
#6630 = FACE_BOUND('',#6631,.T.);
#6631 = EDGE_LOOP('',(#6632,#6633,#6634,#6635));
#6632 = ORIENTED_EDGE('',*,*,#6515,.T.);
#6633 = ORIENTED_EDGE('',*,*,#6553,.T.);
#6634 = ORIENTED_EDGE('',*,*,#6584,.T.);
#6635 = ORIENTED_EDGE('',*,*,#6606,.T.);
#6636 = PLANE('',#6637);
#6637 = AXIS2_PLACEMENT_3D('',#6638,#6639,#6640);
#6638 = CARTESIAN_POINT('',(-0.533,-0.254,0.711));
#6639 = DIRECTION('',(0.E+000,0.E+000,1.));
#6640 = DIRECTION('',(0.E+000,1.,0.E+000));
#6641 = ( GEOMETRIC_REPRESENTATION_CONTEXT(3) 
GLOBAL_UNCERTAINTY_ASSIGNED_CONTEXT((#6645)) 
GLOBAL_UNIT_ASSIGNED_CONTEXT((#6642,#6643,#6644)) REPRESENTATION_CONTEXT
('Context #1','3D Context with UNIT and UNCERTAINTY') );
#6642 = ( LENGTH_UNIT() NAMED_UNIT(*) SI_UNIT(.MILLI.,.METRE.) );
#6643 = ( NAMED_UNIT(*) PLANE_ANGLE_UNIT() SI_UNIT($,.RADIAN.) );
#6644 = ( NAMED_UNIT(*) SI_UNIT($,.STERADIAN.) SOLID_ANGLE_UNIT() );
#6645 = UNCERTAINTY_MEASURE_WITH_UNIT(LENGTH_MEASURE(1.E-007),#6642,
  'distance_accuracy_value','confusion accuracy');
#6646 = SHAPE_DEFINITION_REPRESENTATION(#6647,#6190);
#6647 = PRODUCT_DEFINITION_SHAPE('','',#6648);
#6648 = PRODUCT_DEFINITION('design','',#6649,#6652);
#6649 = PRODUCT_DEFINITION_FORMATION('','',#6650);
#6650 = PRODUCT('RC0402N','RC0402N','',(#6651));
#6651 = PRODUCT_CONTEXT('',#2,'mechanical');
#6652 = PRODUCT_DEFINITION_CONTEXT('part definition',#2,'design');
#6653 = CONTEXT_DEPENDENT_SHAPE_REPRESENTATION(#6654,#6656);
#6654 = ( REPRESENTATION_RELATIONSHIP('','',#6190,#6180) 
REPRESENTATION_RELATIONSHIP_WITH_TRANSFORMATION(#6655) 
SHAPE_REPRESENTATION_RELATIONSHIP() );
#6655 = ITEM_DEFINED_TRANSFORMATION('','',#11,#6181);
#6656 = PRODUCT_DEFINITION_SHAPE('Placement','Placement of an item',
  #6657);
#6657 = NEXT_ASSEMBLY_USAGE_OCCURRENCE('7','','',#6175,#6648,$);
#6658 = PRODUCT_RELATED_PRODUCT_CATEGORY('part',$,(#6650));
#6659 = CONTEXT_DEPENDENT_SHAPE_REPRESENTATION(#6660,#6662);
#6660 = ( REPRESENTATION_RELATIONSHIP('','',#6180,#10) 
REPRESENTATION_RELATIONSHIP_WITH_TRANSFORMATION(#6661) 
SHAPE_REPRESENTATION_RELATIONSHIP() );
#6661 = ITEM_DEFINED_TRANSFORMATION('','',#11,#27);
#6662 = PRODUCT_DEFINITION_SHAPE('Placement','Placement of an item',
  #6663);
#6663 = NEXT_ASSEMBLY_USAGE_OCCURRENCE('8','','',#5,#6175,$);
#6664 = PRODUCT_RELATED_PRODUCT_CATEGORY('part',$,(#6177));
#6665 = SHAPE_DEFINITION_REPRESENTATION(#6666,#6672);
#6666 = PRODUCT_DEFINITION_SHAPE('','',#6667);
#6667 = PRODUCT_DEFINITION('design','',#6668,#6671);
#6668 = PRODUCT_DEFINITION_FORMATION('','',#6669);
#6669 = PRODUCT('FB2','FB2','',(#6670));
#6670 = PRODUCT_CONTEXT('',#2,'mechanical');
#6671 = PRODUCT_DEFINITION_CONTEXT('part definition',#2,'design');
#6672 = SHAPE_REPRESENTATION('',(#11,#6673),#6677);
#6673 = AXIS2_PLACEMENT_3D('',#6674,#6675,#6676);
#6674 = CARTESIAN_POINT('',(80.499941915898,8.328781248679E-005,
    -0.163502246141));
#6675 = DIRECTION('',(-3.357682802528E-022,8.742273394091E-008,-1.));
#6676 = DIRECTION('',(-1.,8.742277657348E-008,7.642738472527E-015));
#6677 = ( GEOMETRIC_REPRESENTATION_CONTEXT(3) 
GLOBAL_UNCERTAINTY_ASSIGNED_CONTEXT((#6681)) 
GLOBAL_UNIT_ASSIGNED_CONTEXT((#6678,#6679,#6680)) REPRESENTATION_CONTEXT
('Context #1','3D Context with UNIT and UNCERTAINTY') );
#6678 = ( LENGTH_UNIT() NAMED_UNIT(*) SI_UNIT(.MILLI.,.METRE.) );
#6679 = ( NAMED_UNIT(*) PLANE_ANGLE_UNIT() SI_UNIT($,.RADIAN.) );
#6680 = ( NAMED_UNIT(*) SI_UNIT($,.STERADIAN.) SOLID_ANGLE_UNIT() );
#6681 = UNCERTAINTY_MEASURE_WITH_UNIT(LENGTH_MEASURE(1.E-007),#6678,
  'distance_accuracy_value','confusion accuracy');
#6682 = CONTEXT_DEPENDENT_SHAPE_REPRESENTATION(#6683,#6685);
#6683 = ( REPRESENTATION_RELATIONSHIP('','',#6190,#6672) 
REPRESENTATION_RELATIONSHIP_WITH_TRANSFORMATION(#6684) 
SHAPE_REPRESENTATION_RELATIONSHIP() );
#6684 = ITEM_DEFINED_TRANSFORMATION('','',#11,#6673);
#6685 = PRODUCT_DEFINITION_SHAPE('Placement','Placement of an item',
  #6686);
#6686 = NEXT_ASSEMBLY_USAGE_OCCURRENCE('9','','',#6667,#6648,$);
#6687 = CONTEXT_DEPENDENT_SHAPE_REPRESENTATION(#6688,#6690);
#6688 = ( REPRESENTATION_RELATIONSHIP('','',#6672,#10) 
REPRESENTATION_RELATIONSHIP_WITH_TRANSFORMATION(#6689) 
SHAPE_REPRESENTATION_RELATIONSHIP() );
#6689 = ITEM_DEFINED_TRANSFORMATION('','',#11,#31);
#6690 = PRODUCT_DEFINITION_SHAPE('Placement','Placement of an item',
  #6691);
#6691 = NEXT_ASSEMBLY_USAGE_OCCURRENCE('10','','',#5,#6667,$);
#6692 = PRODUCT_RELATED_PRODUCT_CATEGORY('part',$,(#6669));
#6693 = SHAPE_DEFINITION_REPRESENTATION(#6694,#6700);
#6694 = PRODUCT_DEFINITION_SHAPE('','',#6695);
#6695 = PRODUCT_DEFINITION('design','',#6696,#6699);
#6696 = PRODUCT_DEFINITION_FORMATION('','',#6697);
#6697 = PRODUCT('U1','U1','',(#6698));
#6698 = PRODUCT_CONTEXT('',#2,'mechanical');
#6699 = PRODUCT_DEFINITION_CONTEXT('part definition',#2,'design');
#6700 = SHAPE_REPRESENTATION('',(#11,#6701),#6705);
#6701 = AXIS2_PLACEMENT_3D('',#6702,#6703,#6704);
#6702 = CARTESIAN_POINT('',(10.500041098027,3.751144529929E-005,0.E+000)
  );
#6703 = DIRECTION('',(0.E+000,-0.E+000,1.));
#6704 = DIRECTION('',(1.,1.748455531469E-007,0.E+000));
#6705 = ( GEOMETRIC_REPRESENTATION_CONTEXT(3) 
GLOBAL_UNCERTAINTY_ASSIGNED_CONTEXT((#6709)) 
GLOBAL_UNIT_ASSIGNED_CONTEXT((#6706,#6707,#6708)) REPRESENTATION_CONTEXT
('Context #1','3D Context with UNIT and UNCERTAINTY') );
#6706 = ( LENGTH_UNIT() NAMED_UNIT(*) SI_UNIT(.MILLI.,.METRE.) );
#6707 = ( NAMED_UNIT(*) PLANE_ANGLE_UNIT() SI_UNIT($,.RADIAN.) );
#6708 = ( NAMED_UNIT(*) SI_UNIT($,.STERADIAN.) SOLID_ANGLE_UNIT() );
#6709 = UNCERTAINTY_MEASURE_WITH_UNIT(LENGTH_MEASURE(0.1),#6706,
  'distance_accuracy_value','confusion accuracy');
#6710 = SHAPE_REPRESENTATION('',(#11,#6711,#6763,#6913,#7063,#7252,#7441
    ,#7630,#7819,#8008,#8197,#8386),#8575);
#6711 = MANIFOLD_SOLID_BREP('',#6712);
#6712 = CLOSED_SHELL('',(#6713,#6745,#6754));
#6713 = ADVANCED_FACE('',(#6714),#6740,.T.);
#6714 = FACE_BOUND('',#6715,.T.);
#6715 = EDGE_LOOP('',(#6716,#6725,#6732,#6739));
#6716 = ORIENTED_EDGE('',*,*,#6717,.F.);
#6717 = EDGE_CURVE('',#6718,#6718,#6720,.T.);
#6718 = VERTEX_POINT('',#6719);
#6719 = CARTESIAN_POINT('',(-0.68,0.75,0.653));
#6720 = CIRCLE('',#6721,4.000000255E-002);
#6721 = AXIS2_PLACEMENT_3D('',#6722,#6723,#6724);
#6722 = CARTESIAN_POINT('',(-0.64,0.75,0.653));
#6723 = DIRECTION('',(0.E+000,0.E+000,1.));
#6724 = DIRECTION('',(1.,0.E+000,-0.E+000));
#6725 = ORIENTED_EDGE('',*,*,#6726,.F.);
#6726 = EDGE_CURVE('',#6727,#6718,#6729,.T.);
#6727 = VERTEX_POINT('',#6728);
#6728 = CARTESIAN_POINT('',(-0.68,0.75,0.65));
#6729 = B_SPLINE_CURVE_WITH_KNOTS('',1,(#6730,#6731),.UNSPECIFIED.,.F.,
  .F.,(2,2),(0.E+000,3.E-003),.PIECEWISE_BEZIER_KNOTS.);
#6730 = CARTESIAN_POINT('',(-0.68000000255,0.75,0.65));
#6731 = CARTESIAN_POINT('',(-0.68000000255,0.75,0.653));
#6732 = ORIENTED_EDGE('',*,*,#6733,.F.);
#6733 = EDGE_CURVE('',#6727,#6727,#6734,.T.);
#6734 = CIRCLE('',#6735,4.000000255E-002);
#6735 = AXIS2_PLACEMENT_3D('',#6736,#6737,#6738);
#6736 = CARTESIAN_POINT('',(-0.64,0.75,0.65));
#6737 = DIRECTION('',(0.E+000,0.E+000,-1.));
#6738 = DIRECTION('',(1.,0.E+000,0.E+000));
#6739 = ORIENTED_EDGE('',*,*,#6726,.T.);
#6740 = CYLINDRICAL_SURFACE('',#6741,4.000000255E-002);
#6741 = AXIS2_PLACEMENT_3D('',#6742,#6743,#6744);
#6742 = CARTESIAN_POINT('',(-0.64,0.75,0.65));
#6743 = DIRECTION('',(0.E+000,0.E+000,1.));
#6744 = DIRECTION('',(1.,0.E+000,-0.E+000));
#6745 = ADVANCED_FACE('',(#6746),#6749,.F.);
#6746 = FACE_BOUND('',#6747,.T.);
#6747 = EDGE_LOOP('',(#6748));
#6748 = ORIENTED_EDGE('',*,*,#6733,.T.);
#6749 = PLANE('',#6750);
#6750 = AXIS2_PLACEMENT_3D('',#6751,#6752,#6753);
#6751 = CARTESIAN_POINT('',(-0.64,0.75,0.65));
#6752 = DIRECTION('',(0.E+000,0.E+000,1.));
#6753 = DIRECTION('',(0.E+000,1.,0.E+000));
#6754 = ADVANCED_FACE('',(#6755),#6758,.T.);
#6755 = FACE_BOUND('',#6756,.T.);
#6756 = EDGE_LOOP('',(#6757));
#6757 = ORIENTED_EDGE('',*,*,#6717,.T.);
#6758 = PLANE('',#6759);
#6759 = AXIS2_PLACEMENT_3D('',#6760,#6761,#6762);
#6760 = CARTESIAN_POINT('',(-0.64,0.75,0.653));
#6761 = DIRECTION('',(0.E+000,0.E+000,1.));
#6762 = DIRECTION('',(0.E+000,1.,0.E+000));
#6763 = MANIFOLD_SOLID_BREP('',#6764);
#6764 = CLOSED_SHELL('',(#6765,#6805,#6836,#6867,#6889,#6901));
#6765 = ADVANCED_FACE('',(#6766),#6800,.T.);
#6766 = FACE_BOUND('',#6767,.T.);
#6767 = EDGE_LOOP('',(#6768,#6778,#6786,#6794));
#6768 = ORIENTED_EDGE('',*,*,#6769,.F.);
#6769 = EDGE_CURVE('',#6770,#6772,#6774,.T.);
#6770 = VERTEX_POINT('',#6771);
#6771 = CARTESIAN_POINT('',(0.8,-1.05,5.1E-002));
#6772 = VERTEX_POINT('',#6773);
#6773 = CARTESIAN_POINT('',(-0.8,-1.05,5.1E-002));
#6774 = LINE('',#6775,#6776);
#6775 = CARTESIAN_POINT('',(0.8,-1.05,5.1E-002));
#6776 = VECTOR('',#6777,1.);
#6777 = DIRECTION('',(-1.,0.E+000,0.E+000));
#6778 = ORIENTED_EDGE('',*,*,#6779,.F.);
#6779 = EDGE_CURVE('',#6780,#6770,#6782,.T.);
#6780 = VERTEX_POINT('',#6781);
#6781 = CARTESIAN_POINT('',(0.8,-1.05,0.65));
#6782 = LINE('',#6783,#6784);
#6783 = CARTESIAN_POINT('',(0.8,-1.05,0.65));
#6784 = VECTOR('',#6785,1.);
#6785 = DIRECTION('',(0.E+000,0.E+000,-1.));
#6786 = ORIENTED_EDGE('',*,*,#6787,.F.);
#6787 = EDGE_CURVE('',#6788,#6780,#6790,.T.);
#6788 = VERTEX_POINT('',#6789);
#6789 = CARTESIAN_POINT('',(-0.8,-1.05,0.65));
#6790 = LINE('',#6791,#6792);
#6791 = CARTESIAN_POINT('',(-0.8,-1.05,0.65));
#6792 = VECTOR('',#6793,1.);
#6793 = DIRECTION('',(1.,0.E+000,0.E+000));
#6794 = ORIENTED_EDGE('',*,*,#6795,.F.);
#6795 = EDGE_CURVE('',#6772,#6788,#6796,.T.);
#6796 = LINE('',#6797,#6798);
#6797 = CARTESIAN_POINT('',(-0.8,-1.05,5.1E-002));
#6798 = VECTOR('',#6799,1.);
#6799 = DIRECTION('',(0.E+000,0.E+000,1.));
#6800 = PLANE('',#6801);
#6801 = AXIS2_PLACEMENT_3D('',#6802,#6803,#6804);
#6802 = CARTESIAN_POINT('',(-0.8,-1.05,5.1E-002));
#6803 = DIRECTION('',(0.E+000,-1.,0.E+000));
#6804 = DIRECTION('',(0.E+000,0.E+000,1.));
#6805 = ADVANCED_FACE('',(#6806),#6831,.T.);
#6806 = FACE_BOUND('',#6807,.T.);
#6807 = EDGE_LOOP('',(#6808,#6816,#6824,#6830));
#6808 = ORIENTED_EDGE('',*,*,#6809,.F.);
#6809 = EDGE_CURVE('',#6810,#6770,#6812,.T.);
#6810 = VERTEX_POINT('',#6811);
#6811 = CARTESIAN_POINT('',(0.8,1.05,5.1E-002));
#6812 = LINE('',#6813,#6814);
#6813 = CARTESIAN_POINT('',(0.8,1.05,5.1E-002));
#6814 = VECTOR('',#6815,1.);
#6815 = DIRECTION('',(0.E+000,-1.,0.E+000));
#6816 = ORIENTED_EDGE('',*,*,#6817,.F.);
#6817 = EDGE_CURVE('',#6818,#6810,#6820,.T.);
#6818 = VERTEX_POINT('',#6819);
#6819 = CARTESIAN_POINT('',(0.8,1.05,0.65));
#6820 = LINE('',#6821,#6822);
#6821 = CARTESIAN_POINT('',(0.8,1.05,0.65));
#6822 = VECTOR('',#6823,1.);
#6823 = DIRECTION('',(0.E+000,0.E+000,-1.));
#6824 = ORIENTED_EDGE('',*,*,#6825,.F.);
#6825 = EDGE_CURVE('',#6780,#6818,#6826,.T.);
#6826 = LINE('',#6827,#6828);
#6827 = CARTESIAN_POINT('',(0.8,-1.05,0.65));
#6828 = VECTOR('',#6829,1.);
#6829 = DIRECTION('',(0.E+000,1.,0.E+000));
#6830 = ORIENTED_EDGE('',*,*,#6779,.T.);
#6831 = PLANE('',#6832);
#6832 = AXIS2_PLACEMENT_3D('',#6833,#6834,#6835);
#6833 = CARTESIAN_POINT('',(0.8,-1.05,5.1E-002));
#6834 = DIRECTION('',(1.,0.E+000,0.E+000));
#6835 = DIRECTION('',(0.E+000,0.E+000,1.));
#6836 = ADVANCED_FACE('',(#6837),#6862,.T.);
#6837 = FACE_BOUND('',#6838,.T.);
#6838 = EDGE_LOOP('',(#6839,#6847,#6855,#6861));
#6839 = ORIENTED_EDGE('',*,*,#6840,.F.);
#6840 = EDGE_CURVE('',#6841,#6810,#6843,.T.);
#6841 = VERTEX_POINT('',#6842);
#6842 = CARTESIAN_POINT('',(-0.8,1.05,5.1E-002));
#6843 = LINE('',#6844,#6845);
#6844 = CARTESIAN_POINT('',(-0.8,1.05,5.1E-002));
#6845 = VECTOR('',#6846,1.);
#6846 = DIRECTION('',(1.,0.E+000,0.E+000));
#6847 = ORIENTED_EDGE('',*,*,#6848,.F.);
#6848 = EDGE_CURVE('',#6849,#6841,#6851,.T.);
#6849 = VERTEX_POINT('',#6850);
#6850 = CARTESIAN_POINT('',(-0.8,1.05,0.65));
#6851 = LINE('',#6852,#6853);
#6852 = CARTESIAN_POINT('',(-0.8,1.05,0.65));
#6853 = VECTOR('',#6854,1.);
#6854 = DIRECTION('',(0.E+000,0.E+000,-1.));
#6855 = ORIENTED_EDGE('',*,*,#6856,.F.);
#6856 = EDGE_CURVE('',#6818,#6849,#6857,.T.);
#6857 = LINE('',#6858,#6859);
#6858 = CARTESIAN_POINT('',(0.8,1.05,0.65));
#6859 = VECTOR('',#6860,1.);
#6860 = DIRECTION('',(-1.,0.E+000,0.E+000));
#6861 = ORIENTED_EDGE('',*,*,#6817,.T.);
#6862 = PLANE('',#6863);
#6863 = AXIS2_PLACEMENT_3D('',#6864,#6865,#6866);
#6864 = CARTESIAN_POINT('',(0.8,1.05,5.1E-002));
#6865 = DIRECTION('',(0.E+000,1.,0.E+000));
#6866 = DIRECTION('',(0.E+000,-0.E+000,1.));
#6867 = ADVANCED_FACE('',(#6868),#6884,.T.);
#6868 = FACE_BOUND('',#6869,.T.);
#6869 = EDGE_LOOP('',(#6870,#6876,#6877,#6883));
#6870 = ORIENTED_EDGE('',*,*,#6871,.F.);
#6871 = EDGE_CURVE('',#6772,#6841,#6872,.T.);
#6872 = LINE('',#6873,#6874);
#6873 = CARTESIAN_POINT('',(-0.8,-1.05,5.1E-002));
#6874 = VECTOR('',#6875,1.);
#6875 = DIRECTION('',(0.E+000,1.,0.E+000));
#6876 = ORIENTED_EDGE('',*,*,#6795,.T.);
#6877 = ORIENTED_EDGE('',*,*,#6878,.F.);
#6878 = EDGE_CURVE('',#6849,#6788,#6879,.T.);
#6879 = LINE('',#6880,#6881);
#6880 = CARTESIAN_POINT('',(-0.8,1.05,0.65));
#6881 = VECTOR('',#6882,1.);
#6882 = DIRECTION('',(0.E+000,-1.,0.E+000));
#6883 = ORIENTED_EDGE('',*,*,#6848,.T.);
#6884 = PLANE('',#6885);
#6885 = AXIS2_PLACEMENT_3D('',#6886,#6887,#6888);
#6886 = CARTESIAN_POINT('',(-0.8,1.05,5.1E-002));
#6887 = DIRECTION('',(-1.,0.E+000,0.E+000));
#6888 = DIRECTION('',(0.E+000,0.E+000,1.));
#6889 = ADVANCED_FACE('',(#6890),#6896,.T.);
#6890 = FACE_BOUND('',#6891,.T.);
#6891 = EDGE_LOOP('',(#6892,#6893,#6894,#6895));
#6892 = ORIENTED_EDGE('',*,*,#6840,.T.);
#6893 = ORIENTED_EDGE('',*,*,#6809,.T.);
#6894 = ORIENTED_EDGE('',*,*,#6769,.T.);
#6895 = ORIENTED_EDGE('',*,*,#6871,.T.);
#6896 = PLANE('',#6897);
#6897 = AXIS2_PLACEMENT_3D('',#6898,#6899,#6900);
#6898 = CARTESIAN_POINT('',(-0.8,1.05,5.1E-002));
#6899 = DIRECTION('',(0.E+000,0.E+000,-1.));
#6900 = DIRECTION('',(0.E+000,1.,0.E+000));
#6901 = ADVANCED_FACE('',(#6902),#6908,.T.);
#6902 = FACE_BOUND('',#6903,.T.);
#6903 = EDGE_LOOP('',(#6904,#6905,#6906,#6907));
#6904 = ORIENTED_EDGE('',*,*,#6787,.T.);
#6905 = ORIENTED_EDGE('',*,*,#6825,.T.);
#6906 = ORIENTED_EDGE('',*,*,#6856,.T.);
#6907 = ORIENTED_EDGE('',*,*,#6878,.T.);
#6908 = PLANE('',#6909);
#6909 = AXIS2_PLACEMENT_3D('',#6910,#6911,#6912);
#6910 = CARTESIAN_POINT('',(-0.8,-1.05,0.65));
#6911 = DIRECTION('',(0.E+000,0.E+000,1.));
#6912 = DIRECTION('',(0.E+000,1.,0.E+000));
#6913 = MANIFOLD_SOLID_BREP('',#6914);
#6914 = CLOSED_SHELL('',(#6915,#6955,#6986,#7017,#7039,#7051));
#6915 = ADVANCED_FACE('',(#6916),#6950,.T.);
#6916 = FACE_BOUND('',#6917,.T.);
#6917 = EDGE_LOOP('',(#6918,#6928,#6936,#6944));
#6918 = ORIENTED_EDGE('',*,*,#6919,.F.);
#6919 = EDGE_CURVE('',#6920,#6922,#6924,.T.);
#6920 = VERTEX_POINT('',#6921);
#6921 = CARTESIAN_POINT('',(0.2,-0.85,0.E+000));
#6922 = VERTEX_POINT('',#6923);
#6923 = CARTESIAN_POINT('',(-0.2,-0.85,0.E+000));
#6924 = LINE('',#6925,#6926);
#6925 = CARTESIAN_POINT('',(0.2,-0.85,0.E+000));
#6926 = VECTOR('',#6927,1.);
#6927 = DIRECTION('',(-1.,0.E+000,0.E+000));
#6928 = ORIENTED_EDGE('',*,*,#6929,.F.);
#6929 = EDGE_CURVE('',#6930,#6920,#6932,.T.);
#6930 = VERTEX_POINT('',#6931);
#6931 = CARTESIAN_POINT('',(0.2,-0.85,5.1E-002));
#6932 = LINE('',#6933,#6934);
#6933 = CARTESIAN_POINT('',(0.2,-0.85,5.1E-002));
#6934 = VECTOR('',#6935,1.);
#6935 = DIRECTION('',(0.E+000,0.E+000,-1.));
#6936 = ORIENTED_EDGE('',*,*,#6937,.F.);
#6937 = EDGE_CURVE('',#6938,#6930,#6940,.T.);
#6938 = VERTEX_POINT('',#6939);
#6939 = CARTESIAN_POINT('',(-0.2,-0.85,5.1E-002));
#6940 = LINE('',#6941,#6942);
#6941 = CARTESIAN_POINT('',(-0.2,-0.85,5.1E-002));
#6942 = VECTOR('',#6943,1.);
#6943 = DIRECTION('',(1.,0.E+000,0.E+000));
#6944 = ORIENTED_EDGE('',*,*,#6945,.F.);
#6945 = EDGE_CURVE('',#6922,#6938,#6946,.T.);
#6946 = LINE('',#6947,#6948);
#6947 = CARTESIAN_POINT('',(-0.2,-0.85,0.E+000));
#6948 = VECTOR('',#6949,1.);
#6949 = DIRECTION('',(0.E+000,0.E+000,1.));
#6950 = PLANE('',#6951);
#6951 = AXIS2_PLACEMENT_3D('',#6952,#6953,#6954);
#6952 = CARTESIAN_POINT('',(-0.2,-0.85,0.E+000));
#6953 = DIRECTION('',(0.E+000,-1.,0.E+000));
#6954 = DIRECTION('',(0.E+000,0.E+000,1.));
#6955 = ADVANCED_FACE('',(#6956),#6981,.T.);
#6956 = FACE_BOUND('',#6957,.T.);
#6957 = EDGE_LOOP('',(#6958,#6966,#6974,#6980));
#6958 = ORIENTED_EDGE('',*,*,#6959,.F.);
#6959 = EDGE_CURVE('',#6960,#6920,#6962,.T.);
#6960 = VERTEX_POINT('',#6961);
#6961 = CARTESIAN_POINT('',(0.2,0.85,0.E+000));
#6962 = LINE('',#6963,#6964);
#6963 = CARTESIAN_POINT('',(0.2,0.85,0.E+000));
#6964 = VECTOR('',#6965,1.);
#6965 = DIRECTION('',(0.E+000,-1.,0.E+000));
#6966 = ORIENTED_EDGE('',*,*,#6967,.F.);
#6967 = EDGE_CURVE('',#6968,#6960,#6970,.T.);
#6968 = VERTEX_POINT('',#6969);
#6969 = CARTESIAN_POINT('',(0.2,0.85,5.1E-002));
#6970 = LINE('',#6971,#6972);
#6971 = CARTESIAN_POINT('',(0.2,0.85,5.1E-002));
#6972 = VECTOR('',#6973,1.);
#6973 = DIRECTION('',(0.E+000,0.E+000,-1.));
#6974 = ORIENTED_EDGE('',*,*,#6975,.F.);
#6975 = EDGE_CURVE('',#6930,#6968,#6976,.T.);
#6976 = LINE('',#6977,#6978);
#6977 = CARTESIAN_POINT('',(0.2,-0.85,5.1E-002));
#6978 = VECTOR('',#6979,1.);
#6979 = DIRECTION('',(0.E+000,1.,0.E+000));
#6980 = ORIENTED_EDGE('',*,*,#6929,.T.);
#6981 = PLANE('',#6982);
#6982 = AXIS2_PLACEMENT_3D('',#6983,#6984,#6985);
#6983 = CARTESIAN_POINT('',(0.2,-0.85,0.E+000));
#6984 = DIRECTION('',(1.,0.E+000,0.E+000));
#6985 = DIRECTION('',(0.E+000,0.E+000,1.));
#6986 = ADVANCED_FACE('',(#6987),#7012,.T.);
#6987 = FACE_BOUND('',#6988,.T.);
#6988 = EDGE_LOOP('',(#6989,#6997,#7005,#7011));
#6989 = ORIENTED_EDGE('',*,*,#6990,.F.);
#6990 = EDGE_CURVE('',#6991,#6960,#6993,.T.);
#6991 = VERTEX_POINT('',#6992);
#6992 = CARTESIAN_POINT('',(-0.2,0.85,0.E+000));
#6993 = LINE('',#6994,#6995);
#6994 = CARTESIAN_POINT('',(-0.2,0.85,0.E+000));
#6995 = VECTOR('',#6996,1.);
#6996 = DIRECTION('',(1.,0.E+000,0.E+000));
#6997 = ORIENTED_EDGE('',*,*,#6998,.F.);
#6998 = EDGE_CURVE('',#6999,#6991,#7001,.T.);
#6999 = VERTEX_POINT('',#7000);
#7000 = CARTESIAN_POINT('',(-0.2,0.85,5.1E-002));
#7001 = LINE('',#7002,#7003);
#7002 = CARTESIAN_POINT('',(-0.2,0.85,5.1E-002));
#7003 = VECTOR('',#7004,1.);
#7004 = DIRECTION('',(0.E+000,0.E+000,-1.));
#7005 = ORIENTED_EDGE('',*,*,#7006,.F.);
#7006 = EDGE_CURVE('',#6968,#6999,#7007,.T.);
#7007 = LINE('',#7008,#7009);
#7008 = CARTESIAN_POINT('',(0.2,0.85,5.1E-002));
#7009 = VECTOR('',#7010,1.);
#7010 = DIRECTION('',(-1.,0.E+000,0.E+000));
#7011 = ORIENTED_EDGE('',*,*,#6967,.T.);
#7012 = PLANE('',#7013);
#7013 = AXIS2_PLACEMENT_3D('',#7014,#7015,#7016);
#7014 = CARTESIAN_POINT('',(0.2,0.85,0.E+000));
#7015 = DIRECTION('',(0.E+000,1.,0.E+000));
#7016 = DIRECTION('',(0.E+000,-0.E+000,1.));
#7017 = ADVANCED_FACE('',(#7018),#7034,.T.);
#7018 = FACE_BOUND('',#7019,.T.);
#7019 = EDGE_LOOP('',(#7020,#7026,#7027,#7033));
#7020 = ORIENTED_EDGE('',*,*,#7021,.F.);
#7021 = EDGE_CURVE('',#6922,#6991,#7022,.T.);
#7022 = LINE('',#7023,#7024);
#7023 = CARTESIAN_POINT('',(-0.2,-0.85,0.E+000));
#7024 = VECTOR('',#7025,1.);
#7025 = DIRECTION('',(0.E+000,1.,0.E+000));
#7026 = ORIENTED_EDGE('',*,*,#6945,.T.);
#7027 = ORIENTED_EDGE('',*,*,#7028,.F.);
#7028 = EDGE_CURVE('',#6999,#6938,#7029,.T.);
#7029 = LINE('',#7030,#7031);
#7030 = CARTESIAN_POINT('',(-0.2,0.85,5.1E-002));
#7031 = VECTOR('',#7032,1.);
#7032 = DIRECTION('',(0.E+000,-1.,0.E+000));
#7033 = ORIENTED_EDGE('',*,*,#6998,.T.);
#7034 = PLANE('',#7035);
#7035 = AXIS2_PLACEMENT_3D('',#7036,#7037,#7038);
#7036 = CARTESIAN_POINT('',(-0.2,0.85,0.E+000));
#7037 = DIRECTION('',(-1.,0.E+000,0.E+000));
#7038 = DIRECTION('',(0.E+000,0.E+000,1.));
#7039 = ADVANCED_FACE('',(#7040),#7046,.T.);
#7040 = FACE_BOUND('',#7041,.T.);
#7041 = EDGE_LOOP('',(#7042,#7043,#7044,#7045));
#7042 = ORIENTED_EDGE('',*,*,#6990,.T.);
#7043 = ORIENTED_EDGE('',*,*,#6959,.T.);
#7044 = ORIENTED_EDGE('',*,*,#6919,.T.);
#7045 = ORIENTED_EDGE('',*,*,#7021,.T.);
#7046 = PLANE('',#7047);
#7047 = AXIS2_PLACEMENT_3D('',#7048,#7049,#7050);
#7048 = CARTESIAN_POINT('',(-0.2,0.85,0.E+000));
#7049 = DIRECTION('',(0.E+000,0.E+000,-1.));
#7050 = DIRECTION('',(0.E+000,1.,0.E+000));
#7051 = ADVANCED_FACE('',(#7052),#7058,.T.);
#7052 = FACE_BOUND('',#7053,.T.);
#7053 = EDGE_LOOP('',(#7054,#7055,#7056,#7057));
#7054 = ORIENTED_EDGE('',*,*,#6937,.T.);
#7055 = ORIENTED_EDGE('',*,*,#6975,.T.);
#7056 = ORIENTED_EDGE('',*,*,#7006,.T.);
#7057 = ORIENTED_EDGE('',*,*,#7028,.T.);
#7058 = PLANE('',#7059);
#7059 = AXIS2_PLACEMENT_3D('',#7060,#7061,#7062);
#7060 = CARTESIAN_POINT('',(-0.2,-0.85,5.1E-002));
#7061 = DIRECTION('',(0.E+000,0.E+000,1.));
#7062 = DIRECTION('',(0.E+000,1.,0.E+000));
#7063 = MANIFOLD_SOLID_BREP('',#7064);
#7064 = CLOSED_SHELL('',(#7065,#7105,#7136,#7167,#7189,#7206,#7218,#7240
    ));
#7065 = ADVANCED_FACE('',(#7066),#7100,.T.);
#7066 = FACE_BOUND('',#7067,.T.);
#7067 = EDGE_LOOP('',(#7068,#7078,#7086,#7094));
#7068 = ORIENTED_EDGE('',*,*,#7069,.F.);
#7069 = EDGE_CURVE('',#7070,#7072,#7074,.T.);
#7070 = VERTEX_POINT('',#7071);
#7071 = CARTESIAN_POINT('',(0.42,0.9,5.1E-002));
#7072 = VERTEX_POINT('',#7073);
#7073 = CARTESIAN_POINT('',(0.6355,0.9,0.E+000));
#7074 = LINE('',#7075,#7076);
#7075 = CARTESIAN_POINT('',(0.42,0.9,5.1E-002));
#7076 = VECTOR('',#7077,1.);
#7077 = DIRECTION('',(0.E+000,0.E+000,-1.));
#7078 = ORIENTED_EDGE('',*,*,#7079,.F.);
#7079 = EDGE_CURVE('',#7080,#7070,#7082,.T.);
#7080 = VERTEX_POINT('',#7081);
#7081 = CARTESIAN_POINT('',(0.8,0.9,5.1E-002));
#7082 = LINE('',#7083,#7084);
#7083 = CARTESIAN_POINT('',(0.8,0.9,5.1E-002));
#7084 = VECTOR('',#7085,1.);
#7085 = DIRECTION('',(-1.,0.E+000,0.E+000));
#7086 = ORIENTED_EDGE('',*,*,#7087,.F.);
#7087 = EDGE_CURVE('',#7088,#7080,#7090,.T.);
#7088 = VERTEX_POINT('',#7089);
#7089 = CARTESIAN_POINT('',(0.8,0.9,0.E+000));
#7090 = LINE('',#7091,#7092);
#7091 = CARTESIAN_POINT('',(0.8,0.9,0.E+000));
#7092 = VECTOR('',#7093,1.);
#7093 = DIRECTION('',(0.E+000,0.E+000,1.));
#7094 = ORIENTED_EDGE('',*,*,#7095,.F.);
#7095 = EDGE_CURVE('',#7072,#7088,#7096,.T.);
#7096 = LINE('',#7097,#7098);
#7097 = CARTESIAN_POINT('',(0.851,0.9,0.E+000));
#7098 = VECTOR('',#7099,1.);
#7099 = DIRECTION('',(-1.,0.E+000,0.E+000));
#7100 = PLANE('',#7101);
#7101 = AXIS2_PLACEMENT_3D('',#7102,#7103,#7104);
#7102 = CARTESIAN_POINT('',(0.851,0.9,0.E+000));
#7103 = DIRECTION('',(0.E+000,1.,0.E+000));
#7104 = DIRECTION('',(0.E+000,-0.E+000,1.));
#7105 = ADVANCED_FACE('',(#7106),#7131,.T.);
#7106 = FACE_BOUND('',#7107,.T.);
#7107 = EDGE_LOOP('',(#7108,#7109,#7117,#7125));
#7108 = ORIENTED_EDGE('',*,*,#7095,.T.);
#7109 = ORIENTED_EDGE('',*,*,#7110,.F.);
#7110 = EDGE_CURVE('',#7111,#7088,#7113,.T.);
#7111 = VERTEX_POINT('',#7112);
#7112 = CARTESIAN_POINT('',(0.8,0.6,0.E+000));
#7113 = LINE('',#7114,#7115);
#7114 = CARTESIAN_POINT('',(0.8,0.6,0.E+000));
#7115 = VECTOR('',#7116,1.);
#7116 = DIRECTION('',(0.E+000,1.,0.E+000));
#7117 = ORIENTED_EDGE('',*,*,#7118,.T.);
#7118 = EDGE_CURVE('',#7111,#7119,#7121,.T.);
#7119 = VERTEX_POINT('',#7120);
#7120 = CARTESIAN_POINT('',(0.6355,0.6,0.E+000));
#7121 = LINE('',#7122,#7123);
#7122 = CARTESIAN_POINT('',(0.8,0.6,0.E+000));
#7123 = VECTOR('',#7124,1.);
#7124 = DIRECTION('',(1.,0.E+000,0.E+000));
#7125 = ORIENTED_EDGE('',*,*,#7126,.F.);
#7126 = EDGE_CURVE('',#7072,#7119,#7127,.T.);
#7127 = LINE('',#7128,#7129);
#7128 = CARTESIAN_POINT('',(0.851,0.9,0.E+000));
#7129 = VECTOR('',#7130,1.);
#7130 = DIRECTION('',(0.E+000,-1.,0.E+000));
#7131 = PLANE('',#7132);
#7132 = AXIS2_PLACEMENT_3D('',#7133,#7134,#7135);
#7133 = CARTESIAN_POINT('',(0.851,0.9,0.E+000));
#7134 = DIRECTION('',(0.E+000,0.E+000,1.));
#7135 = DIRECTION('',(0.E+000,1.,0.E+000));
#7136 = ADVANCED_FACE('',(#7137),#7162,.F.);
#7137 = FACE_BOUND('',#7138,.F.);
#7138 = EDGE_LOOP('',(#7139,#7147,#7155,#7161));
#7139 = ORIENTED_EDGE('',*,*,#7140,.T.);
#7140 = EDGE_CURVE('',#7119,#7141,#7143,.T.);
#7141 = VERTEX_POINT('',#7142);
#7142 = CARTESIAN_POINT('',(0.42,0.6,5.1E-002));
#7143 = LINE('',#7144,#7145);
#7144 = CARTESIAN_POINT('',(0.42,0.6,0.E+000));
#7145 = VECTOR('',#7146,1.);
#7146 = DIRECTION('',(0.E+000,0.E+000,1.));
#7147 = ORIENTED_EDGE('',*,*,#7148,.T.);
#7148 = EDGE_CURVE('',#7141,#7149,#7151,.T.);
#7149 = VERTEX_POINT('',#7150);
#7150 = CARTESIAN_POINT('',(0.8,0.6,5.1E-002));
#7151 = LINE('',#7152,#7153);
#7152 = CARTESIAN_POINT('',(0.42,0.6,5.1E-002));
#7153 = VECTOR('',#7154,1.);
#7154 = DIRECTION('',(1.,0.E+000,0.E+000));
#7155 = ORIENTED_EDGE('',*,*,#7156,.T.);
#7156 = EDGE_CURVE('',#7149,#7111,#7157,.T.);
#7157 = LINE('',#7158,#7159);
#7158 = CARTESIAN_POINT('',(0.8,0.6,5.1E-002));
#7159 = VECTOR('',#7160,1.);
#7160 = DIRECTION('',(0.E+000,0.E+000,-1.));
#7161 = ORIENTED_EDGE('',*,*,#7118,.T.);
#7162 = PLANE('',#7163);
#7163 = AXIS2_PLACEMENT_3D('',#7164,#7165,#7166);
#7164 = CARTESIAN_POINT('',(0.42,0.6,0.E+000));
#7165 = DIRECTION('',(0.E+000,1.,0.E+000));
#7166 = DIRECTION('',(0.E+000,-0.E+000,1.));
#7167 = ADVANCED_FACE('',(#7168),#7184,.T.);
#7168 = FACE_BOUND('',#7169,.T.);
#7169 = EDGE_LOOP('',(#7170,#7171,#7177,#7178));
#7170 = ORIENTED_EDGE('',*,*,#7079,.T.);
#7171 = ORIENTED_EDGE('',*,*,#7172,.F.);
#7172 = EDGE_CURVE('',#7141,#7070,#7173,.T.);
#7173 = LINE('',#7174,#7175);
#7174 = CARTESIAN_POINT('',(0.42,0.6,5.1E-002));
#7175 = VECTOR('',#7176,1.);
#7176 = DIRECTION('',(0.E+000,1.,0.E+000));
#7177 = ORIENTED_EDGE('',*,*,#7148,.T.);
#7178 = ORIENTED_EDGE('',*,*,#7179,.F.);
#7179 = EDGE_CURVE('',#7080,#7149,#7180,.T.);
#7180 = LINE('',#7181,#7182);
#7181 = CARTESIAN_POINT('',(0.8,0.9,5.1E-002));
#7182 = VECTOR('',#7183,1.);
#7183 = DIRECTION('',(0.E+000,-1.,0.E+000));
#7184 = PLANE('',#7185);
#7185 = AXIS2_PLACEMENT_3D('',#7186,#7187,#7188);
#7186 = CARTESIAN_POINT('',(0.8,0.9,5.1E-002));
#7187 = DIRECTION('',(0.E+000,0.E+000,1.));
#7188 = DIRECTION('',(0.E+000,1.,0.E+000));
#7189 = ADVANCED_FACE('',(#7190),#7201,.T.);
#7190 = FACE_BOUND('',#7191,.T.);
#7191 = EDGE_LOOP('',(#7192,#7198,#7199,#7200));
#7192 = ORIENTED_EDGE('',*,*,#7193,.F.);
#7193 = EDGE_CURVE('',#7119,#7072,#7194,.T.);
#7194 = LINE('',#7195,#7196);
#7195 = CARTESIAN_POINT('',(0.42,0.6,0.E+000));
#7196 = VECTOR('',#7197,1.);
#7197 = DIRECTION('',(0.E+000,1.,0.E+000));
#7198 = ORIENTED_EDGE('',*,*,#7140,.T.);
#7199 = ORIENTED_EDGE('',*,*,#7172,.T.);
#7200 = ORIENTED_EDGE('',*,*,#7069,.T.);
#7201 = PLANE('',#7202);
#7202 = AXIS2_PLACEMENT_3D('',#7203,#7204,#7205);
#7203 = CARTESIAN_POINT('',(0.42,0.9,0.E+000));
#7204 = DIRECTION('',(-1.,0.E+000,0.E+000));
#7205 = DIRECTION('',(0.E+000,0.E+000,1.));
#7206 = ADVANCED_FACE('',(#7207),#7213,.T.);
#7207 = FACE_BOUND('',#7208,.T.);
#7208 = EDGE_LOOP('',(#7209,#7210,#7211,#7212));
#7209 = ORIENTED_EDGE('',*,*,#7179,.T.);
#7210 = ORIENTED_EDGE('',*,*,#7156,.T.);
#7211 = ORIENTED_EDGE('',*,*,#7110,.T.);
#7212 = ORIENTED_EDGE('',*,*,#7087,.T.);
#7213 = PLANE('',#7214);
#7214 = AXIS2_PLACEMENT_3D('',#7215,#7216,#7217);
#7215 = CARTESIAN_POINT('',(0.8,0.9,5.1E-002));
#7216 = DIRECTION('',(1.,0.E+000,0.E+000));
#7217 = DIRECTION('',(0.E+000,0.E+000,1.));
#7218 = ADVANCED_FACE('',(#7219),#7235,.T.);
#7219 = FACE_BOUND('',#7220,.T.);
#7220 = EDGE_LOOP('',(#7221,#7227,#7228,#7234));
#7221 = ORIENTED_EDGE('',*,*,#7222,.T.);
#7222 = EDGE_CURVE('',#7119,#7119,#7223,.T.);
#7223 = LINE('',#7224,#7225);
#7224 = CARTESIAN_POINT('',(0.851,0.6,0.E+000));
#7225 = VECTOR('',#7226,1.);
#7226 = DIRECTION('',(-1.,0.E+000,0.E+000));
#7227 = ORIENTED_EDGE('',*,*,#7193,.T.);
#7228 = ORIENTED_EDGE('',*,*,#7229,.T.);
#7229 = EDGE_CURVE('',#7072,#7072,#7230,.T.);
#7230 = LINE('',#7231,#7232);
#7231 = CARTESIAN_POINT('',(0.42,0.9,0.E+000));
#7232 = VECTOR('',#7233,1.);
#7233 = DIRECTION('',(1.,0.E+000,0.E+000));
#7234 = ORIENTED_EDGE('',*,*,#7126,.T.);
#7235 = PLANE('',#7236);
#7236 = AXIS2_PLACEMENT_3D('',#7237,#7238,#7239);
#7237 = CARTESIAN_POINT('',(0.851,0.6,0.E+000));
#7238 = DIRECTION('',(0.E+000,0.E+000,-1.));
#7239 = DIRECTION('',(0.E+000,1.,0.E+000));
#7240 = ADVANCED_FACE('',(#7241),#7247,.F.);
#7241 = FACE_BOUND('',#7242,.F.);
#7242 = EDGE_LOOP('',(#7243,#7244,#7245,#7246));
#7243 = ORIENTED_EDGE('',*,*,#7126,.F.);
#7244 = ORIENTED_EDGE('',*,*,#7229,.T.);
#7245 = ORIENTED_EDGE('',*,*,#7126,.T.);
#7246 = ORIENTED_EDGE('',*,*,#7222,.T.);
#7247 = PLANE('',#7248);
#7248 = AXIS2_PLACEMENT_3D('',#7249,#7250,#7251);
#7249 = CARTESIAN_POINT('',(0.851,0.6,0.E+000));
#7250 = DIRECTION('',(1.,0.E+000,0.E+000));
#7251 = DIRECTION('',(0.E+000,0.E+000,1.));
#7252 = MANIFOLD_SOLID_BREP('',#7253);
#7253 = CLOSED_SHELL('',(#7254,#7294,#7325,#7356,#7378,#7395,#7407,#7429
    ));
#7254 = ADVANCED_FACE('',(#7255),#7289,.T.);
#7255 = FACE_BOUND('',#7256,.T.);
#7256 = EDGE_LOOP('',(#7257,#7267,#7275,#7283));
#7257 = ORIENTED_EDGE('',*,*,#7258,.F.);
#7258 = EDGE_CURVE('',#7259,#7261,#7263,.T.);
#7259 = VERTEX_POINT('',#7260);
#7260 = CARTESIAN_POINT('',(0.42,0.4,5.1E-002));
#7261 = VERTEX_POINT('',#7262);
#7262 = CARTESIAN_POINT('',(0.6355,0.4,0.E+000));
#7263 = LINE('',#7264,#7265);
#7264 = CARTESIAN_POINT('',(0.42,0.4,5.1E-002));
#7265 = VECTOR('',#7266,1.);
#7266 = DIRECTION('',(0.E+000,0.E+000,-1.));
#7267 = ORIENTED_EDGE('',*,*,#7268,.F.);
#7268 = EDGE_CURVE('',#7269,#7259,#7271,.T.);
#7269 = VERTEX_POINT('',#7270);
#7270 = CARTESIAN_POINT('',(0.8,0.4,5.1E-002));
#7271 = LINE('',#7272,#7273);
#7272 = CARTESIAN_POINT('',(0.8,0.4,5.1E-002));
#7273 = VECTOR('',#7274,1.);
#7274 = DIRECTION('',(-1.,0.E+000,0.E+000));
#7275 = ORIENTED_EDGE('',*,*,#7276,.F.);
#7276 = EDGE_CURVE('',#7277,#7269,#7279,.T.);
#7277 = VERTEX_POINT('',#7278);
#7278 = CARTESIAN_POINT('',(0.8,0.4,0.E+000));
#7279 = LINE('',#7280,#7281);
#7280 = CARTESIAN_POINT('',(0.8,0.4,0.E+000));
#7281 = VECTOR('',#7282,1.);
#7282 = DIRECTION('',(0.E+000,0.E+000,1.));
#7283 = ORIENTED_EDGE('',*,*,#7284,.F.);
#7284 = EDGE_CURVE('',#7261,#7277,#7285,.T.);
#7285 = LINE('',#7286,#7287);
#7286 = CARTESIAN_POINT('',(0.851,0.4,0.E+000));
#7287 = VECTOR('',#7288,1.);
#7288 = DIRECTION('',(-1.,0.E+000,0.E+000));
#7289 = PLANE('',#7290);
#7290 = AXIS2_PLACEMENT_3D('',#7291,#7292,#7293);
#7291 = CARTESIAN_POINT('',(0.851,0.4,0.E+000));
#7292 = DIRECTION('',(0.E+000,1.,0.E+000));
#7293 = DIRECTION('',(0.E+000,-0.E+000,1.));
#7294 = ADVANCED_FACE('',(#7295),#7320,.T.);
#7295 = FACE_BOUND('',#7296,.T.);
#7296 = EDGE_LOOP('',(#7297,#7298,#7306,#7314));
#7297 = ORIENTED_EDGE('',*,*,#7284,.T.);
#7298 = ORIENTED_EDGE('',*,*,#7299,.F.);
#7299 = EDGE_CURVE('',#7300,#7277,#7302,.T.);
#7300 = VERTEX_POINT('',#7301);
#7301 = CARTESIAN_POINT('',(0.8,0.1,0.E+000));
#7302 = LINE('',#7303,#7304);
#7303 = CARTESIAN_POINT('',(0.8,0.1,0.E+000));
#7304 = VECTOR('',#7305,1.);
#7305 = DIRECTION('',(0.E+000,1.,0.E+000));
#7306 = ORIENTED_EDGE('',*,*,#7307,.T.);
#7307 = EDGE_CURVE('',#7300,#7308,#7310,.T.);
#7308 = VERTEX_POINT('',#7309);
#7309 = CARTESIAN_POINT('',(0.6355,0.1,0.E+000));
#7310 = LINE('',#7311,#7312);
#7311 = CARTESIAN_POINT('',(0.8,0.1,0.E+000));
#7312 = VECTOR('',#7313,1.);
#7313 = DIRECTION('',(1.,0.E+000,0.E+000));
#7314 = ORIENTED_EDGE('',*,*,#7315,.F.);
#7315 = EDGE_CURVE('',#7261,#7308,#7316,.T.);
#7316 = LINE('',#7317,#7318);
#7317 = CARTESIAN_POINT('',(0.851,0.4,0.E+000));
#7318 = VECTOR('',#7319,1.);
#7319 = DIRECTION('',(0.E+000,-1.,0.E+000));
#7320 = PLANE('',#7321);
#7321 = AXIS2_PLACEMENT_3D('',#7322,#7323,#7324);
#7322 = CARTESIAN_POINT('',(0.851,0.4,0.E+000));
#7323 = DIRECTION('',(0.E+000,0.E+000,1.));
#7324 = DIRECTION('',(0.E+000,1.,0.E+000));
#7325 = ADVANCED_FACE('',(#7326),#7351,.F.);
#7326 = FACE_BOUND('',#7327,.F.);
#7327 = EDGE_LOOP('',(#7328,#7336,#7344,#7350));
#7328 = ORIENTED_EDGE('',*,*,#7329,.T.);
#7329 = EDGE_CURVE('',#7308,#7330,#7332,.T.);
#7330 = VERTEX_POINT('',#7331);
#7331 = CARTESIAN_POINT('',(0.42,0.1,5.1E-002));
#7332 = LINE('',#7333,#7334);
#7333 = CARTESIAN_POINT('',(0.42,0.1,0.E+000));
#7334 = VECTOR('',#7335,1.);
#7335 = DIRECTION('',(0.E+000,0.E+000,1.));
#7336 = ORIENTED_EDGE('',*,*,#7337,.T.);
#7337 = EDGE_CURVE('',#7330,#7338,#7340,.T.);
#7338 = VERTEX_POINT('',#7339);
#7339 = CARTESIAN_POINT('',(0.8,0.1,5.1E-002));
#7340 = LINE('',#7341,#7342);
#7341 = CARTESIAN_POINT('',(0.42,0.1,5.1E-002));
#7342 = VECTOR('',#7343,1.);
#7343 = DIRECTION('',(1.,0.E+000,0.E+000));
#7344 = ORIENTED_EDGE('',*,*,#7345,.T.);
#7345 = EDGE_CURVE('',#7338,#7300,#7346,.T.);
#7346 = LINE('',#7347,#7348);
#7347 = CARTESIAN_POINT('',(0.8,0.1,5.1E-002));
#7348 = VECTOR('',#7349,1.);
#7349 = DIRECTION('',(0.E+000,0.E+000,-1.));
#7350 = ORIENTED_EDGE('',*,*,#7307,.T.);
#7351 = PLANE('',#7352);
#7352 = AXIS2_PLACEMENT_3D('',#7353,#7354,#7355);
#7353 = CARTESIAN_POINT('',(0.42,0.1,0.E+000));
#7354 = DIRECTION('',(0.E+000,1.,0.E+000));
#7355 = DIRECTION('',(0.E+000,-0.E+000,1.));
#7356 = ADVANCED_FACE('',(#7357),#7373,.T.);
#7357 = FACE_BOUND('',#7358,.T.);
#7358 = EDGE_LOOP('',(#7359,#7360,#7366,#7367));
#7359 = ORIENTED_EDGE('',*,*,#7268,.T.);
#7360 = ORIENTED_EDGE('',*,*,#7361,.F.);
#7361 = EDGE_CURVE('',#7330,#7259,#7362,.T.);
#7362 = LINE('',#7363,#7364);
#7363 = CARTESIAN_POINT('',(0.42,0.1,5.1E-002));
#7364 = VECTOR('',#7365,1.);
#7365 = DIRECTION('',(0.E+000,1.,0.E+000));
#7366 = ORIENTED_EDGE('',*,*,#7337,.T.);
#7367 = ORIENTED_EDGE('',*,*,#7368,.F.);
#7368 = EDGE_CURVE('',#7269,#7338,#7369,.T.);
#7369 = LINE('',#7370,#7371);
#7370 = CARTESIAN_POINT('',(0.8,0.4,5.1E-002));
#7371 = VECTOR('',#7372,1.);
#7372 = DIRECTION('',(0.E+000,-1.,0.E+000));
#7373 = PLANE('',#7374);
#7374 = AXIS2_PLACEMENT_3D('',#7375,#7376,#7377);
#7375 = CARTESIAN_POINT('',(0.8,0.4,5.1E-002));
#7376 = DIRECTION('',(0.E+000,0.E+000,1.));
#7377 = DIRECTION('',(0.E+000,1.,0.E+000));
#7378 = ADVANCED_FACE('',(#7379),#7390,.T.);
#7379 = FACE_BOUND('',#7380,.T.);
#7380 = EDGE_LOOP('',(#7381,#7387,#7388,#7389));
#7381 = ORIENTED_EDGE('',*,*,#7382,.F.);
#7382 = EDGE_CURVE('',#7308,#7261,#7383,.T.);
#7383 = LINE('',#7384,#7385);
#7384 = CARTESIAN_POINT('',(0.42,0.1,0.E+000));
#7385 = VECTOR('',#7386,1.);
#7386 = DIRECTION('',(0.E+000,1.,0.E+000));
#7387 = ORIENTED_EDGE('',*,*,#7329,.T.);
#7388 = ORIENTED_EDGE('',*,*,#7361,.T.);
#7389 = ORIENTED_EDGE('',*,*,#7258,.T.);
#7390 = PLANE('',#7391);
#7391 = AXIS2_PLACEMENT_3D('',#7392,#7393,#7394);
#7392 = CARTESIAN_POINT('',(0.42,0.4,0.E+000));
#7393 = DIRECTION('',(-1.,0.E+000,0.E+000));
#7394 = DIRECTION('',(0.E+000,0.E+000,1.));
#7395 = ADVANCED_FACE('',(#7396),#7402,.T.);
#7396 = FACE_BOUND('',#7397,.T.);
#7397 = EDGE_LOOP('',(#7398,#7399,#7400,#7401));
#7398 = ORIENTED_EDGE('',*,*,#7368,.T.);
#7399 = ORIENTED_EDGE('',*,*,#7345,.T.);
#7400 = ORIENTED_EDGE('',*,*,#7299,.T.);
#7401 = ORIENTED_EDGE('',*,*,#7276,.T.);
#7402 = PLANE('',#7403);
#7403 = AXIS2_PLACEMENT_3D('',#7404,#7405,#7406);
#7404 = CARTESIAN_POINT('',(0.8,0.4,5.1E-002));
#7405 = DIRECTION('',(1.,0.E+000,0.E+000));
#7406 = DIRECTION('',(0.E+000,0.E+000,1.));
#7407 = ADVANCED_FACE('',(#7408),#7424,.T.);
#7408 = FACE_BOUND('',#7409,.T.);
#7409 = EDGE_LOOP('',(#7410,#7416,#7417,#7423));
#7410 = ORIENTED_EDGE('',*,*,#7411,.T.);
#7411 = EDGE_CURVE('',#7308,#7308,#7412,.T.);
#7412 = LINE('',#7413,#7414);
#7413 = CARTESIAN_POINT('',(0.851,0.1,0.E+000));
#7414 = VECTOR('',#7415,1.);
#7415 = DIRECTION('',(-1.,0.E+000,0.E+000));
#7416 = ORIENTED_EDGE('',*,*,#7382,.T.);
#7417 = ORIENTED_EDGE('',*,*,#7418,.T.);
#7418 = EDGE_CURVE('',#7261,#7261,#7419,.T.);
#7419 = LINE('',#7420,#7421);
#7420 = CARTESIAN_POINT('',(0.42,0.4,0.E+000));
#7421 = VECTOR('',#7422,1.);
#7422 = DIRECTION('',(1.,0.E+000,0.E+000));
#7423 = ORIENTED_EDGE('',*,*,#7315,.T.);
#7424 = PLANE('',#7425);
#7425 = AXIS2_PLACEMENT_3D('',#7426,#7427,#7428);
#7426 = CARTESIAN_POINT('',(0.851,0.1,0.E+000));
#7427 = DIRECTION('',(0.E+000,0.E+000,-1.));
#7428 = DIRECTION('',(0.E+000,1.,0.E+000));
#7429 = ADVANCED_FACE('',(#7430),#7436,.F.);
#7430 = FACE_BOUND('',#7431,.F.);
#7431 = EDGE_LOOP('',(#7432,#7433,#7434,#7435));
#7432 = ORIENTED_EDGE('',*,*,#7315,.F.);
#7433 = ORIENTED_EDGE('',*,*,#7418,.T.);
#7434 = ORIENTED_EDGE('',*,*,#7315,.T.);
#7435 = ORIENTED_EDGE('',*,*,#7411,.T.);
#7436 = PLANE('',#7437);
#7437 = AXIS2_PLACEMENT_3D('',#7438,#7439,#7440);
#7438 = CARTESIAN_POINT('',(0.851,0.1,0.E+000));
#7439 = DIRECTION('',(1.,0.E+000,0.E+000));
#7440 = DIRECTION('',(0.E+000,0.E+000,1.));
#7441 = MANIFOLD_SOLID_BREP('',#7442);
#7442 = CLOSED_SHELL('',(#7443,#7483,#7514,#7545,#7567,#7584,#7596,#7618
    ));
#7443 = ADVANCED_FACE('',(#7444),#7478,.T.);
#7444 = FACE_BOUND('',#7445,.T.);
#7445 = EDGE_LOOP('',(#7446,#7456,#7464,#7472));
#7446 = ORIENTED_EDGE('',*,*,#7447,.F.);
#7447 = EDGE_CURVE('',#7448,#7450,#7452,.T.);
#7448 = VERTEX_POINT('',#7449);
#7449 = CARTESIAN_POINT('',(0.42,-0.1,5.1E-002));
#7450 = VERTEX_POINT('',#7451);
#7451 = CARTESIAN_POINT('',(0.6355,-0.1,0.E+000));
#7452 = LINE('',#7453,#7454);
#7453 = CARTESIAN_POINT('',(0.42,-0.1,5.1E-002));
#7454 = VECTOR('',#7455,1.);
#7455 = DIRECTION('',(0.E+000,0.E+000,-1.));
#7456 = ORIENTED_EDGE('',*,*,#7457,.F.);
#7457 = EDGE_CURVE('',#7458,#7448,#7460,.T.);
#7458 = VERTEX_POINT('',#7459);
#7459 = CARTESIAN_POINT('',(0.8,-0.1,5.1E-002));
#7460 = LINE('',#7461,#7462);
#7461 = CARTESIAN_POINT('',(0.8,-0.1,5.1E-002));
#7462 = VECTOR('',#7463,1.);
#7463 = DIRECTION('',(-1.,0.E+000,0.E+000));
#7464 = ORIENTED_EDGE('',*,*,#7465,.F.);
#7465 = EDGE_CURVE('',#7466,#7458,#7468,.T.);
#7466 = VERTEX_POINT('',#7467);
#7467 = CARTESIAN_POINT('',(0.8,-0.1,0.E+000));
#7468 = LINE('',#7469,#7470);
#7469 = CARTESIAN_POINT('',(0.8,-0.1,0.E+000));
#7470 = VECTOR('',#7471,1.);
#7471 = DIRECTION('',(0.E+000,0.E+000,1.));
#7472 = ORIENTED_EDGE('',*,*,#7473,.F.);
#7473 = EDGE_CURVE('',#7450,#7466,#7474,.T.);
#7474 = LINE('',#7475,#7476);
#7475 = CARTESIAN_POINT('',(0.851,-0.1,0.E+000));
#7476 = VECTOR('',#7477,1.);
#7477 = DIRECTION('',(-1.,0.E+000,0.E+000));
#7478 = PLANE('',#7479);
#7479 = AXIS2_PLACEMENT_3D('',#7480,#7481,#7482);
#7480 = CARTESIAN_POINT('',(0.851,-0.1,0.E+000));
#7481 = DIRECTION('',(0.E+000,1.,0.E+000));
#7482 = DIRECTION('',(0.E+000,-0.E+000,1.));
#7483 = ADVANCED_FACE('',(#7484),#7509,.T.);
#7484 = FACE_BOUND('',#7485,.T.);
#7485 = EDGE_LOOP('',(#7486,#7487,#7495,#7503));
#7486 = ORIENTED_EDGE('',*,*,#7473,.T.);
#7487 = ORIENTED_EDGE('',*,*,#7488,.F.);
#7488 = EDGE_CURVE('',#7489,#7466,#7491,.T.);
#7489 = VERTEX_POINT('',#7490);
#7490 = CARTESIAN_POINT('',(0.8,-0.4,0.E+000));
#7491 = LINE('',#7492,#7493);
#7492 = CARTESIAN_POINT('',(0.8,-0.4,0.E+000));
#7493 = VECTOR('',#7494,1.);
#7494 = DIRECTION('',(0.E+000,1.,0.E+000));
#7495 = ORIENTED_EDGE('',*,*,#7496,.T.);
#7496 = EDGE_CURVE('',#7489,#7497,#7499,.T.);
#7497 = VERTEX_POINT('',#7498);
#7498 = CARTESIAN_POINT('',(0.6355,-0.4,0.E+000));
#7499 = LINE('',#7500,#7501);
#7500 = CARTESIAN_POINT('',(0.8,-0.4,0.E+000));
#7501 = VECTOR('',#7502,1.);
#7502 = DIRECTION('',(1.,0.E+000,0.E+000));
#7503 = ORIENTED_EDGE('',*,*,#7504,.F.);
#7504 = EDGE_CURVE('',#7450,#7497,#7505,.T.);
#7505 = LINE('',#7506,#7507);
#7506 = CARTESIAN_POINT('',(0.851,-0.1,0.E+000));
#7507 = VECTOR('',#7508,1.);
#7508 = DIRECTION('',(0.E+000,-1.,0.E+000));
#7509 = PLANE('',#7510);
#7510 = AXIS2_PLACEMENT_3D('',#7511,#7512,#7513);
#7511 = CARTESIAN_POINT('',(0.851,-0.1,0.E+000));
#7512 = DIRECTION('',(0.E+000,0.E+000,1.));
#7513 = DIRECTION('',(0.E+000,1.,0.E+000));
#7514 = ADVANCED_FACE('',(#7515),#7540,.F.);
#7515 = FACE_BOUND('',#7516,.F.);
#7516 = EDGE_LOOP('',(#7517,#7525,#7533,#7539));
#7517 = ORIENTED_EDGE('',*,*,#7518,.T.);
#7518 = EDGE_CURVE('',#7497,#7519,#7521,.T.);
#7519 = VERTEX_POINT('',#7520);
#7520 = CARTESIAN_POINT('',(0.42,-0.4,5.1E-002));
#7521 = LINE('',#7522,#7523);
#7522 = CARTESIAN_POINT('',(0.42,-0.4,0.E+000));
#7523 = VECTOR('',#7524,1.);
#7524 = DIRECTION('',(0.E+000,0.E+000,1.));
#7525 = ORIENTED_EDGE('',*,*,#7526,.T.);
#7526 = EDGE_CURVE('',#7519,#7527,#7529,.T.);
#7527 = VERTEX_POINT('',#7528);
#7528 = CARTESIAN_POINT('',(0.8,-0.4,5.1E-002));
#7529 = LINE('',#7530,#7531);
#7530 = CARTESIAN_POINT('',(0.42,-0.4,5.1E-002));
#7531 = VECTOR('',#7532,1.);
#7532 = DIRECTION('',(1.,0.E+000,0.E+000));
#7533 = ORIENTED_EDGE('',*,*,#7534,.T.);
#7534 = EDGE_CURVE('',#7527,#7489,#7535,.T.);
#7535 = LINE('',#7536,#7537);
#7536 = CARTESIAN_POINT('',(0.8,-0.4,5.1E-002));
#7537 = VECTOR('',#7538,1.);
#7538 = DIRECTION('',(0.E+000,0.E+000,-1.));
#7539 = ORIENTED_EDGE('',*,*,#7496,.T.);
#7540 = PLANE('',#7541);
#7541 = AXIS2_PLACEMENT_3D('',#7542,#7543,#7544);
#7542 = CARTESIAN_POINT('',(0.42,-0.4,0.E+000));
#7543 = DIRECTION('',(0.E+000,1.,0.E+000));
#7544 = DIRECTION('',(0.E+000,-0.E+000,1.));
#7545 = ADVANCED_FACE('',(#7546),#7562,.T.);
#7546 = FACE_BOUND('',#7547,.T.);
#7547 = EDGE_LOOP('',(#7548,#7549,#7555,#7556));
#7548 = ORIENTED_EDGE('',*,*,#7457,.T.);
#7549 = ORIENTED_EDGE('',*,*,#7550,.F.);
#7550 = EDGE_CURVE('',#7519,#7448,#7551,.T.);
#7551 = LINE('',#7552,#7553);
#7552 = CARTESIAN_POINT('',(0.42,-0.4,5.1E-002));
#7553 = VECTOR('',#7554,1.);
#7554 = DIRECTION('',(0.E+000,1.,0.E+000));
#7555 = ORIENTED_EDGE('',*,*,#7526,.T.);
#7556 = ORIENTED_EDGE('',*,*,#7557,.F.);
#7557 = EDGE_CURVE('',#7458,#7527,#7558,.T.);
#7558 = LINE('',#7559,#7560);
#7559 = CARTESIAN_POINT('',(0.8,-0.1,5.1E-002));
#7560 = VECTOR('',#7561,1.);
#7561 = DIRECTION('',(0.E+000,-1.,0.E+000));
#7562 = PLANE('',#7563);
#7563 = AXIS2_PLACEMENT_3D('',#7564,#7565,#7566);
#7564 = CARTESIAN_POINT('',(0.8,-0.1,5.1E-002));
#7565 = DIRECTION('',(0.E+000,0.E+000,1.));
#7566 = DIRECTION('',(0.E+000,1.,0.E+000));
#7567 = ADVANCED_FACE('',(#7568),#7579,.T.);
#7568 = FACE_BOUND('',#7569,.T.);
#7569 = EDGE_LOOP('',(#7570,#7576,#7577,#7578));
#7570 = ORIENTED_EDGE('',*,*,#7571,.F.);
#7571 = EDGE_CURVE('',#7497,#7450,#7572,.T.);
#7572 = LINE('',#7573,#7574);
#7573 = CARTESIAN_POINT('',(0.42,-0.4,0.E+000));
#7574 = VECTOR('',#7575,1.);
#7575 = DIRECTION('',(0.E+000,1.,0.E+000));
#7576 = ORIENTED_EDGE('',*,*,#7518,.T.);
#7577 = ORIENTED_EDGE('',*,*,#7550,.T.);
#7578 = ORIENTED_EDGE('',*,*,#7447,.T.);
#7579 = PLANE('',#7580);
#7580 = AXIS2_PLACEMENT_3D('',#7581,#7582,#7583);
#7581 = CARTESIAN_POINT('',(0.42,-0.1,0.E+000));
#7582 = DIRECTION('',(-1.,0.E+000,0.E+000));
#7583 = DIRECTION('',(0.E+000,0.E+000,1.));
#7584 = ADVANCED_FACE('',(#7585),#7591,.T.);
#7585 = FACE_BOUND('',#7586,.T.);
#7586 = EDGE_LOOP('',(#7587,#7588,#7589,#7590));
#7587 = ORIENTED_EDGE('',*,*,#7557,.T.);
#7588 = ORIENTED_EDGE('',*,*,#7534,.T.);
#7589 = ORIENTED_EDGE('',*,*,#7488,.T.);
#7590 = ORIENTED_EDGE('',*,*,#7465,.T.);
#7591 = PLANE('',#7592);
#7592 = AXIS2_PLACEMENT_3D('',#7593,#7594,#7595);
#7593 = CARTESIAN_POINT('',(0.8,-0.1,5.1E-002));
#7594 = DIRECTION('',(1.,0.E+000,0.E+000));
#7595 = DIRECTION('',(0.E+000,0.E+000,1.));
#7596 = ADVANCED_FACE('',(#7597),#7613,.T.);
#7597 = FACE_BOUND('',#7598,.T.);
#7598 = EDGE_LOOP('',(#7599,#7605,#7606,#7612));
#7599 = ORIENTED_EDGE('',*,*,#7600,.T.);
#7600 = EDGE_CURVE('',#7497,#7497,#7601,.T.);
#7601 = LINE('',#7602,#7603);
#7602 = CARTESIAN_POINT('',(0.851,-0.4,0.E+000));
#7603 = VECTOR('',#7604,1.);
#7604 = DIRECTION('',(-1.,0.E+000,0.E+000));
#7605 = ORIENTED_EDGE('',*,*,#7571,.T.);
#7606 = ORIENTED_EDGE('',*,*,#7607,.T.);
#7607 = EDGE_CURVE('',#7450,#7450,#7608,.T.);
#7608 = LINE('',#7609,#7610);
#7609 = CARTESIAN_POINT('',(0.42,-0.1,0.E+000));
#7610 = VECTOR('',#7611,1.);
#7611 = DIRECTION('',(1.,0.E+000,0.E+000));
#7612 = ORIENTED_EDGE('',*,*,#7504,.T.);
#7613 = PLANE('',#7614);
#7614 = AXIS2_PLACEMENT_3D('',#7615,#7616,#7617);
#7615 = CARTESIAN_POINT('',(0.851,-0.4,0.E+000));
#7616 = DIRECTION('',(0.E+000,0.E+000,-1.));
#7617 = DIRECTION('',(0.E+000,1.,0.E+000));
#7618 = ADVANCED_FACE('',(#7619),#7625,.F.);
#7619 = FACE_BOUND('',#7620,.F.);
#7620 = EDGE_LOOP('',(#7621,#7622,#7623,#7624));
#7621 = ORIENTED_EDGE('',*,*,#7504,.F.);
#7622 = ORIENTED_EDGE('',*,*,#7607,.T.);
#7623 = ORIENTED_EDGE('',*,*,#7504,.T.);
#7624 = ORIENTED_EDGE('',*,*,#7600,.T.);
#7625 = PLANE('',#7626);
#7626 = AXIS2_PLACEMENT_3D('',#7627,#7628,#7629);
#7627 = CARTESIAN_POINT('',(0.851,-0.4,0.E+000));
#7628 = DIRECTION('',(1.,0.E+000,0.E+000));
#7629 = DIRECTION('',(0.E+000,0.E+000,1.));
#7630 = MANIFOLD_SOLID_BREP('',#7631);
#7631 = CLOSED_SHELL('',(#7632,#7672,#7703,#7734,#7756,#7773,#7785,#7807
    ));
#7632 = ADVANCED_FACE('',(#7633),#7667,.T.);
#7633 = FACE_BOUND('',#7634,.T.);
#7634 = EDGE_LOOP('',(#7635,#7645,#7653,#7661));
#7635 = ORIENTED_EDGE('',*,*,#7636,.F.);
#7636 = EDGE_CURVE('',#7637,#7639,#7641,.T.);
#7637 = VERTEX_POINT('',#7638);
#7638 = CARTESIAN_POINT('',(0.42,-0.6,5.1E-002));
#7639 = VERTEX_POINT('',#7640);
#7640 = CARTESIAN_POINT('',(0.6355,-0.6,0.E+000));
#7641 = LINE('',#7642,#7643);
#7642 = CARTESIAN_POINT('',(0.42,-0.6,5.1E-002));
#7643 = VECTOR('',#7644,1.);
#7644 = DIRECTION('',(0.E+000,0.E+000,-1.));
#7645 = ORIENTED_EDGE('',*,*,#7646,.F.);
#7646 = EDGE_CURVE('',#7647,#7637,#7649,.T.);
#7647 = VERTEX_POINT('',#7648);
#7648 = CARTESIAN_POINT('',(0.8,-0.6,5.1E-002));
#7649 = LINE('',#7650,#7651);
#7650 = CARTESIAN_POINT('',(0.8,-0.6,5.1E-002));
#7651 = VECTOR('',#7652,1.);
#7652 = DIRECTION('',(-1.,0.E+000,0.E+000));
#7653 = ORIENTED_EDGE('',*,*,#7654,.F.);
#7654 = EDGE_CURVE('',#7655,#7647,#7657,.T.);
#7655 = VERTEX_POINT('',#7656);
#7656 = CARTESIAN_POINT('',(0.8,-0.6,0.E+000));
#7657 = LINE('',#7658,#7659);
#7658 = CARTESIAN_POINT('',(0.8,-0.6,0.E+000));
#7659 = VECTOR('',#7660,1.);
#7660 = DIRECTION('',(0.E+000,0.E+000,1.));
#7661 = ORIENTED_EDGE('',*,*,#7662,.F.);
#7662 = EDGE_CURVE('',#7639,#7655,#7663,.T.);
#7663 = LINE('',#7664,#7665);
#7664 = CARTESIAN_POINT('',(0.851,-0.6,0.E+000));
#7665 = VECTOR('',#7666,1.);
#7666 = DIRECTION('',(-1.,0.E+000,0.E+000));
#7667 = PLANE('',#7668);
#7668 = AXIS2_PLACEMENT_3D('',#7669,#7670,#7671);
#7669 = CARTESIAN_POINT('',(0.851,-0.6,0.E+000));
#7670 = DIRECTION('',(0.E+000,1.,0.E+000));
#7671 = DIRECTION('',(0.E+000,-0.E+000,1.));
#7672 = ADVANCED_FACE('',(#7673),#7698,.T.);
#7673 = FACE_BOUND('',#7674,.T.);
#7674 = EDGE_LOOP('',(#7675,#7676,#7684,#7692));
#7675 = ORIENTED_EDGE('',*,*,#7662,.T.);
#7676 = ORIENTED_EDGE('',*,*,#7677,.F.);
#7677 = EDGE_CURVE('',#7678,#7655,#7680,.T.);
#7678 = VERTEX_POINT('',#7679);
#7679 = CARTESIAN_POINT('',(0.8,-0.9,0.E+000));
#7680 = LINE('',#7681,#7682);
#7681 = CARTESIAN_POINT('',(0.8,-0.9,0.E+000));
#7682 = VECTOR('',#7683,1.);
#7683 = DIRECTION('',(0.E+000,1.,0.E+000));
#7684 = ORIENTED_EDGE('',*,*,#7685,.T.);
#7685 = EDGE_CURVE('',#7678,#7686,#7688,.T.);
#7686 = VERTEX_POINT('',#7687);
#7687 = CARTESIAN_POINT('',(0.6355,-0.9,0.E+000));
#7688 = LINE('',#7689,#7690);
#7689 = CARTESIAN_POINT('',(0.8,-0.9,0.E+000));
#7690 = VECTOR('',#7691,1.);
#7691 = DIRECTION('',(1.,0.E+000,0.E+000));
#7692 = ORIENTED_EDGE('',*,*,#7693,.F.);
#7693 = EDGE_CURVE('',#7639,#7686,#7694,.T.);
#7694 = LINE('',#7695,#7696);
#7695 = CARTESIAN_POINT('',(0.851,-0.6,0.E+000));
#7696 = VECTOR('',#7697,1.);
#7697 = DIRECTION('',(0.E+000,-1.,0.E+000));
#7698 = PLANE('',#7699);
#7699 = AXIS2_PLACEMENT_3D('',#7700,#7701,#7702);
#7700 = CARTESIAN_POINT('',(0.851,-0.6,0.E+000));
#7701 = DIRECTION('',(0.E+000,0.E+000,1.));
#7702 = DIRECTION('',(0.E+000,1.,0.E+000));
#7703 = ADVANCED_FACE('',(#7704),#7729,.F.);
#7704 = FACE_BOUND('',#7705,.F.);
#7705 = EDGE_LOOP('',(#7706,#7714,#7722,#7728));
#7706 = ORIENTED_EDGE('',*,*,#7707,.T.);
#7707 = EDGE_CURVE('',#7686,#7708,#7710,.T.);
#7708 = VERTEX_POINT('',#7709);
#7709 = CARTESIAN_POINT('',(0.42,-0.9,5.1E-002));
#7710 = LINE('',#7711,#7712);
#7711 = CARTESIAN_POINT('',(0.42,-0.9,0.E+000));
#7712 = VECTOR('',#7713,1.);
#7713 = DIRECTION('',(0.E+000,0.E+000,1.));
#7714 = ORIENTED_EDGE('',*,*,#7715,.T.);
#7715 = EDGE_CURVE('',#7708,#7716,#7718,.T.);
#7716 = VERTEX_POINT('',#7717);
#7717 = CARTESIAN_POINT('',(0.8,-0.9,5.1E-002));
#7718 = LINE('',#7719,#7720);
#7719 = CARTESIAN_POINT('',(0.42,-0.9,5.1E-002));
#7720 = VECTOR('',#7721,1.);
#7721 = DIRECTION('',(1.,0.E+000,0.E+000));
#7722 = ORIENTED_EDGE('',*,*,#7723,.T.);
#7723 = EDGE_CURVE('',#7716,#7678,#7724,.T.);
#7724 = LINE('',#7725,#7726);
#7725 = CARTESIAN_POINT('',(0.8,-0.9,5.1E-002));
#7726 = VECTOR('',#7727,1.);
#7727 = DIRECTION('',(0.E+000,0.E+000,-1.));
#7728 = ORIENTED_EDGE('',*,*,#7685,.T.);
#7729 = PLANE('',#7730);
#7730 = AXIS2_PLACEMENT_3D('',#7731,#7732,#7733);
#7731 = CARTESIAN_POINT('',(0.42,-0.9,0.E+000));
#7732 = DIRECTION('',(0.E+000,1.,0.E+000));
#7733 = DIRECTION('',(0.E+000,-0.E+000,1.));
#7734 = ADVANCED_FACE('',(#7735),#7751,.T.);
#7735 = FACE_BOUND('',#7736,.T.);
#7736 = EDGE_LOOP('',(#7737,#7738,#7744,#7745));
#7737 = ORIENTED_EDGE('',*,*,#7646,.T.);
#7738 = ORIENTED_EDGE('',*,*,#7739,.F.);
#7739 = EDGE_CURVE('',#7708,#7637,#7740,.T.);
#7740 = LINE('',#7741,#7742);
#7741 = CARTESIAN_POINT('',(0.42,-0.9,5.1E-002));
#7742 = VECTOR('',#7743,1.);
#7743 = DIRECTION('',(0.E+000,1.,0.E+000));
#7744 = ORIENTED_EDGE('',*,*,#7715,.T.);
#7745 = ORIENTED_EDGE('',*,*,#7746,.F.);
#7746 = EDGE_CURVE('',#7647,#7716,#7747,.T.);
#7747 = LINE('',#7748,#7749);
#7748 = CARTESIAN_POINT('',(0.8,-0.6,5.1E-002));
#7749 = VECTOR('',#7750,1.);
#7750 = DIRECTION('',(0.E+000,-1.,0.E+000));
#7751 = PLANE('',#7752);
#7752 = AXIS2_PLACEMENT_3D('',#7753,#7754,#7755);
#7753 = CARTESIAN_POINT('',(0.8,-0.6,5.1E-002));
#7754 = DIRECTION('',(0.E+000,0.E+000,1.));
#7755 = DIRECTION('',(0.E+000,1.,0.E+000));
#7756 = ADVANCED_FACE('',(#7757),#7768,.T.);
#7757 = FACE_BOUND('',#7758,.T.);
#7758 = EDGE_LOOP('',(#7759,#7765,#7766,#7767));
#7759 = ORIENTED_EDGE('',*,*,#7760,.F.);
#7760 = EDGE_CURVE('',#7686,#7639,#7761,.T.);
#7761 = LINE('',#7762,#7763);
#7762 = CARTESIAN_POINT('',(0.42,-0.9,0.E+000));
#7763 = VECTOR('',#7764,1.);
#7764 = DIRECTION('',(0.E+000,1.,0.E+000));
#7765 = ORIENTED_EDGE('',*,*,#7707,.T.);
#7766 = ORIENTED_EDGE('',*,*,#7739,.T.);
#7767 = ORIENTED_EDGE('',*,*,#7636,.T.);
#7768 = PLANE('',#7769);
#7769 = AXIS2_PLACEMENT_3D('',#7770,#7771,#7772);
#7770 = CARTESIAN_POINT('',(0.42,-0.6,0.E+000));
#7771 = DIRECTION('',(-1.,0.E+000,0.E+000));
#7772 = DIRECTION('',(0.E+000,0.E+000,1.));
#7773 = ADVANCED_FACE('',(#7774),#7780,.T.);
#7774 = FACE_BOUND('',#7775,.T.);
#7775 = EDGE_LOOP('',(#7776,#7777,#7778,#7779));
#7776 = ORIENTED_EDGE('',*,*,#7746,.T.);
#7777 = ORIENTED_EDGE('',*,*,#7723,.T.);
#7778 = ORIENTED_EDGE('',*,*,#7677,.T.);
#7779 = ORIENTED_EDGE('',*,*,#7654,.T.);
#7780 = PLANE('',#7781);
#7781 = AXIS2_PLACEMENT_3D('',#7782,#7783,#7784);
#7782 = CARTESIAN_POINT('',(0.8,-0.6,5.1E-002));
#7783 = DIRECTION('',(1.,0.E+000,0.E+000));
#7784 = DIRECTION('',(0.E+000,0.E+000,1.));
#7785 = ADVANCED_FACE('',(#7786),#7802,.T.);
#7786 = FACE_BOUND('',#7787,.T.);
#7787 = EDGE_LOOP('',(#7788,#7794,#7795,#7801));
#7788 = ORIENTED_EDGE('',*,*,#7789,.T.);
#7789 = EDGE_CURVE('',#7686,#7686,#7790,.T.);
#7790 = LINE('',#7791,#7792);
#7791 = CARTESIAN_POINT('',(0.851,-0.9,0.E+000));
#7792 = VECTOR('',#7793,1.);
#7793 = DIRECTION('',(-1.,0.E+000,0.E+000));
#7794 = ORIENTED_EDGE('',*,*,#7760,.T.);
#7795 = ORIENTED_EDGE('',*,*,#7796,.T.);
#7796 = EDGE_CURVE('',#7639,#7639,#7797,.T.);
#7797 = LINE('',#7798,#7799);
#7798 = CARTESIAN_POINT('',(0.42,-0.6,0.E+000));
#7799 = VECTOR('',#7800,1.);
#7800 = DIRECTION('',(1.,0.E+000,0.E+000));
#7801 = ORIENTED_EDGE('',*,*,#7693,.T.);
#7802 = PLANE('',#7803);
#7803 = AXIS2_PLACEMENT_3D('',#7804,#7805,#7806);
#7804 = CARTESIAN_POINT('',(0.851,-0.9,0.E+000));
#7805 = DIRECTION('',(0.E+000,0.E+000,-1.));
#7806 = DIRECTION('',(0.E+000,1.,0.E+000));
#7807 = ADVANCED_FACE('',(#7808),#7814,.F.);
#7808 = FACE_BOUND('',#7809,.F.);
#7809 = EDGE_LOOP('',(#7810,#7811,#7812,#7813));
#7810 = ORIENTED_EDGE('',*,*,#7693,.F.);
#7811 = ORIENTED_EDGE('',*,*,#7796,.T.);
#7812 = ORIENTED_EDGE('',*,*,#7693,.T.);
#7813 = ORIENTED_EDGE('',*,*,#7789,.T.);
#7814 = PLANE('',#7815);
#7815 = AXIS2_PLACEMENT_3D('',#7816,#7817,#7818);
#7816 = CARTESIAN_POINT('',(0.851,-0.9,0.E+000));
#7817 = DIRECTION('',(1.,0.E+000,0.E+000));
#7818 = DIRECTION('',(0.E+000,0.E+000,1.));
#7819 = MANIFOLD_SOLID_BREP('',#7820);
#7820 = CLOSED_SHELL('',(#7821,#7861,#7892,#7923,#7945,#7962,#7974,#7996
    ));
#7821 = ADVANCED_FACE('',(#7822),#7856,.T.);
#7822 = FACE_BOUND('',#7823,.T.);
#7823 = EDGE_LOOP('',(#7824,#7834,#7842,#7850));
#7824 = ORIENTED_EDGE('',*,*,#7825,.F.);
#7825 = EDGE_CURVE('',#7826,#7828,#7830,.T.);
#7826 = VERTEX_POINT('',#7827);
#7827 = CARTESIAN_POINT('',(-0.42,-0.9,5.1E-002));
#7828 = VERTEX_POINT('',#7829);
#7829 = CARTESIAN_POINT('',(-0.6355,-0.9,0.E+000));
#7830 = LINE('',#7831,#7832);
#7831 = CARTESIAN_POINT('',(-0.42,-0.9,5.1E-002));
#7832 = VECTOR('',#7833,1.);
#7833 = DIRECTION('',(0.E+000,0.E+000,-1.));
#7834 = ORIENTED_EDGE('',*,*,#7835,.F.);
#7835 = EDGE_CURVE('',#7836,#7826,#7838,.T.);
#7836 = VERTEX_POINT('',#7837);
#7837 = CARTESIAN_POINT('',(-0.8,-0.9,5.1E-002));
#7838 = LINE('',#7839,#7840);
#7839 = CARTESIAN_POINT('',(-0.8,-0.9,5.1E-002));
#7840 = VECTOR('',#7841,1.);
#7841 = DIRECTION('',(1.,0.E+000,0.E+000));
#7842 = ORIENTED_EDGE('',*,*,#7843,.F.);
#7843 = EDGE_CURVE('',#7844,#7836,#7846,.T.);
#7844 = VERTEX_POINT('',#7845);
#7845 = CARTESIAN_POINT('',(-0.8,-0.9,0.E+000));
#7846 = LINE('',#7847,#7848);
#7847 = CARTESIAN_POINT('',(-0.8,-0.9,0.E+000));
#7848 = VECTOR('',#7849,1.);
#7849 = DIRECTION('',(0.E+000,0.E+000,1.));
#7850 = ORIENTED_EDGE('',*,*,#7851,.F.);
#7851 = EDGE_CURVE('',#7828,#7844,#7852,.T.);
#7852 = LINE('',#7853,#7854);
#7853 = CARTESIAN_POINT('',(-0.851,-0.9,0.E+000));
#7854 = VECTOR('',#7855,1.);
#7855 = DIRECTION('',(1.,0.E+000,0.E+000));
#7856 = PLANE('',#7857);
#7857 = AXIS2_PLACEMENT_3D('',#7858,#7859,#7860);
#7858 = CARTESIAN_POINT('',(-0.851,-0.9,0.E+000));
#7859 = DIRECTION('',(0.E+000,-1.,0.E+000));
#7860 = DIRECTION('',(0.E+000,0.E+000,1.));
#7861 = ADVANCED_FACE('',(#7862),#7887,.T.);
#7862 = FACE_BOUND('',#7863,.T.);
#7863 = EDGE_LOOP('',(#7864,#7865,#7873,#7881));
#7864 = ORIENTED_EDGE('',*,*,#7851,.T.);
#7865 = ORIENTED_EDGE('',*,*,#7866,.F.);
#7866 = EDGE_CURVE('',#7867,#7844,#7869,.T.);
#7867 = VERTEX_POINT('',#7868);
#7868 = CARTESIAN_POINT('',(-0.8,-0.6,0.E+000));
#7869 = LINE('',#7870,#7871);
#7870 = CARTESIAN_POINT('',(-0.8,-0.6,0.E+000));
#7871 = VECTOR('',#7872,1.);
#7872 = DIRECTION('',(0.E+000,-1.,0.E+000));
#7873 = ORIENTED_EDGE('',*,*,#7874,.T.);
#7874 = EDGE_CURVE('',#7867,#7875,#7877,.T.);
#7875 = VERTEX_POINT('',#7876);
#7876 = CARTESIAN_POINT('',(-0.6355,-0.6,0.E+000));
#7877 = LINE('',#7878,#7879);
#7878 = CARTESIAN_POINT('',(-0.8,-0.6,0.E+000));
#7879 = VECTOR('',#7880,1.);
#7880 = DIRECTION('',(-1.,0.E+000,0.E+000));
#7881 = ORIENTED_EDGE('',*,*,#7882,.F.);
#7882 = EDGE_CURVE('',#7828,#7875,#7883,.T.);
#7883 = LINE('',#7884,#7885);
#7884 = CARTESIAN_POINT('',(-0.851,-0.9,0.E+000));
#7885 = VECTOR('',#7886,1.);
#7886 = DIRECTION('',(0.E+000,1.,0.E+000));
#7887 = PLANE('',#7888);
#7888 = AXIS2_PLACEMENT_3D('',#7889,#7890,#7891);
#7889 = CARTESIAN_POINT('',(-0.851,-0.9,0.E+000));
#7890 = DIRECTION('',(0.E+000,0.E+000,1.));
#7891 = DIRECTION('',(0.E+000,1.,0.E+000));
#7892 = ADVANCED_FACE('',(#7893),#7918,.F.);
#7893 = FACE_BOUND('',#7894,.F.);
#7894 = EDGE_LOOP('',(#7895,#7903,#7911,#7917));
#7895 = ORIENTED_EDGE('',*,*,#7896,.T.);
#7896 = EDGE_CURVE('',#7875,#7897,#7899,.T.);
#7897 = VERTEX_POINT('',#7898);
#7898 = CARTESIAN_POINT('',(-0.42,-0.6,5.1E-002));
#7899 = LINE('',#7900,#7901);
#7900 = CARTESIAN_POINT('',(-0.42,-0.6,0.E+000));
#7901 = VECTOR('',#7902,1.);
#7902 = DIRECTION('',(0.E+000,0.E+000,1.));
#7903 = ORIENTED_EDGE('',*,*,#7904,.T.);
#7904 = EDGE_CURVE('',#7897,#7905,#7907,.T.);
#7905 = VERTEX_POINT('',#7906);
#7906 = CARTESIAN_POINT('',(-0.8,-0.6,5.1E-002));
#7907 = LINE('',#7908,#7909);
#7908 = CARTESIAN_POINT('',(-0.42,-0.6,5.1E-002));
#7909 = VECTOR('',#7910,1.);
#7910 = DIRECTION('',(-1.,0.E+000,0.E+000));
#7911 = ORIENTED_EDGE('',*,*,#7912,.T.);
#7912 = EDGE_CURVE('',#7905,#7867,#7913,.T.);
#7913 = LINE('',#7914,#7915);
#7914 = CARTESIAN_POINT('',(-0.8,-0.6,5.1E-002));
#7915 = VECTOR('',#7916,1.);
#7916 = DIRECTION('',(0.E+000,0.E+000,-1.));
#7917 = ORIENTED_EDGE('',*,*,#7874,.T.);
#7918 = PLANE('',#7919);
#7919 = AXIS2_PLACEMENT_3D('',#7920,#7921,#7922);
#7920 = CARTESIAN_POINT('',(-0.42,-0.6,0.E+000));
#7921 = DIRECTION('',(0.E+000,-1.,0.E+000));
#7922 = DIRECTION('',(0.E+000,0.E+000,1.));
#7923 = ADVANCED_FACE('',(#7924),#7940,.T.);
#7924 = FACE_BOUND('',#7925,.T.);
#7925 = EDGE_LOOP('',(#7926,#7927,#7933,#7934));
#7926 = ORIENTED_EDGE('',*,*,#7835,.T.);
#7927 = ORIENTED_EDGE('',*,*,#7928,.F.);
#7928 = EDGE_CURVE('',#7897,#7826,#7929,.T.);
#7929 = LINE('',#7930,#7931);
#7930 = CARTESIAN_POINT('',(-0.42,-0.6,5.1E-002));
#7931 = VECTOR('',#7932,1.);
#7932 = DIRECTION('',(0.E+000,-1.,0.E+000));
#7933 = ORIENTED_EDGE('',*,*,#7904,.T.);
#7934 = ORIENTED_EDGE('',*,*,#7935,.F.);
#7935 = EDGE_CURVE('',#7836,#7905,#7936,.T.);
#7936 = LINE('',#7937,#7938);
#7937 = CARTESIAN_POINT('',(-0.8,-0.9,5.1E-002));
#7938 = VECTOR('',#7939,1.);
#7939 = DIRECTION('',(0.E+000,1.,0.E+000));
#7940 = PLANE('',#7941);
#7941 = AXIS2_PLACEMENT_3D('',#7942,#7943,#7944);
#7942 = CARTESIAN_POINT('',(-0.8,-0.9,5.1E-002));
#7943 = DIRECTION('',(0.E+000,0.E+000,1.));
#7944 = DIRECTION('',(0.E+000,1.,0.E+000));
#7945 = ADVANCED_FACE('',(#7946),#7957,.T.);
#7946 = FACE_BOUND('',#7947,.T.);
#7947 = EDGE_LOOP('',(#7948,#7954,#7955,#7956));
#7948 = ORIENTED_EDGE('',*,*,#7949,.F.);
#7949 = EDGE_CURVE('',#7875,#7828,#7950,.T.);
#7950 = LINE('',#7951,#7952);
#7951 = CARTESIAN_POINT('',(-0.42,-0.6,0.E+000));
#7952 = VECTOR('',#7953,1.);
#7953 = DIRECTION('',(0.E+000,-1.,0.E+000));
#7954 = ORIENTED_EDGE('',*,*,#7896,.T.);
#7955 = ORIENTED_EDGE('',*,*,#7928,.T.);
#7956 = ORIENTED_EDGE('',*,*,#7825,.T.);
#7957 = PLANE('',#7958);
#7958 = AXIS2_PLACEMENT_3D('',#7959,#7960,#7961);
#7959 = CARTESIAN_POINT('',(-0.42,-0.9,0.E+000));
#7960 = DIRECTION('',(1.,0.E+000,0.E+000));
#7961 = DIRECTION('',(0.E+000,0.E+000,1.));
#7962 = ADVANCED_FACE('',(#7963),#7969,.T.);
#7963 = FACE_BOUND('',#7964,.T.);
#7964 = EDGE_LOOP('',(#7965,#7966,#7967,#7968));
#7965 = ORIENTED_EDGE('',*,*,#7935,.T.);
#7966 = ORIENTED_EDGE('',*,*,#7912,.T.);
#7967 = ORIENTED_EDGE('',*,*,#7866,.T.);
#7968 = ORIENTED_EDGE('',*,*,#7843,.T.);
#7969 = PLANE('',#7970);
#7970 = AXIS2_PLACEMENT_3D('',#7971,#7972,#7973);
#7971 = CARTESIAN_POINT('',(-0.8,-0.9,5.1E-002));
#7972 = DIRECTION('',(-1.,0.E+000,0.E+000));
#7973 = DIRECTION('',(0.E+000,0.E+000,1.));
#7974 = ADVANCED_FACE('',(#7975),#7991,.T.);
#7975 = FACE_BOUND('',#7976,.T.);
#7976 = EDGE_LOOP('',(#7977,#7983,#7984,#7990));
#7977 = ORIENTED_EDGE('',*,*,#7978,.T.);
#7978 = EDGE_CURVE('',#7875,#7875,#7979,.T.);
#7979 = LINE('',#7980,#7981);
#7980 = CARTESIAN_POINT('',(-0.851,-0.6,0.E+000));
#7981 = VECTOR('',#7982,1.);
#7982 = DIRECTION('',(1.,0.E+000,0.E+000));
#7983 = ORIENTED_EDGE('',*,*,#7949,.T.);
#7984 = ORIENTED_EDGE('',*,*,#7985,.T.);
#7985 = EDGE_CURVE('',#7828,#7828,#7986,.T.);
#7986 = LINE('',#7987,#7988);
#7987 = CARTESIAN_POINT('',(-0.42,-0.9,0.E+000));
#7988 = VECTOR('',#7989,1.);
#7989 = DIRECTION('',(-1.,0.E+000,0.E+000));
#7990 = ORIENTED_EDGE('',*,*,#7882,.T.);
#7991 = PLANE('',#7992);
#7992 = AXIS2_PLACEMENT_3D('',#7993,#7994,#7995);
#7993 = CARTESIAN_POINT('',(-0.851,-0.6,0.E+000));
#7994 = DIRECTION('',(0.E+000,0.E+000,-1.));
#7995 = DIRECTION('',(0.E+000,1.,0.E+000));
#7996 = ADVANCED_FACE('',(#7997),#8003,.F.);
#7997 = FACE_BOUND('',#7998,.F.);
#7998 = EDGE_LOOP('',(#7999,#8000,#8001,#8002));
#7999 = ORIENTED_EDGE('',*,*,#7882,.F.);
#8000 = ORIENTED_EDGE('',*,*,#7985,.T.);
#8001 = ORIENTED_EDGE('',*,*,#7882,.T.);
#8002 = ORIENTED_EDGE('',*,*,#7978,.T.);
#8003 = PLANE('',#8004);
#8004 = AXIS2_PLACEMENT_3D('',#8005,#8006,#8007);
#8005 = CARTESIAN_POINT('',(-0.851,-0.6,0.E+000));
#8006 = DIRECTION('',(1.,0.E+000,0.E+000));
#8007 = DIRECTION('',(0.E+000,0.E+000,1.));
#8008 = MANIFOLD_SOLID_BREP('',#8009);
#8009 = CLOSED_SHELL('',(#8010,#8050,#8081,#8112,#8134,#8151,#8163,#8185
    ));
#8010 = ADVANCED_FACE('',(#8011),#8045,.T.);
#8011 = FACE_BOUND('',#8012,.T.);
#8012 = EDGE_LOOP('',(#8013,#8023,#8031,#8039));
#8013 = ORIENTED_EDGE('',*,*,#8014,.F.);
#8014 = EDGE_CURVE('',#8015,#8017,#8019,.T.);
#8015 = VERTEX_POINT('',#8016);
#8016 = CARTESIAN_POINT('',(-0.42,-0.4,5.1E-002));
#8017 = VERTEX_POINT('',#8018);
#8018 = CARTESIAN_POINT('',(-0.6355,-0.4,0.E+000));
#8019 = LINE('',#8020,#8021);
#8020 = CARTESIAN_POINT('',(-0.42,-0.4,5.1E-002));
#8021 = VECTOR('',#8022,1.);
#8022 = DIRECTION('',(0.E+000,0.E+000,-1.));
#8023 = ORIENTED_EDGE('',*,*,#8024,.F.);
#8024 = EDGE_CURVE('',#8025,#8015,#8027,.T.);
#8025 = VERTEX_POINT('',#8026);
#8026 = CARTESIAN_POINT('',(-0.8,-0.4,5.1E-002));
#8027 = LINE('',#8028,#8029);
#8028 = CARTESIAN_POINT('',(-0.8,-0.4,5.1E-002));
#8029 = VECTOR('',#8030,1.);
#8030 = DIRECTION('',(1.,0.E+000,0.E+000));
#8031 = ORIENTED_EDGE('',*,*,#8032,.F.);
#8032 = EDGE_CURVE('',#8033,#8025,#8035,.T.);
#8033 = VERTEX_POINT('',#8034);
#8034 = CARTESIAN_POINT('',(-0.8,-0.4,0.E+000));
#8035 = LINE('',#8036,#8037);
#8036 = CARTESIAN_POINT('',(-0.8,-0.4,0.E+000));
#8037 = VECTOR('',#8038,1.);
#8038 = DIRECTION('',(0.E+000,0.E+000,1.));
#8039 = ORIENTED_EDGE('',*,*,#8040,.F.);
#8040 = EDGE_CURVE('',#8017,#8033,#8041,.T.);
#8041 = LINE('',#8042,#8043);
#8042 = CARTESIAN_POINT('',(-0.851,-0.4,0.E+000));
#8043 = VECTOR('',#8044,1.);
#8044 = DIRECTION('',(1.,0.E+000,0.E+000));
#8045 = PLANE('',#8046);
#8046 = AXIS2_PLACEMENT_3D('',#8047,#8048,#8049);
#8047 = CARTESIAN_POINT('',(-0.851,-0.4,0.E+000));
#8048 = DIRECTION('',(0.E+000,-1.,0.E+000));
#8049 = DIRECTION('',(0.E+000,0.E+000,1.));
#8050 = ADVANCED_FACE('',(#8051),#8076,.T.);
#8051 = FACE_BOUND('',#8052,.T.);
#8052 = EDGE_LOOP('',(#8053,#8054,#8062,#8070));
#8053 = ORIENTED_EDGE('',*,*,#8040,.T.);
#8054 = ORIENTED_EDGE('',*,*,#8055,.F.);
#8055 = EDGE_CURVE('',#8056,#8033,#8058,.T.);
#8056 = VERTEX_POINT('',#8057);
#8057 = CARTESIAN_POINT('',(-0.8,-0.1,0.E+000));
#8058 = LINE('',#8059,#8060);
#8059 = CARTESIAN_POINT('',(-0.8,-0.1,0.E+000));
#8060 = VECTOR('',#8061,1.);
#8061 = DIRECTION('',(0.E+000,-1.,0.E+000));
#8062 = ORIENTED_EDGE('',*,*,#8063,.T.);
#8063 = EDGE_CURVE('',#8056,#8064,#8066,.T.);
#8064 = VERTEX_POINT('',#8065);
#8065 = CARTESIAN_POINT('',(-0.6355,-0.1,0.E+000));
#8066 = LINE('',#8067,#8068);
#8067 = CARTESIAN_POINT('',(-0.8,-0.1,0.E+000));
#8068 = VECTOR('',#8069,1.);
#8069 = DIRECTION('',(-1.,0.E+000,0.E+000));
#8070 = ORIENTED_EDGE('',*,*,#8071,.F.);
#8071 = EDGE_CURVE('',#8017,#8064,#8072,.T.);
#8072 = LINE('',#8073,#8074);
#8073 = CARTESIAN_POINT('',(-0.851,-0.4,0.E+000));
#8074 = VECTOR('',#8075,1.);
#8075 = DIRECTION('',(0.E+000,1.,0.E+000));
#8076 = PLANE('',#8077);
#8077 = AXIS2_PLACEMENT_3D('',#8078,#8079,#8080);
#8078 = CARTESIAN_POINT('',(-0.851,-0.4,0.E+000));
#8079 = DIRECTION('',(0.E+000,0.E+000,1.));
#8080 = DIRECTION('',(0.E+000,1.,0.E+000));
#8081 = ADVANCED_FACE('',(#8082),#8107,.F.);
#8082 = FACE_BOUND('',#8083,.F.);
#8083 = EDGE_LOOP('',(#8084,#8092,#8100,#8106));
#8084 = ORIENTED_EDGE('',*,*,#8085,.T.);
#8085 = EDGE_CURVE('',#8064,#8086,#8088,.T.);
#8086 = VERTEX_POINT('',#8087);
#8087 = CARTESIAN_POINT('',(-0.42,-0.1,5.1E-002));
#8088 = LINE('',#8089,#8090);
#8089 = CARTESIAN_POINT('',(-0.42,-0.1,0.E+000));
#8090 = VECTOR('',#8091,1.);
#8091 = DIRECTION('',(0.E+000,0.E+000,1.));
#8092 = ORIENTED_EDGE('',*,*,#8093,.T.);
#8093 = EDGE_CURVE('',#8086,#8094,#8096,.T.);
#8094 = VERTEX_POINT('',#8095);
#8095 = CARTESIAN_POINT('',(-0.8,-0.1,5.1E-002));
#8096 = LINE('',#8097,#8098);
#8097 = CARTESIAN_POINT('',(-0.42,-0.1,5.1E-002));
#8098 = VECTOR('',#8099,1.);
#8099 = DIRECTION('',(-1.,0.E+000,0.E+000));
#8100 = ORIENTED_EDGE('',*,*,#8101,.T.);
#8101 = EDGE_CURVE('',#8094,#8056,#8102,.T.);
#8102 = LINE('',#8103,#8104);
#8103 = CARTESIAN_POINT('',(-0.8,-0.1,5.1E-002));
#8104 = VECTOR('',#8105,1.);
#8105 = DIRECTION('',(0.E+000,0.E+000,-1.));
#8106 = ORIENTED_EDGE('',*,*,#8063,.T.);
#8107 = PLANE('',#8108);
#8108 = AXIS2_PLACEMENT_3D('',#8109,#8110,#8111);
#8109 = CARTESIAN_POINT('',(-0.42,-0.1,0.E+000));
#8110 = DIRECTION('',(0.E+000,-1.,0.E+000));
#8111 = DIRECTION('',(0.E+000,0.E+000,1.));
#8112 = ADVANCED_FACE('',(#8113),#8129,.T.);
#8113 = FACE_BOUND('',#8114,.T.);
#8114 = EDGE_LOOP('',(#8115,#8116,#8122,#8123));
#8115 = ORIENTED_EDGE('',*,*,#8024,.T.);
#8116 = ORIENTED_EDGE('',*,*,#8117,.F.);
#8117 = EDGE_CURVE('',#8086,#8015,#8118,.T.);
#8118 = LINE('',#8119,#8120);
#8119 = CARTESIAN_POINT('',(-0.42,-0.1,5.1E-002));
#8120 = VECTOR('',#8121,1.);
#8121 = DIRECTION('',(0.E+000,-1.,0.E+000));
#8122 = ORIENTED_EDGE('',*,*,#8093,.T.);
#8123 = ORIENTED_EDGE('',*,*,#8124,.F.);
#8124 = EDGE_CURVE('',#8025,#8094,#8125,.T.);
#8125 = LINE('',#8126,#8127);
#8126 = CARTESIAN_POINT('',(-0.8,-0.4,5.1E-002));
#8127 = VECTOR('',#8128,1.);
#8128 = DIRECTION('',(0.E+000,1.,0.E+000));
#8129 = PLANE('',#8130);
#8130 = AXIS2_PLACEMENT_3D('',#8131,#8132,#8133);
#8131 = CARTESIAN_POINT('',(-0.8,-0.4,5.1E-002));
#8132 = DIRECTION('',(0.E+000,0.E+000,1.));
#8133 = DIRECTION('',(0.E+000,1.,0.E+000));
#8134 = ADVANCED_FACE('',(#8135),#8146,.T.);
#8135 = FACE_BOUND('',#8136,.T.);
#8136 = EDGE_LOOP('',(#8137,#8143,#8144,#8145));
#8137 = ORIENTED_EDGE('',*,*,#8138,.F.);
#8138 = EDGE_CURVE('',#8064,#8017,#8139,.T.);
#8139 = LINE('',#8140,#8141);
#8140 = CARTESIAN_POINT('',(-0.42,-0.1,0.E+000));
#8141 = VECTOR('',#8142,1.);
#8142 = DIRECTION('',(0.E+000,-1.,0.E+000));
#8143 = ORIENTED_EDGE('',*,*,#8085,.T.);
#8144 = ORIENTED_EDGE('',*,*,#8117,.T.);
#8145 = ORIENTED_EDGE('',*,*,#8014,.T.);
#8146 = PLANE('',#8147);
#8147 = AXIS2_PLACEMENT_3D('',#8148,#8149,#8150);
#8148 = CARTESIAN_POINT('',(-0.42,-0.4,0.E+000));
#8149 = DIRECTION('',(1.,0.E+000,0.E+000));
#8150 = DIRECTION('',(0.E+000,0.E+000,1.));
#8151 = ADVANCED_FACE('',(#8152),#8158,.T.);
#8152 = FACE_BOUND('',#8153,.T.);
#8153 = EDGE_LOOP('',(#8154,#8155,#8156,#8157));
#8154 = ORIENTED_EDGE('',*,*,#8124,.T.);
#8155 = ORIENTED_EDGE('',*,*,#8101,.T.);
#8156 = ORIENTED_EDGE('',*,*,#8055,.T.);
#8157 = ORIENTED_EDGE('',*,*,#8032,.T.);
#8158 = PLANE('',#8159);
#8159 = AXIS2_PLACEMENT_3D('',#8160,#8161,#8162);
#8160 = CARTESIAN_POINT('',(-0.8,-0.4,5.1E-002));
#8161 = DIRECTION('',(-1.,0.E+000,0.E+000));
#8162 = DIRECTION('',(0.E+000,0.E+000,1.));
#8163 = ADVANCED_FACE('',(#8164),#8180,.T.);
#8164 = FACE_BOUND('',#8165,.T.);
#8165 = EDGE_LOOP('',(#8166,#8172,#8173,#8179));
#8166 = ORIENTED_EDGE('',*,*,#8167,.T.);
#8167 = EDGE_CURVE('',#8064,#8064,#8168,.T.);
#8168 = LINE('',#8169,#8170);
#8169 = CARTESIAN_POINT('',(-0.851,-0.1,0.E+000));
#8170 = VECTOR('',#8171,1.);
#8171 = DIRECTION('',(1.,0.E+000,0.E+000));
#8172 = ORIENTED_EDGE('',*,*,#8138,.T.);
#8173 = ORIENTED_EDGE('',*,*,#8174,.T.);
#8174 = EDGE_CURVE('',#8017,#8017,#8175,.T.);
#8175 = LINE('',#8176,#8177);
#8176 = CARTESIAN_POINT('',(-0.42,-0.4,0.E+000));
#8177 = VECTOR('',#8178,1.);
#8178 = DIRECTION('',(-1.,0.E+000,0.E+000));
#8179 = ORIENTED_EDGE('',*,*,#8071,.T.);
#8180 = PLANE('',#8181);
#8181 = AXIS2_PLACEMENT_3D('',#8182,#8183,#8184);
#8182 = CARTESIAN_POINT('',(-0.851,-0.1,0.E+000));
#8183 = DIRECTION('',(0.E+000,0.E+000,-1.));
#8184 = DIRECTION('',(0.E+000,1.,0.E+000));
#8185 = ADVANCED_FACE('',(#8186),#8192,.F.);
#8186 = FACE_BOUND('',#8187,.F.);
#8187 = EDGE_LOOP('',(#8188,#8189,#8190,#8191));
#8188 = ORIENTED_EDGE('',*,*,#8071,.F.);
#8189 = ORIENTED_EDGE('',*,*,#8174,.T.);
#8190 = ORIENTED_EDGE('',*,*,#8071,.T.);
#8191 = ORIENTED_EDGE('',*,*,#8167,.T.);
#8192 = PLANE('',#8193);
#8193 = AXIS2_PLACEMENT_3D('',#8194,#8195,#8196);
#8194 = CARTESIAN_POINT('',(-0.851,-0.1,0.E+000));
#8195 = DIRECTION('',(1.,0.E+000,0.E+000));
#8196 = DIRECTION('',(0.E+000,0.E+000,1.));
#8197 = MANIFOLD_SOLID_BREP('',#8198);
#8198 = CLOSED_SHELL('',(#8199,#8239,#8270,#8301,#8323,#8340,#8352,#8374
    ));
#8199 = ADVANCED_FACE('',(#8200),#8234,.T.);
#8200 = FACE_BOUND('',#8201,.T.);
#8201 = EDGE_LOOP('',(#8202,#8212,#8220,#8228));
#8202 = ORIENTED_EDGE('',*,*,#8203,.F.);
#8203 = EDGE_CURVE('',#8204,#8206,#8208,.T.);
#8204 = VERTEX_POINT('',#8205);
#8205 = CARTESIAN_POINT('',(-0.42,0.1,5.1E-002));
#8206 = VERTEX_POINT('',#8207);
#8207 = CARTESIAN_POINT('',(-0.6355,0.1,0.E+000));
#8208 = LINE('',#8209,#8210);
#8209 = CARTESIAN_POINT('',(-0.42,0.1,5.1E-002));
#8210 = VECTOR('',#8211,1.);
#8211 = DIRECTION('',(0.E+000,0.E+000,-1.));
#8212 = ORIENTED_EDGE('',*,*,#8213,.F.);
#8213 = EDGE_CURVE('',#8214,#8204,#8216,.T.);
#8214 = VERTEX_POINT('',#8215);
#8215 = CARTESIAN_POINT('',(-0.8,0.1,5.1E-002));
#8216 = LINE('',#8217,#8218);
#8217 = CARTESIAN_POINT('',(-0.8,0.1,5.1E-002));
#8218 = VECTOR('',#8219,1.);
#8219 = DIRECTION('',(1.,0.E+000,0.E+000));
#8220 = ORIENTED_EDGE('',*,*,#8221,.F.);
#8221 = EDGE_CURVE('',#8222,#8214,#8224,.T.);
#8222 = VERTEX_POINT('',#8223);
#8223 = CARTESIAN_POINT('',(-0.8,0.1,0.E+000));
#8224 = LINE('',#8225,#8226);
#8225 = CARTESIAN_POINT('',(-0.8,0.1,0.E+000));
#8226 = VECTOR('',#8227,1.);
#8227 = DIRECTION('',(0.E+000,0.E+000,1.));
#8228 = ORIENTED_EDGE('',*,*,#8229,.F.);
#8229 = EDGE_CURVE('',#8206,#8222,#8230,.T.);
#8230 = LINE('',#8231,#8232);
#8231 = CARTESIAN_POINT('',(-0.851,0.1,0.E+000));
#8232 = VECTOR('',#8233,1.);
#8233 = DIRECTION('',(1.,0.E+000,0.E+000));
#8234 = PLANE('',#8235);
#8235 = AXIS2_PLACEMENT_3D('',#8236,#8237,#8238);
#8236 = CARTESIAN_POINT('',(-0.851,0.1,0.E+000));
#8237 = DIRECTION('',(0.E+000,-1.,0.E+000));
#8238 = DIRECTION('',(0.E+000,0.E+000,1.));
#8239 = ADVANCED_FACE('',(#8240),#8265,.T.);
#8240 = FACE_BOUND('',#8241,.T.);
#8241 = EDGE_LOOP('',(#8242,#8243,#8251,#8259));
#8242 = ORIENTED_EDGE('',*,*,#8229,.T.);
#8243 = ORIENTED_EDGE('',*,*,#8244,.F.);
#8244 = EDGE_CURVE('',#8245,#8222,#8247,.T.);
#8245 = VERTEX_POINT('',#8246);
#8246 = CARTESIAN_POINT('',(-0.8,0.4,0.E+000));
#8247 = LINE('',#8248,#8249);
#8248 = CARTESIAN_POINT('',(-0.8,0.4,0.E+000));
#8249 = VECTOR('',#8250,1.);
#8250 = DIRECTION('',(0.E+000,-1.,0.E+000));
#8251 = ORIENTED_EDGE('',*,*,#8252,.T.);
#8252 = EDGE_CURVE('',#8245,#8253,#8255,.T.);
#8253 = VERTEX_POINT('',#8254);
#8254 = CARTESIAN_POINT('',(-0.6355,0.4,0.E+000));
#8255 = LINE('',#8256,#8257);
#8256 = CARTESIAN_POINT('',(-0.8,0.4,0.E+000));
#8257 = VECTOR('',#8258,1.);
#8258 = DIRECTION('',(-1.,0.E+000,0.E+000));
#8259 = ORIENTED_EDGE('',*,*,#8260,.F.);
#8260 = EDGE_CURVE('',#8206,#8253,#8261,.T.);
#8261 = LINE('',#8262,#8263);
#8262 = CARTESIAN_POINT('',(-0.851,0.1,0.E+000));
#8263 = VECTOR('',#8264,1.);
#8264 = DIRECTION('',(0.E+000,1.,0.E+000));
#8265 = PLANE('',#8266);
#8266 = AXIS2_PLACEMENT_3D('',#8267,#8268,#8269);
#8267 = CARTESIAN_POINT('',(-0.851,0.1,0.E+000));
#8268 = DIRECTION('',(0.E+000,0.E+000,1.));
#8269 = DIRECTION('',(0.E+000,1.,0.E+000));
#8270 = ADVANCED_FACE('',(#8271),#8296,.F.);
#8271 = FACE_BOUND('',#8272,.F.);
#8272 = EDGE_LOOP('',(#8273,#8281,#8289,#8295));
#8273 = ORIENTED_EDGE('',*,*,#8274,.T.);
#8274 = EDGE_CURVE('',#8253,#8275,#8277,.T.);
#8275 = VERTEX_POINT('',#8276);
#8276 = CARTESIAN_POINT('',(-0.42,0.4,5.1E-002));
#8277 = LINE('',#8278,#8279);
#8278 = CARTESIAN_POINT('',(-0.42,0.4,0.E+000));
#8279 = VECTOR('',#8280,1.);
#8280 = DIRECTION('',(0.E+000,0.E+000,1.));
#8281 = ORIENTED_EDGE('',*,*,#8282,.T.);
#8282 = EDGE_CURVE('',#8275,#8283,#8285,.T.);
#8283 = VERTEX_POINT('',#8284);
#8284 = CARTESIAN_POINT('',(-0.8,0.4,5.1E-002));
#8285 = LINE('',#8286,#8287);
#8286 = CARTESIAN_POINT('',(-0.42,0.4,5.1E-002));
#8287 = VECTOR('',#8288,1.);
#8288 = DIRECTION('',(-1.,0.E+000,0.E+000));
#8289 = ORIENTED_EDGE('',*,*,#8290,.T.);
#8290 = EDGE_CURVE('',#8283,#8245,#8291,.T.);
#8291 = LINE('',#8292,#8293);
#8292 = CARTESIAN_POINT('',(-0.8,0.4,5.1E-002));
#8293 = VECTOR('',#8294,1.);
#8294 = DIRECTION('',(0.E+000,0.E+000,-1.));
#8295 = ORIENTED_EDGE('',*,*,#8252,.T.);
#8296 = PLANE('',#8297);
#8297 = AXIS2_PLACEMENT_3D('',#8298,#8299,#8300);
#8298 = CARTESIAN_POINT('',(-0.42,0.4,0.E+000));
#8299 = DIRECTION('',(0.E+000,-1.,0.E+000));
#8300 = DIRECTION('',(0.E+000,0.E+000,1.));
#8301 = ADVANCED_FACE('',(#8302),#8318,.T.);
#8302 = FACE_BOUND('',#8303,.T.);
#8303 = EDGE_LOOP('',(#8304,#8305,#8311,#8312));
#8304 = ORIENTED_EDGE('',*,*,#8213,.T.);
#8305 = ORIENTED_EDGE('',*,*,#8306,.F.);
#8306 = EDGE_CURVE('',#8275,#8204,#8307,.T.);
#8307 = LINE('',#8308,#8309);
#8308 = CARTESIAN_POINT('',(-0.42,0.4,5.1E-002));
#8309 = VECTOR('',#8310,1.);
#8310 = DIRECTION('',(0.E+000,-1.,0.E+000));
#8311 = ORIENTED_EDGE('',*,*,#8282,.T.);
#8312 = ORIENTED_EDGE('',*,*,#8313,.F.);
#8313 = EDGE_CURVE('',#8214,#8283,#8314,.T.);
#8314 = LINE('',#8315,#8316);
#8315 = CARTESIAN_POINT('',(-0.8,0.1,5.1E-002));
#8316 = VECTOR('',#8317,1.);
#8317 = DIRECTION('',(0.E+000,1.,0.E+000));
#8318 = PLANE('',#8319);
#8319 = AXIS2_PLACEMENT_3D('',#8320,#8321,#8322);
#8320 = CARTESIAN_POINT('',(-0.8,0.1,5.1E-002));
#8321 = DIRECTION('',(0.E+000,0.E+000,1.));
#8322 = DIRECTION('',(0.E+000,1.,0.E+000));
#8323 = ADVANCED_FACE('',(#8324),#8335,.T.);
#8324 = FACE_BOUND('',#8325,.T.);
#8325 = EDGE_LOOP('',(#8326,#8332,#8333,#8334));
#8326 = ORIENTED_EDGE('',*,*,#8327,.F.);
#8327 = EDGE_CURVE('',#8253,#8206,#8328,.T.);
#8328 = LINE('',#8329,#8330);
#8329 = CARTESIAN_POINT('',(-0.42,0.4,0.E+000));
#8330 = VECTOR('',#8331,1.);
#8331 = DIRECTION('',(0.E+000,-1.,0.E+000));
#8332 = ORIENTED_EDGE('',*,*,#8274,.T.);
#8333 = ORIENTED_EDGE('',*,*,#8306,.T.);
#8334 = ORIENTED_EDGE('',*,*,#8203,.T.);
#8335 = PLANE('',#8336);
#8336 = AXIS2_PLACEMENT_3D('',#8337,#8338,#8339);
#8337 = CARTESIAN_POINT('',(-0.42,0.1,0.E+000));
#8338 = DIRECTION('',(1.,0.E+000,0.E+000));
#8339 = DIRECTION('',(0.E+000,0.E+000,1.));
#8340 = ADVANCED_FACE('',(#8341),#8347,.T.);
#8341 = FACE_BOUND('',#8342,.T.);
#8342 = EDGE_LOOP('',(#8343,#8344,#8345,#8346));
#8343 = ORIENTED_EDGE('',*,*,#8313,.T.);
#8344 = ORIENTED_EDGE('',*,*,#8290,.T.);
#8345 = ORIENTED_EDGE('',*,*,#8244,.T.);
#8346 = ORIENTED_EDGE('',*,*,#8221,.T.);
#8347 = PLANE('',#8348);
#8348 = AXIS2_PLACEMENT_3D('',#8349,#8350,#8351);
#8349 = CARTESIAN_POINT('',(-0.8,0.1,5.1E-002));
#8350 = DIRECTION('',(-1.,0.E+000,0.E+000));
#8351 = DIRECTION('',(0.E+000,0.E+000,1.));
#8352 = ADVANCED_FACE('',(#8353),#8369,.T.);
#8353 = FACE_BOUND('',#8354,.T.);
#8354 = EDGE_LOOP('',(#8355,#8361,#8362,#8368));
#8355 = ORIENTED_EDGE('',*,*,#8356,.T.);
#8356 = EDGE_CURVE('',#8253,#8253,#8357,.T.);
#8357 = LINE('',#8358,#8359);
#8358 = CARTESIAN_POINT('',(-0.851,0.4,0.E+000));
#8359 = VECTOR('',#8360,1.);
#8360 = DIRECTION('',(1.,0.E+000,0.E+000));
#8361 = ORIENTED_EDGE('',*,*,#8327,.T.);
#8362 = ORIENTED_EDGE('',*,*,#8363,.T.);
#8363 = EDGE_CURVE('',#8206,#8206,#8364,.T.);
#8364 = LINE('',#8365,#8366);
#8365 = CARTESIAN_POINT('',(-0.42,0.1,0.E+000));
#8366 = VECTOR('',#8367,1.);
#8367 = DIRECTION('',(-1.,0.E+000,0.E+000));
#8368 = ORIENTED_EDGE('',*,*,#8260,.T.);
#8369 = PLANE('',#8370);
#8370 = AXIS2_PLACEMENT_3D('',#8371,#8372,#8373);
#8371 = CARTESIAN_POINT('',(-0.851,0.4,0.E+000));
#8372 = DIRECTION('',(0.E+000,0.E+000,-1.));
#8373 = DIRECTION('',(0.E+000,1.,0.E+000));
#8374 = ADVANCED_FACE('',(#8375),#8381,.F.);
#8375 = FACE_BOUND('',#8376,.F.);
#8376 = EDGE_LOOP('',(#8377,#8378,#8379,#8380));
#8377 = ORIENTED_EDGE('',*,*,#8260,.F.);
#8378 = ORIENTED_EDGE('',*,*,#8363,.T.);
#8379 = ORIENTED_EDGE('',*,*,#8260,.T.);
#8380 = ORIENTED_EDGE('',*,*,#8356,.T.);
#8381 = PLANE('',#8382);
#8382 = AXIS2_PLACEMENT_3D('',#8383,#8384,#8385);
#8383 = CARTESIAN_POINT('',(-0.851,0.4,0.E+000));
#8384 = DIRECTION('',(1.,0.E+000,0.E+000));
#8385 = DIRECTION('',(0.E+000,0.E+000,1.));
#8386 = MANIFOLD_SOLID_BREP('',#8387);
#8387 = CLOSED_SHELL('',(#8388,#8428,#8459,#8490,#8512,#8529,#8541,#8563
    ));
#8388 = ADVANCED_FACE('',(#8389),#8423,.T.);
#8389 = FACE_BOUND('',#8390,.T.);
#8390 = EDGE_LOOP('',(#8391,#8401,#8409,#8417));
#8391 = ORIENTED_EDGE('',*,*,#8392,.F.);
#8392 = EDGE_CURVE('',#8393,#8395,#8397,.T.);
#8393 = VERTEX_POINT('',#8394);
#8394 = CARTESIAN_POINT('',(-0.42,0.6,5.1E-002));
#8395 = VERTEX_POINT('',#8396);
#8396 = CARTESIAN_POINT('',(-0.6355,0.6,0.E+000));
#8397 = LINE('',#8398,#8399);
#8398 = CARTESIAN_POINT('',(-0.42,0.6,5.1E-002));
#8399 = VECTOR('',#8400,1.);
#8400 = DIRECTION('',(0.E+000,0.E+000,-1.));
#8401 = ORIENTED_EDGE('',*,*,#8402,.F.);
#8402 = EDGE_CURVE('',#8403,#8393,#8405,.T.);
#8403 = VERTEX_POINT('',#8404);
#8404 = CARTESIAN_POINT('',(-0.8,0.6,5.1E-002));
#8405 = LINE('',#8406,#8407);
#8406 = CARTESIAN_POINT('',(-0.8,0.6,5.1E-002));
#8407 = VECTOR('',#8408,1.);
#8408 = DIRECTION('',(1.,0.E+000,0.E+000));
#8409 = ORIENTED_EDGE('',*,*,#8410,.F.);
#8410 = EDGE_CURVE('',#8411,#8403,#8413,.T.);
#8411 = VERTEX_POINT('',#8412);
#8412 = CARTESIAN_POINT('',(-0.8,0.6,0.E+000));
#8413 = LINE('',#8414,#8415);
#8414 = CARTESIAN_POINT('',(-0.8,0.6,0.E+000));
#8415 = VECTOR('',#8416,1.);
#8416 = DIRECTION('',(0.E+000,0.E+000,1.));
#8417 = ORIENTED_EDGE('',*,*,#8418,.F.);
#8418 = EDGE_CURVE('',#8395,#8411,#8419,.T.);
#8419 = LINE('',#8420,#8421);
#8420 = CARTESIAN_POINT('',(-0.851,0.6,0.E+000));
#8421 = VECTOR('',#8422,1.);
#8422 = DIRECTION('',(1.,0.E+000,0.E+000));
#8423 = PLANE('',#8424);
#8424 = AXIS2_PLACEMENT_3D('',#8425,#8426,#8427);
#8425 = CARTESIAN_POINT('',(-0.851,0.6,0.E+000));
#8426 = DIRECTION('',(0.E+000,-1.,0.E+000));
#8427 = DIRECTION('',(0.E+000,0.E+000,1.));
#8428 = ADVANCED_FACE('',(#8429),#8454,.T.);
#8429 = FACE_BOUND('',#8430,.T.);
#8430 = EDGE_LOOP('',(#8431,#8432,#8440,#8448));
#8431 = ORIENTED_EDGE('',*,*,#8418,.T.);
#8432 = ORIENTED_EDGE('',*,*,#8433,.F.);
#8433 = EDGE_CURVE('',#8434,#8411,#8436,.T.);
#8434 = VERTEX_POINT('',#8435);
#8435 = CARTESIAN_POINT('',(-0.8,0.9,0.E+000));
#8436 = LINE('',#8437,#8438);
#8437 = CARTESIAN_POINT('',(-0.8,0.9,0.E+000));
#8438 = VECTOR('',#8439,1.);
#8439 = DIRECTION('',(0.E+000,-1.,0.E+000));
#8440 = ORIENTED_EDGE('',*,*,#8441,.T.);
#8441 = EDGE_CURVE('',#8434,#8442,#8444,.T.);
#8442 = VERTEX_POINT('',#8443);
#8443 = CARTESIAN_POINT('',(-0.6355,0.9,0.E+000));
#8444 = LINE('',#8445,#8446);
#8445 = CARTESIAN_POINT('',(-0.8,0.9,0.E+000));
#8446 = VECTOR('',#8447,1.);
#8447 = DIRECTION('',(-1.,0.E+000,0.E+000));
#8448 = ORIENTED_EDGE('',*,*,#8449,.F.);
#8449 = EDGE_CURVE('',#8395,#8442,#8450,.T.);
#8450 = LINE('',#8451,#8452);
#8451 = CARTESIAN_POINT('',(-0.851,0.6,0.E+000));
#8452 = VECTOR('',#8453,1.);
#8453 = DIRECTION('',(0.E+000,1.,0.E+000));
#8454 = PLANE('',#8455);
#8455 = AXIS2_PLACEMENT_3D('',#8456,#8457,#8458);
#8456 = CARTESIAN_POINT('',(-0.851,0.6,0.E+000));
#8457 = DIRECTION('',(0.E+000,0.E+000,1.));
#8458 = DIRECTION('',(0.E+000,1.,0.E+000));
#8459 = ADVANCED_FACE('',(#8460),#8485,.F.);
#8460 = FACE_BOUND('',#8461,.F.);
#8461 = EDGE_LOOP('',(#8462,#8470,#8478,#8484));
#8462 = ORIENTED_EDGE('',*,*,#8463,.T.);
#8463 = EDGE_CURVE('',#8442,#8464,#8466,.T.);
#8464 = VERTEX_POINT('',#8465);
#8465 = CARTESIAN_POINT('',(-0.42,0.9,5.1E-002));
#8466 = LINE('',#8467,#8468);
#8467 = CARTESIAN_POINT('',(-0.42,0.9,0.E+000));
#8468 = VECTOR('',#8469,1.);
#8469 = DIRECTION('',(0.E+000,0.E+000,1.));
#8470 = ORIENTED_EDGE('',*,*,#8471,.T.);
#8471 = EDGE_CURVE('',#8464,#8472,#8474,.T.);
#8472 = VERTEX_POINT('',#8473);
#8473 = CARTESIAN_POINT('',(-0.8,0.9,5.1E-002));
#8474 = LINE('',#8475,#8476);
#8475 = CARTESIAN_POINT('',(-0.42,0.9,5.1E-002));
#8476 = VECTOR('',#8477,1.);
#8477 = DIRECTION('',(-1.,0.E+000,0.E+000));
#8478 = ORIENTED_EDGE('',*,*,#8479,.T.);
#8479 = EDGE_CURVE('',#8472,#8434,#8480,.T.);
#8480 = LINE('',#8481,#8482);
#8481 = CARTESIAN_POINT('',(-0.8,0.9,5.1E-002));
#8482 = VECTOR('',#8483,1.);
#8483 = DIRECTION('',(0.E+000,0.E+000,-1.));
#8484 = ORIENTED_EDGE('',*,*,#8441,.T.);
#8485 = PLANE('',#8486);
#8486 = AXIS2_PLACEMENT_3D('',#8487,#8488,#8489);
#8487 = CARTESIAN_POINT('',(-0.42,0.9,0.E+000));
#8488 = DIRECTION('',(0.E+000,-1.,0.E+000));
#8489 = DIRECTION('',(0.E+000,0.E+000,1.));
#8490 = ADVANCED_FACE('',(#8491),#8507,.T.);
#8491 = FACE_BOUND('',#8492,.T.);
#8492 = EDGE_LOOP('',(#8493,#8494,#8500,#8501));
#8493 = ORIENTED_EDGE('',*,*,#8402,.T.);
#8494 = ORIENTED_EDGE('',*,*,#8495,.F.);
#8495 = EDGE_CURVE('',#8464,#8393,#8496,.T.);
#8496 = LINE('',#8497,#8498);
#8497 = CARTESIAN_POINT('',(-0.42,0.9,5.1E-002));
#8498 = VECTOR('',#8499,1.);
#8499 = DIRECTION('',(0.E+000,-1.,0.E+000));
#8500 = ORIENTED_EDGE('',*,*,#8471,.T.);
#8501 = ORIENTED_EDGE('',*,*,#8502,.F.);
#8502 = EDGE_CURVE('',#8403,#8472,#8503,.T.);
#8503 = LINE('',#8504,#8505);
#8504 = CARTESIAN_POINT('',(-0.8,0.6,5.1E-002));
#8505 = VECTOR('',#8506,1.);
#8506 = DIRECTION('',(0.E+000,1.,0.E+000));
#8507 = PLANE('',#8508);
#8508 = AXIS2_PLACEMENT_3D('',#8509,#8510,#8511);
#8509 = CARTESIAN_POINT('',(-0.8,0.6,5.1E-002));
#8510 = DIRECTION('',(0.E+000,0.E+000,1.));
#8511 = DIRECTION('',(0.E+000,1.,0.E+000));
#8512 = ADVANCED_FACE('',(#8513),#8524,.T.);
#8513 = FACE_BOUND('',#8514,.T.);
#8514 = EDGE_LOOP('',(#8515,#8521,#8522,#8523));
#8515 = ORIENTED_EDGE('',*,*,#8516,.F.);
#8516 = EDGE_CURVE('',#8442,#8395,#8517,.T.);
#8517 = LINE('',#8518,#8519);
#8518 = CARTESIAN_POINT('',(-0.42,0.9,0.E+000));
#8519 = VECTOR('',#8520,1.);
#8520 = DIRECTION('',(0.E+000,-1.,0.E+000));
#8521 = ORIENTED_EDGE('',*,*,#8463,.T.);
#8522 = ORIENTED_EDGE('',*,*,#8495,.T.);
#8523 = ORIENTED_EDGE('',*,*,#8392,.T.);
#8524 = PLANE('',#8525);
#8525 = AXIS2_PLACEMENT_3D('',#8526,#8527,#8528);
#8526 = CARTESIAN_POINT('',(-0.42,0.6,0.E+000));
#8527 = DIRECTION('',(1.,0.E+000,0.E+000));
#8528 = DIRECTION('',(0.E+000,0.E+000,1.));
#8529 = ADVANCED_FACE('',(#8530),#8536,.T.);
#8530 = FACE_BOUND('',#8531,.T.);
#8531 = EDGE_LOOP('',(#8532,#8533,#8534,#8535));
#8532 = ORIENTED_EDGE('',*,*,#8502,.T.);
#8533 = ORIENTED_EDGE('',*,*,#8479,.T.);
#8534 = ORIENTED_EDGE('',*,*,#8433,.T.);
#8535 = ORIENTED_EDGE('',*,*,#8410,.T.);
#8536 = PLANE('',#8537);
#8537 = AXIS2_PLACEMENT_3D('',#8538,#8539,#8540);
#8538 = CARTESIAN_POINT('',(-0.8,0.6,5.1E-002));
#8539 = DIRECTION('',(-1.,0.E+000,0.E+000));
#8540 = DIRECTION('',(0.E+000,0.E+000,1.));
#8541 = ADVANCED_FACE('',(#8542),#8558,.T.);
#8542 = FACE_BOUND('',#8543,.T.);
#8543 = EDGE_LOOP('',(#8544,#8550,#8551,#8557));
#8544 = ORIENTED_EDGE('',*,*,#8545,.T.);
#8545 = EDGE_CURVE('',#8442,#8442,#8546,.T.);
#8546 = LINE('',#8547,#8548);
#8547 = CARTESIAN_POINT('',(-0.851,0.9,0.E+000));
#8548 = VECTOR('',#8549,1.);
#8549 = DIRECTION('',(1.,0.E+000,0.E+000));
#8550 = ORIENTED_EDGE('',*,*,#8516,.T.);
#8551 = ORIENTED_EDGE('',*,*,#8552,.T.);
#8552 = EDGE_CURVE('',#8395,#8395,#8553,.T.);
#8553 = LINE('',#8554,#8555);
#8554 = CARTESIAN_POINT('',(-0.42,0.6,0.E+000));
#8555 = VECTOR('',#8556,1.);
#8556 = DIRECTION('',(-1.,0.E+000,0.E+000));
#8557 = ORIENTED_EDGE('',*,*,#8449,.T.);
#8558 = PLANE('',#8559);
#8559 = AXIS2_PLACEMENT_3D('',#8560,#8561,#8562);
#8560 = CARTESIAN_POINT('',(-0.851,0.9,0.E+000));
#8561 = DIRECTION('',(0.E+000,0.E+000,-1.));
#8562 = DIRECTION('',(0.E+000,1.,0.E+000));
#8563 = ADVANCED_FACE('',(#8564),#8570,.F.);
#8564 = FACE_BOUND('',#8565,.F.);
#8565 = EDGE_LOOP('',(#8566,#8567,#8568,#8569));
#8566 = ORIENTED_EDGE('',*,*,#8449,.F.);
#8567 = ORIENTED_EDGE('',*,*,#8552,.T.);
#8568 = ORIENTED_EDGE('',*,*,#8449,.T.);
#8569 = ORIENTED_EDGE('',*,*,#8545,.T.);
#8570 = PLANE('',#8571);
#8571 = AXIS2_PLACEMENT_3D('',#8572,#8573,#8574);
#8572 = CARTESIAN_POINT('',(-0.851,0.9,0.E+000));
#8573 = DIRECTION('',(1.,0.E+000,0.E+000));
#8574 = DIRECTION('',(0.E+000,0.E+000,1.));
#8575 = ( GEOMETRIC_REPRESENTATION_CONTEXT(3) 
GLOBAL_UNCERTAINTY_ASSIGNED_CONTEXT((#8579)) 
GLOBAL_UNIT_ASSIGNED_CONTEXT((#8576,#8577,#8578)) REPRESENTATION_CONTEXT
('Context #1','3D Context with UNIT and UNCERTAINTY') );
#8576 = ( LENGTH_UNIT() NAMED_UNIT(*) SI_UNIT(.MILLI.,.METRE.) );
#8577 = ( NAMED_UNIT(*) PLANE_ANGLE_UNIT() SI_UNIT($,.RADIAN.) );
#8578 = ( NAMED_UNIT(*) SI_UNIT($,.STERADIAN.) SOLID_ANGLE_UNIT() );
#8579 = UNCERTAINTY_MEASURE_WITH_UNIT(LENGTH_MEASURE(0.1),#8576,
  'distance_accuracy_value','confusion accuracy');
#8580 = SHAPE_DEFINITION_REPRESENTATION(#8581,#6710);
#8581 = PRODUCT_DEFINITION_SHAPE('','',#8582);
#8582 = PRODUCT_DEFINITION('design','',#8583,#8586);
#8583 = PRODUCT_DEFINITION_FORMATION('','',#8584);
#8584 = PRODUCT('DPV8_1P7X0P4','DPV8_1P7X0P4','',(#8585));
#8585 = PRODUCT_CONTEXT('',#2,'mechanical');
#8586 = PRODUCT_DEFINITION_CONTEXT('part definition',#2,'design');
#8587 = CONTEXT_DEPENDENT_SHAPE_REPRESENTATION(#8588,#8590);
#8588 = ( REPRESENTATION_RELATIONSHIP('','',#6710,#6700) 
REPRESENTATION_RELATIONSHIP_WITH_TRANSFORMATION(#8589) 
SHAPE_REPRESENTATION_RELATIONSHIP() );
#8589 = ITEM_DEFINED_TRANSFORMATION('','',#11,#6701);
#8590 = PRODUCT_DEFINITION_SHAPE('Placement','Placement of an item',
  #8591);
#8591 = NEXT_ASSEMBLY_USAGE_OCCURRENCE('11','','',#6695,#8582,$);
#8592 = PRODUCT_RELATED_PRODUCT_CATEGORY('part',$,(#8584));
#8593 = CONTEXT_DEPENDENT_SHAPE_REPRESENTATION(#8594,#8596);
#8594 = ( REPRESENTATION_RELATIONSHIP('','',#6700,#10) 
REPRESENTATION_RELATIONSHIP_WITH_TRANSFORMATION(#8595) 
SHAPE_REPRESENTATION_RELATIONSHIP() );
#8595 = ITEM_DEFINED_TRANSFORMATION('','',#11,#35);
#8596 = PRODUCT_DEFINITION_SHAPE('Placement','Placement of an item',
  #8597);
#8597 = NEXT_ASSEMBLY_USAGE_OCCURRENCE('12','','',#5,#6695,$);
#8598 = PRODUCT_RELATED_PRODUCT_CATEGORY('part',$,(#6697));
#8599 = SHAPE_DEFINITION_REPRESENTATION(#8600,#8606);
#8600 = PRODUCT_DEFINITION_SHAPE('','',#8601);
#8601 = PRODUCT_DEFINITION('design','',#8602,#8605);
#8602 = PRODUCT_DEFINITION_FORMATION('','',#8603);
#8603 = PRODUCT('R2','R2','',(#8604));
#8604 = PRODUCT_CONTEXT('',#2,'mechanical');
#8605 = PRODUCT_DEFINITION_CONTEXT('part definition',#2,'design');
#8606 = SHAPE_REPRESENTATION('',(#11,#8607),#8611);
#8607 = AXIS2_PLACEMENT_3D('',#8608,#8609,#8610);
#8608 = CARTESIAN_POINT('',(12.600047201543,8.328781248679E-005,0.E+000)
  );
#8609 = DIRECTION('',(0.E+000,-0.E+000,1.));
#8610 = DIRECTION('',(1.,1.748455531469E-007,0.E+000));
#8611 = ( GEOMETRIC_REPRESENTATION_CONTEXT(3) 
GLOBAL_UNCERTAINTY_ASSIGNED_CONTEXT((#8615)) 
GLOBAL_UNIT_ASSIGNED_CONTEXT((#8612,#8613,#8614)) REPRESENTATION_CONTEXT
('Context #1','3D Context with UNIT and UNCERTAINTY') );
#8612 = ( LENGTH_UNIT() NAMED_UNIT(*) SI_UNIT(.MILLI.,.METRE.) );
#8613 = ( NAMED_UNIT(*) PLANE_ANGLE_UNIT() SI_UNIT($,.RADIAN.) );
#8614 = ( NAMED_UNIT(*) SI_UNIT($,.STERADIAN.) SOLID_ANGLE_UNIT() );
#8615 = UNCERTAINTY_MEASURE_WITH_UNIT(LENGTH_MEASURE(1.E-007),#8612,
  'distance_accuracy_value','confusion accuracy');
#8616 = CONTEXT_DEPENDENT_SHAPE_REPRESENTATION(#8617,#8619);
#8617 = ( REPRESENTATION_RELATIONSHIP('','',#6190,#8606) 
REPRESENTATION_RELATIONSHIP_WITH_TRANSFORMATION(#8618) 
SHAPE_REPRESENTATION_RELATIONSHIP() );
#8618 = ITEM_DEFINED_TRANSFORMATION('','',#11,#8607);
#8619 = PRODUCT_DEFINITION_SHAPE('Placement','Placement of an item',
  #8620);
#8620 = NEXT_ASSEMBLY_USAGE_OCCURRENCE('13','','',#8601,#6648,$);
#8621 = CONTEXT_DEPENDENT_SHAPE_REPRESENTATION(#8622,#8624);
#8622 = ( REPRESENTATION_RELATIONSHIP('','',#8606,#10) 
REPRESENTATION_RELATIONSHIP_WITH_TRANSFORMATION(#8623) 
SHAPE_REPRESENTATION_RELATIONSHIP() );
#8623 = ITEM_DEFINED_TRANSFORMATION('','',#11,#39);
#8624 = PRODUCT_DEFINITION_SHAPE('Placement','Placement of an item',
  #8625);
#8625 = NEXT_ASSEMBLY_USAGE_OCCURRENCE('14','','',#5,#8601,$);
#8626 = PRODUCT_RELATED_PRODUCT_CATEGORY('part',$,(#8603));
#8627 = SHAPE_DEFINITION_REPRESENTATION(#8628,#8634);
#8628 = PRODUCT_DEFINITION_SHAPE('','',#8629);
#8629 = PRODUCT_DEFINITION('design','',#8630,#8633);
#8630 = PRODUCT_DEFINITION_FORMATION('','',#8631);
#8631 = PRODUCT('R1','R1','',(#8632));
#8632 = PRODUCT_CONTEXT('',#2,'mechanical');
#8633 = PRODUCT_DEFINITION_CONTEXT('part definition',#2,'design');
#8634 = SHAPE_REPRESENTATION('',(#11,#8635),#8639);
#8635 = AXIS2_PLACEMENT_3D('',#8636,#8637,#8638);
#8636 = CARTESIAN_POINT('',(7.999949545293,-0.300087610625,0.E+000));
#8637 = DIRECTION('',(0.E+000,0.E+000,1.));
#8638 = DIRECTION('',(-1.,-8.742277657348E-008,0.E+000));
#8639 = ( GEOMETRIC_REPRESENTATION_CONTEXT(3) 
GLOBAL_UNCERTAINTY_ASSIGNED_CONTEXT((#8643)) 
GLOBAL_UNIT_ASSIGNED_CONTEXT((#8640,#8641,#8642)) REPRESENTATION_CONTEXT
('Context #1','3D Context with UNIT and UNCERTAINTY') );
#8640 = ( LENGTH_UNIT() NAMED_UNIT(*) SI_UNIT(.MILLI.,.METRE.) );
#8641 = ( NAMED_UNIT(*) PLANE_ANGLE_UNIT() SI_UNIT($,.RADIAN.) );
#8642 = ( NAMED_UNIT(*) SI_UNIT($,.STERADIAN.) SOLID_ANGLE_UNIT() );
#8643 = UNCERTAINTY_MEASURE_WITH_UNIT(LENGTH_MEASURE(1.E-007),#8640,
  'distance_accuracy_value','confusion accuracy');
#8644 = CONTEXT_DEPENDENT_SHAPE_REPRESENTATION(#8645,#8647);
#8645 = ( REPRESENTATION_RELATIONSHIP('','',#6190,#8634) 
REPRESENTATION_RELATIONSHIP_WITH_TRANSFORMATION(#8646) 
SHAPE_REPRESENTATION_RELATIONSHIP() );
#8646 = ITEM_DEFINED_TRANSFORMATION('','',#11,#8635);
#8647 = PRODUCT_DEFINITION_SHAPE('Placement','Placement of an item',
  #8648);
#8648 = NEXT_ASSEMBLY_USAGE_OCCURRENCE('15','','',#8629,#6648,$);
#8649 = CONTEXT_DEPENDENT_SHAPE_REPRESENTATION(#8650,#8652);
#8650 = ( REPRESENTATION_RELATIONSHIP('','',#8634,#10) 
REPRESENTATION_RELATIONSHIP_WITH_TRANSFORMATION(#8651) 
SHAPE_REPRESENTATION_RELATIONSHIP() );
#8651 = ITEM_DEFINED_TRANSFORMATION('','',#11,#43);
#8652 = PRODUCT_DEFINITION_SHAPE('Placement','Placement of an item',
  #8653);
#8653 = NEXT_ASSEMBLY_USAGE_OCCURRENCE('16','','',#5,#8629,$);
#8654 = PRODUCT_RELATED_PRODUCT_CATEGORY('part',$,(#8631));
#8655 = SHAPE_DEFINITION_REPRESENTATION(#8656,#8662);
#8656 = PRODUCT_DEFINITION_SHAPE('','',#8657);
#8657 = PRODUCT_DEFINITION('design','',#8658,#8661);
#8658 = PRODUCT_DEFINITION_FORMATION('','',#8659);
#8659 = PRODUCT('C2','C2','',(#8660));
#8660 = PRODUCT_CONTEXT('',#2,'mechanical');
#8661 = PRODUCT_DEFINITION_CONTEXT('part definition',#2,'design');
#8662 = SHAPE_REPRESENTATION('',(#11,#8663),#8667);
#8663 = AXIS2_PLACEMENT_3D('',#8664,#8665,#8666);
#8664 = CARTESIAN_POINT('',(14.575045675664,-1.025093714141,0.E+000));
#8665 = DIRECTION('',(1.,4.371138828674E-008,-4.371140912996E-008));
#8666 = DIRECTION('',(-4.371138828674E-008,1.,1.840849544066E-031));
#8667 = ( GEOMETRIC_REPRESENTATION_CONTEXT(3) 
GLOBAL_UNCERTAINTY_ASSIGNED_CONTEXT((#8671)) 
GLOBAL_UNIT_ASSIGNED_CONTEXT((#8668,#8669,#8670)) REPRESENTATION_CONTEXT
('Context #1','3D Context with UNIT and UNCERTAINTY') );
#8668 = ( LENGTH_UNIT() NAMED_UNIT(*) SI_UNIT(.MILLI.,.METRE.) );
#8669 = ( NAMED_UNIT(*) PLANE_ANGLE_UNIT() SI_UNIT($,.RADIAN.) );
#8670 = ( NAMED_UNIT(*) SI_UNIT($,.STERADIAN.) SOLID_ANGLE_UNIT() );
#8671 = UNCERTAINTY_MEASURE_WITH_UNIT(LENGTH_MEASURE(2.E-007),#8668,
  'distance_accuracy_value','confusion accuracy');
#8672 = SHAPE_REPRESENTATION('',(#11,#8673,#10497,#11076,#11853),#12234
  );
#8673 = MANIFOLD_SOLID_BREP('',#8674);
#8674 = CLOSED_SHELL('',(#8675,#8733,#8764,#8804,#8842,#8898,#8929,#8959
    ,#8989,#9047,#9078,#9109,#9140,#9171,#9207,#9247,#9287,#9323,#9354,
    #9394,#9434,#9474,#9514,#9554,#9576,#9600,#9623,#9646,#9664,#9682,
    #9706,#9724,#9742,#9814,#9831,#9848,#9865,#9882,#9928,#9946,#9964,
    #10018,#10029,#10040,#10063,#10087,#10110,#10133,#10151,#10169,
    #10193,#10211,#10229,#10255,#10266,#10283,#10300,#10317,#10340,
    #10358,#10376,#10396,#10407,#10418,#10441,#10455,#10469,#10483));
#8675 = ADVANCED_FACE('',(#8676),#8728,.T.);
#8676 = FACE_BOUND('',#8677,.T.);
#8677 = EDGE_LOOP('',(#8678,#8689,#8697,#8705,#8713,#8722));
#8678 = ORIENTED_EDGE('',*,*,#8679,.T.);
#8679 = EDGE_CURVE('',#8680,#8682,#8684,.T.);
#8680 = VERTEX_POINT('',#8681);
#8681 = CARTESIAN_POINT('',(0.28856,0.E+000,-0.53856));
#8682 = VERTEX_POINT('',#8683);
#8683 = CARTESIAN_POINT('',(0.3,1.144E-002,-0.53856));
#8684 = CIRCLE('',#8685,1.144E-002);
#8685 = AXIS2_PLACEMENT_3D('',#8686,#8687,#8688);
#8686 = CARTESIAN_POINT('',(0.28856,1.144E-002,-0.53856));
#8687 = DIRECTION('',(0.E+000,0.E+000,1.));
#8688 = DIRECTION('',(-1.,0.E+000,-0.E+000));
#8689 = ORIENTED_EDGE('',*,*,#8690,.T.);
#8690 = EDGE_CURVE('',#8682,#8691,#8693,.T.);
#8691 = VERTEX_POINT('',#8692);
#8692 = CARTESIAN_POINT('',(0.3,1.144E-002,-0.52712));
#8693 = LINE('',#8694,#8695);
#8694 = CARTESIAN_POINT('',(0.3,1.144E-002,0.E+000));
#8695 = VECTOR('',#8696,1.);
#8696 = DIRECTION('',(0.E+000,0.E+000,1.));
#8697 = ORIENTED_EDGE('',*,*,#8698,.T.);
#8698 = EDGE_CURVE('',#8691,#8699,#8701,.T.);
#8699 = VERTEX_POINT('',#8700);
#8700 = CARTESIAN_POINT('',(0.3,1.144E-002,-2.288E-002));
#8701 = LINE('',#8702,#8703);
#8702 = CARTESIAN_POINT('',(0.3,1.144E-002,-0.55));
#8703 = VECTOR('',#8704,1.);
#8704 = DIRECTION('',(-0.E+000,-0.E+000,1.));
#8705 = ORIENTED_EDGE('',*,*,#8706,.T.);
#8706 = EDGE_CURVE('',#8699,#8707,#8709,.T.);
#8707 = VERTEX_POINT('',#8708);
#8708 = CARTESIAN_POINT('',(0.3,1.144E-002,-1.144E-002));
#8709 = LINE('',#8710,#8711);
#8710 = CARTESIAN_POINT('',(0.3,1.144E-002,0.E+000));
#8711 = VECTOR('',#8712,1.);
#8712 = DIRECTION('',(0.E+000,0.E+000,1.));
#8713 = ORIENTED_EDGE('',*,*,#8714,.T.);
#8714 = EDGE_CURVE('',#8707,#8715,#8717,.T.);
#8715 = VERTEX_POINT('',#8716);
#8716 = CARTESIAN_POINT('',(0.28856,0.E+000,-1.144E-002));
#8717 = CIRCLE('',#8718,1.144E-002);
#8718 = AXIS2_PLACEMENT_3D('',#8719,#8720,#8721);
#8719 = CARTESIAN_POINT('',(0.28856,1.144E-002,-1.144E-002));
#8720 = DIRECTION('',(-3.405901710988E-015,-0.E+000,-1.));
#8721 = DIRECTION('',(1.,0.E+000,-3.405901710988E-015));
#8722 = ORIENTED_EDGE('',*,*,#8723,.F.);
#8723 = EDGE_CURVE('',#8680,#8715,#8724,.T.);
#8724 = LINE('',#8725,#8726);
#8725 = CARTESIAN_POINT('',(0.28856,0.E+000,0.E+000));
#8726 = VECTOR('',#8727,1.);
#8727 = DIRECTION('',(0.E+000,0.E+000,1.));
#8728 = CYLINDRICAL_SURFACE('',#8729,1.144E-002);
#8729 = AXIS2_PLACEMENT_3D('',#8730,#8731,#8732);
#8730 = CARTESIAN_POINT('',(0.28856,1.144E-002,0.E+000));
#8731 = DIRECTION('',(0.E+000,0.E+000,1.));
#8732 = DIRECTION('',(1.,0.E+000,-0.E+000));
#8733 = ADVANCED_FACE('',(#8734),#8759,.T.);
#8734 = FACE_BOUND('',#8735,.T.);
#8735 = EDGE_LOOP('',(#8736,#8737,#8746));
#8736 = ORIENTED_EDGE('',*,*,#8690,.F.);
#8737 = ORIENTED_EDGE('',*,*,#8738,.T.);
#8738 = EDGE_CURVE('',#8682,#8739,#8741,.T.);
#8739 = VERTEX_POINT('',#8740);
#8740 = CARTESIAN_POINT('',(0.299498300654,1.479069842323E-002,
    -0.535209301577));
#8741 = ( BOUNDED_CURVE() B_SPLINE_CURVE(3,(#8742,#8743,#8744,#8745),
.UNSPECIFIED.,.F.,.F.) B_SPLINE_CURVE_WITH_KNOTS((4,4),(1.570796326795,
1.86804768743),.PIECEWISE_BEZIER_KNOTS.) CURVE() 
GEOMETRIC_REPRESENTATION_ITEM() RATIONAL_B_SPLINE_CURVE((1.,
0.992650346577,0.992650346577,1.)) REPRESENTATION_ITEM('') );
#8742 = CARTESIAN_POINT('',(0.3,1.144E-002,-0.53856));
#8743 = CARTESIAN_POINT('',(0.3,1.257771175529E-002,-0.537422288245));
#8744 = CARTESIAN_POINT('',(0.299831528662,1.370288082994E-002,
    -0.53629711917));
#8745 = CARTESIAN_POINT('',(0.299498300654,1.479069842323E-002,
    -0.535209301577));
#8746 = ORIENTED_EDGE('',*,*,#8747,.T.);
#8747 = EDGE_CURVE('',#8739,#8691,#8748,.T.);
#8748 = B_SPLINE_CURVE_WITH_KNOTS('',3,(#8749,#8750,#8751,#8752,#8753,
    #8754,#8755,#8756,#8757,#8758),.UNSPECIFIED.,.F.,.F.,(4,3,3,4),(
    0.E+000,3.600817818563E-006,7.182643422685E-006,8.953374655983E-006)
  ,.UNSPECIFIED.);
#8749 = CARTESIAN_POINT('',(0.299498300654,1.479069842323E-002,
    -0.535209301577));
#8750 = CARTESIAN_POINT('',(0.299752394423,1.396121343666E-002,
    -0.53437981659));
#8751 = CARTESIAN_POINT('',(0.299871792392,1.323365377589E-002,
    -0.533385674751));
#8752 = CARTESIAN_POINT('',(0.299931615198,1.268898670756E-002,
    -0.532317773376));
#8753 = CARTESIAN_POINT('',(0.299991233762,1.21461791945E-002,
    -0.531253517939));
#8754 = CARTESIAN_POINT('',(0.299996852809,1.176689098586E-002,
    -0.530087024909));
#8755 = CARTESIAN_POINT('',(0.299999140912,1.158019695108E-002,
    -0.528905511427));
#8756 = CARTESIAN_POINT('',(0.300000282889,1.148701926855E-002,
    -0.52831582634));
#8757 = CARTESIAN_POINT('',(0.3,1.144E-002,-0.527717002418));
#8758 = CARTESIAN_POINT('',(0.3,1.144E-002,-0.52712));
#8759 = CYLINDRICAL_SURFACE('',#8760,1.144E-002);
#8760 = AXIS2_PLACEMENT_3D('',#8761,#8762,#8763);
#8761 = CARTESIAN_POINT('',(0.28856,1.144E-002,0.E+000));
#8762 = DIRECTION('',(0.E+000,0.E+000,1.));
#8763 = DIRECTION('',(1.,0.E+000,-0.E+000));
#8764 = ADVANCED_FACE('',(#8765),#8799,.T.);
#8765 = FACE_BOUND('',#8766,.T.);
#8766 = EDGE_LOOP('',(#8767,#8778,#8786));
#8767 = ORIENTED_EDGE('',*,*,#8768,.F.);
#8768 = EDGE_CURVE('',#8769,#8771,#8773,.T.);
#8769 = VERTEX_POINT('',#8770);
#8770 = CARTESIAN_POINT('',(0.3,0.53856,-1.144E-002));
#8771 = VERTEX_POINT('',#8772);
#8772 = CARTESIAN_POINT('',(0.299498300654,0.535209301577,
    -1.479069842323E-002));
#8773 = ( BOUNDED_CURVE() B_SPLINE_CURVE(3,(#8774,#8775,#8776,#8777),
.UNSPECIFIED.,.F.,.F.) B_SPLINE_CURVE_WITH_KNOTS((4,4),(4.712388980385,
5.00964034102),.PIECEWISE_BEZIER_KNOTS.) CURVE() 
GEOMETRIC_REPRESENTATION_ITEM() RATIONAL_B_SPLINE_CURVE((1.,
0.992650346577,0.992650346577,1.)) REPRESENTATION_ITEM('') );
#8774 = CARTESIAN_POINT('',(0.3,0.53856,-1.144E-002));
#8775 = CARTESIAN_POINT('',(0.3,0.537422288245,-1.257771175529E-002));
#8776 = CARTESIAN_POINT('',(0.299831528662,0.53629711917,
    -1.370288082994E-002));
#8777 = CARTESIAN_POINT('',(0.299498300654,0.535209301577,
    -1.479069842323E-002));
#8778 = ORIENTED_EDGE('',*,*,#8779,.T.);
#8779 = EDGE_CURVE('',#8769,#8780,#8782,.T.);
#8780 = VERTEX_POINT('',#8781);
#8781 = CARTESIAN_POINT('',(0.3,0.52712,-1.144E-002));
#8782 = LINE('',#8783,#8784);
#8783 = CARTESIAN_POINT('',(0.3,0.55,-1.144E-002));
#8784 = VECTOR('',#8785,1.);
#8785 = DIRECTION('',(9.477291717531E-015,-1.,0.E+000));
#8786 = ORIENTED_EDGE('',*,*,#8787,.T.);
#8787 = EDGE_CURVE('',#8780,#8771,#8788,.T.);
#8788 = B_SPLINE_CURVE_WITH_KNOTS('',3,(#8789,#8790,#8791,#8792,#8793,
    #8794,#8795,#8796,#8797,#8798),.UNSPECIFIED.,.F.,.F.,(4,3,3,4),(
    0.E+000,3.807012292924E-006,7.621886349125E-006,8.963476866336E-006)
  ,.UNSPECIFIED.);
#8789 = CARTESIAN_POINT('',(0.3,0.52712,-1.144E-002));
#8790 = CARTESIAN_POINT('',(0.3,0.528389004098,-1.144E-002));
#8791 = CARTESIAN_POINT('',(0.300005538045,0.529675363146,
    -1.165709674265E-002));
#8792 = CARTESIAN_POINT('',(0.299982449728,0.530873903618,
    -1.207343682633E-002));
#8793 = CARTESIAN_POINT('',(0.299959336654,0.532073729262,
    -1.249022334349E-002));
#8794 = CARTESIAN_POINT('',(0.299903961389,0.533220912038,
    -1.312106662224E-002));
#8795 = CARTESIAN_POINT('',(0.299732152111,0.534208829948,
    -1.390101954763E-002));
#8796 = CARTESIAN_POINT('',(0.299670881956,0.534561138532,
    -1.417916422666E-002));
#8797 = CARTESIAN_POINT('',(0.299594206421,0.53489621859,
    -1.447761543708E-002));
#8798 = CARTESIAN_POINT('',(0.299498300654,0.535209301577,
    -1.479069842323E-002));
#8799 = CYLINDRICAL_SURFACE('',#8800,1.144E-002);
#8800 = AXIS2_PLACEMENT_3D('',#8801,#8802,#8803);
#8801 = CARTESIAN_POINT('',(0.28856,0.55,-1.144E-002));
#8802 = DIRECTION('',(9.477291717531E-015,-1.,0.E+000));
#8803 = DIRECTION('',(1.,9.477291717531E-015,0.E+000));
#8804 = ADVANCED_FACE('',(#8805),#8837,.T.);
#8805 = FACE_BOUND('',#8806,.T.);
#8806 = EDGE_LOOP('',(#8807,#8824,#8830));
#8807 = ORIENTED_EDGE('',*,*,#8808,.T.);
#8808 = EDGE_CURVE('',#8809,#8811,#8813,.T.);
#8809 = VERTEX_POINT('',#8810);
#8810 = CARTESIAN_POINT('',(0.299498300654,1.479069842323E-002,
    -1.479069842323E-002));
#8811 = VERTEX_POINT('',#8812);
#8812 = CARTESIAN_POINT('',(0.3,2.288E-002,-1.144E-002));
#8813 = B_SPLINE_CURVE_WITH_KNOTS('',3,(#8814,#8815,#8816,#8817,#8818,
    #8819,#8820,#8821,#8822,#8823),.UNSPECIFIED.,.F.,.F.,(4,3,3,4),(
    0.E+000,3.600817818563E-006,7.182643422685E-006,8.953374655983E-006)
  ,.UNSPECIFIED.);
#8814 = CARTESIAN_POINT('',(0.299498300654,1.479069842323E-002,
    -1.479069842323E-002));
#8815 = CARTESIAN_POINT('',(0.299752394423,1.562018340979E-002,
    -1.396121343666E-002));
#8816 = CARTESIAN_POINT('',(0.299871792392,1.661432524897E-002,
    -1.323365377589E-002));
#8817 = CARTESIAN_POINT('',(0.299931615198,1.768222662351E-002,
    -1.268898670756E-002));
#8818 = CARTESIAN_POINT('',(0.299991233762,1.874648206141E-002,
    -1.21461791945E-002));
#8819 = CARTESIAN_POINT('',(0.299996852809,1.991297509093E-002,
    -1.176689098586E-002));
#8820 = CARTESIAN_POINT('',(0.299999140912,2.109448857307E-002,
    -1.158019695108E-002));
#8821 = CARTESIAN_POINT('',(0.300000282889,2.168417366013E-002,
    -1.148701926855E-002));
#8822 = CARTESIAN_POINT('',(0.3,2.228299758247E-002,-1.144E-002));
#8823 = CARTESIAN_POINT('',(0.3,2.288E-002,-1.144E-002));
#8824 = ORIENTED_EDGE('',*,*,#8825,.T.);
#8825 = EDGE_CURVE('',#8811,#8707,#8826,.T.);
#8826 = LINE('',#8827,#8828);
#8827 = CARTESIAN_POINT('',(0.3,0.55,-1.144E-002));
#8828 = VECTOR('',#8829,1.);
#8829 = DIRECTION('',(9.477291717531E-015,-1.,0.E+000));
#8830 = ORIENTED_EDGE('',*,*,#8831,.T.);
#8831 = EDGE_CURVE('',#8707,#8809,#8832,.T.);
#8832 = ( BOUNDED_CURVE() B_SPLINE_CURVE(3,(#8833,#8834,#8835,#8836),
.UNSPECIFIED.,.F.,.F.) B_SPLINE_CURVE_WITH_KNOTS((4,4),(1.570796326795,
1.86804768743),.PIECEWISE_BEZIER_KNOTS.) CURVE() 
GEOMETRIC_REPRESENTATION_ITEM() RATIONAL_B_SPLINE_CURVE((1.,
0.992650346577,0.992650346577,1.)) REPRESENTATION_ITEM('') );
#8833 = CARTESIAN_POINT('',(0.3,1.144E-002,-1.144E-002));
#8834 = CARTESIAN_POINT('',(0.3,1.257771175529E-002,-1.257771175529E-002
    ));
#8835 = CARTESIAN_POINT('',(0.299831528662,1.370288082994E-002,
    -1.370288082994E-002));
#8836 = CARTESIAN_POINT('',(0.299498300654,1.479069842323E-002,
    -1.479069842323E-002));
#8837 = CYLINDRICAL_SURFACE('',#8838,1.144E-002);
#8838 = AXIS2_PLACEMENT_3D('',#8839,#8840,#8841);
#8839 = CARTESIAN_POINT('',(0.28856,0.55,-1.144E-002));
#8840 = DIRECTION('',(9.477291717531E-015,-1.,0.E+000));
#8841 = DIRECTION('',(1.,9.477291717531E-015,0.E+000));
#8842 = ADVANCED_FACE('',(#8843),#8893,.T.);
#8843 = FACE_BOUND('',#8844,.T.);
#8844 = EDGE_LOOP('',(#8845,#8856,#8864,#8872,#8878,#8887));
#8845 = ORIENTED_EDGE('',*,*,#8846,.T.);
#8846 = EDGE_CURVE('',#8847,#8849,#8851,.T.);
#8847 = VERTEX_POINT('',#8848);
#8848 = CARTESIAN_POINT('',(0.28856,0.53856,-0.55));
#8849 = VERTEX_POINT('',#8850);
#8850 = CARTESIAN_POINT('',(0.3,0.53856,-0.53856));
#8851 = CIRCLE('',#8852,1.144E-002);
#8852 = AXIS2_PLACEMENT_3D('',#8853,#8854,#8855);
#8853 = CARTESIAN_POINT('',(0.28856,0.53856,-0.53856));
#8854 = DIRECTION('',(9.477291717531E-015,-1.,-4.490952914959E-029));
#8855 = DIRECTION('',(-1.,-9.477291717531E-015,0.E+000));
#8856 = ORIENTED_EDGE('',*,*,#8857,.T.);
#8857 = EDGE_CURVE('',#8849,#8858,#8860,.T.);
#8858 = VERTEX_POINT('',#8859);
#8859 = CARTESIAN_POINT('',(0.3,0.52712,-0.53856));
#8860 = LINE('',#8861,#8862);
#8861 = CARTESIAN_POINT('',(0.3,-7.107968788148E-015,-0.53856));
#8862 = VECTOR('',#8863,1.);
#8863 = DIRECTION('',(9.477291717531E-015,-1.,0.E+000));
#8864 = ORIENTED_EDGE('',*,*,#8865,.F.);
#8865 = EDGE_CURVE('',#8866,#8858,#8868,.T.);
#8866 = VERTEX_POINT('',#8867);
#8867 = CARTESIAN_POINT('',(0.3,2.288E-002,-0.53856));
#8868 = LINE('',#8869,#8870);
#8869 = CARTESIAN_POINT('',(0.3,0.E+000,-0.53856));
#8870 = VECTOR('',#8871,1.);
#8871 = DIRECTION('',(-0.E+000,1.,-0.E+000));
#8872 = ORIENTED_EDGE('',*,*,#8873,.T.);
#8873 = EDGE_CURVE('',#8866,#8682,#8874,.T.);
#8874 = LINE('',#8875,#8876);
#8875 = CARTESIAN_POINT('',(0.3,-7.107968788148E-015,-0.53856));
#8876 = VECTOR('',#8877,1.);
#8877 = DIRECTION('',(9.477291717531E-015,-1.,0.E+000));
#8878 = ORIENTED_EDGE('',*,*,#8879,.F.);
#8879 = EDGE_CURVE('',#8880,#8682,#8882,.T.);
#8880 = VERTEX_POINT('',#8881);
#8881 = CARTESIAN_POINT('',(0.28856,1.144E-002,-0.55));
#8882 = CIRCLE('',#8883,1.144E-002);
#8883 = AXIS2_PLACEMENT_3D('',#8884,#8885,#8886);
#8884 = CARTESIAN_POINT('',(0.28856,1.144E-002,-0.53856));
#8885 = DIRECTION('',(9.477291717531E-015,-1.,0.E+000));
#8886 = DIRECTION('',(1.,9.477291717531E-015,0.E+000));
#8887 = ORIENTED_EDGE('',*,*,#8888,.F.);
#8888 = EDGE_CURVE('',#8847,#8880,#8889,.T.);
#8889 = LINE('',#8890,#8891);
#8890 = CARTESIAN_POINT('',(0.28856,-7.216389005396E-015,-0.55));
#8891 = VECTOR('',#8892,1.);
#8892 = DIRECTION('',(9.477291717531E-015,-1.,0.E+000));
#8893 = CYLINDRICAL_SURFACE('',#8894,1.144E-002);
#8894 = AXIS2_PLACEMENT_3D('',#8895,#8896,#8897);
#8895 = CARTESIAN_POINT('',(0.28856,-7.216389005396E-015,-0.53856));
#8896 = DIRECTION('',(9.477291717531E-015,-1.,0.E+000));
#8897 = DIRECTION('',(1.,9.477291717531E-015,0.E+000));
#8898 = ADVANCED_FACE('',(#8899),#8924,.T.);
#8899 = FACE_BOUND('',#8900,.T.);
#8900 = EDGE_LOOP('',(#8901,#8902,#8911));
#8901 = ORIENTED_EDGE('',*,*,#8857,.F.);
#8902 = ORIENTED_EDGE('',*,*,#8903,.T.);
#8903 = EDGE_CURVE('',#8849,#8904,#8906,.T.);
#8904 = VERTEX_POINT('',#8905);
#8905 = CARTESIAN_POINT('',(0.299498300654,0.535209301577,
    -0.535209301577));
#8906 = ( BOUNDED_CURVE() B_SPLINE_CURVE(3,(#8907,#8908,#8909,#8910),
.UNSPECIFIED.,.F.,.F.) B_SPLINE_CURVE_WITH_KNOTS((4,4),(4.712388980385,
5.00964034102),.PIECEWISE_BEZIER_KNOTS.) CURVE() 
GEOMETRIC_REPRESENTATION_ITEM() RATIONAL_B_SPLINE_CURVE((1.,
0.992650346577,0.992650346577,1.)) REPRESENTATION_ITEM('') );
#8907 = CARTESIAN_POINT('',(0.3,0.53856,-0.53856));
#8908 = CARTESIAN_POINT('',(0.3,0.537422288245,-0.537422288245));
#8909 = CARTESIAN_POINT('',(0.299831528662,0.53629711917,-0.53629711917)
  );
#8910 = CARTESIAN_POINT('',(0.299498300654,0.535209301577,
    -0.535209301577));
#8911 = ORIENTED_EDGE('',*,*,#8912,.T.);
#8912 = EDGE_CURVE('',#8904,#8858,#8913,.T.);
#8913 = B_SPLINE_CURVE_WITH_KNOTS('',3,(#8914,#8915,#8916,#8917,#8918,
    #8919,#8920,#8921,#8922,#8923),.UNSPECIFIED.,.F.,.F.,(4,3,3,4),(
    0.E+000,3.600817818563E-006,7.182643422685E-006,8.953374655983E-006)
  ,.UNSPECIFIED.);
#8914 = CARTESIAN_POINT('',(0.299498300654,0.535209301577,
    -0.535209301577));
#8915 = CARTESIAN_POINT('',(0.299752394423,0.53437981659,-0.536038786563
    ));
#8916 = CARTESIAN_POINT('',(0.299871792392,0.533385674751,
    -0.536766346224));
#8917 = CARTESIAN_POINT('',(0.299931615198,0.532317773376,
    -0.537311013292));
#8918 = CARTESIAN_POINT('',(0.299991233762,0.531253517939,
    -0.537853820806));
#8919 = CARTESIAN_POINT('',(0.299996852809,0.530087024909,
    -0.538233109014));
#8920 = CARTESIAN_POINT('',(0.299999140912,0.528905511427,
    -0.538419803049));
#8921 = CARTESIAN_POINT('',(0.300000282889,0.52831582634,-0.538512980731
    ));
#8922 = CARTESIAN_POINT('',(0.3,0.527717002418,-0.53856));
#8923 = CARTESIAN_POINT('',(0.3,0.52712,-0.53856));
#8924 = CYLINDRICAL_SURFACE('',#8925,1.144E-002);
#8925 = AXIS2_PLACEMENT_3D('',#8926,#8927,#8928);
#8926 = CARTESIAN_POINT('',(0.28856,-7.216389005396E-015,-0.53856));
#8927 = DIRECTION('',(9.477291717531E-015,-1.,0.E+000));
#8928 = DIRECTION('',(1.,9.477291717531E-015,0.E+000));
#8929 = ADVANCED_FACE('',(#8930),#8954,.T.);
#8930 = FACE_BOUND('',#8931,.T.);
#8931 = EDGE_LOOP('',(#8932,#8933,#8941));
#8932 = ORIENTED_EDGE('',*,*,#8903,.F.);
#8933 = ORIENTED_EDGE('',*,*,#8934,.T.);
#8934 = EDGE_CURVE('',#8849,#8935,#8937,.T.);
#8935 = VERTEX_POINT('',#8936);
#8936 = CARTESIAN_POINT('',(0.3,0.53856,-0.52712));
#8937 = LINE('',#8938,#8939);
#8938 = CARTESIAN_POINT('',(0.3,0.53856,-0.55));
#8939 = VECTOR('',#8940,1.);
#8940 = DIRECTION('',(0.E+000,0.E+000,1.));
#8941 = ORIENTED_EDGE('',*,*,#8942,.T.);
#8942 = EDGE_CURVE('',#8935,#8904,#8943,.T.);
#8943 = B_SPLINE_CURVE_WITH_KNOTS('',3,(#8944,#8945,#8946,#8947,#8948,
    #8949,#8950,#8951,#8952,#8953),.UNSPECIFIED.,.F.,.F.,(4,3,3,4),(
    0.E+000,3.807012292924E-006,7.621886349125E-006,8.963476866336E-006)
  ,.UNSPECIFIED.);
#8944 = CARTESIAN_POINT('',(0.3,0.53856,-0.52712));
#8945 = CARTESIAN_POINT('',(0.3,0.53856,-0.528389004098));
#8946 = CARTESIAN_POINT('',(0.300005538045,0.538342903257,
    -0.529675363146));
#8947 = CARTESIAN_POINT('',(0.299982449728,0.537926563174,
    -0.530873903618));
#8948 = CARTESIAN_POINT('',(0.299959336654,0.537509776657,
    -0.532073729262));
#8949 = CARTESIAN_POINT('',(0.299903961389,0.536878933378,
    -0.533220912038));
#8950 = CARTESIAN_POINT('',(0.299732152111,0.536098980452,
    -0.534208829948));
#8951 = CARTESIAN_POINT('',(0.299670881956,0.535820835773,
    -0.534561138532));
#8952 = CARTESIAN_POINT('',(0.299594206421,0.535522384563,-0.53489621859
    ));
#8953 = CARTESIAN_POINT('',(0.299498300654,0.535209301577,
    -0.535209301577));
#8954 = CYLINDRICAL_SURFACE('',#8955,1.144E-002);
#8955 = AXIS2_PLACEMENT_3D('',#8956,#8957,#8958);
#8956 = CARTESIAN_POINT('',(0.28856,0.53856,-0.55));
#8957 = DIRECTION('',(0.E+000,0.E+000,1.));
#8958 = DIRECTION('',(1.,0.E+000,-0.E+000));
#8959 = ADVANCED_FACE('',(#8960),#8984,.T.);
#8960 = FACE_BOUND('',#8961,.T.);
#8961 = EDGE_LOOP('',(#8962,#8977,#8983));
#8962 = ORIENTED_EDGE('',*,*,#8963,.T.);
#8963 = EDGE_CURVE('',#8771,#8964,#8966,.T.);
#8964 = VERTEX_POINT('',#8965);
#8965 = CARTESIAN_POINT('',(0.3,0.53856,-2.288E-002));
#8966 = B_SPLINE_CURVE_WITH_KNOTS('',3,(#8967,#8968,#8969,#8970,#8971,
    #8972,#8973,#8974,#8975,#8976),.UNSPECIFIED.,.F.,.F.,(4,3,3,4),(
    0.E+000,3.600817818563E-006,7.182643422685E-006,8.953374655983E-006)
  ,.UNSPECIFIED.);
#8967 = CARTESIAN_POINT('',(0.299498300654,0.535209301577,
    -1.479069842323E-002));
#8968 = CARTESIAN_POINT('',(0.299752394423,0.536038786563,
    -1.562018340979E-002));
#8969 = CARTESIAN_POINT('',(0.299871792392,0.536766346224,
    -1.661432524897E-002));
#8970 = CARTESIAN_POINT('',(0.299931615198,0.537311013292,
    -1.768222662351E-002));
#8971 = CARTESIAN_POINT('',(0.299991233762,0.537853820806,
    -1.874648206141E-002));
#8972 = CARTESIAN_POINT('',(0.299996852809,0.538233109014,
    -1.991297509093E-002));
#8973 = CARTESIAN_POINT('',(0.299999140912,0.538419803049,
    -2.109448857307E-002));
#8974 = CARTESIAN_POINT('',(0.300000282889,0.538512980731,
    -2.168417366013E-002));
#8975 = CARTESIAN_POINT('',(0.3,0.53856,-2.228299758247E-002));
#8976 = CARTESIAN_POINT('',(0.3,0.53856,-2.288E-002));
#8977 = ORIENTED_EDGE('',*,*,#8978,.T.);
#8978 = EDGE_CURVE('',#8964,#8769,#8979,.T.);
#8979 = LINE('',#8980,#8981);
#8980 = CARTESIAN_POINT('',(0.3,0.53856,-0.55));
#8981 = VECTOR('',#8982,1.);
#8982 = DIRECTION('',(0.E+000,0.E+000,1.));
#8983 = ORIENTED_EDGE('',*,*,#8768,.T.);
#8984 = CYLINDRICAL_SURFACE('',#8985,1.144E-002);
#8985 = AXIS2_PLACEMENT_3D('',#8986,#8987,#8988);
#8986 = CARTESIAN_POINT('',(0.28856,0.53856,-0.55));
#8987 = DIRECTION('',(0.E+000,0.E+000,1.));
#8988 = DIRECTION('',(1.,0.E+000,-0.E+000));
#8989 = ADVANCED_FACE('',(#8990),#9042,.T.);
#8990 = FACE_BOUND('',#8991,.T.);
#8991 = EDGE_LOOP('',(#8992,#9003,#9011,#9019,#9027,#9036));
#8992 = ORIENTED_EDGE('',*,*,#8993,.T.);
#8993 = EDGE_CURVE('',#8994,#8996,#8998,.T.);
#8994 = VERTEX_POINT('',#8995);
#8995 = CARTESIAN_POINT('',(0.76144,0.E+000,-1.144E-002));
#8996 = VERTEX_POINT('',#8997);
#8997 = CARTESIAN_POINT('',(0.75,1.144E-002,-1.144E-002));
#8998 = CIRCLE('',#8999,1.144E-002);
#8999 = AXIS2_PLACEMENT_3D('',#9000,#9001,#9002);
#9000 = CARTESIAN_POINT('',(0.76144,1.144E-002,-1.144E-002));
#9001 = DIRECTION('',(-0.E+000,-3.405901710988E-015,-1.));
#9002 = DIRECTION('',(0.E+000,-1.,3.405901710988E-015));
#9003 = ORIENTED_EDGE('',*,*,#9004,.T.);
#9004 = EDGE_CURVE('',#8996,#9005,#9007,.T.);
#9005 = VERTEX_POINT('',#9006);
#9006 = CARTESIAN_POINT('',(0.75,1.144E-002,-2.288E-002));
#9007 = LINE('',#9008,#9009);
#9008 = CARTESIAN_POINT('',(0.75,1.144E-002,0.E+000));
#9009 = VECTOR('',#9010,1.);
#9010 = DIRECTION('',(0.E+000,0.E+000,-1.));
#9011 = ORIENTED_EDGE('',*,*,#9012,.F.);
#9012 = EDGE_CURVE('',#9013,#9005,#9015,.T.);
#9013 = VERTEX_POINT('',#9014);
#9014 = CARTESIAN_POINT('',(0.75,1.144E-002,-0.52712));
#9015 = LINE('',#9016,#9017);
#9016 = CARTESIAN_POINT('',(0.75,1.144E-002,-0.55));
#9017 = VECTOR('',#9018,1.);
#9018 = DIRECTION('',(-0.E+000,-0.E+000,1.));
#9019 = ORIENTED_EDGE('',*,*,#9020,.T.);
#9020 = EDGE_CURVE('',#9013,#9021,#9023,.T.);
#9021 = VERTEX_POINT('',#9022);
#9022 = CARTESIAN_POINT('',(0.75,1.144E-002,-0.53856));
#9023 = LINE('',#9024,#9025);
#9024 = CARTESIAN_POINT('',(0.75,1.144E-002,0.E+000));
#9025 = VECTOR('',#9026,1.);
#9026 = DIRECTION('',(0.E+000,0.E+000,-1.));
#9027 = ORIENTED_EDGE('',*,*,#9028,.T.);
#9028 = EDGE_CURVE('',#9021,#9029,#9031,.T.);
#9029 = VERTEX_POINT('',#9030);
#9030 = CARTESIAN_POINT('',(0.76144,0.E+000,-0.53856));
#9031 = CIRCLE('',#9032,1.144E-002);
#9032 = AXIS2_PLACEMENT_3D('',#9033,#9034,#9035);
#9033 = CARTESIAN_POINT('',(0.76144,1.144E-002,-0.53856));
#9034 = DIRECTION('',(0.E+000,0.E+000,1.));
#9035 = DIRECTION('',(-1.,0.E+000,0.E+000));
#9036 = ORIENTED_EDGE('',*,*,#9037,.F.);
#9037 = EDGE_CURVE('',#8994,#9029,#9038,.T.);
#9038 = LINE('',#9039,#9040);
#9039 = CARTESIAN_POINT('',(0.76144,0.E+000,0.E+000));
#9040 = VECTOR('',#9041,1.);
#9041 = DIRECTION('',(0.E+000,0.E+000,-1.));
#9042 = CYLINDRICAL_SURFACE('',#9043,1.144E-002);
#9043 = AXIS2_PLACEMENT_3D('',#9044,#9045,#9046);
#9044 = CARTESIAN_POINT('',(0.76144,1.144E-002,0.E+000));
#9045 = DIRECTION('',(0.E+000,0.E+000,-1.));
#9046 = DIRECTION('',(-1.,0.E+000,0.E+000));
#9047 = ADVANCED_FACE('',(#9048),#9073,.T.);
#9048 = FACE_BOUND('',#9049,.T.);
#9049 = EDGE_LOOP('',(#9050,#9051,#9060));
#9050 = ORIENTED_EDGE('',*,*,#9004,.F.);
#9051 = ORIENTED_EDGE('',*,*,#9052,.T.);
#9052 = EDGE_CURVE('',#8996,#9053,#9055,.T.);
#9053 = VERTEX_POINT('',#9054);
#9054 = CARTESIAN_POINT('',(0.750501699346,1.479069842323E-002,
    -1.479069842323E-002));
#9055 = ( BOUNDED_CURVE() B_SPLINE_CURVE(3,(#9056,#9057,#9058,#9059),
.UNSPECIFIED.,.F.,.F.) B_SPLINE_CURVE_WITH_KNOTS((4,4),(4.712388980385,
5.00964034102),.PIECEWISE_BEZIER_KNOTS.) CURVE() 
GEOMETRIC_REPRESENTATION_ITEM() RATIONAL_B_SPLINE_CURVE((1.,
0.992650346577,0.992650346577,1.)) REPRESENTATION_ITEM('') );
#9056 = CARTESIAN_POINT('',(0.75,1.144E-002,-1.144E-002));
#9057 = CARTESIAN_POINT('',(0.75,1.257771175529E-002,
    -1.257771175529E-002));
#9058 = CARTESIAN_POINT('',(0.750168471338,1.370288082994E-002,
    -1.370288082994E-002));
#9059 = CARTESIAN_POINT('',(0.750501699346,1.479069842323E-002,
    -1.479069842323E-002));
#9060 = ORIENTED_EDGE('',*,*,#9061,.T.);
#9061 = EDGE_CURVE('',#9053,#9005,#9062,.T.);
#9062 = B_SPLINE_CURVE_WITH_KNOTS('',3,(#9063,#9064,#9065,#9066,#9067,
    #9068,#9069,#9070,#9071,#9072),.UNSPECIFIED.,.F.,.F.,(4,3,3,4),(
    0.E+000,3.600817818563E-006,7.182643422685E-006,8.953374655983E-006)
  ,.UNSPECIFIED.);
#9063 = CARTESIAN_POINT('',(0.750501699346,1.479069842323E-002,
    -1.479069842323E-002));
#9064 = CARTESIAN_POINT('',(0.750247605577,1.396121343666E-002,
    -1.562018340979E-002));
#9065 = CARTESIAN_POINT('',(0.750128207608,1.323365377589E-002,
    -1.661432524897E-002));
#9066 = CARTESIAN_POINT('',(0.750068384802,1.268898670756E-002,
    -1.768222662351E-002));
#9067 = CARTESIAN_POINT('',(0.750008766238,1.21461791945E-002,
    -1.874648206141E-002));
#9068 = CARTESIAN_POINT('',(0.750003147191,1.176689098586E-002,
    -1.991297509093E-002));
#9069 = CARTESIAN_POINT('',(0.750000859088,1.158019695108E-002,
    -2.109448857307E-002));
#9070 = CARTESIAN_POINT('',(0.749999717111,1.148701926855E-002,
    -2.168417366013E-002));
#9071 = CARTESIAN_POINT('',(0.75,1.144E-002,-2.228299758247E-002));
#9072 = CARTESIAN_POINT('',(0.75,1.144E-002,-2.288E-002));
#9073 = CYLINDRICAL_SURFACE('',#9074,1.144E-002);
#9074 = AXIS2_PLACEMENT_3D('',#9075,#9076,#9077);
#9075 = CARTESIAN_POINT('',(0.76144,1.144E-002,0.E+000));
#9076 = DIRECTION('',(0.E+000,0.E+000,-1.));
#9077 = DIRECTION('',(-1.,0.E+000,0.E+000));
#9078 = ADVANCED_FACE('',(#9079),#9104,.F.);
#9079 = FACE_BOUND('',#9080,.T.);
#9080 = EDGE_LOOP('',(#9081,#9089,#9090,#9098));
#9081 = ORIENTED_EDGE('',*,*,#9082,.T.);
#9082 = EDGE_CURVE('',#9083,#8680,#9085,.T.);
#9083 = VERTEX_POINT('',#9084);
#9084 = CARTESIAN_POINT('',(1.144E-002,0.E+000,-0.53856));
#9085 = LINE('',#9086,#9087);
#9086 = CARTESIAN_POINT('',(1.05,0.E+000,-0.53856));
#9087 = VECTOR('',#9088,1.);
#9088 = DIRECTION('',(1.,0.E+000,-0.E+000));
#9089 = ORIENTED_EDGE('',*,*,#8723,.T.);
#9090 = ORIENTED_EDGE('',*,*,#9091,.T.);
#9091 = EDGE_CURVE('',#8715,#9092,#9094,.T.);
#9092 = VERTEX_POINT('',#9093);
#9093 = CARTESIAN_POINT('',(1.144E-002,0.E+000,-1.144E-002));
#9094 = LINE('',#9095,#9096);
#9095 = CARTESIAN_POINT('',(1.05,0.E+000,-1.144E-002));
#9096 = VECTOR('',#9097,1.);
#9097 = DIRECTION('',(-1.,0.E+000,0.E+000));
#9098 = ORIENTED_EDGE('',*,*,#9099,.T.);
#9099 = EDGE_CURVE('',#9092,#9083,#9100,.T.);
#9100 = LINE('',#9101,#9102);
#9101 = CARTESIAN_POINT('',(1.144E-002,0.E+000,-0.55));
#9102 = VECTOR('',#9103,1.);
#9103 = DIRECTION('',(0.E+000,0.E+000,-1.));
#9104 = PLANE('',#9105);
#9105 = AXIS2_PLACEMENT_3D('',#9106,#9107,#9108);
#9106 = CARTESIAN_POINT('',(1.05,0.E+000,0.E+000));
#9107 = DIRECTION('',(-0.E+000,1.,0.E+000));
#9108 = DIRECTION('',(0.E+000,0.E+000,1.));
#9109 = ADVANCED_FACE('',(#9110),#9135,.F.);
#9110 = FACE_BOUND('',#9111,.T.);
#9111 = EDGE_LOOP('',(#9112,#9120,#9121,#9129));
#9112 = ORIENTED_EDGE('',*,*,#9113,.T.);
#9113 = EDGE_CURVE('',#9114,#8994,#9116,.T.);
#9114 = VERTEX_POINT('',#9115);
#9115 = CARTESIAN_POINT('',(1.03856,0.E+000,-1.144E-002));
#9116 = LINE('',#9117,#9118);
#9117 = CARTESIAN_POINT('',(1.05,0.E+000,-1.144E-002));
#9118 = VECTOR('',#9119,1.);
#9119 = DIRECTION('',(-1.,0.E+000,0.E+000));
#9120 = ORIENTED_EDGE('',*,*,#9037,.T.);
#9121 = ORIENTED_EDGE('',*,*,#9122,.T.);
#9122 = EDGE_CURVE('',#9029,#9123,#9125,.T.);
#9123 = VERTEX_POINT('',#9124);
#9124 = CARTESIAN_POINT('',(1.03856,0.E+000,-0.53856));
#9125 = LINE('',#9126,#9127);
#9126 = CARTESIAN_POINT('',(1.05,0.E+000,-0.53856));
#9127 = VECTOR('',#9128,1.);
#9128 = DIRECTION('',(1.,0.E+000,-0.E+000));
#9129 = ORIENTED_EDGE('',*,*,#9130,.T.);
#9130 = EDGE_CURVE('',#9123,#9114,#9131,.T.);
#9131 = LINE('',#9132,#9133);
#9132 = CARTESIAN_POINT('',(1.03856,0.E+000,0.E+000));
#9133 = VECTOR('',#9134,1.);
#9134 = DIRECTION('',(-0.E+000,-0.E+000,1.));
#9135 = PLANE('',#9136);
#9136 = AXIS2_PLACEMENT_3D('',#9137,#9138,#9139);
#9137 = CARTESIAN_POINT('',(1.05,0.E+000,0.E+000));
#9138 = DIRECTION('',(-0.E+000,1.,0.E+000));
#9139 = DIRECTION('',(0.E+000,0.E+000,1.));
#9140 = ADVANCED_FACE('',(#9141),#9166,.F.);
#9141 = FACE_BOUND('',#9142,.T.);
#9142 = EDGE_LOOP('',(#9143,#9153,#9159,#9160));
#9143 = ORIENTED_EDGE('',*,*,#9144,.F.);
#9144 = EDGE_CURVE('',#9145,#9147,#9149,.T.);
#9145 = VERTEX_POINT('',#9146);
#9146 = CARTESIAN_POINT('',(0.75,2.288E-002,-0.53856));
#9147 = VERTEX_POINT('',#9148);
#9148 = CARTESIAN_POINT('',(0.75,0.52712,-0.53856));
#9149 = LINE('',#9150,#9151);
#9150 = CARTESIAN_POINT('',(0.75,0.E+000,-0.53856));
#9151 = VECTOR('',#9152,1.);
#9152 = DIRECTION('',(-0.E+000,1.,-0.E+000));
#9153 = ORIENTED_EDGE('',*,*,#9154,.T.);
#9154 = EDGE_CURVE('',#9145,#8866,#9155,.T.);
#9155 = LINE('',#9156,#9157);
#9156 = CARTESIAN_POINT('',(0.3,2.288E-002,-0.53856));
#9157 = VECTOR('',#9158,1.);
#9158 = DIRECTION('',(-1.,0.E+000,-0.E+000));
#9159 = ORIENTED_EDGE('',*,*,#8865,.T.);
#9160 = ORIENTED_EDGE('',*,*,#9161,.T.);
#9161 = EDGE_CURVE('',#8858,#9147,#9162,.T.);
#9162 = LINE('',#9163,#9164);
#9163 = CARTESIAN_POINT('',(0.3,0.52712,-0.53856));
#9164 = VECTOR('',#9165,1.);
#9165 = DIRECTION('',(1.,0.E+000,0.E+000));
#9166 = PLANE('',#9167);
#9167 = AXIS2_PLACEMENT_3D('',#9168,#9169,#9170);
#9168 = CARTESIAN_POINT('',(0.3,0.E+000,-0.53856));
#9169 = DIRECTION('',(-0.E+000,0.E+000,1.));
#9170 = DIRECTION('',(1.,0.E+000,0.E+000));
#9171 = ADVANCED_FACE('',(#9172),#9202,.T.);
#9172 = FACE_BOUND('',#9173,.T.);
#9173 = EDGE_LOOP('',(#9174,#9180,#9188,#9196));
#9174 = ORIENTED_EDGE('',*,*,#9175,.F.);
#9175 = EDGE_CURVE('',#8811,#8780,#9176,.T.);
#9176 = LINE('',#9177,#9178);
#9177 = CARTESIAN_POINT('',(0.3,0.E+000,-1.144E-002));
#9178 = VECTOR('',#9179,1.);
#9179 = DIRECTION('',(-0.E+000,1.,-0.E+000));
#9180 = ORIENTED_EDGE('',*,*,#9181,.T.);
#9181 = EDGE_CURVE('',#8811,#9182,#9184,.T.);
#9182 = VERTEX_POINT('',#9183);
#9183 = CARTESIAN_POINT('',(0.75,2.288E-002,-1.144E-002));
#9184 = LINE('',#9185,#9186);
#9185 = CARTESIAN_POINT('',(0.3,2.288E-002,-1.144E-002));
#9186 = VECTOR('',#9187,1.);
#9187 = DIRECTION('',(1.,0.E+000,0.E+000));
#9188 = ORIENTED_EDGE('',*,*,#9189,.T.);
#9189 = EDGE_CURVE('',#9182,#9190,#9192,.T.);
#9190 = VERTEX_POINT('',#9191);
#9191 = CARTESIAN_POINT('',(0.75,0.52712,-1.144E-002));
#9192 = LINE('',#9193,#9194);
#9193 = CARTESIAN_POINT('',(0.75,0.E+000,-1.144E-002));
#9194 = VECTOR('',#9195,1.);
#9195 = DIRECTION('',(-0.E+000,1.,-0.E+000));
#9196 = ORIENTED_EDGE('',*,*,#9197,.T.);
#9197 = EDGE_CURVE('',#9190,#8780,#9198,.T.);
#9198 = LINE('',#9199,#9200);
#9199 = CARTESIAN_POINT('',(0.3,0.52712,-1.144E-002));
#9200 = VECTOR('',#9201,1.);
#9201 = DIRECTION('',(-1.,0.E+000,-0.E+000));
#9202 = PLANE('',#9203);
#9203 = AXIS2_PLACEMENT_3D('',#9204,#9205,#9206);
#9204 = CARTESIAN_POINT('',(0.3,0.E+000,-1.144E-002));
#9205 = DIRECTION('',(-0.E+000,0.E+000,1.));
#9206 = DIRECTION('',(1.,0.E+000,0.E+000));
#9207 = ADVANCED_FACE('',(#9208),#9242,.F.);
#9208 = FACE_BOUND('',#9209,.T.);
#9209 = EDGE_LOOP('',(#9210,#9220,#9228,#9236));
#9210 = ORIENTED_EDGE('',*,*,#9211,.T.);
#9211 = EDGE_CURVE('',#9212,#9214,#9216,.T.);
#9212 = VERTEX_POINT('',#9213);
#9213 = CARTESIAN_POINT('',(1.144E-002,0.53856,0.E+000));
#9214 = VERTEX_POINT('',#9215);
#9215 = CARTESIAN_POINT('',(1.144E-002,1.144E-002,0.E+000));
#9216 = LINE('',#9217,#9218);
#9217 = CARTESIAN_POINT('',(1.144E-002,0.E+000,0.E+000));
#9218 = VECTOR('',#9219,1.);
#9219 = DIRECTION('',(0.E+000,-1.,0.E+000));
#9220 = ORIENTED_EDGE('',*,*,#9221,.T.);
#9221 = EDGE_CURVE('',#9214,#9222,#9224,.T.);
#9222 = VERTEX_POINT('',#9223);
#9223 = CARTESIAN_POINT('',(0.28856,1.144E-002,0.E+000));
#9224 = LINE('',#9225,#9226);
#9225 = CARTESIAN_POINT('',(1.05,1.144E-002,0.E+000));
#9226 = VECTOR('',#9227,1.);
#9227 = DIRECTION('',(1.,-0.E+000,-0.E+000));
#9228 = ORIENTED_EDGE('',*,*,#9229,.T.);
#9229 = EDGE_CURVE('',#9222,#9230,#9232,.T.);
#9230 = VERTEX_POINT('',#9231);
#9231 = CARTESIAN_POINT('',(0.28856,0.53856,0.E+000));
#9232 = LINE('',#9233,#9234);
#9233 = CARTESIAN_POINT('',(0.28856,-7.216389005396E-015,0.E+000));
#9234 = VECTOR('',#9235,1.);
#9235 = DIRECTION('',(-9.477291717531E-015,1.,-0.E+000));
#9236 = ORIENTED_EDGE('',*,*,#9237,.T.);
#9237 = EDGE_CURVE('',#9230,#9212,#9238,.T.);
#9238 = LINE('',#9239,#9240);
#9239 = CARTESIAN_POINT('',(1.05,0.53856,0.E+000));
#9240 = VECTOR('',#9241,1.);
#9241 = DIRECTION('',(-1.,0.E+000,0.E+000));
#9242 = PLANE('',#9243);
#9243 = AXIS2_PLACEMENT_3D('',#9244,#9245,#9246);
#9244 = CARTESIAN_POINT('',(1.05,0.E+000,0.E+000));
#9245 = DIRECTION('',(0.E+000,0.E+000,-1.));
#9246 = DIRECTION('',(-1.,0.E+000,-0.E+000));
#9247 = ADVANCED_FACE('',(#9248),#9282,.F.);
#9248 = FACE_BOUND('',#9249,.T.);
#9249 = EDGE_LOOP('',(#9250,#9260,#9268,#9276));
#9250 = ORIENTED_EDGE('',*,*,#9251,.T.);
#9251 = EDGE_CURVE('',#9252,#9254,#9256,.T.);
#9252 = VERTEX_POINT('',#9253);
#9253 = CARTESIAN_POINT('',(0.76144,0.53856,0.E+000));
#9254 = VERTEX_POINT('',#9255);
#9255 = CARTESIAN_POINT('',(0.76144,1.144E-002,0.E+000));
#9256 = LINE('',#9257,#9258);
#9257 = CARTESIAN_POINT('',(0.76144,0.E+000,0.E+000));
#9258 = VECTOR('',#9259,1.);
#9259 = DIRECTION('',(-0.E+000,-1.,-0.E+000));
#9260 = ORIENTED_EDGE('',*,*,#9261,.T.);
#9261 = EDGE_CURVE('',#9254,#9262,#9264,.T.);
#9262 = VERTEX_POINT('',#9263);
#9263 = CARTESIAN_POINT('',(1.03856,1.144E-002,0.E+000));
#9264 = LINE('',#9265,#9266);
#9265 = CARTESIAN_POINT('',(1.05,1.144E-002,0.E+000));
#9266 = VECTOR('',#9267,1.);
#9267 = DIRECTION('',(1.,-0.E+000,-0.E+000));
#9268 = ORIENTED_EDGE('',*,*,#9269,.T.);
#9269 = EDGE_CURVE('',#9262,#9270,#9272,.T.);
#9270 = VERTEX_POINT('',#9271);
#9271 = CARTESIAN_POINT('',(1.03856,0.53856,0.E+000));
#9272 = LINE('',#9273,#9274);
#9273 = CARTESIAN_POINT('',(1.03856,0.E+000,0.E+000));
#9274 = VECTOR('',#9275,1.);
#9275 = DIRECTION('',(-0.E+000,1.,-0.E+000));
#9276 = ORIENTED_EDGE('',*,*,#9277,.T.);
#9277 = EDGE_CURVE('',#9270,#9252,#9278,.T.);
#9278 = LINE('',#9279,#9280);
#9279 = CARTESIAN_POINT('',(1.05,0.53856,0.E+000));
#9280 = VECTOR('',#9281,1.);
#9281 = DIRECTION('',(-1.,0.E+000,0.E+000));
#9282 = PLANE('',#9283);
#9283 = AXIS2_PLACEMENT_3D('',#9284,#9285,#9286);
#9284 = CARTESIAN_POINT('',(1.05,0.E+000,0.E+000));
#9285 = DIRECTION('',(0.E+000,0.E+000,-1.));
#9286 = DIRECTION('',(-1.,0.E+000,-0.E+000));
#9287 = ADVANCED_FACE('',(#9288),#9318,.F.);
#9288 = FACE_BOUND('',#9289,.T.);
#9289 = EDGE_LOOP('',(#9290,#9300,#9306,#9312));
#9290 = ORIENTED_EDGE('',*,*,#9291,.F.);
#9291 = EDGE_CURVE('',#9292,#9294,#9296,.T.);
#9292 = VERTEX_POINT('',#9293);
#9293 = CARTESIAN_POINT('',(0.75,0.53856,-0.52712));
#9294 = VERTEX_POINT('',#9295);
#9295 = CARTESIAN_POINT('',(0.75,0.53856,-2.288E-002));
#9296 = LINE('',#9297,#9298);
#9297 = CARTESIAN_POINT('',(0.75,0.53856,-0.55));
#9298 = VECTOR('',#9299,1.);
#9299 = DIRECTION('',(-0.E+000,-0.E+000,1.));
#9300 = ORIENTED_EDGE('',*,*,#9301,.T.);
#9301 = EDGE_CURVE('',#9292,#8935,#9302,.T.);
#9302 = LINE('',#9303,#9304);
#9303 = CARTESIAN_POINT('',(0.3,0.53856,-0.52712));
#9304 = VECTOR('',#9305,1.);
#9305 = DIRECTION('',(-1.,-0.E+000,-0.E+000));
#9306 = ORIENTED_EDGE('',*,*,#9307,.T.);
#9307 = EDGE_CURVE('',#8935,#8964,#9308,.T.);
#9308 = LINE('',#9309,#9310);
#9309 = CARTESIAN_POINT('',(0.3,0.53856,-0.55));
#9310 = VECTOR('',#9311,1.);
#9311 = DIRECTION('',(-0.E+000,-0.E+000,1.));
#9312 = ORIENTED_EDGE('',*,*,#9313,.T.);
#9313 = EDGE_CURVE('',#8964,#9294,#9314,.T.);
#9314 = LINE('',#9315,#9316);
#9315 = CARTESIAN_POINT('',(0.75,0.53856,-2.288E-002));
#9316 = VECTOR('',#9317,1.);
#9317 = DIRECTION('',(1.,0.E+000,-0.E+000));
#9318 = PLANE('',#9319);
#9319 = AXIS2_PLACEMENT_3D('',#9320,#9321,#9322);
#9320 = CARTESIAN_POINT('',(0.3,0.53856,-0.55));
#9321 = DIRECTION('',(0.E+000,-1.,0.E+000));
#9322 = DIRECTION('',(0.E+000,-0.E+000,-1.));
#9323 = ADVANCED_FACE('',(#9324),#9349,.F.);
#9324 = FACE_BOUND('',#9325,.T.);
#9325 = EDGE_LOOP('',(#9326,#9327,#9335,#9343));
#9326 = ORIENTED_EDGE('',*,*,#8888,.T.);
#9327 = ORIENTED_EDGE('',*,*,#9328,.T.);
#9328 = EDGE_CURVE('',#8880,#9329,#9331,.T.);
#9329 = VERTEX_POINT('',#9330);
#9330 = CARTESIAN_POINT('',(1.144E-002,1.144E-002,-0.55));
#9331 = LINE('',#9332,#9333);
#9332 = CARTESIAN_POINT('',(1.05,1.144E-002,-0.55));
#9333 = VECTOR('',#9334,1.);
#9334 = DIRECTION('',(-1.,-0.E+000,0.E+000));
#9335 = ORIENTED_EDGE('',*,*,#9336,.T.);
#9336 = EDGE_CURVE('',#9329,#9337,#9339,.T.);
#9337 = VERTEX_POINT('',#9338);
#9338 = CARTESIAN_POINT('',(1.144E-002,0.53856,-0.55));
#9339 = LINE('',#9340,#9341);
#9340 = CARTESIAN_POINT('',(1.144E-002,0.55,-0.55));
#9341 = VECTOR('',#9342,1.);
#9342 = DIRECTION('',(0.E+000,1.,-0.E+000));
#9343 = ORIENTED_EDGE('',*,*,#9344,.T.);
#9344 = EDGE_CURVE('',#9337,#8847,#9345,.T.);
#9345 = LINE('',#9346,#9347);
#9346 = CARTESIAN_POINT('',(1.05,0.53856,-0.55));
#9347 = VECTOR('',#9348,1.);
#9348 = DIRECTION('',(1.,-0.E+000,-0.E+000));
#9349 = PLANE('',#9350);
#9350 = AXIS2_PLACEMENT_3D('',#9351,#9352,#9353);
#9351 = CARTESIAN_POINT('',(1.05,0.E+000,-0.55));
#9352 = DIRECTION('',(0.E+000,0.E+000,1.));
#9353 = DIRECTION('',(1.,0.E+000,-0.E+000));
#9354 = ADVANCED_FACE('',(#9355),#9389,.F.);
#9355 = FACE_BOUND('',#9356,.T.);
#9356 = EDGE_LOOP('',(#9357,#9367,#9375,#9383));
#9357 = ORIENTED_EDGE('',*,*,#9358,.T.);
#9358 = EDGE_CURVE('',#9359,#9361,#9363,.T.);
#9359 = VERTEX_POINT('',#9360);
#9360 = CARTESIAN_POINT('',(0.28856,0.55,-1.144E-002));
#9361 = VERTEX_POINT('',#9362);
#9362 = CARTESIAN_POINT('',(0.28856,0.55,-0.53856));
#9363 = LINE('',#9364,#9365);
#9364 = CARTESIAN_POINT('',(0.28856,0.55,0.E+000));
#9365 = VECTOR('',#9366,1.);
#9366 = DIRECTION('',(-0.E+000,-0.E+000,-1.));
#9367 = ORIENTED_EDGE('',*,*,#9368,.T.);
#9368 = EDGE_CURVE('',#9361,#9369,#9371,.T.);
#9369 = VERTEX_POINT('',#9370);
#9370 = CARTESIAN_POINT('',(1.144E-002,0.55,-0.53856));
#9371 = LINE('',#9372,#9373);
#9372 = CARTESIAN_POINT('',(1.05,0.55,-0.53856));
#9373 = VECTOR('',#9374,1.);
#9374 = DIRECTION('',(-1.,0.E+000,0.E+000));
#9375 = ORIENTED_EDGE('',*,*,#9376,.T.);
#9376 = EDGE_CURVE('',#9369,#9377,#9379,.T.);
#9377 = VERTEX_POINT('',#9378);
#9378 = CARTESIAN_POINT('',(1.144E-002,0.55,-1.144E-002));
#9379 = LINE('',#9380,#9381);
#9380 = CARTESIAN_POINT('',(1.144E-002,0.55,0.E+000));
#9381 = VECTOR('',#9382,1.);
#9382 = DIRECTION('',(0.E+000,0.E+000,1.));
#9383 = ORIENTED_EDGE('',*,*,#9384,.T.);
#9384 = EDGE_CURVE('',#9377,#9359,#9385,.T.);
#9385 = LINE('',#9386,#9387);
#9386 = CARTESIAN_POINT('',(1.05,0.55,-1.144E-002));
#9387 = VECTOR('',#9388,1.);
#9388 = DIRECTION('',(1.,-0.E+000,-0.E+000));
#9389 = PLANE('',#9390);
#9390 = AXIS2_PLACEMENT_3D('',#9391,#9392,#9393);
#9391 = CARTESIAN_POINT('',(1.05,0.55,0.E+000));
#9392 = DIRECTION('',(0.E+000,-1.,0.E+000));
#9393 = DIRECTION('',(0.E+000,-0.E+000,-1.));
#9394 = ADVANCED_FACE('',(#9395),#9429,.F.);
#9395 = FACE_BOUND('',#9396,.T.);
#9396 = EDGE_LOOP('',(#9397,#9407,#9415,#9423));
#9397 = ORIENTED_EDGE('',*,*,#9398,.T.);
#9398 = EDGE_CURVE('',#9399,#9401,#9403,.T.);
#9399 = VERTEX_POINT('',#9400);
#9400 = CARTESIAN_POINT('',(1.03856,1.144E-002,-0.55));
#9401 = VERTEX_POINT('',#9402);
#9402 = CARTESIAN_POINT('',(0.76144,1.144E-002,-0.55));
#9403 = LINE('',#9404,#9405);
#9404 = CARTESIAN_POINT('',(1.05,1.144E-002,-0.55));
#9405 = VECTOR('',#9406,1.);
#9406 = DIRECTION('',(-1.,-0.E+000,0.E+000));
#9407 = ORIENTED_EDGE('',*,*,#9408,.T.);
#9408 = EDGE_CURVE('',#9401,#9409,#9411,.T.);
#9409 = VERTEX_POINT('',#9410);
#9410 = CARTESIAN_POINT('',(0.76144,0.53856,-0.55));
#9411 = LINE('',#9412,#9413);
#9412 = CARTESIAN_POINT('',(0.76144,0.E+000,-0.55));
#9413 = VECTOR('',#9414,1.);
#9414 = DIRECTION('',(0.E+000,1.,0.E+000));
#9415 = ORIENTED_EDGE('',*,*,#9416,.T.);
#9416 = EDGE_CURVE('',#9409,#9417,#9419,.T.);
#9417 = VERTEX_POINT('',#9418);
#9418 = CARTESIAN_POINT('',(1.03856,0.53856,-0.55));
#9419 = LINE('',#9420,#9421);
#9420 = CARTESIAN_POINT('',(1.05,0.53856,-0.55));
#9421 = VECTOR('',#9422,1.);
#9422 = DIRECTION('',(1.,-0.E+000,-0.E+000));
#9423 = ORIENTED_EDGE('',*,*,#9424,.T.);
#9424 = EDGE_CURVE('',#9417,#9399,#9425,.T.);
#9425 = LINE('',#9426,#9427);
#9426 = CARTESIAN_POINT('',(1.03856,0.E+000,-0.55));
#9427 = VECTOR('',#9428,1.);
#9428 = DIRECTION('',(-0.E+000,-1.,0.E+000));
#9429 = PLANE('',#9430);
#9430 = AXIS2_PLACEMENT_3D('',#9431,#9432,#9433);
#9431 = CARTESIAN_POINT('',(1.05,0.E+000,-0.55));
#9432 = DIRECTION('',(0.E+000,0.E+000,1.));
#9433 = DIRECTION('',(1.,0.E+000,-0.E+000));
#9434 = ADVANCED_FACE('',(#9435),#9469,.F.);
#9435 = FACE_BOUND('',#9436,.T.);
#9436 = EDGE_LOOP('',(#9437,#9447,#9455,#9463));
#9437 = ORIENTED_EDGE('',*,*,#9438,.T.);
#9438 = EDGE_CURVE('',#9439,#9441,#9443,.T.);
#9439 = VERTEX_POINT('',#9440);
#9440 = CARTESIAN_POINT('',(0.76144,0.55,-1.144E-002));
#9441 = VERTEX_POINT('',#9442);
#9442 = CARTESIAN_POINT('',(1.03856,0.55,-1.144E-002));
#9443 = LINE('',#9444,#9445);
#9444 = CARTESIAN_POINT('',(1.05,0.55,-1.144E-002));
#9445 = VECTOR('',#9446,1.);
#9446 = DIRECTION('',(1.,-0.E+000,-0.E+000));
#9447 = ORIENTED_EDGE('',*,*,#9448,.T.);
#9448 = EDGE_CURVE('',#9441,#9449,#9451,.T.);
#9449 = VERTEX_POINT('',#9450);
#9450 = CARTESIAN_POINT('',(1.03856,0.55,-0.53856));
#9451 = LINE('',#9452,#9453);
#9452 = CARTESIAN_POINT('',(1.03856,0.55,0.E+000));
#9453 = VECTOR('',#9454,1.);
#9454 = DIRECTION('',(-0.E+000,-0.E+000,-1.));
#9455 = ORIENTED_EDGE('',*,*,#9456,.T.);
#9456 = EDGE_CURVE('',#9449,#9457,#9459,.T.);
#9457 = VERTEX_POINT('',#9458);
#9458 = CARTESIAN_POINT('',(0.76144,0.55,-0.53856));
#9459 = LINE('',#9460,#9461);
#9460 = CARTESIAN_POINT('',(1.05,0.55,-0.53856));
#9461 = VECTOR('',#9462,1.);
#9462 = DIRECTION('',(-1.,0.E+000,0.E+000));
#9463 = ORIENTED_EDGE('',*,*,#9464,.T.);
#9464 = EDGE_CURVE('',#9457,#9439,#9465,.T.);
#9465 = LINE('',#9466,#9467);
#9466 = CARTESIAN_POINT('',(0.76144,0.55,0.E+000));
#9467 = VECTOR('',#9468,1.);
#9468 = DIRECTION('',(-0.E+000,0.E+000,1.));
#9469 = PLANE('',#9470);
#9470 = AXIS2_PLACEMENT_3D('',#9471,#9472,#9473);
#9471 = CARTESIAN_POINT('',(1.05,0.55,0.E+000));
#9472 = DIRECTION('',(0.E+000,-1.,0.E+000));
#9473 = DIRECTION('',(0.E+000,-0.E+000,-1.));
#9474 = ADVANCED_FACE('',(#9475),#9509,.F.);
#9475 = FACE_BOUND('',#9476,.T.);
#9476 = EDGE_LOOP('',(#9477,#9487,#9495,#9503));
#9477 = ORIENTED_EDGE('',*,*,#9478,.T.);
#9478 = EDGE_CURVE('',#9479,#9481,#9483,.T.);
#9479 = VERTEX_POINT('',#9480);
#9480 = CARTESIAN_POINT('',(1.05,1.144E-002,-1.144E-002));
#9481 = VERTEX_POINT('',#9482);
#9482 = CARTESIAN_POINT('',(1.05,1.144E-002,-0.53856));
#9483 = LINE('',#9484,#9485);
#9484 = CARTESIAN_POINT('',(1.05,1.144E-002,0.E+000));
#9485 = VECTOR('',#9486,1.);
#9486 = DIRECTION('',(0.E+000,0.E+000,-1.));
#9487 = ORIENTED_EDGE('',*,*,#9488,.T.);
#9488 = EDGE_CURVE('',#9481,#9489,#9491,.T.);
#9489 = VERTEX_POINT('',#9490);
#9490 = CARTESIAN_POINT('',(1.05,0.53856,-0.53856));
#9491 = LINE('',#9492,#9493);
#9492 = CARTESIAN_POINT('',(1.05,0.E+000,-0.53856));
#9493 = VECTOR('',#9494,1.);
#9494 = DIRECTION('',(0.E+000,1.,-0.E+000));
#9495 = ORIENTED_EDGE('',*,*,#9496,.T.);
#9496 = EDGE_CURVE('',#9489,#9497,#9499,.T.);
#9497 = VERTEX_POINT('',#9498);
#9498 = CARTESIAN_POINT('',(1.05,0.53856,-1.144E-002));
#9499 = LINE('',#9500,#9501);
#9500 = CARTESIAN_POINT('',(1.05,0.53856,0.E+000));
#9501 = VECTOR('',#9502,1.);
#9502 = DIRECTION('',(0.E+000,0.E+000,1.));
#9503 = ORIENTED_EDGE('',*,*,#9504,.T.);
#9504 = EDGE_CURVE('',#9497,#9479,#9505,.T.);
#9505 = LINE('',#9506,#9507);
#9506 = CARTESIAN_POINT('',(1.05,0.E+000,-1.144E-002));
#9507 = VECTOR('',#9508,1.);
#9508 = DIRECTION('',(0.E+000,-1.,0.E+000));
#9509 = PLANE('',#9510);
#9510 = AXIS2_PLACEMENT_3D('',#9511,#9512,#9513);
#9511 = CARTESIAN_POINT('',(1.05,0.E+000,0.E+000));
#9512 = DIRECTION('',(-1.,0.E+000,0.E+000));
#9513 = DIRECTION('',(0.E+000,0.E+000,1.));
#9514 = ADVANCED_FACE('',(#9515),#9549,.T.);
#9515 = FACE_BOUND('',#9516,.T.);
#9516 = EDGE_LOOP('',(#9517,#9527,#9535,#9543));
#9517 = ORIENTED_EDGE('',*,*,#9518,.T.);
#9518 = EDGE_CURVE('',#9519,#9521,#9523,.T.);
#9519 = VERTEX_POINT('',#9520);
#9520 = CARTESIAN_POINT('',(0.E+000,0.53856,-0.53856));
#9521 = VERTEX_POINT('',#9522);
#9522 = CARTESIAN_POINT('',(0.E+000,1.144E-002,-0.53856));
#9523 = LINE('',#9524,#9525);
#9524 = CARTESIAN_POINT('',(0.E+000,0.E+000,-0.53856));
#9525 = VECTOR('',#9526,1.);
#9526 = DIRECTION('',(-0.E+000,-1.,-0.E+000));
#9527 = ORIENTED_EDGE('',*,*,#9528,.T.);
#9528 = EDGE_CURVE('',#9521,#9529,#9531,.T.);
#9529 = VERTEX_POINT('',#9530);
#9530 = CARTESIAN_POINT('',(0.E+000,1.144E-002,-1.144E-002));
#9531 = LINE('',#9532,#9533);
#9532 = CARTESIAN_POINT('',(0.E+000,1.144E-002,0.E+000));
#9533 = VECTOR('',#9534,1.);
#9534 = DIRECTION('',(-0.E+000,-0.E+000,1.));
#9535 = ORIENTED_EDGE('',*,*,#9536,.T.);
#9536 = EDGE_CURVE('',#9529,#9537,#9539,.T.);
#9537 = VERTEX_POINT('',#9538);
#9538 = CARTESIAN_POINT('',(0.E+000,0.53856,-1.144E-002));
#9539 = LINE('',#9540,#9541);
#9540 = CARTESIAN_POINT('',(0.E+000,0.55,-1.144E-002));
#9541 = VECTOR('',#9542,1.);
#9542 = DIRECTION('',(-0.E+000,1.,-0.E+000));
#9543 = ORIENTED_EDGE('',*,*,#9544,.T.);
#9544 = EDGE_CURVE('',#9537,#9519,#9545,.T.);
#9545 = LINE('',#9546,#9547);
#9546 = CARTESIAN_POINT('',(0.E+000,0.53856,-0.55));
#9547 = VECTOR('',#9548,1.);
#9548 = DIRECTION('',(-0.E+000,0.E+000,-1.));
#9549 = PLANE('',#9550);
#9550 = AXIS2_PLACEMENT_3D('',#9551,#9552,#9553);
#9551 = CARTESIAN_POINT('',(0.E+000,0.E+000,0.E+000));
#9552 = DIRECTION('',(-1.,0.E+000,0.E+000));
#9553 = DIRECTION('',(0.E+000,0.E+000,1.));
#9554 = ADVANCED_FACE('',(#9555),#9571,.T.);
#9555 = FACE_BOUND('',#9556,.T.);
#9556 = EDGE_LOOP('',(#9557,#9558,#9564,#9565));
#9557 = ORIENTED_EDGE('',*,*,#8698,.F.);
#9558 = ORIENTED_EDGE('',*,*,#9559,.T.);
#9559 = EDGE_CURVE('',#8691,#9013,#9560,.T.);
#9560 = LINE('',#9561,#9562);
#9561 = CARTESIAN_POINT('',(0.75,1.144E-002,-0.52712));
#9562 = VECTOR('',#9563,1.);
#9563 = DIRECTION('',(1.,0.E+000,-0.E+000));
#9564 = ORIENTED_EDGE('',*,*,#9012,.T.);
#9565 = ORIENTED_EDGE('',*,*,#9566,.T.);
#9566 = EDGE_CURVE('',#9005,#8699,#9567,.T.);
#9567 = LINE('',#9568,#9569);
#9568 = CARTESIAN_POINT('',(0.3,1.144E-002,-2.288E-002));
#9569 = VECTOR('',#9570,1.);
#9570 = DIRECTION('',(-1.,-0.E+000,-0.E+000));
#9571 = PLANE('',#9572);
#9572 = AXIS2_PLACEMENT_3D('',#9573,#9574,#9575);
#9573 = CARTESIAN_POINT('',(0.3,1.144E-002,-0.55));
#9574 = DIRECTION('',(0.E+000,-1.,0.E+000));
#9575 = DIRECTION('',(0.E+000,-0.E+000,-1.));
#9576 = ADVANCED_FACE('',(#9577),#9595,.T.);
#9577 = FACE_BOUND('',#9578,.T.);
#9578 = EDGE_LOOP('',(#9579,#9586,#9587,#9594));
#9579 = ORIENTED_EDGE('',*,*,#9580,.F.);
#9580 = EDGE_CURVE('',#9497,#9441,#9581,.T.);
#9581 = CIRCLE('',#9582,1.144E-002);
#9582 = AXIS2_PLACEMENT_3D('',#9583,#9584,#9585);
#9583 = CARTESIAN_POINT('',(1.03856,0.53856,-1.144E-002));
#9584 = DIRECTION('',(0.E+000,0.E+000,1.));
#9585 = DIRECTION('',(1.,0.E+000,-0.E+000));
#9586 = ORIENTED_EDGE('',*,*,#9496,.F.);
#9587 = ORIENTED_EDGE('',*,*,#9588,.F.);
#9588 = EDGE_CURVE('',#9449,#9489,#9589,.T.);
#9589 = CIRCLE('',#9590,1.144E-002);
#9590 = AXIS2_PLACEMENT_3D('',#9591,#9592,#9593);
#9591 = CARTESIAN_POINT('',(1.03856,0.53856,-0.53856));
#9592 = DIRECTION('',(0.E+000,0.E+000,-1.));
#9593 = DIRECTION('',(-1.,0.E+000,0.E+000));
#9594 = ORIENTED_EDGE('',*,*,#9448,.F.);
#9595 = CYLINDRICAL_SURFACE('',#9596,1.144E-002);
#9596 = AXIS2_PLACEMENT_3D('',#9597,#9598,#9599);
#9597 = CARTESIAN_POINT('',(1.03856,0.53856,0.E+000));
#9598 = DIRECTION('',(0.E+000,0.E+000,1.));
#9599 = DIRECTION('',(1.,0.E+000,-0.E+000));
#9600 = ADVANCED_FACE('',(#9601),#9618,.T.);
#9601 = FACE_BOUND('',#9602,.T.);
#9602 = EDGE_LOOP('',(#9603,#9610,#9611));
#9603 = ORIENTED_EDGE('',*,*,#9604,.F.);
#9604 = EDGE_CURVE('',#9497,#9270,#9605,.T.);
#9605 = CIRCLE('',#9606,1.144E-002);
#9606 = AXIS2_PLACEMENT_3D('',#9607,#9608,#9609);
#9607 = CARTESIAN_POINT('',(1.03856,0.53856,-1.144E-002));
#9608 = DIRECTION('',(0.E+000,-1.,0.E+000));
#9609 = DIRECTION('',(0.E+000,0.E+000,1.));
#9610 = ORIENTED_EDGE('',*,*,#9580,.T.);
#9611 = ORIENTED_EDGE('',*,*,#9612,.F.);
#9612 = EDGE_CURVE('',#9270,#9441,#9613,.T.);
#9613 = CIRCLE('',#9614,1.144E-002);
#9614 = AXIS2_PLACEMENT_3D('',#9615,#9616,#9617);
#9615 = CARTESIAN_POINT('',(1.03856,0.53856,-1.144E-002));
#9616 = DIRECTION('',(-1.,-0.E+000,-0.E+000));
#9617 = DIRECTION('',(0.E+000,0.E+000,-1.));
#9618 = SPHERICAL_SURFACE('',#9619,1.144E-002);
#9619 = AXIS2_PLACEMENT_3D('',#9620,#9621,#9622);
#9620 = CARTESIAN_POINT('',(1.03856,0.53856,-1.144E-002));
#9621 = DIRECTION('',(0.E+000,1.,0.E+000));
#9622 = DIRECTION('',(1.,0.E+000,0.E+000));
#9623 = ADVANCED_FACE('',(#9624),#9641,.T.);
#9624 = FACE_BOUND('',#9625,.T.);
#9625 = EDGE_LOOP('',(#9626,#9633,#9634));
#9626 = ORIENTED_EDGE('',*,*,#9627,.F.);
#9627 = EDGE_CURVE('',#9449,#9417,#9628,.T.);
#9628 = CIRCLE('',#9629,1.144E-002);
#9629 = AXIS2_PLACEMENT_3D('',#9630,#9631,#9632);
#9630 = CARTESIAN_POINT('',(1.03856,0.53856,-0.53856));
#9631 = DIRECTION('',(-1.,0.E+000,-0.E+000));
#9632 = DIRECTION('',(0.E+000,0.E+000,-1.));
#9633 = ORIENTED_EDGE('',*,*,#9588,.T.);
#9634 = ORIENTED_EDGE('',*,*,#9635,.F.);
#9635 = EDGE_CURVE('',#9417,#9489,#9636,.T.);
#9636 = CIRCLE('',#9637,1.144E-002);
#9637 = AXIS2_PLACEMENT_3D('',#9638,#9639,#9640);
#9638 = CARTESIAN_POINT('',(1.03856,0.53856,-0.53856));
#9639 = DIRECTION('',(0.E+000,-1.,0.E+000));
#9640 = DIRECTION('',(0.E+000,0.E+000,1.));
#9641 = SPHERICAL_SURFACE('',#9642,1.144E-002);
#9642 = AXIS2_PLACEMENT_3D('',#9643,#9644,#9645);
#9643 = CARTESIAN_POINT('',(1.03856,0.53856,-0.53856));
#9644 = DIRECTION('',(0.E+000,1.,0.E+000));
#9645 = DIRECTION('',(1.,0.E+000,0.E+000));
#9646 = ADVANCED_FACE('',(#9647),#9659,.T.);
#9647 = FACE_BOUND('',#9648,.T.);
#9648 = EDGE_LOOP('',(#9649,#9650,#9651,#9658));
#9649 = ORIENTED_EDGE('',*,*,#9612,.T.);
#9650 = ORIENTED_EDGE('',*,*,#9438,.F.);
#9651 = ORIENTED_EDGE('',*,*,#9652,.F.);
#9652 = EDGE_CURVE('',#9252,#9439,#9653,.T.);
#9653 = CIRCLE('',#9654,1.144E-002);
#9654 = AXIS2_PLACEMENT_3D('',#9655,#9656,#9657);
#9655 = CARTESIAN_POINT('',(0.76144,0.53856,-1.144E-002));
#9656 = DIRECTION('',(-1.,0.E+000,0.E+000));
#9657 = DIRECTION('',(0.E+000,0.E+000,1.));
#9658 = ORIENTED_EDGE('',*,*,#9277,.F.);
#9659 = CYLINDRICAL_SURFACE('',#9660,1.144E-002);
#9660 = AXIS2_PLACEMENT_3D('',#9661,#9662,#9663);
#9661 = CARTESIAN_POINT('',(1.05,0.53856,-1.144E-002));
#9662 = DIRECTION('',(-1.,0.E+000,0.E+000));
#9663 = DIRECTION('',(0.E+000,0.E+000,1.));
#9664 = ADVANCED_FACE('',(#9665),#9677,.T.);
#9665 = FACE_BOUND('',#9666,.T.);
#9666 = EDGE_LOOP('',(#9667,#9668,#9669,#9676));
#9667 = ORIENTED_EDGE('',*,*,#9604,.T.);
#9668 = ORIENTED_EDGE('',*,*,#9269,.F.);
#9669 = ORIENTED_EDGE('',*,*,#9670,.F.);
#9670 = EDGE_CURVE('',#9479,#9262,#9671,.T.);
#9671 = CIRCLE('',#9672,1.144E-002);
#9672 = AXIS2_PLACEMENT_3D('',#9673,#9674,#9675);
#9673 = CARTESIAN_POINT('',(1.03856,1.144E-002,-1.144E-002));
#9674 = DIRECTION('',(0.E+000,-1.,0.E+000));
#9675 = DIRECTION('',(0.E+000,0.E+000,-1.));
#9676 = ORIENTED_EDGE('',*,*,#9504,.F.);
#9677 = CYLINDRICAL_SURFACE('',#9678,1.144E-002);
#9678 = AXIS2_PLACEMENT_3D('',#9679,#9680,#9681);
#9679 = CARTESIAN_POINT('',(1.03856,0.E+000,-1.144E-002));
#9680 = DIRECTION('',(0.E+000,-1.,0.E+000));
#9681 = DIRECTION('',(0.E+000,0.E+000,-1.));
#9682 = ADVANCED_FACE('',(#9683),#9701,.T.);
#9683 = FACE_BOUND('',#9684,.T.);
#9684 = EDGE_LOOP('',(#9685,#9692,#9693,#9700));
#9685 = ORIENTED_EDGE('',*,*,#9686,.F.);
#9686 = EDGE_CURVE('',#9481,#9123,#9687,.T.);
#9687 = CIRCLE('',#9688,1.144E-002);
#9688 = AXIS2_PLACEMENT_3D('',#9689,#9690,#9691);
#9689 = CARTESIAN_POINT('',(1.03856,1.144E-002,-0.53856));
#9690 = DIRECTION('',(0.E+000,0.E+000,-1.));
#9691 = DIRECTION('',(-1.,0.E+000,0.E+000));
#9692 = ORIENTED_EDGE('',*,*,#9478,.F.);
#9693 = ORIENTED_EDGE('',*,*,#9694,.F.);
#9694 = EDGE_CURVE('',#9114,#9479,#9695,.T.);
#9695 = CIRCLE('',#9696,1.144E-002);
#9696 = AXIS2_PLACEMENT_3D('',#9697,#9698,#9699);
#9697 = CARTESIAN_POINT('',(1.03856,1.144E-002,-1.144E-002));
#9698 = DIRECTION('',(-0.E+000,0.E+000,1.));
#9699 = DIRECTION('',(1.,0.E+000,0.E+000));
#9700 = ORIENTED_EDGE('',*,*,#9130,.F.);
#9701 = CYLINDRICAL_SURFACE('',#9702,1.144E-002);
#9702 = AXIS2_PLACEMENT_3D('',#9703,#9704,#9705);
#9703 = CARTESIAN_POINT('',(1.03856,1.144E-002,0.E+000));
#9704 = DIRECTION('',(0.E+000,0.E+000,-1.));
#9705 = DIRECTION('',(-1.,0.E+000,0.E+000));
#9706 = ADVANCED_FACE('',(#9707),#9719,.T.);
#9707 = FACE_BOUND('',#9708,.T.);
#9708 = EDGE_LOOP('',(#9709,#9710,#9711,#9718));
#9709 = ORIENTED_EDGE('',*,*,#9635,.T.);
#9710 = ORIENTED_EDGE('',*,*,#9488,.F.);
#9711 = ORIENTED_EDGE('',*,*,#9712,.F.);
#9712 = EDGE_CURVE('',#9399,#9481,#9713,.T.);
#9713 = CIRCLE('',#9714,1.144E-002);
#9714 = AXIS2_PLACEMENT_3D('',#9715,#9716,#9717);
#9715 = CARTESIAN_POINT('',(1.03856,1.144E-002,-0.53856));
#9716 = DIRECTION('',(0.E+000,-1.,0.E+000));
#9717 = DIRECTION('',(0.E+000,0.E+000,-1.));
#9718 = ORIENTED_EDGE('',*,*,#9424,.F.);
#9719 = CYLINDRICAL_SURFACE('',#9720,1.144E-002);
#9720 = AXIS2_PLACEMENT_3D('',#9721,#9722,#9723);
#9721 = CARTESIAN_POINT('',(1.03856,0.E+000,-0.53856));
#9722 = DIRECTION('',(0.E+000,1.,-0.E+000));
#9723 = DIRECTION('',(0.E+000,0.E+000,1.));
#9724 = ADVANCED_FACE('',(#9725),#9737,.T.);
#9725 = FACE_BOUND('',#9726,.T.);
#9726 = EDGE_LOOP('',(#9727,#9728,#9729,#9736));
#9727 = ORIENTED_EDGE('',*,*,#9627,.T.);
#9728 = ORIENTED_EDGE('',*,*,#9416,.F.);
#9729 = ORIENTED_EDGE('',*,*,#9730,.F.);
#9730 = EDGE_CURVE('',#9457,#9409,#9731,.T.);
#9731 = CIRCLE('',#9732,1.144E-002);
#9732 = AXIS2_PLACEMENT_3D('',#9733,#9734,#9735);
#9733 = CARTESIAN_POINT('',(0.76144,0.53856,-0.53856));
#9734 = DIRECTION('',(-1.,0.E+000,0.E+000));
#9735 = DIRECTION('',(0.E+000,0.E+000,1.));
#9736 = ORIENTED_EDGE('',*,*,#9456,.F.);
#9737 = CYLINDRICAL_SURFACE('',#9738,1.144E-002);
#9738 = AXIS2_PLACEMENT_3D('',#9739,#9740,#9741);
#9739 = CARTESIAN_POINT('',(1.05,0.53856,-0.53856));
#9740 = DIRECTION('',(-1.,0.E+000,0.E+000));
#9741 = DIRECTION('',(0.E+000,0.E+000,1.));
#9742 = ADVANCED_FACE('',(#9743),#9809,.T.);
#9743 = FACE_BOUND('',#9744,.T.);
#9744 = EDGE_LOOP('',(#9745,#9754,#9755,#9764,#9773,#9786,#9787,#9802));
#9745 = ORIENTED_EDGE('',*,*,#9746,.F.);
#9746 = EDGE_CURVE('',#9439,#9747,#9749,.T.);
#9747 = VERTEX_POINT('',#9748);
#9748 = CARTESIAN_POINT('',(0.75,0.53856,-1.144E-002));
#9749 = CIRCLE('',#9750,1.144E-002);
#9750 = AXIS2_PLACEMENT_3D('',#9751,#9752,#9753);
#9751 = CARTESIAN_POINT('',(0.76144,0.53856,-1.144E-002));
#9752 = DIRECTION('',(-3.405901710988E-015,0.E+000,1.));
#9753 = DIRECTION('',(1.,0.E+000,3.405901710988E-015));
#9754 = ORIENTED_EDGE('',*,*,#9464,.F.);
#9755 = ORIENTED_EDGE('',*,*,#9756,.F.);
#9756 = EDGE_CURVE('',#9757,#9457,#9759,.T.);
#9757 = VERTEX_POINT('',#9758);
#9758 = CARTESIAN_POINT('',(0.75,0.53856,-0.53856));
#9759 = CIRCLE('',#9760,1.144E-002);
#9760 = AXIS2_PLACEMENT_3D('',#9761,#9762,#9763);
#9761 = CARTESIAN_POINT('',(0.76144,0.53856,-0.53856));
#9762 = DIRECTION('',(0.E+000,0.E+000,-1.));
#9763 = DIRECTION('',(-1.,0.E+000,0.E+000));
#9764 = ORIENTED_EDGE('',*,*,#9765,.T.);
#9765 = EDGE_CURVE('',#9757,#9766,#9768,.T.);
#9766 = VERTEX_POINT('',#9767);
#9767 = CARTESIAN_POINT('',(0.750501699346,0.535209301577,
    -0.535209301577));
#9768 = ( BOUNDED_CURVE() B_SPLINE_CURVE(3,(#9769,#9770,#9771,#9772),
.UNSPECIFIED.,.F.,.F.) B_SPLINE_CURVE_WITH_KNOTS((4,4),(1.570796326795,
1.86804768743),.PIECEWISE_BEZIER_KNOTS.) CURVE() 
GEOMETRIC_REPRESENTATION_ITEM() RATIONAL_B_SPLINE_CURVE((1.,
0.992650346577,0.992650346577,1.)) REPRESENTATION_ITEM('') );
#9769 = CARTESIAN_POINT('',(0.75,0.53856,-0.53856));
#9770 = CARTESIAN_POINT('',(0.75,0.537422288245,-0.537422288245));
#9771 = CARTESIAN_POINT('',(0.750168471338,0.53629711917,-0.53629711917)
  );
#9772 = CARTESIAN_POINT('',(0.750501699346,0.535209301577,
    -0.535209301577));
#9773 = ORIENTED_EDGE('',*,*,#9774,.T.);
#9774 = EDGE_CURVE('',#9766,#9292,#9775,.T.);
#9775 = B_SPLINE_CURVE_WITH_KNOTS('',3,(#9776,#9777,#9778,#9779,#9780,
    #9781,#9782,#9783,#9784,#9785),.UNSPECIFIED.,.F.,.F.,(4,3,3,4),(
    0.E+000,3.600817818563E-006,7.182643422685E-006,8.953374655983E-006)
  ,.UNSPECIFIED.);
#9776 = CARTESIAN_POINT('',(0.750501699346,0.535209301577,
    -0.535209301577));
#9777 = CARTESIAN_POINT('',(0.750247605577,0.536038786563,-0.53437981659
    ));
#9778 = CARTESIAN_POINT('',(0.750128207608,0.536766346224,
    -0.533385674751));
#9779 = CARTESIAN_POINT('',(0.750068384802,0.537311013292,
    -0.532317773376));
#9780 = CARTESIAN_POINT('',(0.750008766238,0.537853820806,
    -0.531253517939));
#9781 = CARTESIAN_POINT('',(0.750003147191,0.538233109014,
    -0.530087024909));
#9782 = CARTESIAN_POINT('',(0.750000859088,0.538419803049,
    -0.528905511427));
#9783 = CARTESIAN_POINT('',(0.749999717111,0.538512980731,-0.52831582634
    ));
#9784 = CARTESIAN_POINT('',(0.75,0.53856,-0.527717002418));
#9785 = CARTESIAN_POINT('',(0.75,0.53856,-0.52712));
#9786 = ORIENTED_EDGE('',*,*,#9291,.T.);
#9787 = ORIENTED_EDGE('',*,*,#9788,.T.);
#9788 = EDGE_CURVE('',#9294,#9789,#9791,.T.);
#9789 = VERTEX_POINT('',#9790);
#9790 = CARTESIAN_POINT('',(0.750501699346,0.535209301577,
    -1.479069842323E-002));
#9791 = B_SPLINE_CURVE_WITH_KNOTS('',3,(#9792,#9793,#9794,#9795,#9796,
    #9797,#9798,#9799,#9800,#9801),.UNSPECIFIED.,.F.,.F.,(4,3,3,4),(
    0.E+000,3.807012292924E-006,7.621886349125E-006,8.963476866336E-006)
  ,.UNSPECIFIED.);
#9792 = CARTESIAN_POINT('',(0.75,0.53856,-2.288E-002));
#9793 = CARTESIAN_POINT('',(0.75,0.53856,-2.161099590236E-002));
#9794 = CARTESIAN_POINT('',(0.749994461955,0.538342903257,
    -2.032463685445E-002));
#9795 = CARTESIAN_POINT('',(0.750017550272,0.537926563174,
    -1.912609638197E-002));
#9796 = CARTESIAN_POINT('',(0.750040663346,0.537509776657,
    -1.792627073755E-002));
#9797 = CARTESIAN_POINT('',(0.750096038611,0.536878933378,
    -1.677908796226E-002));
#9798 = CARTESIAN_POINT('',(0.750267847889,0.536098980452,
    -1.579117005169E-002));
#9799 = CARTESIAN_POINT('',(0.750329118044,0.535820835773,
    -1.543886146845E-002));
#9800 = CARTESIAN_POINT('',(0.750405793579,0.535522384563,
    -1.510378140969E-002));
#9801 = CARTESIAN_POINT('',(0.750501699346,0.535209301577,
    -1.479069842323E-002));
#9802 = ORIENTED_EDGE('',*,*,#9803,.F.);
#9803 = EDGE_CURVE('',#9747,#9789,#9804,.T.);
#9804 = ( BOUNDED_CURVE() B_SPLINE_CURVE(3,(#9805,#9806,#9807,#9808),
.UNSPECIFIED.,.F.,.F.) B_SPLINE_CURVE_WITH_KNOTS((4,4),(1.570796326795,
1.86804768743),.PIECEWISE_BEZIER_KNOTS.) CURVE() 
GEOMETRIC_REPRESENTATION_ITEM() RATIONAL_B_SPLINE_CURVE((1.,
0.992650346577,0.992650346577,1.)) REPRESENTATION_ITEM('') );
#9805 = CARTESIAN_POINT('',(0.75,0.53856,-1.144E-002));
#9806 = CARTESIAN_POINT('',(0.75,0.537422288245,-1.257771175529E-002));
#9807 = CARTESIAN_POINT('',(0.750168471338,0.53629711917,
    -1.370288082994E-002));
#9808 = CARTESIAN_POINT('',(0.750501699346,0.535209301577,
    -1.479069842323E-002));
#9809 = CYLINDRICAL_SURFACE('',#9810,1.144E-002);
#9810 = AXIS2_PLACEMENT_3D('',#9811,#9812,#9813);
#9811 = CARTESIAN_POINT('',(0.76144,0.53856,0.E+000));
#9812 = DIRECTION('',(-0.E+000,0.E+000,1.));
#9813 = DIRECTION('',(1.,0.E+000,0.E+000));
#9814 = ADVANCED_FACE('',(#9815),#9826,.T.);
#9815 = FACE_BOUND('',#9816,.T.);
#9816 = EDGE_LOOP('',(#9817,#9818,#9819));
#9817 = ORIENTED_EDGE('',*,*,#9652,.T.);
#9818 = ORIENTED_EDGE('',*,*,#9746,.T.);
#9819 = ORIENTED_EDGE('',*,*,#9820,.F.);
#9820 = EDGE_CURVE('',#9252,#9747,#9821,.T.);
#9821 = CIRCLE('',#9822,1.144E-002);
#9822 = AXIS2_PLACEMENT_3D('',#9823,#9824,#9825);
#9823 = CARTESIAN_POINT('',(0.76144,0.53856,-1.144E-002));
#9824 = DIRECTION('',(0.E+000,-1.,0.E+000));
#9825 = DIRECTION('',(0.E+000,0.E+000,1.));
#9826 = SPHERICAL_SURFACE('',#9827,1.144E-002);
#9827 = AXIS2_PLACEMENT_3D('',#9828,#9829,#9830);
#9828 = CARTESIAN_POINT('',(0.76144,0.53856,-1.144E-002));
#9829 = DIRECTION('',(0.E+000,1.,0.E+000));
#9830 = DIRECTION('',(1.,0.E+000,0.E+000));
#9831 = ADVANCED_FACE('',(#9832),#9843,.T.);
#9832 = FACE_BOUND('',#9833,.T.);
#9833 = EDGE_LOOP('',(#9834,#9835,#9836));
#9834 = ORIENTED_EDGE('',*,*,#9694,.T.);
#9835 = ORIENTED_EDGE('',*,*,#9670,.T.);
#9836 = ORIENTED_EDGE('',*,*,#9837,.F.);
#9837 = EDGE_CURVE('',#9114,#9262,#9838,.T.);
#9838 = CIRCLE('',#9839,1.144E-002);
#9839 = AXIS2_PLACEMENT_3D('',#9840,#9841,#9842);
#9840 = CARTESIAN_POINT('',(1.03856,1.144E-002,-1.144E-002));
#9841 = DIRECTION('',(-1.,-0.E+000,0.E+000));
#9842 = DIRECTION('',(-0.E+000,0.E+000,-1.));
#9843 = SPHERICAL_SURFACE('',#9844,1.144E-002);
#9844 = AXIS2_PLACEMENT_3D('',#9845,#9846,#9847);
#9845 = CARTESIAN_POINT('',(1.03856,1.144E-002,-1.144E-002));
#9846 = DIRECTION('',(0.E+000,1.,0.E+000));
#9847 = DIRECTION('',(1.,0.E+000,0.E+000));
#9848 = ADVANCED_FACE('',(#9849),#9860,.T.);
#9849 = FACE_BOUND('',#9850,.T.);
#9850 = EDGE_LOOP('',(#9851,#9852,#9853));
#9851 = ORIENTED_EDGE('',*,*,#9712,.T.);
#9852 = ORIENTED_EDGE('',*,*,#9686,.T.);
#9853 = ORIENTED_EDGE('',*,*,#9854,.F.);
#9854 = EDGE_CURVE('',#9399,#9123,#9855,.T.);
#9855 = CIRCLE('',#9856,1.144E-002);
#9856 = AXIS2_PLACEMENT_3D('',#9857,#9858,#9859);
#9857 = CARTESIAN_POINT('',(1.03856,1.144E-002,-0.53856));
#9858 = DIRECTION('',(-1.,-0.E+000,-0.E+000));
#9859 = DIRECTION('',(0.E+000,0.E+000,-1.));
#9860 = SPHERICAL_SURFACE('',#9861,1.144E-002);
#9861 = AXIS2_PLACEMENT_3D('',#9862,#9863,#9864);
#9862 = CARTESIAN_POINT('',(1.03856,1.144E-002,-0.53856));
#9863 = DIRECTION('',(0.E+000,1.,0.E+000));
#9864 = DIRECTION('',(1.,0.E+000,0.E+000));
#9865 = ADVANCED_FACE('',(#9866),#9877,.T.);
#9866 = FACE_BOUND('',#9867,.T.);
#9867 = EDGE_LOOP('',(#9868,#9869,#9870));
#9868 = ORIENTED_EDGE('',*,*,#9756,.T.);
#9869 = ORIENTED_EDGE('',*,*,#9730,.T.);
#9870 = ORIENTED_EDGE('',*,*,#9871,.F.);
#9871 = EDGE_CURVE('',#9757,#9409,#9872,.T.);
#9872 = CIRCLE('',#9873,1.144E-002);
#9873 = AXIS2_PLACEMENT_3D('',#9874,#9875,#9876);
#9874 = CARTESIAN_POINT('',(0.76144,0.53856,-0.53856));
#9875 = DIRECTION('',(0.E+000,-1.,0.E+000));
#9876 = DIRECTION('',(0.E+000,0.E+000,1.));
#9877 = SPHERICAL_SURFACE('',#9878,1.144E-002);
#9878 = AXIS2_PLACEMENT_3D('',#9879,#9880,#9881);
#9879 = CARTESIAN_POINT('',(0.76144,0.53856,-0.53856));
#9880 = DIRECTION('',(0.E+000,1.,0.E+000));
#9881 = DIRECTION('',(1.,0.E+000,0.E+000));
#9882 = ADVANCED_FACE('',(#9883),#9923,.T.);
#9883 = FACE_BOUND('',#9884,.T.);
#9884 = EDGE_LOOP('',(#9885,#9886,#9887,#9900,#9901,#9914,#9915,#9922));
#9885 = ORIENTED_EDGE('',*,*,#9820,.T.);
#9886 = ORIENTED_EDGE('',*,*,#9803,.T.);
#9887 = ORIENTED_EDGE('',*,*,#9888,.T.);
#9888 = EDGE_CURVE('',#9789,#9190,#9889,.T.);
#9889 = B_SPLINE_CURVE_WITH_KNOTS('',3,(#9890,#9891,#9892,#9893,#9894,
    #9895,#9896,#9897,#9898,#9899),.UNSPECIFIED.,.F.,.F.,(4,3,3,4),(
    0.E+000,3.600817818563E-006,7.182643422685E-006,8.953374655983E-006)
  ,.UNSPECIFIED.);
#9890 = CARTESIAN_POINT('',(0.750501699346,0.535209301577,
    -1.479069842323E-002));
#9891 = CARTESIAN_POINT('',(0.750247605577,0.53437981659,
    -1.396121343666E-002));
#9892 = CARTESIAN_POINT('',(0.750128207608,0.533385674751,
    -1.323365377589E-002));
#9893 = CARTESIAN_POINT('',(0.750068384802,0.532317773376,
    -1.268898670756E-002));
#9894 = CARTESIAN_POINT('',(0.750008766238,0.531253517939,
    -1.21461791945E-002));
#9895 = CARTESIAN_POINT('',(0.750003147191,0.530087024909,
    -1.176689098586E-002));
#9896 = CARTESIAN_POINT('',(0.750000859088,0.528905511427,
    -1.158019695108E-002));
#9897 = CARTESIAN_POINT('',(0.749999717111,0.52831582634,
    -1.148701926855E-002));
#9898 = CARTESIAN_POINT('',(0.75,0.527717002418,-1.144E-002));
#9899 = CARTESIAN_POINT('',(0.75,0.52712,-1.144E-002));
#9900 = ORIENTED_EDGE('',*,*,#9189,.F.);
#9901 = ORIENTED_EDGE('',*,*,#9902,.T.);
#9902 = EDGE_CURVE('',#9182,#9053,#9903,.T.);
#9903 = B_SPLINE_CURVE_WITH_KNOTS('',3,(#9904,#9905,#9906,#9907,#9908,
    #9909,#9910,#9911,#9912,#9913),.UNSPECIFIED.,.F.,.F.,(4,3,3,4),(
    0.E+000,3.807012292924E-006,7.621886349125E-006,8.963476866336E-006)
  ,.UNSPECIFIED.);
#9904 = CARTESIAN_POINT('',(0.75,2.288E-002,-1.144E-002));
#9905 = CARTESIAN_POINT('',(0.75,2.161099590236E-002,-1.144E-002));
#9906 = CARTESIAN_POINT('',(0.749994461955,2.032463685445E-002,
    -1.165709674265E-002));
#9907 = CARTESIAN_POINT('',(0.750017550272,1.912609638197E-002,
    -1.207343682633E-002));
#9908 = CARTESIAN_POINT('',(0.750040663346,1.792627073755E-002,
    -1.249022334349E-002));
#9909 = CARTESIAN_POINT('',(0.750096038611,1.677908796226E-002,
    -1.312106662224E-002));
#9910 = CARTESIAN_POINT('',(0.750267847889,1.579117005169E-002,
    -1.390101954763E-002));
#9911 = CARTESIAN_POINT('',(0.750329118044,1.543886146845E-002,
    -1.417916422666E-002));
#9912 = CARTESIAN_POINT('',(0.750405793579,1.510378140969E-002,
    -1.447761543708E-002));
#9913 = CARTESIAN_POINT('',(0.750501699346,1.479069842323E-002,
    -1.479069842323E-002));
#9914 = ORIENTED_EDGE('',*,*,#9052,.F.);
#9915 = ORIENTED_EDGE('',*,*,#9916,.F.);
#9916 = EDGE_CURVE('',#9254,#8996,#9917,.T.);
#9917 = CIRCLE('',#9918,1.144E-002);
#9918 = AXIS2_PLACEMENT_3D('',#9919,#9920,#9921);
#9919 = CARTESIAN_POINT('',(0.76144,1.144E-002,-1.144E-002));
#9920 = DIRECTION('',(-0.E+000,-1.,0.E+000));
#9921 = DIRECTION('',(-0.E+000,0.E+000,-1.));
#9922 = ORIENTED_EDGE('',*,*,#9251,.F.);
#9923 = CYLINDRICAL_SURFACE('',#9924,1.144E-002);
#9924 = AXIS2_PLACEMENT_3D('',#9925,#9926,#9927);
#9925 = CARTESIAN_POINT('',(0.76144,0.55,-1.144E-002));
#9926 = DIRECTION('',(-0.E+000,1.,0.E+000));
#9927 = DIRECTION('',(0.E+000,0.E+000,1.));
#9928 = ADVANCED_FACE('',(#9929),#9941,.T.);
#9929 = FACE_BOUND('',#9930,.T.);
#9930 = EDGE_LOOP('',(#9931,#9932,#9933,#9940));
#9931 = ORIENTED_EDGE('',*,*,#9837,.T.);
#9932 = ORIENTED_EDGE('',*,*,#9261,.F.);
#9933 = ORIENTED_EDGE('',*,*,#9934,.F.);
#9934 = EDGE_CURVE('',#8994,#9254,#9935,.T.);
#9935 = CIRCLE('',#9936,1.144E-002);
#9936 = AXIS2_PLACEMENT_3D('',#9937,#9938,#9939);
#9937 = CARTESIAN_POINT('',(0.76144,1.144E-002,-1.144E-002));
#9938 = DIRECTION('',(-1.,0.E+000,0.E+000));
#9939 = DIRECTION('',(0.E+000,0.E+000,1.));
#9940 = ORIENTED_EDGE('',*,*,#9113,.F.);
#9941 = CYLINDRICAL_SURFACE('',#9942,1.144E-002);
#9942 = AXIS2_PLACEMENT_3D('',#9943,#9944,#9945);
#9943 = CARTESIAN_POINT('',(1.05,1.144E-002,-1.144E-002));
#9944 = DIRECTION('',(-1.,0.E+000,0.E+000));
#9945 = DIRECTION('',(0.E+000,0.E+000,1.));
#9946 = ADVANCED_FACE('',(#9947),#9959,.T.);
#9947 = FACE_BOUND('',#9948,.T.);
#9948 = EDGE_LOOP('',(#9949,#9950,#9951,#9958));
#9949 = ORIENTED_EDGE('',*,*,#9854,.T.);
#9950 = ORIENTED_EDGE('',*,*,#9122,.F.);
#9951 = ORIENTED_EDGE('',*,*,#9952,.F.);
#9952 = EDGE_CURVE('',#9401,#9029,#9953,.T.);
#9953 = CIRCLE('',#9954,1.144E-002);
#9954 = AXIS2_PLACEMENT_3D('',#9955,#9956,#9957);
#9955 = CARTESIAN_POINT('',(0.76144,1.144E-002,-0.53856));
#9956 = DIRECTION('',(-1.,0.E+000,-0.E+000));
#9957 = DIRECTION('',(-0.E+000,0.E+000,1.));
#9958 = ORIENTED_EDGE('',*,*,#9398,.F.);
#9959 = CYLINDRICAL_SURFACE('',#9960,1.144E-002);
#9960 = AXIS2_PLACEMENT_3D('',#9961,#9962,#9963);
#9961 = CARTESIAN_POINT('',(1.05,1.144E-002,-0.53856));
#9962 = DIRECTION('',(-1.,-0.E+000,0.E+000));
#9963 = DIRECTION('',(0.E+000,0.E+000,1.));
#9964 = ADVANCED_FACE('',(#9965),#10013,.T.);
#9965 = FACE_BOUND('',#9966,.T.);
#9966 = EDGE_LOOP('',(#9967,#9968,#9969,#9976,#9985,#9998,#9999,#10012)
  );
#9967 = ORIENTED_EDGE('',*,*,#9871,.T.);
#9968 = ORIENTED_EDGE('',*,*,#9408,.F.);
#9969 = ORIENTED_EDGE('',*,*,#9970,.F.);
#9970 = EDGE_CURVE('',#9021,#9401,#9971,.T.);
#9971 = CIRCLE('',#9972,1.144E-002);
#9972 = AXIS2_PLACEMENT_3D('',#9973,#9974,#9975);
#9973 = CARTESIAN_POINT('',(0.76144,1.144E-002,-0.53856));
#9974 = DIRECTION('',(0.E+000,-1.,-0.E+000));
#9975 = DIRECTION('',(0.E+000,0.E+000,-1.));
#9976 = ORIENTED_EDGE('',*,*,#9977,.T.);
#9977 = EDGE_CURVE('',#9021,#9978,#9980,.T.);
#9978 = VERTEX_POINT('',#9979);
#9979 = CARTESIAN_POINT('',(0.750501699346,1.479069842323E-002,
    -0.535209301577));
#9980 = ( BOUNDED_CURVE() B_SPLINE_CURVE(3,(#9981,#9982,#9983,#9984),
.UNSPECIFIED.,.F.,.F.) B_SPLINE_CURVE_WITH_KNOTS((4,4),(1.570796326795,
1.86804768743),.PIECEWISE_BEZIER_KNOTS.) CURVE() 
GEOMETRIC_REPRESENTATION_ITEM() RATIONAL_B_SPLINE_CURVE((1.,
0.992650346577,0.992650346577,1.)) REPRESENTATION_ITEM('') );
#9981 = CARTESIAN_POINT('',(0.75,1.144E-002,-0.53856));
#9982 = CARTESIAN_POINT('',(0.75,1.257771175529E-002,-0.537422288245));
#9983 = CARTESIAN_POINT('',(0.750168471338,1.370288082994E-002,
    -0.53629711917));
#9984 = CARTESIAN_POINT('',(0.750501699346,1.479069842323E-002,
    -0.535209301577));
#9985 = ORIENTED_EDGE('',*,*,#9986,.T.);
#9986 = EDGE_CURVE('',#9978,#9145,#9987,.T.);
#9987 = B_SPLINE_CURVE_WITH_KNOTS('',3,(#9988,#9989,#9990,#9991,#9992,
    #9993,#9994,#9995,#9996,#9997),.UNSPECIFIED.,.F.,.F.,(4,3,3,4),(
    0.E+000,3.600817818563E-006,7.182643422685E-006,8.953374655983E-006)
  ,.UNSPECIFIED.);
#9988 = CARTESIAN_POINT('',(0.750501699346,1.479069842323E-002,
    -0.535209301577));
#9989 = CARTESIAN_POINT('',(0.750247605577,1.562018340979E-002,
    -0.536038786563));
#9990 = CARTESIAN_POINT('',(0.750128207608,1.661432524897E-002,
    -0.536766346224));
#9991 = CARTESIAN_POINT('',(0.750068384802,1.768222662351E-002,
    -0.537311013292));
#9992 = CARTESIAN_POINT('',(0.750008766238,1.874648206141E-002,
    -0.537853820806));
#9993 = CARTESIAN_POINT('',(0.750003147191,1.991297509093E-002,
    -0.538233109014));
#9994 = CARTESIAN_POINT('',(0.750000859088,2.109448857307E-002,
    -0.538419803049));
#9995 = CARTESIAN_POINT('',(0.749999717111,2.168417366013E-002,
    -0.538512980731));
#9996 = CARTESIAN_POINT('',(0.75,2.228299758247E-002,-0.53856));
#9997 = CARTESIAN_POINT('',(0.75,2.288E-002,-0.53856));
#9998 = ORIENTED_EDGE('',*,*,#9144,.T.);
#9999 = ORIENTED_EDGE('',*,*,#10000,.T.);
#10000 = EDGE_CURVE('',#9147,#9766,#10001,.T.);
#10001 = B_SPLINE_CURVE_WITH_KNOTS('',3,(#10002,#10003,#10004,#10005,
    #10006,#10007,#10008,#10009,#10010,#10011),.UNSPECIFIED.,.F.,.F.,(4,
    3,3,4),(0.E+000,3.807012292924E-006,7.621886349125E-006,
    8.963476866336E-006),.UNSPECIFIED.);
#10002 = CARTESIAN_POINT('',(0.75,0.52712,-0.53856));
#10003 = CARTESIAN_POINT('',(0.75,0.528389004098,-0.53856));
#10004 = CARTESIAN_POINT('',(0.749994461955,0.529675363146,
    -0.538342903257));
#10005 = CARTESIAN_POINT('',(0.750017550272,0.530873903618,
    -0.537926563174));
#10006 = CARTESIAN_POINT('',(0.750040663346,0.532073729262,
    -0.537509776657));
#10007 = CARTESIAN_POINT('',(0.750096038611,0.533220912038,
    -0.536878933378));
#10008 = CARTESIAN_POINT('',(0.750267847889,0.534208829948,
    -0.536098980452));
#10009 = CARTESIAN_POINT('',(0.750329118044,0.534561138532,
    -0.535820835773));
#10010 = CARTESIAN_POINT('',(0.750405793579,0.53489621859,
    -0.535522384563));
#10011 = CARTESIAN_POINT('',(0.750501699346,0.535209301577,
    -0.535209301577));
#10012 = ORIENTED_EDGE('',*,*,#9765,.F.);
#10013 = CYLINDRICAL_SURFACE('',#10014,1.144E-002);
#10014 = AXIS2_PLACEMENT_3D('',#10015,#10016,#10017);
#10015 = CARTESIAN_POINT('',(0.76144,0.E+000,-0.53856));
#10016 = DIRECTION('',(0.E+000,1.,0.E+000));
#10017 = DIRECTION('',(0.E+000,-0.E+000,1.));
#10018 = ADVANCED_FACE('',(#10019),#10024,.T.);
#10019 = FACE_BOUND('',#10020,.T.);
#10020 = EDGE_LOOP('',(#10021,#10022,#10023));
#10021 = ORIENTED_EDGE('',*,*,#9934,.T.);
#10022 = ORIENTED_EDGE('',*,*,#9916,.T.);
#10023 = ORIENTED_EDGE('',*,*,#8993,.F.);
#10024 = SPHERICAL_SURFACE('',#10025,1.144E-002);
#10025 = AXIS2_PLACEMENT_3D('',#10026,#10027,#10028);
#10026 = CARTESIAN_POINT('',(0.76144,1.144E-002,-1.144E-002));
#10027 = DIRECTION('',(0.E+000,1.,0.E+000));
#10028 = DIRECTION('',(1.,0.E+000,0.E+000));
#10029 = ADVANCED_FACE('',(#10030),#10035,.T.);
#10030 = FACE_BOUND('',#10031,.T.);
#10031 = EDGE_LOOP('',(#10032,#10033,#10034));
#10032 = ORIENTED_EDGE('',*,*,#9970,.T.);
#10033 = ORIENTED_EDGE('',*,*,#9952,.T.);
#10034 = ORIENTED_EDGE('',*,*,#9028,.F.);
#10035 = SPHERICAL_SURFACE('',#10036,1.144E-002);
#10036 = AXIS2_PLACEMENT_3D('',#10037,#10038,#10039);
#10037 = CARTESIAN_POINT('',(0.76144,1.144E-002,-0.53856));
#10038 = DIRECTION('',(0.E+000,1.,0.E+000));
#10039 = DIRECTION('',(1.,0.E+000,0.E+000));
#10040 = ADVANCED_FACE('',(#10041),#10058,.T.);
#10041 = FACE_BOUND('',#10042,.T.);
#10042 = EDGE_LOOP('',(#10043,#10044,#10057));
#10043 = ORIENTED_EDGE('',*,*,#9020,.F.);
#10044 = ORIENTED_EDGE('',*,*,#10045,.T.);
#10045 = EDGE_CURVE('',#9013,#9978,#10046,.T.);
#10046 = B_SPLINE_CURVE_WITH_KNOTS('',3,(#10047,#10048,#10049,#10050,
    #10051,#10052,#10053,#10054,#10055,#10056),.UNSPECIFIED.,.F.,.F.,(4,
    3,3,4),(0.E+000,3.807012292924E-006,7.621886349125E-006,
    8.963476866336E-006),.UNSPECIFIED.);
#10047 = CARTESIAN_POINT('',(0.75,1.144E-002,-0.52712));
#10048 = CARTESIAN_POINT('',(0.75,1.144E-002,-0.528389004098));
#10049 = CARTESIAN_POINT('',(0.749994461955,1.165709674265E-002,
    -0.529675363146));
#10050 = CARTESIAN_POINT('',(0.750017550272,1.207343682633E-002,
    -0.530873903618));
#10051 = CARTESIAN_POINT('',(0.750040663346,1.249022334349E-002,
    -0.532073729262));
#10052 = CARTESIAN_POINT('',(0.750096038611,1.312106662224E-002,
    -0.533220912038));
#10053 = CARTESIAN_POINT('',(0.750267847889,1.390101954763E-002,
    -0.534208829948));
#10054 = CARTESIAN_POINT('',(0.750329118044,1.417916422666E-002,
    -0.534561138532));
#10055 = CARTESIAN_POINT('',(0.750405793579,1.447761543708E-002,
    -0.53489621859));
#10056 = CARTESIAN_POINT('',(0.750501699346,1.479069842323E-002,
    -0.535209301577));
#10057 = ORIENTED_EDGE('',*,*,#9977,.F.);
#10058 = CYLINDRICAL_SURFACE('',#10059,1.144E-002);
#10059 = AXIS2_PLACEMENT_3D('',#10060,#10061,#10062);
#10060 = CARTESIAN_POINT('',(0.76144,1.144E-002,0.E+000));
#10061 = DIRECTION('',(0.E+000,0.E+000,-1.));
#10062 = DIRECTION('',(-1.,0.E+000,0.E+000));
#10063 = ADVANCED_FACE('',(#10064),#10082,.T.);
#10064 = FACE_BOUND('',#10065,.T.);
#10065 = EDGE_LOOP('',(#10066,#10073,#10074,#10081));
#10066 = ORIENTED_EDGE('',*,*,#10067,.F.);
#10067 = EDGE_CURVE('',#9519,#9369,#10068,.T.);
#10068 = CIRCLE('',#10069,1.144E-002);
#10069 = AXIS2_PLACEMENT_3D('',#10070,#10071,#10072);
#10070 = CARTESIAN_POINT('',(1.144E-002,0.53856,-0.53856));
#10071 = DIRECTION('',(0.E+000,0.E+000,-1.));
#10072 = DIRECTION('',(-1.,0.E+000,0.E+000));
#10073 = ORIENTED_EDGE('',*,*,#9544,.F.);
#10074 = ORIENTED_EDGE('',*,*,#10075,.F.);
#10075 = EDGE_CURVE('',#9377,#9537,#10076,.T.);
#10076 = CIRCLE('',#10077,1.144E-002);
#10077 = AXIS2_PLACEMENT_3D('',#10078,#10079,#10080);
#10078 = CARTESIAN_POINT('',(1.144E-002,0.53856,-1.144E-002));
#10079 = DIRECTION('',(0.E+000,-0.E+000,1.));
#10080 = DIRECTION('',(1.,0.E+000,0.E+000));
#10081 = ORIENTED_EDGE('',*,*,#9376,.F.);
#10082 = CYLINDRICAL_SURFACE('',#10083,1.144E-002);
#10083 = AXIS2_PLACEMENT_3D('',#10084,#10085,#10086);
#10084 = CARTESIAN_POINT('',(1.144E-002,0.53856,0.E+000));
#10085 = DIRECTION('',(0.E+000,0.E+000,-1.));
#10086 = DIRECTION('',(-1.,0.E+000,0.E+000));
#10087 = ADVANCED_FACE('',(#10088),#10105,.T.);
#10088 = FACE_BOUND('',#10089,.T.);
#10089 = EDGE_LOOP('',(#10090,#10097,#10098));
#10090 = ORIENTED_EDGE('',*,*,#10091,.F.);
#10091 = EDGE_CURVE('',#9519,#9337,#10092,.T.);
#10092 = CIRCLE('',#10093,1.144E-002);
#10093 = AXIS2_PLACEMENT_3D('',#10094,#10095,#10096);
#10094 = CARTESIAN_POINT('',(1.144E-002,0.53856,-0.53856));
#10095 = DIRECTION('',(0.E+000,-1.,0.E+000));
#10096 = DIRECTION('',(0.E+000,0.E+000,1.));
#10097 = ORIENTED_EDGE('',*,*,#10067,.T.);
#10098 = ORIENTED_EDGE('',*,*,#10099,.F.);
#10099 = EDGE_CURVE('',#9337,#9369,#10100,.T.);
#10100 = CIRCLE('',#10101,1.144E-002);
#10101 = AXIS2_PLACEMENT_3D('',#10102,#10103,#10104);
#10102 = CARTESIAN_POINT('',(1.144E-002,0.53856,-0.53856));
#10103 = DIRECTION('',(1.,0.E+000,-0.E+000));
#10104 = DIRECTION('',(0.E+000,0.E+000,1.));
#10105 = SPHERICAL_SURFACE('',#10106,1.144E-002);
#10106 = AXIS2_PLACEMENT_3D('',#10107,#10108,#10109);
#10107 = CARTESIAN_POINT('',(1.144E-002,0.53856,-0.53856));
#10108 = DIRECTION('',(0.E+000,1.,0.E+000));
#10109 = DIRECTION('',(1.,0.E+000,0.E+000));
#10110 = ADVANCED_FACE('',(#10111),#10128,.T.);
#10111 = FACE_BOUND('',#10112,.T.);
#10112 = EDGE_LOOP('',(#10113,#10120,#10121));
#10113 = ORIENTED_EDGE('',*,*,#10114,.F.);
#10114 = EDGE_CURVE('',#9377,#9212,#10115,.T.);
#10115 = CIRCLE('',#10116,1.144E-002);
#10116 = AXIS2_PLACEMENT_3D('',#10117,#10118,#10119);
#10117 = CARTESIAN_POINT('',(1.144E-002,0.53856,-1.144E-002));
#10118 = DIRECTION('',(1.,0.E+000,-0.E+000));
#10119 = DIRECTION('',(0.E+000,0.E+000,1.));
#10120 = ORIENTED_EDGE('',*,*,#10075,.T.);
#10121 = ORIENTED_EDGE('',*,*,#10122,.F.);
#10122 = EDGE_CURVE('',#9212,#9537,#10123,.T.);
#10123 = CIRCLE('',#10124,1.144E-002);
#10124 = AXIS2_PLACEMENT_3D('',#10125,#10126,#10127);
#10125 = CARTESIAN_POINT('',(1.144E-002,0.53856,-1.144E-002));
#10126 = DIRECTION('',(0.E+000,-1.,0.E+000));
#10127 = DIRECTION('',(0.E+000,0.E+000,1.));
#10128 = SPHERICAL_SURFACE('',#10129,1.144E-002);
#10129 = AXIS2_PLACEMENT_3D('',#10130,#10131,#10132);
#10130 = CARTESIAN_POINT('',(1.144E-002,0.53856,-1.144E-002));
#10131 = DIRECTION('',(0.E+000,1.,0.E+000));
#10132 = DIRECTION('',(1.,0.E+000,0.E+000));
#10133 = ADVANCED_FACE('',(#10134),#10146,.T.);
#10134 = FACE_BOUND('',#10135,.T.);
#10135 = EDGE_LOOP('',(#10136,#10137,#10138,#10145));
#10136 = ORIENTED_EDGE('',*,*,#10099,.T.);
#10137 = ORIENTED_EDGE('',*,*,#9368,.F.);
#10138 = ORIENTED_EDGE('',*,*,#10139,.F.);
#10139 = EDGE_CURVE('',#8847,#9361,#10140,.T.);
#10140 = CIRCLE('',#10141,1.144E-002);
#10141 = AXIS2_PLACEMENT_3D('',#10142,#10143,#10144);
#10142 = CARTESIAN_POINT('',(0.28856,0.53856,-0.53856));
#10143 = DIRECTION('',(1.,-4.738645858765E-015,0.E+000));
#10144 = DIRECTION('',(4.738645858765E-015,1.,0.E+000));
#10145 = ORIENTED_EDGE('',*,*,#9344,.F.);
#10146 = CYLINDRICAL_SURFACE('',#10147,1.144E-002);
#10147 = AXIS2_PLACEMENT_3D('',#10148,#10149,#10150);
#10148 = CARTESIAN_POINT('',(1.05,0.53856,-0.53856));
#10149 = DIRECTION('',(-1.,0.E+000,0.E+000));
#10150 = DIRECTION('',(0.E+000,0.E+000,1.));
#10151 = ADVANCED_FACE('',(#10152),#10164,.T.);
#10152 = FACE_BOUND('',#10153,.T.);
#10153 = EDGE_LOOP('',(#10154,#10155,#10156,#10163));
#10154 = ORIENTED_EDGE('',*,*,#10091,.T.);
#10155 = ORIENTED_EDGE('',*,*,#9336,.F.);
#10156 = ORIENTED_EDGE('',*,*,#10157,.F.);
#10157 = EDGE_CURVE('',#9521,#9329,#10158,.T.);
#10158 = CIRCLE('',#10159,1.144E-002);
#10159 = AXIS2_PLACEMENT_3D('',#10160,#10161,#10162);
#10160 = CARTESIAN_POINT('',(1.144E-002,1.144E-002,-0.53856));
#10161 = DIRECTION('',(-0.E+000,-1.,0.E+000));
#10162 = DIRECTION('',(-0.E+000,0.E+000,-1.));
#10163 = ORIENTED_EDGE('',*,*,#9518,.F.);
#10164 = CYLINDRICAL_SURFACE('',#10165,1.144E-002);
#10165 = AXIS2_PLACEMENT_3D('',#10166,#10167,#10168);
#10166 = CARTESIAN_POINT('',(1.144E-002,0.E+000,-0.53856));
#10167 = DIRECTION('',(0.E+000,-1.,0.E+000));
#10168 = DIRECTION('',(0.E+000,0.E+000,-1.));
#10169 = ADVANCED_FACE('',(#10170),#10188,.T.);
#10170 = FACE_BOUND('',#10171,.T.);
#10171 = EDGE_LOOP('',(#10172,#10179,#10180,#10187));
#10172 = ORIENTED_EDGE('',*,*,#10173,.F.);
#10173 = EDGE_CURVE('',#9529,#9092,#10174,.T.);
#10174 = CIRCLE('',#10175,1.144E-002);
#10175 = AXIS2_PLACEMENT_3D('',#10176,#10177,#10178);
#10176 = CARTESIAN_POINT('',(1.144E-002,1.144E-002,-1.144E-002));
#10177 = DIRECTION('',(0.E+000,0.E+000,1.));
#10178 = DIRECTION('',(1.,0.E+000,-0.E+000));
#10179 = ORIENTED_EDGE('',*,*,#9528,.F.);
#10180 = ORIENTED_EDGE('',*,*,#10181,.F.);
#10181 = EDGE_CURVE('',#9083,#9521,#10182,.T.);
#10182 = CIRCLE('',#10183,1.144E-002);
#10183 = AXIS2_PLACEMENT_3D('',#10184,#10185,#10186);
#10184 = CARTESIAN_POINT('',(1.144E-002,1.144E-002,-0.53856));
#10185 = DIRECTION('',(-0.E+000,0.E+000,-1.));
#10186 = DIRECTION('',(-1.,0.E+000,0.E+000));
#10187 = ORIENTED_EDGE('',*,*,#9099,.F.);
#10188 = CYLINDRICAL_SURFACE('',#10189,1.144E-002);
#10189 = AXIS2_PLACEMENT_3D('',#10190,#10191,#10192);
#10190 = CARTESIAN_POINT('',(1.144E-002,1.144E-002,0.E+000));
#10191 = DIRECTION('',(0.E+000,0.E+000,1.));
#10192 = DIRECTION('',(1.,0.E+000,-0.E+000));
#10193 = ADVANCED_FACE('',(#10194),#10206,.T.);
#10194 = FACE_BOUND('',#10195,.T.);
#10195 = EDGE_LOOP('',(#10196,#10197,#10198,#10205));
#10196 = ORIENTED_EDGE('',*,*,#10122,.T.);
#10197 = ORIENTED_EDGE('',*,*,#9536,.F.);
#10198 = ORIENTED_EDGE('',*,*,#10199,.F.);
#10199 = EDGE_CURVE('',#9214,#9529,#10200,.T.);
#10200 = CIRCLE('',#10201,1.144E-002);
#10201 = AXIS2_PLACEMENT_3D('',#10202,#10203,#10204);
#10202 = CARTESIAN_POINT('',(1.144E-002,1.144E-002,-1.144E-002));
#10203 = DIRECTION('',(0.E+000,-1.,0.E+000));
#10204 = DIRECTION('',(0.E+000,0.E+000,-1.));
#10205 = ORIENTED_EDGE('',*,*,#9211,.F.);
#10206 = CYLINDRICAL_SURFACE('',#10207,1.144E-002);
#10207 = AXIS2_PLACEMENT_3D('',#10208,#10209,#10210);
#10208 = CARTESIAN_POINT('',(1.144E-002,0.E+000,-1.144E-002));
#10209 = DIRECTION('',(0.E+000,1.,0.E+000));
#10210 = DIRECTION('',(0.E+000,-0.E+000,1.));
#10211 = ADVANCED_FACE('',(#10212),#10224,.T.);
#10212 = FACE_BOUND('',#10213,.T.);
#10213 = EDGE_LOOP('',(#10214,#10215,#10216,#10223));
#10214 = ORIENTED_EDGE('',*,*,#10114,.T.);
#10215 = ORIENTED_EDGE('',*,*,#9237,.F.);
#10216 = ORIENTED_EDGE('',*,*,#10217,.F.);
#10217 = EDGE_CURVE('',#9359,#9230,#10218,.T.);
#10218 = CIRCLE('',#10219,1.144E-002);
#10219 = AXIS2_PLACEMENT_3D('',#10220,#10221,#10222);
#10220 = CARTESIAN_POINT('',(0.28856,0.53856,-1.144E-002));
#10221 = DIRECTION('',(1.,0.E+000,0.E+000));
#10222 = DIRECTION('',(0.E+000,0.E+000,-1.));
#10223 = ORIENTED_EDGE('',*,*,#9384,.F.);
#10224 = CYLINDRICAL_SURFACE('',#10225,1.144E-002);
#10225 = AXIS2_PLACEMENT_3D('',#10226,#10227,#10228);
#10226 = CARTESIAN_POINT('',(1.05,0.53856,-1.144E-002));
#10227 = DIRECTION('',(-1.,0.E+000,0.E+000));
#10228 = DIRECTION('',(0.E+000,0.E+000,1.));
#10229 = ADVANCED_FACE('',(#10230),#10250,.T.);
#10230 = FACE_BOUND('',#10231,.T.);
#10231 = EDGE_LOOP('',(#10232,#10233,#10240,#10241,#10248,#10249));
#10232 = ORIENTED_EDGE('',*,*,#8934,.F.);
#10233 = ORIENTED_EDGE('',*,*,#10234,.F.);
#10234 = EDGE_CURVE('',#9361,#8849,#10235,.T.);
#10235 = CIRCLE('',#10236,1.144E-002);
#10236 = AXIS2_PLACEMENT_3D('',#10237,#10238,#10239);
#10237 = CARTESIAN_POINT('',(0.28856,0.53856,-0.53856));
#10238 = DIRECTION('',(0.E+000,0.E+000,-1.));
#10239 = DIRECTION('',(-1.,0.E+000,0.E+000));
#10240 = ORIENTED_EDGE('',*,*,#9358,.F.);
#10241 = ORIENTED_EDGE('',*,*,#10242,.F.);
#10242 = EDGE_CURVE('',#8769,#9359,#10243,.T.);
#10243 = CIRCLE('',#10244,1.144E-002);
#10244 = AXIS2_PLACEMENT_3D('',#10245,#10246,#10247);
#10245 = CARTESIAN_POINT('',(0.28856,0.53856,-1.144E-002));
#10246 = DIRECTION('',(3.227872407627E-029,-3.405901710988E-015,1.));
#10247 = DIRECTION('',(-1.991364888916E-059,-1.,-3.405901710988E-015));
#10248 = ORIENTED_EDGE('',*,*,#8978,.F.);
#10249 = ORIENTED_EDGE('',*,*,#9307,.F.);
#10250 = CYLINDRICAL_SURFACE('',#10251,1.144E-002);
#10251 = AXIS2_PLACEMENT_3D('',#10252,#10253,#10254);
#10252 = CARTESIAN_POINT('',(0.28856,0.53856,-0.55));
#10253 = DIRECTION('',(0.E+000,0.E+000,1.));
#10254 = DIRECTION('',(1.,0.E+000,-0.E+000));
#10255 = ADVANCED_FACE('',(#10256),#10261,.T.);
#10256 = FACE_BOUND('',#10257,.T.);
#10257 = EDGE_LOOP('',(#10258,#10259,#10260));
#10258 = ORIENTED_EDGE('',*,*,#10139,.T.);
#10259 = ORIENTED_EDGE('',*,*,#10234,.T.);
#10260 = ORIENTED_EDGE('',*,*,#8846,.F.);
#10261 = SPHERICAL_SURFACE('',#10262,1.144E-002);
#10262 = AXIS2_PLACEMENT_3D('',#10263,#10264,#10265);
#10263 = CARTESIAN_POINT('',(0.28856,0.53856,-0.53856));
#10264 = DIRECTION('',(0.E+000,1.,0.E+000));
#10265 = DIRECTION('',(1.,0.E+000,0.E+000));
#10266 = ADVANCED_FACE('',(#10267),#10278,.T.);
#10267 = FACE_BOUND('',#10268,.T.);
#10268 = EDGE_LOOP('',(#10269,#10270,#10271));
#10269 = ORIENTED_EDGE('',*,*,#10181,.T.);
#10270 = ORIENTED_EDGE('',*,*,#10157,.T.);
#10271 = ORIENTED_EDGE('',*,*,#10272,.F.);
#10272 = EDGE_CURVE('',#9083,#9329,#10273,.T.);
#10273 = CIRCLE('',#10274,1.144E-002);
#10274 = AXIS2_PLACEMENT_3D('',#10275,#10276,#10277);
#10275 = CARTESIAN_POINT('',(1.144E-002,1.144E-002,-0.53856));
#10276 = DIRECTION('',(1.,0.E+000,-0.E+000));
#10277 = DIRECTION('',(0.E+000,0.E+000,1.));
#10278 = SPHERICAL_SURFACE('',#10279,1.144E-002);
#10279 = AXIS2_PLACEMENT_3D('',#10280,#10281,#10282);
#10280 = CARTESIAN_POINT('',(1.144E-002,1.144E-002,-0.53856));
#10281 = DIRECTION('',(0.E+000,1.,0.E+000));
#10282 = DIRECTION('',(1.,0.E+000,0.E+000));
#10283 = ADVANCED_FACE('',(#10284),#10295,.T.);
#10284 = FACE_BOUND('',#10285,.T.);
#10285 = EDGE_LOOP('',(#10286,#10287,#10288));
#10286 = ORIENTED_EDGE('',*,*,#10199,.T.);
#10287 = ORIENTED_EDGE('',*,*,#10173,.T.);
#10288 = ORIENTED_EDGE('',*,*,#10289,.F.);
#10289 = EDGE_CURVE('',#9214,#9092,#10290,.T.);
#10290 = CIRCLE('',#10291,1.144E-002);
#10291 = AXIS2_PLACEMENT_3D('',#10292,#10293,#10294);
#10292 = CARTESIAN_POINT('',(1.144E-002,1.144E-002,-1.144E-002));
#10293 = DIRECTION('',(1.,0.E+000,-0.E+000));
#10294 = DIRECTION('',(0.E+000,0.E+000,1.));
#10295 = SPHERICAL_SURFACE('',#10296,1.144E-002);
#10296 = AXIS2_PLACEMENT_3D('',#10297,#10298,#10299);
#10297 = CARTESIAN_POINT('',(1.144E-002,1.144E-002,-1.144E-002));
#10298 = DIRECTION('',(0.E+000,1.,0.E+000));
#10299 = DIRECTION('',(1.,0.E+000,0.E+000));
#10300 = ADVANCED_FACE('',(#10301),#10312,.T.);
#10301 = FACE_BOUND('',#10302,.T.);
#10302 = EDGE_LOOP('',(#10303,#10304,#10305));
#10303 = ORIENTED_EDGE('',*,*,#10242,.T.);
#10304 = ORIENTED_EDGE('',*,*,#10217,.T.);
#10305 = ORIENTED_EDGE('',*,*,#10306,.F.);
#10306 = EDGE_CURVE('',#8769,#9230,#10307,.T.);
#10307 = CIRCLE('',#10308,1.144E-002);
#10308 = AXIS2_PLACEMENT_3D('',#10309,#10310,#10311);
#10309 = CARTESIAN_POINT('',(0.28856,0.53856,-1.144E-002));
#10310 = DIRECTION('',(9.477291717531E-015,-1.,0.E+000));
#10311 = DIRECTION('',(-1.,-9.477291717531E-015,1.776992197037E-015));
#10312 = SPHERICAL_SURFACE('',#10313,1.144E-002);
#10313 = AXIS2_PLACEMENT_3D('',#10314,#10315,#10316);
#10314 = CARTESIAN_POINT('',(0.28856,0.53856,-1.144E-002));
#10315 = DIRECTION('',(0.E+000,1.,0.E+000));
#10316 = DIRECTION('',(1.,0.E+000,0.E+000));
#10317 = ADVANCED_FACE('',(#10318),#10335,.T.);
#10318 = FACE_BOUND('',#10319,.T.);
#10319 = EDGE_LOOP('',(#10320,#10321,#10334));
#10320 = ORIENTED_EDGE('',*,*,#8873,.F.);
#10321 = ORIENTED_EDGE('',*,*,#10322,.T.);
#10322 = EDGE_CURVE('',#8866,#8739,#10323,.T.);
#10323 = B_SPLINE_CURVE_WITH_KNOTS('',3,(#10324,#10325,#10326,#10327,
    #10328,#10329,#10330,#10331,#10332,#10333),.UNSPECIFIED.,.F.,.F.,(4,
    3,3,4),(0.E+000,3.807012292923E-006,7.621886349124E-006,
    8.963476866336E-006),.UNSPECIFIED.);
#10324 = CARTESIAN_POINT('',(0.3,2.288E-002,-0.53856));
#10325 = CARTESIAN_POINT('',(0.3,2.161099590236E-002,-0.53856));
#10326 = CARTESIAN_POINT('',(0.300005538045,2.032463685445E-002,
    -0.538342903257));
#10327 = CARTESIAN_POINT('',(0.299982449728,1.912609638197E-002,
    -0.537926563174));
#10328 = CARTESIAN_POINT('',(0.299959336654,1.792627073755E-002,
    -0.537509776657));
#10329 = CARTESIAN_POINT('',(0.299903961389,1.677908796226E-002,
    -0.536878933378));
#10330 = CARTESIAN_POINT('',(0.299732152111,1.57911700517E-002,
    -0.536098980452));
#10331 = CARTESIAN_POINT('',(0.299670881956,1.543886146845E-002,
    -0.535820835773));
#10332 = CARTESIAN_POINT('',(0.299594206421,1.510378140969E-002,
    -0.535522384563));
#10333 = CARTESIAN_POINT('',(0.299498300654,1.479069842323E-002,
    -0.535209301577));
#10334 = ORIENTED_EDGE('',*,*,#8738,.F.);
#10335 = CYLINDRICAL_SURFACE('',#10336,1.144E-002);
#10336 = AXIS2_PLACEMENT_3D('',#10337,#10338,#10339);
#10337 = CARTESIAN_POINT('',(0.28856,-7.216389005396E-015,-0.53856));
#10338 = DIRECTION('',(9.477291717531E-015,-1.,0.E+000));
#10339 = DIRECTION('',(1.,9.477291717531E-015,0.E+000));
#10340 = ADVANCED_FACE('',(#10341),#10353,.T.);
#10341 = FACE_BOUND('',#10342,.T.);
#10342 = EDGE_LOOP('',(#10343,#10344,#10345,#10352));
#10343 = ORIENTED_EDGE('',*,*,#10272,.T.);
#10344 = ORIENTED_EDGE('',*,*,#9328,.F.);
#10345 = ORIENTED_EDGE('',*,*,#10346,.F.);
#10346 = EDGE_CURVE('',#8680,#8880,#10347,.T.);
#10347 = CIRCLE('',#10348,1.144E-002);
#10348 = AXIS2_PLACEMENT_3D('',#10349,#10350,#10351);
#10349 = CARTESIAN_POINT('',(0.28856,1.144E-002,-0.53856));
#10350 = DIRECTION('',(1.,0.E+000,0.E+000));
#10351 = DIRECTION('',(0.E+000,0.E+000,-1.));
#10352 = ORIENTED_EDGE('',*,*,#9082,.F.);
#10353 = CYLINDRICAL_SURFACE('',#10354,1.144E-002);
#10354 = AXIS2_PLACEMENT_3D('',#10355,#10356,#10357);
#10355 = CARTESIAN_POINT('',(1.05,1.144E-002,-0.53856));
#10356 = DIRECTION('',(-1.,-0.E+000,0.E+000));
#10357 = DIRECTION('',(0.E+000,0.E+000,1.));
#10358 = ADVANCED_FACE('',(#10359),#10371,.T.);
#10359 = FACE_BOUND('',#10360,.T.);
#10360 = EDGE_LOOP('',(#10361,#10362,#10363,#10370));
#10361 = ORIENTED_EDGE('',*,*,#10289,.T.);
#10362 = ORIENTED_EDGE('',*,*,#9091,.F.);
#10363 = ORIENTED_EDGE('',*,*,#10364,.F.);
#10364 = EDGE_CURVE('',#9222,#8715,#10365,.T.);
#10365 = CIRCLE('',#10366,1.144E-002);
#10366 = AXIS2_PLACEMENT_3D('',#10367,#10368,#10369);
#10367 = CARTESIAN_POINT('',(0.28856,1.144E-002,-1.144E-002));
#10368 = DIRECTION('',(1.,-4.738645858765E-015,0.E+000));
#10369 = DIRECTION('',(4.738645858765E-015,1.,0.E+000));
#10370 = ORIENTED_EDGE('',*,*,#9221,.F.);
#10371 = CYLINDRICAL_SURFACE('',#10372,1.144E-002);
#10372 = AXIS2_PLACEMENT_3D('',#10373,#10374,#10375);
#10373 = CARTESIAN_POINT('',(1.05,1.144E-002,-1.144E-002));
#10374 = DIRECTION('',(-1.,0.E+000,0.E+000));
#10375 = DIRECTION('',(0.E+000,0.E+000,1.));
#10376 = ADVANCED_FACE('',(#10377),#10391,.T.);
#10377 = FACE_BOUND('',#10378,.T.);
#10378 = EDGE_LOOP('',(#10379,#10380,#10381,#10382,#10389,#10390));
#10379 = ORIENTED_EDGE('',*,*,#8779,.F.);
#10380 = ORIENTED_EDGE('',*,*,#10306,.T.);
#10381 = ORIENTED_EDGE('',*,*,#9229,.F.);
#10382 = ORIENTED_EDGE('',*,*,#10383,.F.);
#10383 = EDGE_CURVE('',#8707,#9222,#10384,.T.);
#10384 = CIRCLE('',#10385,1.144E-002);
#10385 = AXIS2_PLACEMENT_3D('',#10386,#10387,#10388);
#10386 = CARTESIAN_POINT('',(0.28856,1.144E-002,-1.144E-002));
#10387 = DIRECTION('',(9.477291717531E-015,-1.,0.E+000));
#10388 = DIRECTION('',(1.,9.477291717531E-015,0.E+000));
#10389 = ORIENTED_EDGE('',*,*,#8825,.F.);
#10390 = ORIENTED_EDGE('',*,*,#9175,.T.);
#10391 = CYLINDRICAL_SURFACE('',#10392,1.144E-002);
#10392 = AXIS2_PLACEMENT_3D('',#10393,#10394,#10395);
#10393 = CARTESIAN_POINT('',(0.28856,0.55,-1.144E-002));
#10394 = DIRECTION('',(9.477291717531E-015,-1.,0.E+000));
#10395 = DIRECTION('',(1.,9.477291717531E-015,0.E+000));
#10396 = ADVANCED_FACE('',(#10397),#10402,.T.);
#10397 = FACE_BOUND('',#10398,.T.);
#10398 = EDGE_LOOP('',(#10399,#10400,#10401));
#10399 = ORIENTED_EDGE('',*,*,#10346,.T.);
#10400 = ORIENTED_EDGE('',*,*,#8879,.T.);
#10401 = ORIENTED_EDGE('',*,*,#8679,.F.);
#10402 = SPHERICAL_SURFACE('',#10403,1.144E-002);
#10403 = AXIS2_PLACEMENT_3D('',#10404,#10405,#10406);
#10404 = CARTESIAN_POINT('',(0.28856,1.144E-002,-0.53856));
#10405 = DIRECTION('',(0.E+000,1.,0.E+000));
#10406 = DIRECTION('',(1.,0.E+000,0.E+000));
#10407 = ADVANCED_FACE('',(#10408),#10413,.T.);
#10408 = FACE_BOUND('',#10409,.T.);
#10409 = EDGE_LOOP('',(#10410,#10411,#10412));
#10410 = ORIENTED_EDGE('',*,*,#10383,.T.);
#10411 = ORIENTED_EDGE('',*,*,#10364,.T.);
#10412 = ORIENTED_EDGE('',*,*,#8714,.F.);
#10413 = SPHERICAL_SURFACE('',#10414,1.144E-002);
#10414 = AXIS2_PLACEMENT_3D('',#10415,#10416,#10417);
#10415 = CARTESIAN_POINT('',(0.28856,1.144E-002,-1.144E-002));
#10416 = DIRECTION('',(0.E+000,1.,0.E+000));
#10417 = DIRECTION('',(1.,0.E+000,0.E+000));
#10418 = ADVANCED_FACE('',(#10419),#10436,.T.);
#10419 = FACE_BOUND('',#10420,.T.);
#10420 = EDGE_LOOP('',(#10421,#10422,#10435));
#10421 = ORIENTED_EDGE('',*,*,#8706,.F.);
#10422 = ORIENTED_EDGE('',*,*,#10423,.T.);
#10423 = EDGE_CURVE('',#8699,#8809,#10424,.T.);
#10424 = B_SPLINE_CURVE_WITH_KNOTS('',3,(#10425,#10426,#10427,#10428,
    #10429,#10430,#10431,#10432,#10433,#10434),.UNSPECIFIED.,.F.,.F.,(4,
    3,3,4),(4.121840218789E-020,3.807012292923E-006,7.621886349124E-006,
    8.963476866336E-006),.UNSPECIFIED.);
#10425 = CARTESIAN_POINT('',(0.3,1.144E-002,-2.288E-002));
#10426 = CARTESIAN_POINT('',(0.3,1.144E-002,-2.161099590236E-002));
#10427 = CARTESIAN_POINT('',(0.300005538045,1.165709674265E-002,
    -2.032463685445E-002));
#10428 = CARTESIAN_POINT('',(0.299982449728,1.207343682633E-002,
    -1.912609638197E-002));
#10429 = CARTESIAN_POINT('',(0.299959336654,1.249022334349E-002,
    -1.792627073755E-002));
#10430 = CARTESIAN_POINT('',(0.299903961389,1.312106662224E-002,
    -1.677908796226E-002));
#10431 = CARTESIAN_POINT('',(0.299732152111,1.390101954763E-002,
    -1.57911700517E-002));
#10432 = CARTESIAN_POINT('',(0.299670881956,1.417916422666E-002,
    -1.543886146845E-002));
#10433 = CARTESIAN_POINT('',(0.299594206421,1.447761543708E-002,
    -1.510378140969E-002));
#10434 = CARTESIAN_POINT('',(0.299498300654,1.479069842323E-002,
    -1.479069842323E-002));
#10435 = ORIENTED_EDGE('',*,*,#8831,.F.);
#10436 = CYLINDRICAL_SURFACE('',#10437,1.144E-002);
#10437 = AXIS2_PLACEMENT_3D('',#10438,#10439,#10440);
#10438 = CARTESIAN_POINT('',(0.28856,1.144E-002,0.E+000));
#10439 = DIRECTION('',(0.E+000,0.E+000,1.));
#10440 = DIRECTION('',(1.,0.E+000,-0.E+000));
#10441 = ADVANCED_FACE('',(#10442),#10450,.T.);
#10442 = FACE_BOUND('',#10443,.T.);
#10443 = EDGE_LOOP('',(#10444,#10445,#10446,#10447,#10448,#10449));
#10444 = ORIENTED_EDGE('',*,*,#10322,.F.);
#10445 = ORIENTED_EDGE('',*,*,#9154,.F.);
#10446 = ORIENTED_EDGE('',*,*,#9986,.F.);
#10447 = ORIENTED_EDGE('',*,*,#10045,.F.);
#10448 = ORIENTED_EDGE('',*,*,#9559,.F.);
#10449 = ORIENTED_EDGE('',*,*,#8747,.F.);
#10450 = CYLINDRICAL_SURFACE('',#10451,1.144E-002);
#10451 = AXIS2_PLACEMENT_3D('',#10452,#10453,#10454);
#10452 = CARTESIAN_POINT('',(0.3,2.288E-002,-0.52712));
#10453 = DIRECTION('',(-1.,0.E+000,0.E+000));
#10454 = DIRECTION('',(0.E+000,0.E+000,1.));
#10455 = ADVANCED_FACE('',(#10456),#10464,.T.);
#10456 = FACE_BOUND('',#10457,.T.);
#10457 = EDGE_LOOP('',(#10458,#10459,#10460,#10461,#10462,#10463));
#10458 = ORIENTED_EDGE('',*,*,#10423,.F.);
#10459 = ORIENTED_EDGE('',*,*,#9566,.F.);
#10460 = ORIENTED_EDGE('',*,*,#9061,.F.);
#10461 = ORIENTED_EDGE('',*,*,#9902,.F.);
#10462 = ORIENTED_EDGE('',*,*,#9181,.F.);
#10463 = ORIENTED_EDGE('',*,*,#8808,.F.);
#10464 = CYLINDRICAL_SURFACE('',#10465,1.144E-002);
#10465 = AXIS2_PLACEMENT_3D('',#10466,#10467,#10468);
#10466 = CARTESIAN_POINT('',(0.3,2.288E-002,-2.288E-002));
#10467 = DIRECTION('',(1.,0.E+000,0.E+000));
#10468 = DIRECTION('',(0.E+000,0.E+000,-1.));
#10469 = ADVANCED_FACE('',(#10470),#10478,.T.);
#10470 = FACE_BOUND('',#10471,.T.);
#10471 = EDGE_LOOP('',(#10472,#10473,#10474,#10475,#10476,#10477));
#10472 = ORIENTED_EDGE('',*,*,#8942,.F.);
#10473 = ORIENTED_EDGE('',*,*,#9301,.F.);
#10474 = ORIENTED_EDGE('',*,*,#9774,.F.);
#10475 = ORIENTED_EDGE('',*,*,#10000,.F.);
#10476 = ORIENTED_EDGE('',*,*,#9161,.F.);
#10477 = ORIENTED_EDGE('',*,*,#8912,.F.);
#10478 = CYLINDRICAL_SURFACE('',#10479,1.144E-002);
#10479 = AXIS2_PLACEMENT_3D('',#10480,#10481,#10482);
#10480 = CARTESIAN_POINT('',(0.3,0.52712,-0.52712));
#10481 = DIRECTION('',(1.,0.E+000,0.E+000));
#10482 = DIRECTION('',(0.E+000,0.E+000,-1.));
#10483 = ADVANCED_FACE('',(#10484),#10492,.T.);
#10484 = FACE_BOUND('',#10485,.T.);
#10485 = EDGE_LOOP('',(#10486,#10487,#10488,#10489,#10490,#10491));
#10486 = ORIENTED_EDGE('',*,*,#8787,.F.);
#10487 = ORIENTED_EDGE('',*,*,#9197,.F.);
#10488 = ORIENTED_EDGE('',*,*,#9888,.F.);
#10489 = ORIENTED_EDGE('',*,*,#9788,.F.);
#10490 = ORIENTED_EDGE('',*,*,#9313,.F.);
#10491 = ORIENTED_EDGE('',*,*,#8963,.F.);
#10492 = CYLINDRICAL_SURFACE('',#10493,1.144E-002);
#10493 = AXIS2_PLACEMENT_3D('',#10494,#10495,#10496);
#10494 = CARTESIAN_POINT('',(0.3,0.52712,-2.288E-002));
#10495 = DIRECTION('',(-1.,0.E+000,0.E+000));
#10496 = DIRECTION('',(0.E+000,0.E+000,1.));
#10497 = MANIFOLD_SOLID_BREP('',#10498);
#10498 = CLOSED_SHELL('',(#10499,#10539,#10570,#10601,#10632,#10663,
    #10694,#10725,#10756,#10787,#10818,#10849,#10880,#10911,#10942,
    #10973,#11004,#11026,#11051));
#10499 = ADVANCED_FACE('',(#10500),#10534,.F.);
#10500 = FACE_BOUND('',#10501,.T.);
#10501 = EDGE_LOOP('',(#10502,#10512,#10520,#10528));
#10502 = ORIENTED_EDGE('',*,*,#10503,.T.);
#10503 = EDGE_CURVE('',#10504,#10506,#10508,.T.);
#10504 = VERTEX_POINT('',#10505);
#10505 = CARTESIAN_POINT('',(0.501537138524,0.53856,-0.370327476164));
#10506 = VERTEX_POINT('',#10507);
#10507 = CARTESIAN_POINT('',(0.501641379532,0.53856,-0.407380237568));
#10508 = LINE('',#10509,#10510);
#10509 = CARTESIAN_POINT('',(0.501537138524,0.53856,-0.370327476164));
#10510 = VECTOR('',#10511,1.);
#10511 = DIRECTION('',(2.813301676015E-003,0.E+000,-0.999996042659));
#10512 = ORIENTED_EDGE('',*,*,#10513,.F.);
#10513 = EDGE_CURVE('',#10514,#10506,#10516,.T.);
#10514 = VERTEX_POINT('',#10515);
#10515 = CARTESIAN_POINT('',(0.501641379532,0.54356,-0.407380237568));
#10516 = LINE('',#10517,#10518);
#10517 = CARTESIAN_POINT('',(0.501641379532,0.54356,-0.407380237568));
#10518 = VECTOR('',#10519,1.);
#10519 = DIRECTION('',(-0.E+000,-1.,0.E+000));
#10520 = ORIENTED_EDGE('',*,*,#10521,.F.);
#10521 = EDGE_CURVE('',#10522,#10514,#10524,.T.);
#10522 = VERTEX_POINT('',#10523);
#10523 = CARTESIAN_POINT('',(0.501537138524,0.54356,-0.370327476164));
#10524 = LINE('',#10525,#10526);
#10525 = CARTESIAN_POINT('',(0.501537138524,0.54356,-0.370327476164));
#10526 = VECTOR('',#10527,1.);
#10527 = DIRECTION('',(2.813301676015E-003,0.E+000,-0.999996042659));
#10528 = ORIENTED_EDGE('',*,*,#10529,.T.);
#10529 = EDGE_CURVE('',#10522,#10504,#10530,.T.);
#10530 = LINE('',#10531,#10532);
#10531 = CARTESIAN_POINT('',(0.501537138524,0.54356,-0.370327476164));
#10532 = VECTOR('',#10533,1.);
#10533 = DIRECTION('',(-0.E+000,-1.,0.E+000));
#10534 = PLANE('',#10535);
#10535 = AXIS2_PLACEMENT_3D('',#10536,#10537,#10538);
#10536 = CARTESIAN_POINT('',(0.501537138524,0.54356,-0.370327476164));
#10537 = DIRECTION('',(-0.999996042659,0.E+000,-2.813301676015E-003));
#10538 = DIRECTION('',(-2.813301676015E-003,0.E+000,0.999996042659));
#10539 = ADVANCED_FACE('',(#10540),#10565,.F.);
#10540 = FACE_BOUND('',#10541,.T.);
#10541 = EDGE_LOOP('',(#10542,#10550,#10558,#10564));
#10542 = ORIENTED_EDGE('',*,*,#10543,.T.);
#10543 = EDGE_CURVE('',#10506,#10544,#10546,.T.);
#10544 = VERTEX_POINT('',#10545);
#10545 = CARTESIAN_POINT('',(0.501755700449,0.53856,-0.431961447399));
#10546 = LINE('',#10547,#10548);
#10547 = CARTESIAN_POINT('',(0.501641379532,0.53856,-0.407380237568));
#10548 = VECTOR('',#10549,1.);
#10549 = DIRECTION('',(4.650693823669E-003,0.E+000,-0.999989185465));
#10550 = ORIENTED_EDGE('',*,*,#10551,.F.);
#10551 = EDGE_CURVE('',#10552,#10544,#10554,.T.);
#10552 = VERTEX_POINT('',#10553);
#10553 = CARTESIAN_POINT('',(0.501755700449,0.54356,-0.431961447399));
#10554 = LINE('',#10555,#10556);
#10555 = CARTESIAN_POINT('',(0.501755700449,0.54356,-0.431961447399));
#10556 = VECTOR('',#10557,1.);
#10557 = DIRECTION('',(-0.E+000,-1.,0.E+000));
#10558 = ORIENTED_EDGE('',*,*,#10559,.F.);
#10559 = EDGE_CURVE('',#10514,#10552,#10560,.T.);
#10560 = LINE('',#10561,#10562);
#10561 = CARTESIAN_POINT('',(0.501641379532,0.54356,-0.407380237568));
#10562 = VECTOR('',#10563,1.);
#10563 = DIRECTION('',(4.650693823669E-003,0.E+000,-0.999989185465));
#10564 = ORIENTED_EDGE('',*,*,#10513,.T.);
#10565 = PLANE('',#10566);
#10566 = AXIS2_PLACEMENT_3D('',#10567,#10568,#10569);
#10567 = CARTESIAN_POINT('',(0.501641379532,0.54356,-0.407380237568));
#10568 = DIRECTION('',(-0.999989185465,0.E+000,-4.650693823669E-003));
#10569 = DIRECTION('',(-4.650693823669E-003,0.E+000,0.999989185465));
#10570 = ADVANCED_FACE('',(#10571),#10596,.F.);
#10571 = FACE_BOUND('',#10572,.T.);
#10572 = EDGE_LOOP('',(#10573,#10581,#10589,#10595));
#10573 = ORIENTED_EDGE('',*,*,#10574,.T.);
#10574 = EDGE_CURVE('',#10544,#10575,#10577,.T.);
#10575 = VERTEX_POINT('',#10576);
#10576 = CARTESIAN_POINT('',(0.567,0.53856,-0.413202982943));
#10577 = LINE('',#10578,#10579);
#10578 = CARTESIAN_POINT('',(0.501755700449,0.53856,-0.431961447399));
#10579 = VECTOR('',#10580,1.);
#10580 = DIRECTION('',(0.9610664549,0.E+000,0.276317334357));
#10581 = ORIENTED_EDGE('',*,*,#10582,.F.);
#10582 = EDGE_CURVE('',#10583,#10575,#10585,.T.);
#10583 = VERTEX_POINT('',#10584);
#10584 = CARTESIAN_POINT('',(0.567,0.54356,-0.413202982943));
#10585 = LINE('',#10586,#10587);
#10586 = CARTESIAN_POINT('',(0.567,0.54356,-0.413202982943));
#10587 = VECTOR('',#10588,1.);
#10588 = DIRECTION('',(-0.E+000,-1.,0.E+000));
#10589 = ORIENTED_EDGE('',*,*,#10590,.F.);
#10590 = EDGE_CURVE('',#10552,#10583,#10591,.T.);
#10591 = LINE('',#10592,#10593);
#10592 = CARTESIAN_POINT('',(0.501755700449,0.54356,-0.431961447399));
#10593 = VECTOR('',#10594,1.);
#10594 = DIRECTION('',(0.9610664549,0.E+000,0.276317334357));
#10595 = ORIENTED_EDGE('',*,*,#10551,.T.);
#10596 = PLANE('',#10597);
#10597 = AXIS2_PLACEMENT_3D('',#10598,#10599,#10600);
#10598 = CARTESIAN_POINT('',(0.501755700449,0.54356,-0.431961447399));
#10599 = DIRECTION('',(0.276317334357,0.E+000,-0.9610664549));
#10600 = DIRECTION('',(-0.9610664549,0.E+000,-0.276317334357));
#10601 = ADVANCED_FACE('',(#10602),#10627,.F.);
#10602 = FACE_BOUND('',#10603,.T.);
#10603 = EDGE_LOOP('',(#10604,#10612,#10620,#10626));
#10604 = ORIENTED_EDGE('',*,*,#10605,.T.);
#10605 = EDGE_CURVE('',#10575,#10606,#10608,.T.);
#10606 = VERTEX_POINT('',#10607);
#10607 = CARTESIAN_POINT('',(0.567,0.53856,-0.43623582044));
#10608 = LINE('',#10609,#10610);
#10609 = CARTESIAN_POINT('',(0.567,0.53856,-0.413202982943));
#10610 = VECTOR('',#10611,1.);
#10611 = DIRECTION('',(0.E+000,0.E+000,-1.));
#10612 = ORIENTED_EDGE('',*,*,#10613,.F.);
#10613 = EDGE_CURVE('',#10614,#10606,#10616,.T.);
#10614 = VERTEX_POINT('',#10615);
#10615 = CARTESIAN_POINT('',(0.567,0.54356,-0.43623582044));
#10616 = LINE('',#10617,#10618);
#10617 = CARTESIAN_POINT('',(0.567,0.54356,-0.43623582044));
#10618 = VECTOR('',#10619,1.);
#10619 = DIRECTION('',(-0.E+000,-1.,0.E+000));
#10620 = ORIENTED_EDGE('',*,*,#10621,.F.);
#10621 = EDGE_CURVE('',#10583,#10614,#10622,.T.);
#10622 = LINE('',#10623,#10624);
#10623 = CARTESIAN_POINT('',(0.567,0.54356,-0.413202982943));
#10624 = VECTOR('',#10625,1.);
#10625 = DIRECTION('',(0.E+000,0.E+000,-1.));
#10626 = ORIENTED_EDGE('',*,*,#10582,.T.);
#10627 = PLANE('',#10628);
#10628 = AXIS2_PLACEMENT_3D('',#10629,#10630,#10631);
#10629 = CARTESIAN_POINT('',(0.567,0.54356,-0.413202982943));
#10630 = DIRECTION('',(-1.,0.E+000,0.E+000));
#10631 = DIRECTION('',(0.E+000,0.E+000,1.));
#10632 = ADVANCED_FACE('',(#10633),#10658,.F.);
#10633 = FACE_BOUND('',#10634,.T.);
#10634 = EDGE_LOOP('',(#10635,#10643,#10651,#10657));
#10635 = ORIENTED_EDGE('',*,*,#10636,.T.);
#10636 = EDGE_CURVE('',#10606,#10637,#10639,.T.);
#10637 = VERTEX_POINT('',#10638);
#10638 = CARTESIAN_POINT('',(0.50175570045,0.53856,-0.454988876164));
#10639 = LINE('',#10640,#10641);
#10640 = CARTESIAN_POINT('',(0.567,0.53856,-0.43623582044));
#10641 = VECTOR('',#10642,1.);
#10642 = DIRECTION('',(-0.961087610217,0.E+000,-0.276243742892));
#10643 = ORIENTED_EDGE('',*,*,#10644,.F.);
#10644 = EDGE_CURVE('',#10645,#10637,#10647,.T.);
#10645 = VERTEX_POINT('',#10646);
#10646 = CARTESIAN_POINT('',(0.50175570045,0.54356,-0.454988876164));
#10647 = LINE('',#10648,#10649);
#10648 = CARTESIAN_POINT('',(0.50175570045,0.54356,-0.454988876164));
#10649 = VECTOR('',#10650,1.);
#10650 = DIRECTION('',(-0.E+000,-1.,0.E+000));
#10651 = ORIENTED_EDGE('',*,*,#10652,.F.);
#10652 = EDGE_CURVE('',#10614,#10645,#10653,.T.);
#10653 = LINE('',#10654,#10655);
#10654 = CARTESIAN_POINT('',(0.567,0.54356,-0.43623582044));
#10655 = VECTOR('',#10656,1.);
#10656 = DIRECTION('',(-0.961087610217,0.E+000,-0.276243742892));
#10657 = ORIENTED_EDGE('',*,*,#10613,.T.);
#10658 = PLANE('',#10659);
#10659 = AXIS2_PLACEMENT_3D('',#10660,#10661,#10662);
#10660 = CARTESIAN_POINT('',(0.567,0.54356,-0.43623582044));
#10661 = DIRECTION('',(-0.276243742892,0.E+000,0.961087610217));
#10662 = DIRECTION('',(0.961087610217,0.E+000,0.276243742892));
#10663 = ADVANCED_FACE('',(#10664),#10689,.F.);
#10664 = FACE_BOUND('',#10665,.T.);
#10665 = EDGE_LOOP('',(#10666,#10674,#10682,#10688));
#10666 = ORIENTED_EDGE('',*,*,#10667,.T.);
#10667 = EDGE_CURVE('',#10637,#10668,#10670,.T.);
#10668 = VERTEX_POINT('',#10669);
#10669 = CARTESIAN_POINT('',(0.501757457924,0.53856,-0.477126533312));
#10670 = LINE('',#10671,#10672);
#10671 = CARTESIAN_POINT('',(0.50175570045,0.53856,-0.454988876164));
#10672 = VECTOR('',#10673,1.);
#10673 = DIRECTION('',(7.938847109757E-005,0.E+000,-0.999999996849));
#10674 = ORIENTED_EDGE('',*,*,#10675,.F.);
#10675 = EDGE_CURVE('',#10676,#10668,#10678,.T.);
#10676 = VERTEX_POINT('',#10677);
#10677 = CARTESIAN_POINT('',(0.501757457924,0.54356,-0.477126533312));
#10678 = LINE('',#10679,#10680);
#10679 = CARTESIAN_POINT('',(0.501757457924,0.54356,-0.477126533312));
#10680 = VECTOR('',#10681,1.);
#10681 = DIRECTION('',(-0.E+000,-1.,0.E+000));
#10682 = ORIENTED_EDGE('',*,*,#10683,.F.);
#10683 = EDGE_CURVE('',#10645,#10676,#10684,.T.);
#10684 = LINE('',#10685,#10686);
#10685 = CARTESIAN_POINT('',(0.50175570045,0.54356,-0.454988876164));
#10686 = VECTOR('',#10687,1.);
#10687 = DIRECTION('',(7.938847109757E-005,0.E+000,-0.999999996849));
#10688 = ORIENTED_EDGE('',*,*,#10644,.T.);
#10689 = PLANE('',#10690);
#10690 = AXIS2_PLACEMENT_3D('',#10691,#10692,#10693);
#10691 = CARTESIAN_POINT('',(0.50175570045,0.54356,-0.454988876164));
#10692 = DIRECTION('',(-0.999999996849,0.E+000,-7.938847109757E-005));
#10693 = DIRECTION('',(-7.938847109757E-005,0.E+000,0.999999996849));
#10694 = ADVANCED_FACE('',(#10695),#10720,.F.);
#10695 = FACE_BOUND('',#10696,.T.);
#10696 = EDGE_LOOP('',(#10697,#10705,#10713,#10719));
#10697 = ORIENTED_EDGE('',*,*,#10698,.T.);
#10698 = EDGE_CURVE('',#10668,#10699,#10701,.T.);
#10699 = VERTEX_POINT('',#10700);
#10700 = CARTESIAN_POINT('',(0.486143888504,0.53856,-0.481613603184));
#10701 = LINE('',#10702,#10703);
#10702 = CARTESIAN_POINT('',(0.501757457924,0.53856,-0.477126533312));
#10703 = VECTOR('',#10704,1.);
#10704 = DIRECTION('',(-0.961099233431,0.E+000,-0.276203301029));
#10705 = ORIENTED_EDGE('',*,*,#10706,.F.);
#10706 = EDGE_CURVE('',#10707,#10699,#10709,.T.);
#10707 = VERTEX_POINT('',#10708);
#10708 = CARTESIAN_POINT('',(0.486143888504,0.54356,-0.481613603184));
#10709 = LINE('',#10710,#10711);
#10710 = CARTESIAN_POINT('',(0.486143888504,0.54356,-0.481613603184));
#10711 = VECTOR('',#10712,1.);
#10712 = DIRECTION('',(-0.E+000,-1.,0.E+000));
#10713 = ORIENTED_EDGE('',*,*,#10714,.F.);
#10714 = EDGE_CURVE('',#10676,#10707,#10715,.T.);
#10715 = LINE('',#10716,#10717);
#10716 = CARTESIAN_POINT('',(0.501757457924,0.54356,-0.477126533312));
#10717 = VECTOR('',#10718,1.);
#10718 = DIRECTION('',(-0.961099233431,0.E+000,-0.276203301029));
#10719 = ORIENTED_EDGE('',*,*,#10675,.T.);
#10720 = PLANE('',#10721);
#10721 = AXIS2_PLACEMENT_3D('',#10722,#10723,#10724);
#10722 = CARTESIAN_POINT('',(0.501757457924,0.54356,-0.477126533312));
#10723 = DIRECTION('',(-0.276203301029,0.E+000,0.961099233431));
#10724 = DIRECTION('',(0.961099233431,0.E+000,0.276203301029));
#10725 = ADVANCED_FACE('',(#10726),#10751,.F.);
#10726 = FACE_BOUND('',#10727,.T.);
#10727 = EDGE_LOOP('',(#10728,#10736,#10744,#10750));
#10728 = ORIENTED_EDGE('',*,*,#10729,.T.);
#10729 = EDGE_CURVE('',#10699,#10730,#10732,.T.);
#10730 = VERTEX_POINT('',#10731);
#10731 = CARTESIAN_POINT('',(0.486143888504,0.53856,-0.351813879802));
#10732 = LINE('',#10733,#10734);
#10733 = CARTESIAN_POINT('',(0.486143888504,0.53856,-0.411838015844));
#10734 = VECTOR('',#10735,1.);
#10735 = DIRECTION('',(0.E+000,0.E+000,1.));
#10736 = ORIENTED_EDGE('',*,*,#10737,.F.);
#10737 = EDGE_CURVE('',#10738,#10730,#10740,.T.);
#10738 = VERTEX_POINT('',#10739);
#10739 = CARTESIAN_POINT('',(0.486143888504,0.54356,-0.351813879802));
#10740 = LINE('',#10741,#10742);
#10741 = CARTESIAN_POINT('',(0.486143888504,0.54356,-0.351813879802));
#10742 = VECTOR('',#10743,1.);
#10743 = DIRECTION('',(-0.E+000,-1.,0.E+000));
#10744 = ORIENTED_EDGE('',*,*,#10745,.F.);
#10745 = EDGE_CURVE('',#10707,#10738,#10746,.T.);
#10746 = LINE('',#10747,#10748);
#10747 = CARTESIAN_POINT('',(0.486143888504,0.54356,-0.481613603184));
#10748 = VECTOR('',#10749,1.);
#10749 = DIRECTION('',(0.E+000,0.E+000,1.));
#10750 = ORIENTED_EDGE('',*,*,#10706,.T.);
#10751 = PLANE('',#10752);
#10752 = AXIS2_PLACEMENT_3D('',#10753,#10754,#10755);
#10753 = CARTESIAN_POINT('',(0.486143888504,0.54356,-0.411838015844));
#10754 = DIRECTION('',(1.,-0.E+000,0.E+000));
#10755 = DIRECTION('',(0.E+000,0.E+000,-1.));
#10756 = ADVANCED_FACE('',(#10757),#10782,.F.);
#10757 = FACE_BOUND('',#10758,.T.);
#10758 = EDGE_LOOP('',(#10759,#10767,#10775,#10781));
#10759 = ORIENTED_EDGE('',*,*,#10760,.T.);
#10760 = EDGE_CURVE('',#10730,#10761,#10763,.T.);
#10761 = VERTEX_POINT('',#10762);
#10762 = CARTESIAN_POINT('',(0.567,0.53856,-0.328556825733));
#10763 = LINE('',#10764,#10765);
#10764 = CARTESIAN_POINT('',(0.486143888504,0.53856,-0.351813879802));
#10765 = VECTOR('',#10766,1.);
#10766 = DIRECTION('',(0.961034823671,0.E+000,0.276427328049));
#10767 = ORIENTED_EDGE('',*,*,#10768,.F.);
#10768 = EDGE_CURVE('',#10769,#10761,#10771,.T.);
#10769 = VERTEX_POINT('',#10770);
#10770 = CARTESIAN_POINT('',(0.567,0.54356,-0.328556825733));
#10771 = LINE('',#10772,#10773);
#10772 = CARTESIAN_POINT('',(0.567,0.54356,-0.328556825733));
#10773 = VECTOR('',#10774,1.);
#10774 = DIRECTION('',(-0.E+000,-1.,0.E+000));
#10775 = ORIENTED_EDGE('',*,*,#10776,.F.);
#10776 = EDGE_CURVE('',#10738,#10769,#10777,.T.);
#10777 = LINE('',#10778,#10779);
#10778 = CARTESIAN_POINT('',(0.486143888504,0.54356,-0.351813879802));
#10779 = VECTOR('',#10780,1.);
#10780 = DIRECTION('',(0.961034823671,0.E+000,0.276427328049));
#10781 = ORIENTED_EDGE('',*,*,#10737,.T.);
#10782 = PLANE('',#10783);
#10783 = AXIS2_PLACEMENT_3D('',#10784,#10785,#10786);
#10784 = CARTESIAN_POINT('',(0.486143888504,0.54356,-0.351813879802));
#10785 = DIRECTION('',(0.276427328049,0.E+000,-0.961034823671));
#10786 = DIRECTION('',(-0.961034823671,0.E+000,-0.276427328049));
#10787 = ADVANCED_FACE('',(#10788),#10813,.F.);
#10788 = FACE_BOUND('',#10789,.T.);
#10789 = EDGE_LOOP('',(#10790,#10798,#10806,#10812));
#10790 = ORIENTED_EDGE('',*,*,#10791,.T.);
#10791 = EDGE_CURVE('',#10761,#10792,#10794,.T.);
#10792 = VERTEX_POINT('',#10793);
#10793 = CARTESIAN_POINT('',(0.567,0.53856,-0.389645990188));
#10794 = LINE('',#10795,#10796);
#10795 = CARTESIAN_POINT('',(0.567,0.53856,-0.328556825733));
#10796 = VECTOR('',#10797,1.);
#10797 = DIRECTION('',(0.E+000,0.E+000,-1.));
#10798 = ORIENTED_EDGE('',*,*,#10799,.F.);
#10799 = EDGE_CURVE('',#10800,#10792,#10802,.T.);
#10800 = VERTEX_POINT('',#10801);
#10801 = CARTESIAN_POINT('',(0.567,0.54356,-0.389645990188));
#10802 = LINE('',#10803,#10804);
#10803 = CARTESIAN_POINT('',(0.567,0.54356,-0.389645990188));
#10804 = VECTOR('',#10805,1.);
#10805 = DIRECTION('',(-0.E+000,-1.,0.E+000));
#10806 = ORIENTED_EDGE('',*,*,#10807,.F.);
#10807 = EDGE_CURVE('',#10769,#10800,#10808,.T.);
#10808 = LINE('',#10809,#10810);
#10809 = CARTESIAN_POINT('',(0.567,0.54356,-0.328556825733));
#10810 = VECTOR('',#10811,1.);
#10811 = DIRECTION('',(0.E+000,0.E+000,-1.));
#10812 = ORIENTED_EDGE('',*,*,#10768,.T.);
#10813 = PLANE('',#10814);
#10814 = AXIS2_PLACEMENT_3D('',#10815,#10816,#10817);
#10815 = CARTESIAN_POINT('',(0.567,0.54356,-0.328556825733));
#10816 = DIRECTION('',(-1.,0.E+000,0.E+000));
#10817 = DIRECTION('',(0.E+000,0.E+000,1.));
#10818 = ADVANCED_FACE('',(#10819),#10844,.F.);
#10819 = FACE_BOUND('',#10820,.T.);
#10820 = EDGE_LOOP('',(#10821,#10829,#10837,#10843));
#10821 = ORIENTED_EDGE('',*,*,#10822,.T.);
#10822 = EDGE_CURVE('',#10792,#10823,#10825,.T.);
#10823 = VERTEX_POINT('',#10824);
#10824 = CARTESIAN_POINT('',(0.551614125523,0.53856,-0.394011819963));
#10825 = LINE('',#10826,#10827);
#10826 = CARTESIAN_POINT('',(0.567,0.53856,-0.389645990188));
#10827 = VECTOR('',#10828,1.);
#10828 = DIRECTION('',(-0.96202007938,0.E+000,-0.27297869307));
#10829 = ORIENTED_EDGE('',*,*,#10830,.F.);
#10830 = EDGE_CURVE('',#10831,#10823,#10833,.T.);
#10831 = VERTEX_POINT('',#10832);
#10832 = CARTESIAN_POINT('',(0.551614125523,0.54356,-0.394011819963));
#10833 = LINE('',#10834,#10835);
#10834 = CARTESIAN_POINT('',(0.551614125523,0.54356,-0.394011819963));
#10835 = VECTOR('',#10836,1.);
#10836 = DIRECTION('',(-0.E+000,-1.,0.E+000));
#10837 = ORIENTED_EDGE('',*,*,#10838,.F.);
#10838 = EDGE_CURVE('',#10800,#10831,#10839,.T.);
#10839 = LINE('',#10840,#10841);
#10840 = CARTESIAN_POINT('',(0.567,0.54356,-0.389645990188));
#10841 = VECTOR('',#10842,1.);
#10842 = DIRECTION('',(-0.96202007938,0.E+000,-0.27297869307));
#10843 = ORIENTED_EDGE('',*,*,#10799,.T.);
#10844 = PLANE('',#10845);
#10845 = AXIS2_PLACEMENT_3D('',#10846,#10847,#10848);
#10846 = CARTESIAN_POINT('',(0.567,0.54356,-0.389645990188));
#10847 = DIRECTION('',(-0.27297869307,0.E+000,0.96202007938));
#10848 = DIRECTION('',(0.96202007938,0.E+000,0.27297869307));
#10849 = ADVANCED_FACE('',(#10850),#10875,.F.);
#10850 = FACE_BOUND('',#10851,.T.);
#10851 = EDGE_LOOP('',(#10852,#10860,#10868,#10874));
#10852 = ORIENTED_EDGE('',*,*,#10853,.T.);
#10853 = EDGE_CURVE('',#10823,#10854,#10856,.T.);
#10854 = VERTEX_POINT('',#10855);
#10855 = CARTESIAN_POINT('',(0.551614125523,0.53856,-0.355950575975));
#10856 = LINE('',#10857,#10858);
#10857 = CARTESIAN_POINT('',(0.551614125523,0.53856,-0.394011819963));
#10858 = VECTOR('',#10859,1.);
#10859 = DIRECTION('',(0.E+000,0.E+000,1.));
#10860 = ORIENTED_EDGE('',*,*,#10861,.F.);
#10861 = EDGE_CURVE('',#10862,#10854,#10864,.T.);
#10862 = VERTEX_POINT('',#10863);
#10863 = CARTESIAN_POINT('',(0.551614125523,0.54356,-0.355950575975));
#10864 = LINE('',#10865,#10866);
#10865 = CARTESIAN_POINT('',(0.551614125523,0.54356,-0.355950575975));
#10866 = VECTOR('',#10867,1.);
#10867 = DIRECTION('',(-0.E+000,-1.,0.E+000));
#10868 = ORIENTED_EDGE('',*,*,#10869,.F.);
#10869 = EDGE_CURVE('',#10831,#10862,#10870,.T.);
#10870 = LINE('',#10871,#10872);
#10871 = CARTESIAN_POINT('',(0.551614125523,0.54356,-0.394011819963));
#10872 = VECTOR('',#10873,1.);
#10873 = DIRECTION('',(0.E+000,0.E+000,1.));
#10874 = ORIENTED_EDGE('',*,*,#10830,.T.);
#10875 = PLANE('',#10876);
#10876 = AXIS2_PLACEMENT_3D('',#10877,#10878,#10879);
#10877 = CARTESIAN_POINT('',(0.551614125523,0.54356,-0.394011819963));
#10878 = DIRECTION('',(1.,-0.E+000,0.E+000));
#10879 = DIRECTION('',(0.E+000,0.E+000,-1.));
#10880 = ADVANCED_FACE('',(#10881),#10906,.F.);
#10881 = FACE_BOUND('',#10882,.T.);
#10882 = EDGE_LOOP('',(#10883,#10891,#10899,#10905));
#10883 = ORIENTED_EDGE('',*,*,#10884,.T.);
#10884 = EDGE_CURVE('',#10854,#10885,#10887,.T.);
#10885 = VERTEX_POINT('',#10886);
#10886 = CARTESIAN_POINT('',(0.531521179481,0.53856,-0.361686781646));
#10887 = LINE('',#10888,#10889);
#10888 = CARTESIAN_POINT('',(0.551614125523,0.53856,-0.355950575975));
#10889 = VECTOR('',#10890,1.);
#10890 = DIRECTION('',(-0.961582531987,0.E+000,-0.274515999857));
#10891 = ORIENTED_EDGE('',*,*,#10892,.F.);
#10892 = EDGE_CURVE('',#10893,#10885,#10895,.T.);
#10893 = VERTEX_POINT('',#10894);
#10894 = CARTESIAN_POINT('',(0.531521179481,0.54356,-0.361686781646));
#10895 = LINE('',#10896,#10897);
#10896 = CARTESIAN_POINT('',(0.531521179481,0.54356,-0.361686781646));
#10897 = VECTOR('',#10898,1.);
#10898 = DIRECTION('',(-0.E+000,-1.,0.E+000));
#10899 = ORIENTED_EDGE('',*,*,#10900,.F.);
#10900 = EDGE_CURVE('',#10862,#10893,#10901,.T.);
#10901 = LINE('',#10902,#10903);
#10902 = CARTESIAN_POINT('',(0.551614125523,0.54356,-0.355950575975));
#10903 = VECTOR('',#10904,1.);
#10904 = DIRECTION('',(-0.961582531987,0.E+000,-0.274515999857));
#10905 = ORIENTED_EDGE('',*,*,#10861,.T.);
#10906 = PLANE('',#10907);
#10907 = AXIS2_PLACEMENT_3D('',#10908,#10909,#10910);
#10908 = CARTESIAN_POINT('',(0.551614125523,0.54356,-0.355950575975));
#10909 = DIRECTION('',(-0.274515999857,0.E+000,0.961582531987));
#10910 = DIRECTION('',(0.961582531987,0.E+000,0.274515999857));
#10911 = ADVANCED_FACE('',(#10912),#10937,.F.);
#10912 = FACE_BOUND('',#10913,.T.);
#10913 = EDGE_LOOP('',(#10914,#10922,#10930,#10936));
#10914 = ORIENTED_EDGE('',*,*,#10915,.T.);
#10915 = EDGE_CURVE('',#10885,#10916,#10918,.T.);
#10916 = VERTEX_POINT('',#10917);
#10917 = CARTESIAN_POINT('',(0.531521179481,0.53856,-0.396380844386));
#10918 = LINE('',#10919,#10920);
#10919 = CARTESIAN_POINT('',(0.531521179481,0.53856,-0.361686781646));
#10920 = VECTOR('',#10921,1.);
#10921 = DIRECTION('',(0.E+000,0.E+000,-1.));
#10922 = ORIENTED_EDGE('',*,*,#10923,.F.);
#10923 = EDGE_CURVE('',#10924,#10916,#10926,.T.);
#10924 = VERTEX_POINT('',#10925);
#10925 = CARTESIAN_POINT('',(0.531521179481,0.54356,-0.396380844386));
#10926 = LINE('',#10927,#10928);
#10927 = CARTESIAN_POINT('',(0.531521179481,0.54356,-0.396380844386));
#10928 = VECTOR('',#10929,1.);
#10929 = DIRECTION('',(-0.E+000,-1.,0.E+000));
#10930 = ORIENTED_EDGE('',*,*,#10931,.F.);
#10931 = EDGE_CURVE('',#10893,#10924,#10932,.T.);
#10932 = LINE('',#10933,#10934);
#10933 = CARTESIAN_POINT('',(0.531521179481,0.54356,-0.361686781646));
#10934 = VECTOR('',#10935,1.);
#10935 = DIRECTION('',(0.E+000,0.E+000,-1.));
#10936 = ORIENTED_EDGE('',*,*,#10892,.T.);
#10937 = PLANE('',#10938);
#10938 = AXIS2_PLACEMENT_3D('',#10939,#10940,#10941);
#10939 = CARTESIAN_POINT('',(0.531521179481,0.54356,-0.361686781646));
#10940 = DIRECTION('',(-1.,0.E+000,0.E+000));
#10941 = DIRECTION('',(0.E+000,0.E+000,1.));
#10942 = ADVANCED_FACE('',(#10943),#10968,.F.);
#10943 = FACE_BOUND('',#10944,.T.);
#10944 = EDGE_LOOP('',(#10945,#10953,#10961,#10967));
#10945 = ORIENTED_EDGE('',*,*,#10946,.T.);
#10946 = EDGE_CURVE('',#10916,#10947,#10949,.T.);
#10947 = VERTEX_POINT('',#10948);
#10948 = CARTESIAN_POINT('',(0.516576362478,0.53856,-0.400650300398));
#10949 = LINE('',#10950,#10951);
#10950 = CARTESIAN_POINT('',(0.531521179481,0.53856,-0.396380844386));
#10951 = VECTOR('',#10952,1.);
#10952 = DIRECTION('',(-0.961532303768,0.E+000,-0.274691879767));
#10953 = ORIENTED_EDGE('',*,*,#10954,.F.);
#10954 = EDGE_CURVE('',#10955,#10947,#10957,.T.);
#10955 = VERTEX_POINT('',#10956);
#10956 = CARTESIAN_POINT('',(0.516576362478,0.54356,-0.400650300398));
#10957 = LINE('',#10958,#10959);
#10958 = CARTESIAN_POINT('',(0.516576362478,0.54356,-0.400650300398));
#10959 = VECTOR('',#10960,1.);
#10960 = DIRECTION('',(-0.E+000,-1.,0.E+000));
#10961 = ORIENTED_EDGE('',*,*,#10962,.F.);
#10962 = EDGE_CURVE('',#10924,#10955,#10963,.T.);
#10963 = LINE('',#10964,#10965);
#10964 = CARTESIAN_POINT('',(0.531521179481,0.54356,-0.396380844386));
#10965 = VECTOR('',#10966,1.);
#10966 = DIRECTION('',(-0.961532303768,0.E+000,-0.274691879767));
#10967 = ORIENTED_EDGE('',*,*,#10923,.T.);
#10968 = PLANE('',#10969);
#10969 = AXIS2_PLACEMENT_3D('',#10970,#10971,#10972);
#10970 = CARTESIAN_POINT('',(0.531521179481,0.54356,-0.396380844386));
#10971 = DIRECTION('',(-0.274691879767,0.E+000,0.961532303768));
#10972 = DIRECTION('',(0.961532303768,0.E+000,0.274691879767));
#10973 = ADVANCED_FACE('',(#10974),#10999,.F.);
#10974 = FACE_BOUND('',#10975,.T.);
#10975 = EDGE_LOOP('',(#10976,#10984,#10992,#10998));
#10976 = ORIENTED_EDGE('',*,*,#10977,.T.);
#10977 = EDGE_CURVE('',#10947,#10978,#10980,.T.);
#10978 = VERTEX_POINT('',#10979);
#10979 = CARTESIAN_POINT('',(0.516576362478,0.53856,-0.36595132063));
#10980 = LINE('',#10981,#10982);
#10981 = CARTESIAN_POINT('',(0.516576362478,0.53856,-0.400650300398));
#10982 = VECTOR('',#10983,1.);
#10983 = DIRECTION('',(0.E+000,0.E+000,1.));
#10984 = ORIENTED_EDGE('',*,*,#10985,.F.);
#10985 = EDGE_CURVE('',#10986,#10978,#10988,.T.);
#10986 = VERTEX_POINT('',#10987);
#10987 = CARTESIAN_POINT('',(0.516576362478,0.54356,-0.36595132063));
#10988 = LINE('',#10989,#10990);
#10989 = CARTESIAN_POINT('',(0.516576362478,0.54356,-0.36595132063));
#10990 = VECTOR('',#10991,1.);
#10991 = DIRECTION('',(-0.E+000,-1.,0.E+000));
#10992 = ORIENTED_EDGE('',*,*,#10993,.F.);
#10993 = EDGE_CURVE('',#10955,#10986,#10994,.T.);
#10994 = LINE('',#10995,#10996);
#10995 = CARTESIAN_POINT('',(0.516576362478,0.54356,-0.400650300398));
#10996 = VECTOR('',#10997,1.);
#10997 = DIRECTION('',(0.E+000,0.E+000,1.));
#10998 = ORIENTED_EDGE('',*,*,#10954,.T.);
#10999 = PLANE('',#11000);
#11000 = AXIS2_PLACEMENT_3D('',#11001,#11002,#11003);
#11001 = CARTESIAN_POINT('',(0.516576362478,0.54356,-0.400650300398));
#11002 = DIRECTION('',(1.,-0.E+000,0.E+000));
#11003 = DIRECTION('',(0.E+000,0.E+000,-1.));
#11004 = ADVANCED_FACE('',(#11005),#11021,.F.);
#11005 = FACE_BOUND('',#11006,.T.);
#11006 = EDGE_LOOP('',(#11007,#11013,#11014,#11020));
#11007 = ORIENTED_EDGE('',*,*,#11008,.T.);
#11008 = EDGE_CURVE('',#10978,#10504,#11009,.T.);
#11009 = LINE('',#11010,#11011);
#11010 = CARTESIAN_POINT('',(0.516576362478,0.53856,-0.36595132063));
#11011 = VECTOR('',#11012,1.);
#11012 = DIRECTION('',(-0.960176311435,0.E+000,-0.279394794081));
#11013 = ORIENTED_EDGE('',*,*,#10529,.F.);
#11014 = ORIENTED_EDGE('',*,*,#11015,.F.);
#11015 = EDGE_CURVE('',#10986,#10522,#11016,.T.);
#11016 = LINE('',#11017,#11018);
#11017 = CARTESIAN_POINT('',(0.516576362478,0.54356,-0.36595132063));
#11018 = VECTOR('',#11019,1.);
#11019 = DIRECTION('',(-0.960176311435,0.E+000,-0.279394794081));
#11020 = ORIENTED_EDGE('',*,*,#10985,.T.);
#11021 = PLANE('',#11022);
#11022 = AXIS2_PLACEMENT_3D('',#11023,#11024,#11025);
#11023 = CARTESIAN_POINT('',(0.516576362478,0.54356,-0.36595132063));
#11024 = DIRECTION('',(-0.279394794081,0.E+000,0.960176311435));
#11025 = DIRECTION('',(0.960176311435,0.E+000,0.279394794081));
#11026 = ADVANCED_FACE('',(#11027),#11046,.T.);
#11027 = FACE_BOUND('',#11028,.T.);
#11028 = EDGE_LOOP('',(#11029,#11030,#11031,#11032,#11033,#11034,#11035,
    #11036,#11037,#11038,#11039,#11040,#11041,#11042,#11043,#11044,
    #11045));
#11029 = ORIENTED_EDGE('',*,*,#10521,.T.);
#11030 = ORIENTED_EDGE('',*,*,#10559,.T.);
#11031 = ORIENTED_EDGE('',*,*,#10590,.T.);
#11032 = ORIENTED_EDGE('',*,*,#10621,.T.);
#11033 = ORIENTED_EDGE('',*,*,#10652,.T.);
#11034 = ORIENTED_EDGE('',*,*,#10683,.T.);
#11035 = ORIENTED_EDGE('',*,*,#10714,.T.);
#11036 = ORIENTED_EDGE('',*,*,#10745,.T.);
#11037 = ORIENTED_EDGE('',*,*,#10776,.T.);
#11038 = ORIENTED_EDGE('',*,*,#10807,.T.);
#11039 = ORIENTED_EDGE('',*,*,#10838,.T.);
#11040 = ORIENTED_EDGE('',*,*,#10869,.T.);
#11041 = ORIENTED_EDGE('',*,*,#10900,.T.);
#11042 = ORIENTED_EDGE('',*,*,#10931,.T.);
#11043 = ORIENTED_EDGE('',*,*,#10962,.T.);
#11044 = ORIENTED_EDGE('',*,*,#10993,.T.);
#11045 = ORIENTED_EDGE('',*,*,#11015,.T.);
#11046 = PLANE('',#11047);
#11047 = AXIS2_PLACEMENT_3D('',#11048,#11049,#11050);
#11048 = CARTESIAN_POINT('',(2.438294488446E-002,0.54356,
    1.244538332961E-003));
#11049 = DIRECTION('',(0.E+000,1.,0.E+000));
#11050 = DIRECTION('',(0.E+000,-0.E+000,1.));
#11051 = ADVANCED_FACE('',(#11052),#11071,.F.);
#11052 = FACE_BOUND('',#11053,.T.);
#11053 = EDGE_LOOP('',(#11054,#11055,#11056,#11057,#11058,#11059,#11060,
    #11061,#11062,#11063,#11064,#11065,#11066,#11067,#11068,#11069,
    #11070));
#11054 = ORIENTED_EDGE('',*,*,#10503,.F.);
#11055 = ORIENTED_EDGE('',*,*,#11008,.F.);
#11056 = ORIENTED_EDGE('',*,*,#10977,.F.);
#11057 = ORIENTED_EDGE('',*,*,#10946,.F.);
#11058 = ORIENTED_EDGE('',*,*,#10915,.F.);
#11059 = ORIENTED_EDGE('',*,*,#10884,.F.);
#11060 = ORIENTED_EDGE('',*,*,#10853,.F.);
#11061 = ORIENTED_EDGE('',*,*,#10822,.F.);
#11062 = ORIENTED_EDGE('',*,*,#10791,.F.);
#11063 = ORIENTED_EDGE('',*,*,#10760,.F.);
#11064 = ORIENTED_EDGE('',*,*,#10729,.F.);
#11065 = ORIENTED_EDGE('',*,*,#10698,.F.);
#11066 = ORIENTED_EDGE('',*,*,#10667,.F.);
#11067 = ORIENTED_EDGE('',*,*,#10636,.F.);
#11068 = ORIENTED_EDGE('',*,*,#10605,.F.);
#11069 = ORIENTED_EDGE('',*,*,#10574,.F.);
#11070 = ORIENTED_EDGE('',*,*,#10543,.F.);
#11071 = PLANE('',#11072);
#11072 = AXIS2_PLACEMENT_3D('',#11073,#11074,#11075);
#11073 = CARTESIAN_POINT('',(2.438294488446E-002,0.53856,
    1.244538332961E-003));
#11074 = DIRECTION('',(0.E+000,1.,0.E+000));
#11075 = DIRECTION('',(0.E+000,-0.E+000,1.));
#11076 = MANIFOLD_SOLID_BREP('',#11077);
#11077 = CLOSED_SHELL('',(#11078,#11118,#11149,#11180,#11211,#11242,
    #11273,#11304,#11335,#11366,#11397,#11428,#11459,#11490,#11521,
    #11552,#11583,#11614,#11645,#11676,#11707,#11738,#11769,#11791,
    #11822));
#11078 = ADVANCED_FACE('',(#11079),#11113,.F.);
#11079 = FACE_BOUND('',#11080,.T.);
#11080 = EDGE_LOOP('',(#11081,#11091,#11099,#11107));
#11081 = ORIENTED_EDGE('',*,*,#11082,.T.);
#11082 = EDGE_CURVE('',#11083,#11085,#11087,.T.);
#11083 = VERTEX_POINT('',#11084);
#11084 = CARTESIAN_POINT('',(0.486143888504,0.53856,-0.342072754198));
#11085 = VERTEX_POINT('',#11086);
#11086 = CARTESIAN_POINT('',(0.486143888504,0.53856,-0.306609813621));
#11087 = LINE('',#11088,#11089);
#11088 = CARTESIAN_POINT('',(0.486143888504,0.53856,-0.342072754198));
#11089 = VECTOR('',#11090,1.);
#11090 = DIRECTION('',(0.E+000,0.E+000,1.));
#11091 = ORIENTED_EDGE('',*,*,#11092,.F.);
#11092 = EDGE_CURVE('',#11093,#11085,#11095,.T.);
#11093 = VERTEX_POINT('',#11094);
#11094 = CARTESIAN_POINT('',(0.486143888504,0.54356,-0.306609813621));
#11095 = LINE('',#11096,#11097);
#11096 = CARTESIAN_POINT('',(0.486143888504,0.54356,-0.306609813621));
#11097 = VECTOR('',#11098,1.);
#11098 = DIRECTION('',(-0.E+000,-1.,0.E+000));
#11099 = ORIENTED_EDGE('',*,*,#11100,.F.);
#11100 = EDGE_CURVE('',#11101,#11093,#11103,.T.);
#11101 = VERTEX_POINT('',#11102);
#11102 = CARTESIAN_POINT('',(0.486143888504,0.54356,-0.342072754198));
#11103 = LINE('',#11104,#11105);
#11104 = CARTESIAN_POINT('',(0.486143888504,0.54356,-0.342072754198));
#11105 = VECTOR('',#11106,1.);
#11106 = DIRECTION('',(0.E+000,0.E+000,1.));
#11107 = ORIENTED_EDGE('',*,*,#11108,.T.);
#11108 = EDGE_CURVE('',#11101,#11083,#11109,.T.);
#11109 = LINE('',#11110,#11111);
#11110 = CARTESIAN_POINT('',(0.486143888504,0.54356,-0.342072754198));
#11111 = VECTOR('',#11112,1.);
#11112 = DIRECTION('',(-0.E+000,-1.,0.E+000));
#11113 = PLANE('',#11114);
#11114 = AXIS2_PLACEMENT_3D('',#11115,#11116,#11117);
#11115 = CARTESIAN_POINT('',(0.486143888504,0.54356,-0.342072754198));
#11116 = DIRECTION('',(1.,-0.E+000,0.E+000));
#11117 = DIRECTION('',(0.E+000,0.E+000,-1.));
#11118 = ADVANCED_FACE('',(#11119),#11144,.F.);
#11119 = FACE_BOUND('',#11120,.T.);
#11120 = EDGE_LOOP('',(#11121,#11129,#11137,#11143));
#11121 = ORIENTED_EDGE('',*,*,#11122,.T.);
#11122 = EDGE_CURVE('',#11085,#11123,#11125,.T.);
#11123 = VERTEX_POINT('',#11124);
#11124 = CARTESIAN_POINT('',(0.54390853343,0.53856,-0.27796044005));
#11125 = LINE('',#11126,#11127);
#11126 = CARTESIAN_POINT('',(0.486143888504,0.53856,-0.306609813621));
#11127 = VECTOR('',#11128,1.);
#11128 = DIRECTION('',(0.895867636183,0.E+000,0.444321030833));
#11129 = ORIENTED_EDGE('',*,*,#11130,.F.);
#11130 = EDGE_CURVE('',#11131,#11123,#11133,.T.);
#11131 = VERTEX_POINT('',#11132);
#11132 = CARTESIAN_POINT('',(0.54390853343,0.54356,-0.27796044005));
#11133 = LINE('',#11134,#11135);
#11134 = CARTESIAN_POINT('',(0.54390853343,0.54356,-0.27796044005));
#11135 = VECTOR('',#11136,1.);
#11136 = DIRECTION('',(-0.E+000,-1.,0.E+000));
#11137 = ORIENTED_EDGE('',*,*,#11138,.F.);
#11138 = EDGE_CURVE('',#11093,#11131,#11139,.T.);
#11139 = LINE('',#11140,#11141);
#11140 = CARTESIAN_POINT('',(0.486143888504,0.54356,-0.306609813621));
#11141 = VECTOR('',#11142,1.);
#11142 = DIRECTION('',(0.895867636183,0.E+000,0.444321030833));
#11143 = ORIENTED_EDGE('',*,*,#11092,.T.);
#11144 = PLANE('',#11145);
#11145 = AXIS2_PLACEMENT_3D('',#11146,#11147,#11148);
#11146 = CARTESIAN_POINT('',(0.486143888504,0.54356,-0.306609813621));
#11147 = DIRECTION('',(0.444321030833,0.E+000,-0.895867636183));
#11148 = DIRECTION('',(-0.895867636183,0.E+000,-0.444321030833));
#11149 = ADVANCED_FACE('',(#11150),#11175,.F.);
#11150 = FACE_BOUND('',#11151,.T.);
#11151 = EDGE_LOOP('',(#11152,#11160,#11168,#11174));
#11152 = ORIENTED_EDGE('',*,*,#11153,.T.);
#11153 = EDGE_CURVE('',#11123,#11154,#11156,.T.);
#11154 = VERTEX_POINT('',#11155);
#11155 = CARTESIAN_POINT('',(0.486143888504,0.53856,-0.28106993489));
#11156 = LINE('',#11157,#11158);
#11157 = CARTESIAN_POINT('',(0.54390853343,0.53856,-0.27796044005));
#11158 = VECTOR('',#11159,1.);
#11159 = DIRECTION('',(-0.998554284376,0.E+000,-5.375259206908E-002));
#11160 = ORIENTED_EDGE('',*,*,#11161,.F.);
#11161 = EDGE_CURVE('',#11162,#11154,#11164,.T.);
#11162 = VERTEX_POINT('',#11163);
#11163 = CARTESIAN_POINT('',(0.486143888504,0.54356,-0.28106993489));
#11164 = LINE('',#11165,#11166);
#11165 = CARTESIAN_POINT('',(0.486143888504,0.54356,-0.28106993489));
#11166 = VECTOR('',#11167,1.);
#11167 = DIRECTION('',(-0.E+000,-1.,0.E+000));
#11168 = ORIENTED_EDGE('',*,*,#11169,.F.);
#11169 = EDGE_CURVE('',#11131,#11162,#11170,.T.);
#11170 = LINE('',#11171,#11172);
#11171 = CARTESIAN_POINT('',(0.54390853343,0.54356,-0.27796044005));
#11172 = VECTOR('',#11173,1.);
#11173 = DIRECTION('',(-0.998554284376,0.E+000,-5.375259206908E-002));
#11174 = ORIENTED_EDGE('',*,*,#11130,.T.);
#11175 = PLANE('',#11176);
#11176 = AXIS2_PLACEMENT_3D('',#11177,#11178,#11179);
#11177 = CARTESIAN_POINT('',(0.54390853343,0.54356,-0.27796044005));
#11178 = DIRECTION('',(-5.375259206908E-002,0.E+000,0.998554284376));
#11179 = DIRECTION('',(0.998554284376,0.E+000,5.375259206908E-002));
#11180 = ADVANCED_FACE('',(#11181),#11206,.F.);
#11181 = FACE_BOUND('',#11182,.T.);
#11182 = EDGE_LOOP('',(#11183,#11191,#11199,#11205));
#11183 = ORIENTED_EDGE('',*,*,#11184,.T.);
#11184 = EDGE_CURVE('',#11154,#11185,#11187,.T.);
#11185 = VERTEX_POINT('',#11186);
#11186 = CARTESIAN_POINT('',(0.486143888504,0.53856,-0.24663617759));
#11187 = LINE('',#11188,#11189);
#11188 = CARTESIAN_POINT('',(0.486143888504,0.53856,-0.28106993489));
#11189 = VECTOR('',#11190,1.);
#11190 = DIRECTION('',(0.E+000,0.E+000,1.));
#11191 = ORIENTED_EDGE('',*,*,#11192,.F.);
#11192 = EDGE_CURVE('',#11193,#11185,#11195,.T.);
#11193 = VERTEX_POINT('',#11194);
#11194 = CARTESIAN_POINT('',(0.486143888504,0.54356,-0.24663617759));
#11195 = LINE('',#11196,#11197);
#11196 = CARTESIAN_POINT('',(0.486143888504,0.54356,-0.24663617759));
#11197 = VECTOR('',#11198,1.);
#11198 = DIRECTION('',(-0.E+000,-1.,0.E+000));
#11199 = ORIENTED_EDGE('',*,*,#11200,.F.);
#11200 = EDGE_CURVE('',#11162,#11193,#11201,.T.);
#11201 = LINE('',#11202,#11203);
#11202 = CARTESIAN_POINT('',(0.486143888504,0.54356,-0.28106993489));
#11203 = VECTOR('',#11204,1.);
#11204 = DIRECTION('',(0.E+000,0.E+000,1.));
#11205 = ORIENTED_EDGE('',*,*,#11161,.T.);
#11206 = PLANE('',#11207);
#11207 = AXIS2_PLACEMENT_3D('',#11208,#11209,#11210);
#11208 = CARTESIAN_POINT('',(0.486143888504,0.54356,-0.28106993489));
#11209 = DIRECTION('',(1.,-0.E+000,0.E+000));
#11210 = DIRECTION('',(0.E+000,0.E+000,-1.));
#11211 = ADVANCED_FACE('',(#11212),#11237,.F.);
#11212 = FACE_BOUND('',#11213,.T.);
#11213 = EDGE_LOOP('',(#11214,#11222,#11230,#11236));
#11214 = ORIENTED_EDGE('',*,*,#11215,.T.);
#11215 = EDGE_CURVE('',#11185,#11216,#11218,.T.);
#11216 = VERTEX_POINT('',#11217);
#11217 = CARTESIAN_POINT('',(0.55161707574,0.53856,-0.227816741978));
#11218 = LINE('',#11219,#11220);
#11219 = CARTESIAN_POINT('',(0.486143888504,0.53856,-0.24663617759));
#11220 = VECTOR('',#11221,1.);
#11221 = DIRECTION('',(0.961085306551,0.E+000,0.276251757517));
#11222 = ORIENTED_EDGE('',*,*,#11223,.F.);
#11223 = EDGE_CURVE('',#11224,#11216,#11226,.T.);
#11224 = VERTEX_POINT('',#11225);
#11225 = CARTESIAN_POINT('',(0.55161707574,0.54356,-0.227816741978));
#11226 = LINE('',#11227,#11228);
#11227 = CARTESIAN_POINT('',(0.55161707574,0.54356,-0.227816741978));
#11228 = VECTOR('',#11229,1.);
#11229 = DIRECTION('',(-0.E+000,-1.,0.E+000));
#11230 = ORIENTED_EDGE('',*,*,#11231,.F.);
#11231 = EDGE_CURVE('',#11193,#11224,#11232,.T.);
#11232 = LINE('',#11233,#11234);
#11233 = CARTESIAN_POINT('',(0.486143888504,0.54356,-0.24663617759));
#11234 = VECTOR('',#11235,1.);
#11235 = DIRECTION('',(0.961085306551,0.E+000,0.276251757517));
#11236 = ORIENTED_EDGE('',*,*,#11192,.T.);
#11237 = PLANE('',#11238);
#11238 = AXIS2_PLACEMENT_3D('',#11239,#11240,#11241);
#11239 = CARTESIAN_POINT('',(0.486143888504,0.54356,-0.24663617759));
#11240 = DIRECTION('',(0.276251757517,0.E+000,-0.961085306551));
#11241 = DIRECTION('',(-0.961085306551,0.E+000,-0.276251757517));
#11242 = ADVANCED_FACE('',(#11243),#11268,.F.);
#11243 = FACE_BOUND('',#11244,.T.);
#11244 = EDGE_LOOP('',(#11245,#11253,#11261,#11267));
#11245 = ORIENTED_EDGE('',*,*,#11246,.T.);
#11246 = EDGE_CURVE('',#11216,#11247,#11249,.T.);
#11247 = VERTEX_POINT('',#11248);
#11248 = CARTESIAN_POINT('',(0.55161707574,0.53856,-0.182994583541));
#11249 = LINE('',#11250,#11251);
#11250 = CARTESIAN_POINT('',(0.55161707574,0.53856,-0.227816741978));
#11251 = VECTOR('',#11252,1.);
#11252 = DIRECTION('',(0.E+000,0.E+000,1.));
#11253 = ORIENTED_EDGE('',*,*,#11254,.F.);
#11254 = EDGE_CURVE('',#11255,#11247,#11257,.T.);
#11255 = VERTEX_POINT('',#11256);
#11256 = CARTESIAN_POINT('',(0.55161707574,0.54356,-0.182994583541));
#11257 = LINE('',#11258,#11259);
#11258 = CARTESIAN_POINT('',(0.55161707574,0.54356,-0.182994583541));
#11259 = VECTOR('',#11260,1.);
#11260 = DIRECTION('',(-0.E+000,-1.,0.E+000));
#11261 = ORIENTED_EDGE('',*,*,#11262,.F.);
#11262 = EDGE_CURVE('',#11224,#11255,#11263,.T.);
#11263 = LINE('',#11264,#11265);
#11264 = CARTESIAN_POINT('',(0.55161707574,0.54356,-0.227816741978));
#11265 = VECTOR('',#11266,1.);
#11266 = DIRECTION('',(0.E+000,0.E+000,1.));
#11267 = ORIENTED_EDGE('',*,*,#11223,.T.);
#11268 = PLANE('',#11269);
#11269 = AXIS2_PLACEMENT_3D('',#11270,#11271,#11272);
#11270 = CARTESIAN_POINT('',(0.55161707574,0.54356,-0.227816741978));
#11271 = DIRECTION('',(1.,-0.E+000,0.E+000));
#11272 = DIRECTION('',(0.E+000,0.E+000,-1.));
#11273 = ADVANCED_FACE('',(#11274),#11299,.F.);
#11274 = FACE_BOUND('',#11275,.T.);
#11275 = EDGE_LOOP('',(#11276,#11284,#11292,#11298));
#11276 = ORIENTED_EDGE('',*,*,#11277,.T.);
#11277 = EDGE_CURVE('',#11247,#11278,#11280,.T.);
#11278 = VERTEX_POINT('',#11279);
#11279 = CARTESIAN_POINT('',(0.531521179481,0.53856,-0.188720463451));
#11280 = LINE('',#11281,#11282);
#11281 = CARTESIAN_POINT('',(0.55161707574,0.53856,-0.182994583541));
#11282 = VECTOR('',#11283,1.);
#11283 = DIRECTION('',(-0.961723487262,0.E+000,-0.274021776595));
#11284 = ORIENTED_EDGE('',*,*,#11285,.F.);
#11285 = EDGE_CURVE('',#11286,#11278,#11288,.T.);
#11286 = VERTEX_POINT('',#11287);
#11287 = CARTESIAN_POINT('',(0.531521179481,0.54356,-0.188720463451));
#11288 = LINE('',#11289,#11290);
#11289 = CARTESIAN_POINT('',(0.531521179481,0.54356,-0.188720463451));
#11290 = VECTOR('',#11291,1.);
#11291 = DIRECTION('',(-0.E+000,-1.,0.E+000));
#11292 = ORIENTED_EDGE('',*,*,#11293,.F.);
#11293 = EDGE_CURVE('',#11255,#11286,#11294,.T.);
#11294 = LINE('',#11295,#11296);
#11295 = CARTESIAN_POINT('',(0.55161707574,0.54356,-0.182994583541));
#11296 = VECTOR('',#11297,1.);
#11297 = DIRECTION('',(-0.961723487262,0.E+000,-0.274021776595));
#11298 = ORIENTED_EDGE('',*,*,#11254,.T.);
#11299 = PLANE('',#11300);
#11300 = AXIS2_PLACEMENT_3D('',#11301,#11302,#11303);
#11301 = CARTESIAN_POINT('',(0.55161707574,0.54356,-0.182994583541));
#11302 = DIRECTION('',(-0.274021776595,0.E+000,0.961723487262));
#11303 = DIRECTION('',(0.961723487262,0.E+000,0.274021776595));
#11304 = ADVANCED_FACE('',(#11305),#11330,.F.);
#11305 = FACE_BOUND('',#11306,.T.);
#11306 = EDGE_LOOP('',(#11307,#11315,#11323,#11329));
#11307 = ORIENTED_EDGE('',*,*,#11308,.T.);
#11308 = EDGE_CURVE('',#11278,#11309,#11311,.T.);
#11309 = VERTEX_POINT('',#11310);
#11310 = CARTESIAN_POINT('',(0.531521179481,0.53856,-0.223419934923));
#11311 = LINE('',#11312,#11313);
#11312 = CARTESIAN_POINT('',(0.531521179481,0.53856,-0.188720463451));
#11313 = VECTOR('',#11314,1.);
#11314 = DIRECTION('',(0.E+000,0.E+000,-1.));
#11315 = ORIENTED_EDGE('',*,*,#11316,.F.);
#11316 = EDGE_CURVE('',#11317,#11309,#11319,.T.);
#11317 = VERTEX_POINT('',#11318);
#11318 = CARTESIAN_POINT('',(0.531521179481,0.54356,-0.223419934923));
#11319 = LINE('',#11320,#11321);
#11320 = CARTESIAN_POINT('',(0.531521179481,0.54356,-0.223419934923));
#11321 = VECTOR('',#11322,1.);
#11322 = DIRECTION('',(-0.E+000,-1.,0.E+000));
#11323 = ORIENTED_EDGE('',*,*,#11324,.F.);
#11324 = EDGE_CURVE('',#11286,#11317,#11325,.T.);
#11325 = LINE('',#11326,#11327);
#11326 = CARTESIAN_POINT('',(0.531521179481,0.54356,-0.188720463451));
#11327 = VECTOR('',#11328,1.);
#11328 = DIRECTION('',(0.E+000,0.E+000,-1.));
#11329 = ORIENTED_EDGE('',*,*,#11285,.T.);
#11330 = PLANE('',#11331);
#11331 = AXIS2_PLACEMENT_3D('',#11332,#11333,#11334);
#11332 = CARTESIAN_POINT('',(0.531521179481,0.54356,-0.188720463451));
#11333 = DIRECTION('',(-1.,0.E+000,0.E+000));
#11334 = DIRECTION('',(0.E+000,0.E+000,1.));
#11335 = ADVANCED_FACE('',(#11336),#11361,.F.);
#11336 = FACE_BOUND('',#11337,.T.);
#11337 = EDGE_LOOP('',(#11338,#11346,#11354,#11360));
#11338 = ORIENTED_EDGE('',*,*,#11339,.T.);
#11339 = EDGE_CURVE('',#11309,#11340,#11342,.T.);
#11340 = VERTEX_POINT('',#11341);
#11341 = CARTESIAN_POINT('',(0.516573658112,0.53856,-0.227689390935));
#11342 = LINE('',#11343,#11344);
#11343 = CARTESIAN_POINT('',(0.531521179481,0.53856,-0.223419934923));
#11344 = VECTOR('',#11345,1.);
#11345 = DIRECTION('',(-0.961545429433,0.E+000,-0.274645930492));
#11346 = ORIENTED_EDGE('',*,*,#11347,.F.);
#11347 = EDGE_CURVE('',#11348,#11340,#11350,.T.);
#11348 = VERTEX_POINT('',#11349);
#11349 = CARTESIAN_POINT('',(0.516573658112,0.54356,-0.227689390935));
#11350 = LINE('',#11351,#11352);
#11351 = CARTESIAN_POINT('',(0.516573658112,0.54356,-0.227689390935));
#11352 = VECTOR('',#11353,1.);
#11353 = DIRECTION('',(-0.E+000,-1.,0.E+000));
#11354 = ORIENTED_EDGE('',*,*,#11355,.F.);
#11355 = EDGE_CURVE('',#11317,#11348,#11356,.T.);
#11356 = LINE('',#11357,#11358);
#11357 = CARTESIAN_POINT('',(0.531521179481,0.54356,-0.223419934923));
#11358 = VECTOR('',#11359,1.);
#11359 = DIRECTION('',(-0.961545429433,0.E+000,-0.274645930492));
#11360 = ORIENTED_EDGE('',*,*,#11316,.T.);
#11361 = PLANE('',#11362);
#11362 = AXIS2_PLACEMENT_3D('',#11363,#11364,#11365);
#11363 = CARTESIAN_POINT('',(0.531521179481,0.54356,-0.223419934923));
#11364 = DIRECTION('',(-0.274645930492,0.E+000,0.961545429433));
#11365 = DIRECTION('',(0.961545429433,0.E+000,0.274645930492));
#11366 = ADVANCED_FACE('',(#11367),#11392,.F.);
#11367 = FACE_BOUND('',#11368,.T.);
#11368 = EDGE_LOOP('',(#11369,#11377,#11385,#11391));
#11369 = ORIENTED_EDGE('',*,*,#11370,.T.);
#11370 = EDGE_CURVE('',#11340,#11371,#11373,.T.);
#11371 = VERTEX_POINT('',#11372);
#11372 = CARTESIAN_POINT('',(0.516573658112,0.53856,-0.192985002435));
#11373 = LINE('',#11374,#11375);
#11374 = CARTESIAN_POINT('',(0.516573658112,0.53856,-0.227689390935));
#11375 = VECTOR('',#11376,1.);
#11376 = DIRECTION('',(0.E+000,0.E+000,1.));
#11377 = ORIENTED_EDGE('',*,*,#11378,.F.);
#11378 = EDGE_CURVE('',#11379,#11371,#11381,.T.);
#11379 = VERTEX_POINT('',#11380);
#11380 = CARTESIAN_POINT('',(0.516573658112,0.54356,-0.192985002435));
#11381 = LINE('',#11382,#11383);
#11382 = CARTESIAN_POINT('',(0.516573658112,0.54356,-0.192985002435));
#11383 = VECTOR('',#11384,1.);
#11384 = DIRECTION('',(-0.E+000,-1.,0.E+000));
#11385 = ORIENTED_EDGE('',*,*,#11386,.F.);
#11386 = EDGE_CURVE('',#11348,#11379,#11387,.T.);
#11387 = LINE('',#11388,#11389);
#11388 = CARTESIAN_POINT('',(0.516573658112,0.54356,-0.227689390935));
#11389 = VECTOR('',#11390,1.);
#11390 = DIRECTION('',(0.E+000,0.E+000,1.));
#11391 = ORIENTED_EDGE('',*,*,#11347,.T.);
#11392 = PLANE('',#11393);
#11393 = AXIS2_PLACEMENT_3D('',#11394,#11395,#11396);
#11394 = CARTESIAN_POINT('',(0.516573658112,0.54356,-0.227689390935));
#11395 = DIRECTION('',(1.,-0.E+000,0.E+000));
#11396 = DIRECTION('',(0.E+000,0.E+000,-1.));
#11397 = ADVANCED_FACE('',(#11398),#11423,.F.);
#11398 = FACE_BOUND('',#11399,.T.);
#11399 = EDGE_LOOP('',(#11400,#11408,#11416,#11422));
#11400 = ORIENTED_EDGE('',*,*,#11401,.T.);
#11401 = EDGE_CURVE('',#11371,#11402,#11404,.T.);
#11402 = VERTEX_POINT('',#11403);
#11403 = CARTESIAN_POINT('',(0.501534434158,0.53856,-0.19736115797));
#11404 = LINE('',#11405,#11406);
#11405 = CARTESIAN_POINT('',(0.516573658112,0.53856,-0.192985002435));
#11406 = VECTOR('',#11407,1.);
#11407 = DIRECTION('',(-0.960176311433,0.E+000,-0.279394794088));
#11408 = ORIENTED_EDGE('',*,*,#11409,.F.);
#11409 = EDGE_CURVE('',#11410,#11402,#11412,.T.);
#11410 = VERTEX_POINT('',#11411);
#11411 = CARTESIAN_POINT('',(0.501534434158,0.54356,-0.19736115797));
#11412 = LINE('',#11413,#11414);
#11413 = CARTESIAN_POINT('',(0.501534434158,0.54356,-0.19736115797));
#11414 = VECTOR('',#11415,1.);
#11415 = DIRECTION('',(-0.E+000,-1.,0.E+000));
#11416 = ORIENTED_EDGE('',*,*,#11417,.F.);
#11417 = EDGE_CURVE('',#11379,#11410,#11418,.T.);
#11418 = LINE('',#11419,#11420);
#11419 = CARTESIAN_POINT('',(0.516573658112,0.54356,-0.192985002435));
#11420 = VECTOR('',#11421,1.);
#11421 = DIRECTION('',(-0.960176311433,0.E+000,-0.279394794088));
#11422 = ORIENTED_EDGE('',*,*,#11378,.T.);
#11423 = PLANE('',#11424);
#11424 = AXIS2_PLACEMENT_3D('',#11425,#11426,#11427);
#11425 = CARTESIAN_POINT('',(0.516573658112,0.54356,-0.192985002435));
#11426 = DIRECTION('',(-0.279394794088,0.E+000,0.960176311433));
#11427 = DIRECTION('',(0.960176311433,0.E+000,0.279394794088));
#11428 = ADVANCED_FACE('',(#11429),#11454,.F.);
#11429 = FACE_BOUND('',#11430,.T.);
#11430 = EDGE_LOOP('',(#11431,#11439,#11447,#11453));
#11431 = ORIENTED_EDGE('',*,*,#11432,.T.);
#11432 = EDGE_CURVE('',#11402,#11433,#11435,.T.);
#11433 = VERTEX_POINT('',#11434);
#11434 = CARTESIAN_POINT('',(0.501534434158,0.53856,-0.234200028625));
#11435 = LINE('',#11436,#11437);
#11436 = CARTESIAN_POINT('',(0.501534434158,0.53856,-0.19736115797));
#11437 = VECTOR('',#11438,1.);
#11438 = DIRECTION('',(0.E+000,0.E+000,-1.));
#11439 = ORIENTED_EDGE('',*,*,#11440,.F.);
#11440 = EDGE_CURVE('',#11441,#11433,#11443,.T.);
#11441 = VERTEX_POINT('',#11442);
#11442 = CARTESIAN_POINT('',(0.501534434158,0.54356,-0.234200028625));
#11443 = LINE('',#11444,#11445);
#11444 = CARTESIAN_POINT('',(0.501534434158,0.54356,-0.234200028625));
#11445 = VECTOR('',#11446,1.);
#11446 = DIRECTION('',(-0.E+000,-1.,0.E+000));
#11447 = ORIENTED_EDGE('',*,*,#11448,.F.);
#11448 = EDGE_CURVE('',#11410,#11441,#11449,.T.);
#11449 = LINE('',#11450,#11451);
#11450 = CARTESIAN_POINT('',(0.501534434158,0.54356,-0.19736115797));
#11451 = VECTOR('',#11452,1.);
#11452 = DIRECTION('',(0.E+000,0.E+000,-1.));
#11453 = ORIENTED_EDGE('',*,*,#11409,.T.);
#11454 = PLANE('',#11455);
#11455 = AXIS2_PLACEMENT_3D('',#11456,#11457,#11458);
#11456 = CARTESIAN_POINT('',(0.501534434158,0.54356,-0.19736115797));
#11457 = DIRECTION('',(-1.,0.E+000,0.E+000));
#11458 = DIRECTION('',(0.E+000,0.E+000,1.));
#11459 = ADVANCED_FACE('',(#11460),#11485,.F.);
#11460 = FACE_BOUND('',#11461,.T.);
#11461 = EDGE_LOOP('',(#11462,#11470,#11478,#11484));
#11462 = ORIENTED_EDGE('',*,*,#11463,.T.);
#11463 = EDGE_CURVE('',#11433,#11464,#11466,.T.);
#11464 = VERTEX_POINT('',#11465);
#11465 = CARTESIAN_POINT('',(0.486143888504,0.53856,-0.238571267131));
#11466 = LINE('',#11467,#11468);
#11467 = CARTESIAN_POINT('',(0.501534434158,0.53856,-0.234200028625));
#11468 = VECTOR('',#11469,1.);
#11469 = DIRECTION('',(-0.961953028042,0.E+000,-0.273214882175));
#11470 = ORIENTED_EDGE('',*,*,#11471,.F.);
#11471 = EDGE_CURVE('',#11472,#11464,#11474,.T.);
#11472 = VERTEX_POINT('',#11473);
#11473 = CARTESIAN_POINT('',(0.486143888504,0.54356,-0.238571267131));
#11474 = LINE('',#11475,#11476);
#11475 = CARTESIAN_POINT('',(0.486143888504,0.54356,-0.238571267131));
#11476 = VECTOR('',#11477,1.);
#11477 = DIRECTION('',(-0.E+000,-1.,0.E+000));
#11478 = ORIENTED_EDGE('',*,*,#11479,.F.);
#11479 = EDGE_CURVE('',#11441,#11472,#11480,.T.);
#11480 = LINE('',#11481,#11482);
#11481 = CARTESIAN_POINT('',(0.501534434158,0.54356,-0.234200028625));
#11482 = VECTOR('',#11483,1.);
#11483 = DIRECTION('',(-0.961953028042,0.E+000,-0.273214882175));
#11484 = ORIENTED_EDGE('',*,*,#11440,.T.);
#11485 = PLANE('',#11486);
#11486 = AXIS2_PLACEMENT_3D('',#11487,#11488,#11489);
#11487 = CARTESIAN_POINT('',(0.501534434158,0.54356,-0.234200028625));
#11488 = DIRECTION('',(-0.273214882175,0.E+000,0.961953028042));
#11489 = DIRECTION('',(0.961953028042,0.E+000,0.273214882175));
#11490 = ADVANCED_FACE('',(#11491),#11516,.F.);
#11491 = FACE_BOUND('',#11492,.T.);
#11492 = EDGE_LOOP('',(#11493,#11501,#11509,#11515));
#11493 = ORIENTED_EDGE('',*,*,#11494,.T.);
#11494 = EDGE_CURVE('',#11464,#11495,#11497,.T.);
#11495 = VERTEX_POINT('',#11496);
#11496 = CARTESIAN_POINT('',(0.486143888504,0.53856,-0.178837481634));
#11497 = LINE('',#11498,#11499);
#11498 = CARTESIAN_POINT('',(0.486143888504,0.53856,-0.238571267131));
#11499 = VECTOR('',#11500,1.);
#11500 = DIRECTION('',(0.E+000,0.E+000,1.));
#11501 = ORIENTED_EDGE('',*,*,#11502,.F.);
#11502 = EDGE_CURVE('',#11503,#11495,#11505,.T.);
#11503 = VERTEX_POINT('',#11504);
#11504 = CARTESIAN_POINT('',(0.486143888504,0.54356,-0.178837481634));
#11505 = LINE('',#11506,#11507);
#11506 = CARTESIAN_POINT('',(0.486143888504,0.54356,-0.178837481634));
#11507 = VECTOR('',#11508,1.);
#11508 = DIRECTION('',(-0.E+000,-1.,0.E+000));
#11509 = ORIENTED_EDGE('',*,*,#11510,.F.);
#11510 = EDGE_CURVE('',#11472,#11503,#11511,.T.);
#11511 = LINE('',#11512,#11513);
#11512 = CARTESIAN_POINT('',(0.486143888504,0.54356,-0.238571267131));
#11513 = VECTOR('',#11514,1.);
#11514 = DIRECTION('',(0.E+000,0.E+000,1.));
#11515 = ORIENTED_EDGE('',*,*,#11471,.T.);
#11516 = PLANE('',#11517);
#11517 = AXIS2_PLACEMENT_3D('',#11518,#11519,#11520);
#11518 = CARTESIAN_POINT('',(0.486143888504,0.54356,-0.238571267131));
#11519 = DIRECTION('',(1.,-0.E+000,0.E+000));
#11520 = DIRECTION('',(0.E+000,0.E+000,-1.));
#11521 = ADVANCED_FACE('',(#11522),#11547,.F.);
#11522 = FACE_BOUND('',#11523,.T.);
#11523 = EDGE_LOOP('',(#11524,#11532,#11540,#11546));
#11524 = ORIENTED_EDGE('',*,*,#11525,.T.);
#11525 = EDGE_CURVE('',#11495,#11526,#11528,.T.);
#11526 = VERTEX_POINT('',#11527);
#11527 = CARTESIAN_POINT('',(0.567,0.53856,-0.155570347656));
#11528 = LINE('',#11529,#11530);
#11529 = CARTESIAN_POINT('',(0.486143888504,0.53856,-0.178837481634));
#11530 = VECTOR('',#11531,1.);
#11531 = DIRECTION('',(0.961002990822,0.E+000,0.276537975025));
#11532 = ORIENTED_EDGE('',*,*,#11533,.F.);
#11533 = EDGE_CURVE('',#11534,#11526,#11536,.T.);
#11534 = VERTEX_POINT('',#11535);
#11535 = CARTESIAN_POINT('',(0.567,0.54356,-0.155570347656));
#11536 = LINE('',#11537,#11538);
#11537 = CARTESIAN_POINT('',(0.567,0.54356,-0.155570347656));
#11538 = VECTOR('',#11539,1.);
#11539 = DIRECTION('',(-0.E+000,-1.,0.E+000));
#11540 = ORIENTED_EDGE('',*,*,#11541,.F.);
#11541 = EDGE_CURVE('',#11503,#11534,#11542,.T.);
#11542 = LINE('',#11543,#11544);
#11543 = CARTESIAN_POINT('',(0.486143888504,0.54356,-0.178837481634));
#11544 = VECTOR('',#11545,1.);
#11545 = DIRECTION('',(0.961002990822,0.E+000,0.276537975025));
#11546 = ORIENTED_EDGE('',*,*,#11502,.T.);
#11547 = PLANE('',#11548);
#11548 = AXIS2_PLACEMENT_3D('',#11549,#11550,#11551);
#11549 = CARTESIAN_POINT('',(0.486143888504,0.54356,-0.178837481634));
#11550 = DIRECTION('',(0.276537975025,0.E+000,-0.961002990822));
#11551 = DIRECTION('',(-0.961002990822,0.E+000,-0.276537975025));
#11552 = ADVANCED_FACE('',(#11553),#11578,.F.);
#11553 = FACE_BOUND('',#11554,.T.);
#11554 = EDGE_LOOP('',(#11555,#11563,#11571,#11577));
#11555 = ORIENTED_EDGE('',*,*,#11556,.T.);
#11556 = EDGE_CURVE('',#11526,#11557,#11559,.T.);
#11557 = VERTEX_POINT('',#11558);
#11558 = CARTESIAN_POINT('',(0.567,0.53856,-0.242677231875));
#11559 = LINE('',#11560,#11561);
#11560 = CARTESIAN_POINT('',(0.567,0.53856,-0.228285088897));
#11561 = VECTOR('',#11562,1.);
#11562 = DIRECTION('',(0.E+000,0.E+000,-1.));
#11563 = ORIENTED_EDGE('',*,*,#11564,.F.);
#11564 = EDGE_CURVE('',#11565,#11557,#11567,.T.);
#11565 = VERTEX_POINT('',#11566);
#11566 = CARTESIAN_POINT('',(0.567,0.54356,-0.242677231875));
#11567 = LINE('',#11568,#11569);
#11568 = CARTESIAN_POINT('',(0.567,0.54356,-0.242677231875));
#11569 = VECTOR('',#11570,1.);
#11570 = DIRECTION('',(-0.E+000,-1.,0.E+000));
#11571 = ORIENTED_EDGE('',*,*,#11572,.F.);
#11572 = EDGE_CURVE('',#11534,#11565,#11573,.T.);
#11573 = LINE('',#11574,#11575);
#11574 = CARTESIAN_POINT('',(0.567,0.54356,-0.155570347656));
#11575 = VECTOR('',#11576,1.);
#11576 = DIRECTION('',(0.E+000,0.E+000,-1.));
#11577 = ORIENTED_EDGE('',*,*,#11533,.T.);
#11578 = PLANE('',#11579);
#11579 = AXIS2_PLACEMENT_3D('',#11580,#11581,#11582);
#11580 = CARTESIAN_POINT('',(0.567,0.54356,-0.228285088897));
#11581 = DIRECTION('',(-1.,0.E+000,0.E+000));
#11582 = DIRECTION('',(0.E+000,0.E+000,1.));
#11583 = ADVANCED_FACE('',(#11584),#11609,.F.);
#11584 = FACE_BOUND('',#11585,.T.);
#11585 = EDGE_LOOP('',(#11586,#11594,#11602,#11608));
#11586 = ORIENTED_EDGE('',*,*,#11587,.T.);
#11587 = EDGE_CURVE('',#11557,#11588,#11590,.T.);
#11588 = VERTEX_POINT('',#11589);
#11589 = CARTESIAN_POINT('',(0.495015929223,0.53856,-0.263345961977));
#11590 = LINE('',#11591,#11592);
#11591 = CARTESIAN_POINT('',(0.567,0.53856,-0.242677231875));
#11592 = VECTOR('',#11593,1.);
#11593 = DIRECTION('',(-0.961163884541,0.E+000,-0.275978236559));
#11594 = ORIENTED_EDGE('',*,*,#11595,.F.);
#11595 = EDGE_CURVE('',#11596,#11588,#11598,.T.);
#11596 = VERTEX_POINT('',#11597);
#11597 = CARTESIAN_POINT('',(0.495015929223,0.54356,-0.263345961977));
#11598 = LINE('',#11599,#11600);
#11599 = CARTESIAN_POINT('',(0.495015929223,0.54356,-0.263345961977));
#11600 = VECTOR('',#11601,1.);
#11601 = DIRECTION('',(-0.E+000,-1.,0.E+000));
#11602 = ORIENTED_EDGE('',*,*,#11603,.F.);
#11603 = EDGE_CURVE('',#11565,#11596,#11604,.T.);
#11604 = LINE('',#11605,#11606);
#11605 = CARTESIAN_POINT('',(0.567,0.54356,-0.242677231875));
#11606 = VECTOR('',#11607,1.);
#11607 = DIRECTION('',(-0.961163884541,0.E+000,-0.275978236559));
#11608 = ORIENTED_EDGE('',*,*,#11564,.T.);
#11609 = PLANE('',#11610);
#11610 = AXIS2_PLACEMENT_3D('',#11611,#11612,#11613);
#11611 = CARTESIAN_POINT('',(0.567,0.54356,-0.242677231875));
#11612 = DIRECTION('',(-0.275978236559,0.E+000,0.961163884541));
#11613 = DIRECTION('',(0.961163884541,0.E+000,0.275978236559));
#11614 = ADVANCED_FACE('',(#11615),#11640,.F.);
#11615 = FACE_BOUND('',#11616,.T.);
#11616 = EDGE_LOOP('',(#11617,#11625,#11633,#11639));
#11617 = ORIENTED_EDGE('',*,*,#11618,.T.);
#11618 = EDGE_CURVE('',#11588,#11619,#11621,.T.);
#11619 = VERTEX_POINT('',#11620);
#11620 = CARTESIAN_POINT('',(0.567,0.53856,-0.259311048233));
#11621 = LINE('',#11622,#11623);
#11622 = CARTESIAN_POINT('',(0.495015929223,0.53856,-0.263345961977));
#11623 = VECTOR('',#11624,1.);
#11624 = DIRECTION('',(0.998432730113,0.E+000,5.596501978067E-002));
#11625 = ORIENTED_EDGE('',*,*,#11626,.F.);
#11626 = EDGE_CURVE('',#11627,#11619,#11629,.T.);
#11627 = VERTEX_POINT('',#11628);
#11628 = CARTESIAN_POINT('',(0.567,0.54356,-0.259311048233));
#11629 = LINE('',#11630,#11631);
#11630 = CARTESIAN_POINT('',(0.567,0.54356,-0.259311048233));
#11631 = VECTOR('',#11632,1.);
#11632 = DIRECTION('',(-0.E+000,-1.,0.E+000));
#11633 = ORIENTED_EDGE('',*,*,#11634,.F.);
#11634 = EDGE_CURVE('',#11596,#11627,#11635,.T.);
#11635 = LINE('',#11636,#11637);
#11636 = CARTESIAN_POINT('',(0.495015929223,0.54356,-0.263345961977));
#11637 = VECTOR('',#11638,1.);
#11638 = DIRECTION('',(0.998432730113,0.E+000,5.596501978067E-002));
#11639 = ORIENTED_EDGE('',*,*,#11595,.T.);
#11640 = PLANE('',#11641);
#11641 = AXIS2_PLACEMENT_3D('',#11642,#11643,#11644);
#11642 = CARTESIAN_POINT('',(0.495015929223,0.54356,-0.263345961977));
#11643 = DIRECTION('',(5.596501978067E-002,0.E+000,-0.998432730113));
#11644 = DIRECTION('',(-0.998432730113,0.E+000,-5.596501978067E-002));
#11645 = ADVANCED_FACE('',(#11646),#11671,.F.);
#11646 = FACE_BOUND('',#11647,.T.);
#11647 = EDGE_LOOP('',(#11648,#11656,#11664,#11670));
#11648 = ORIENTED_EDGE('',*,*,#11649,.T.);
#11649 = EDGE_CURVE('',#11619,#11650,#11652,.T.);
#11650 = VERTEX_POINT('',#11651);
#11651 = CARTESIAN_POINT('',(0.567,0.53856,-0.28086656446));
#11652 = LINE('',#11653,#11654);
#11653 = CARTESIAN_POINT('',(0.567,0.53856,-0.259311048233));
#11654 = VECTOR('',#11655,1.);
#11655 = DIRECTION('',(0.E+000,0.E+000,-1.));
#11656 = ORIENTED_EDGE('',*,*,#11657,.F.);
#11657 = EDGE_CURVE('',#11658,#11650,#11660,.T.);
#11658 = VERTEX_POINT('',#11659);
#11659 = CARTESIAN_POINT('',(0.567,0.54356,-0.28086656446));
#11660 = LINE('',#11661,#11662);
#11661 = CARTESIAN_POINT('',(0.567,0.54356,-0.28086656446));
#11662 = VECTOR('',#11663,1.);
#11663 = DIRECTION('',(-0.E+000,-1.,0.E+000));
#11664 = ORIENTED_EDGE('',*,*,#11665,.F.);
#11665 = EDGE_CURVE('',#11627,#11658,#11666,.T.);
#11666 = LINE('',#11667,#11668);
#11667 = CARTESIAN_POINT('',(0.567,0.54356,-0.259311048233));
#11668 = VECTOR('',#11669,1.);
#11669 = DIRECTION('',(0.E+000,0.E+000,-1.));
#11670 = ORIENTED_EDGE('',*,*,#11626,.T.);
#11671 = PLANE('',#11672);
#11672 = AXIS2_PLACEMENT_3D('',#11673,#11674,#11675);
#11673 = CARTESIAN_POINT('',(0.567,0.54356,-0.259311048233));
#11674 = DIRECTION('',(-1.,0.E+000,0.E+000));
#11675 = DIRECTION('',(0.E+000,0.E+000,1.));
#11676 = ADVANCED_FACE('',(#11677),#11702,.F.);
#11677 = FACE_BOUND('',#11678,.T.);
#11678 = EDGE_LOOP('',(#11679,#11687,#11695,#11701));
#11679 = ORIENTED_EDGE('',*,*,#11680,.T.);
#11680 = EDGE_CURVE('',#11650,#11681,#11683,.T.);
#11681 = VERTEX_POINT('',#11682);
#11682 = CARTESIAN_POINT('',(0.4946692787,0.53856,-0.319050242462));
#11683 = LINE('',#11684,#11685);
#11684 = CARTESIAN_POINT('',(0.567,0.53856,-0.28086656446));
#11685 = VECTOR('',#11686,1.);
#11686 = DIRECTION('',(-0.884338666564,0.E+000,-0.466845930496));
#11687 = ORIENTED_EDGE('',*,*,#11688,.F.);
#11688 = EDGE_CURVE('',#11689,#11681,#11691,.T.);
#11689 = VERTEX_POINT('',#11690);
#11690 = CARTESIAN_POINT('',(0.4946692787,0.54356,-0.319050242462));
#11691 = LINE('',#11692,#11693);
#11692 = CARTESIAN_POINT('',(0.4946692787,0.54356,-0.319050242462));
#11693 = VECTOR('',#11694,1.);
#11694 = DIRECTION('',(-0.E+000,-1.,0.E+000));
#11695 = ORIENTED_EDGE('',*,*,#11696,.F.);
#11696 = EDGE_CURVE('',#11658,#11689,#11697,.T.);
#11697 = LINE('',#11698,#11699);
#11698 = CARTESIAN_POINT('',(0.567,0.54356,-0.28086656446));
#11699 = VECTOR('',#11700,1.);
#11700 = DIRECTION('',(-0.884338666564,0.E+000,-0.466845930496));
#11701 = ORIENTED_EDGE('',*,*,#11657,.T.);
#11702 = PLANE('',#11703);
#11703 = AXIS2_PLACEMENT_3D('',#11704,#11705,#11706);
#11704 = CARTESIAN_POINT('',(0.567,0.54356,-0.28086656446));
#11705 = DIRECTION('',(-0.466845930496,0.E+000,0.884338666564));
#11706 = DIRECTION('',(0.884338666564,0.E+000,0.466845930496));
#11707 = ADVANCED_FACE('',(#11708),#11733,.F.);
#11708 = FACE_BOUND('',#11709,.T.);
#11709 = EDGE_LOOP('',(#11710,#11718,#11726,#11732));
#11710 = ORIENTED_EDGE('',*,*,#11711,.T.);
#11711 = EDGE_CURVE('',#11681,#11712,#11714,.T.);
#11712 = VERTEX_POINT('',#11713);
#11713 = CARTESIAN_POINT('',(0.567,0.53856,-0.298279238163));
#11714 = LINE('',#11715,#11716);
#11715 = CARTESIAN_POINT('',(0.4946692787,0.53856,-0.319050242462));
#11716 = VECTOR('',#11717,1.);
#11717 = DIRECTION('',(0.961154223344,0.E+000,0.276011881897));
#11718 = ORIENTED_EDGE('',*,*,#11719,.F.);
#11719 = EDGE_CURVE('',#11720,#11712,#11722,.T.);
#11720 = VERTEX_POINT('',#11721);
#11721 = CARTESIAN_POINT('',(0.567,0.54356,-0.298279238163));
#11722 = LINE('',#11723,#11724);
#11723 = CARTESIAN_POINT('',(0.567,0.54356,-0.298279238163));
#11724 = VECTOR('',#11725,1.);
#11725 = DIRECTION('',(-0.E+000,-1.,0.E+000));
#11726 = ORIENTED_EDGE('',*,*,#11727,.F.);
#11727 = EDGE_CURVE('',#11689,#11720,#11728,.T.);
#11728 = LINE('',#11729,#11730);
#11729 = CARTESIAN_POINT('',(0.4946692787,0.54356,-0.319050242462));
#11730 = VECTOR('',#11731,1.);
#11731 = DIRECTION('',(0.961154223344,0.E+000,0.276011881897));
#11732 = ORIENTED_EDGE('',*,*,#11688,.T.);
#11733 = PLANE('',#11734);
#11734 = AXIS2_PLACEMENT_3D('',#11735,#11736,#11737);
#11735 = CARTESIAN_POINT('',(0.4946692787,0.54356,-0.319050242462));
#11736 = DIRECTION('',(0.276011881897,0.E+000,-0.961154223344));
#11737 = DIRECTION('',(-0.961154223344,0.E+000,-0.276011881897));
#11738 = ADVANCED_FACE('',(#11739),#11764,.F.);
#11739 = FACE_BOUND('',#11740,.T.);
#11740 = EDGE_LOOP('',(#11741,#11749,#11757,#11763));
#11741 = ORIENTED_EDGE('',*,*,#11742,.T.);
#11742 = EDGE_CURVE('',#11712,#11743,#11745,.T.);
#11743 = VERTEX_POINT('',#11744);
#11744 = CARTESIAN_POINT('',(0.567,0.53856,-0.318826025953));
#11745 = LINE('',#11746,#11747);
#11746 = CARTESIAN_POINT('',(0.567,0.53856,-0.298279238163));
#11747 = VECTOR('',#11748,1.);
#11748 = DIRECTION('',(0.E+000,0.E+000,-1.));
#11749 = ORIENTED_EDGE('',*,*,#11750,.F.);
#11750 = EDGE_CURVE('',#11751,#11743,#11753,.T.);
#11751 = VERTEX_POINT('',#11752);
#11752 = CARTESIAN_POINT('',(0.567,0.54356,-0.318826025953));
#11753 = LINE('',#11754,#11755);
#11754 = CARTESIAN_POINT('',(0.567,0.54356,-0.318826025953));
#11755 = VECTOR('',#11756,1.);
#11756 = DIRECTION('',(-0.E+000,-1.,0.E+000));
#11757 = ORIENTED_EDGE('',*,*,#11758,.F.);
#11758 = EDGE_CURVE('',#11720,#11751,#11759,.T.);
#11759 = LINE('',#11760,#11761);
#11760 = CARTESIAN_POINT('',(0.567,0.54356,-0.298279238163));
#11761 = VECTOR('',#11762,1.);
#11762 = DIRECTION('',(0.E+000,0.E+000,-1.));
#11763 = ORIENTED_EDGE('',*,*,#11719,.T.);
#11764 = PLANE('',#11765);
#11765 = AXIS2_PLACEMENT_3D('',#11766,#11767,#11768);
#11766 = CARTESIAN_POINT('',(0.567,0.54356,-0.298279238163));
#11767 = DIRECTION('',(-1.,0.E+000,0.E+000));
#11768 = DIRECTION('',(0.E+000,0.E+000,1.));
#11769 = ADVANCED_FACE('',(#11770),#11786,.F.);
#11770 = FACE_BOUND('',#11771,.T.);
#11771 = EDGE_LOOP('',(#11772,#11778,#11779,#11785));
#11772 = ORIENTED_EDGE('',*,*,#11773,.T.);
#11773 = EDGE_CURVE('',#11743,#11083,#11774,.T.);
#11774 = LINE('',#11775,#11776);
#11775 = CARTESIAN_POINT('',(0.567,0.53856,-0.318826025953));
#11776 = VECTOR('',#11777,1.);
#11777 = DIRECTION('',(-0.961067422111,0.E+000,-0.276313970254));
#11778 = ORIENTED_EDGE('',*,*,#11108,.F.);
#11779 = ORIENTED_EDGE('',*,*,#11780,.F.);
#11780 = EDGE_CURVE('',#11751,#11101,#11781,.T.);
#11781 = LINE('',#11782,#11783);
#11782 = CARTESIAN_POINT('',(0.567,0.54356,-0.318826025953));
#11783 = VECTOR('',#11784,1.);
#11784 = DIRECTION('',(-0.961067422111,0.E+000,-0.276313970254));
#11785 = ORIENTED_EDGE('',*,*,#11750,.T.);
#11786 = PLANE('',#11787);
#11787 = AXIS2_PLACEMENT_3D('',#11788,#11789,#11790);
#11788 = CARTESIAN_POINT('',(0.567,0.54356,-0.318826025953));
#11789 = DIRECTION('',(-0.276313970254,0.E+000,0.961067422111));
#11790 = DIRECTION('',(0.961067422111,0.E+000,0.276313970254));
#11791 = ADVANCED_FACE('',(#11792),#11817,.F.);
#11792 = FACE_BOUND('',#11793,.T.);
#11793 = EDGE_LOOP('',(#11794,#11795,#11796,#11797,#11798,#11799,#11800,
    #11801,#11802,#11803,#11804,#11805,#11806,#11807,#11808,#11809,
    #11810,#11811,#11812,#11813,#11814,#11815,#11816));
#11794 = ORIENTED_EDGE('',*,*,#11100,.T.);
#11795 = ORIENTED_EDGE('',*,*,#11138,.T.);
#11796 = ORIENTED_EDGE('',*,*,#11169,.T.);
#11797 = ORIENTED_EDGE('',*,*,#11200,.T.);
#11798 = ORIENTED_EDGE('',*,*,#11231,.T.);
#11799 = ORIENTED_EDGE('',*,*,#11262,.T.);
#11800 = ORIENTED_EDGE('',*,*,#11293,.T.);
#11801 = ORIENTED_EDGE('',*,*,#11324,.T.);
#11802 = ORIENTED_EDGE('',*,*,#11355,.T.);
#11803 = ORIENTED_EDGE('',*,*,#11386,.T.);
#11804 = ORIENTED_EDGE('',*,*,#11417,.T.);
#11805 = ORIENTED_EDGE('',*,*,#11448,.T.);
#11806 = ORIENTED_EDGE('',*,*,#11479,.T.);
#11807 = ORIENTED_EDGE('',*,*,#11510,.T.);
#11808 = ORIENTED_EDGE('',*,*,#11541,.T.);
#11809 = ORIENTED_EDGE('',*,*,#11572,.T.);
#11810 = ORIENTED_EDGE('',*,*,#11603,.T.);
#11811 = ORIENTED_EDGE('',*,*,#11634,.T.);
#11812 = ORIENTED_EDGE('',*,*,#11665,.T.);
#11813 = ORIENTED_EDGE('',*,*,#11696,.T.);
#11814 = ORIENTED_EDGE('',*,*,#11727,.T.);
#11815 = ORIENTED_EDGE('',*,*,#11758,.T.);
#11816 = ORIENTED_EDGE('',*,*,#11780,.T.);
#11817 = PLANE('',#11818);
#11818 = AXIS2_PLACEMENT_3D('',#11819,#11820,#11821);
#11819 = CARTESIAN_POINT('',(2.438294488446E-002,0.54356,
    1.244538332961E-003));
#11820 = DIRECTION('',(0.E+000,-1.,0.E+000));
#11821 = DIRECTION('',(0.E+000,0.E+000,-1.));
#11822 = ADVANCED_FACE('',(#11823),#11848,.T.);
#11823 = FACE_BOUND('',#11824,.T.);
#11824 = EDGE_LOOP('',(#11825,#11826,#11827,#11828,#11829,#11830,#11831,
    #11832,#11833,#11834,#11835,#11836,#11837,#11838,#11839,#11840,
    #11841,#11842,#11843,#11844,#11845,#11846,#11847));
#11825 = ORIENTED_EDGE('',*,*,#11082,.F.);
#11826 = ORIENTED_EDGE('',*,*,#11773,.F.);
#11827 = ORIENTED_EDGE('',*,*,#11742,.F.);
#11828 = ORIENTED_EDGE('',*,*,#11711,.F.);
#11829 = ORIENTED_EDGE('',*,*,#11680,.F.);
#11830 = ORIENTED_EDGE('',*,*,#11649,.F.);
#11831 = ORIENTED_EDGE('',*,*,#11618,.F.);
#11832 = ORIENTED_EDGE('',*,*,#11587,.F.);
#11833 = ORIENTED_EDGE('',*,*,#11556,.F.);
#11834 = ORIENTED_EDGE('',*,*,#11525,.F.);
#11835 = ORIENTED_EDGE('',*,*,#11494,.F.);
#11836 = ORIENTED_EDGE('',*,*,#11463,.F.);
#11837 = ORIENTED_EDGE('',*,*,#11432,.F.);
#11838 = ORIENTED_EDGE('',*,*,#11401,.F.);
#11839 = ORIENTED_EDGE('',*,*,#11370,.F.);
#11840 = ORIENTED_EDGE('',*,*,#11339,.F.);
#11841 = ORIENTED_EDGE('',*,*,#11308,.F.);
#11842 = ORIENTED_EDGE('',*,*,#11277,.F.);
#11843 = ORIENTED_EDGE('',*,*,#11246,.F.);
#11844 = ORIENTED_EDGE('',*,*,#11215,.F.);
#11845 = ORIENTED_EDGE('',*,*,#11184,.F.);
#11846 = ORIENTED_EDGE('',*,*,#11153,.F.);
#11847 = ORIENTED_EDGE('',*,*,#11122,.F.);
#11848 = PLANE('',#11849);
#11849 = AXIS2_PLACEMENT_3D('',#11850,#11851,#11852);
#11850 = CARTESIAN_POINT('',(2.438294488446E-002,0.53856,
    1.244538332961E-003));
#11851 = DIRECTION('',(0.E+000,-1.,0.E+000));
#11852 = DIRECTION('',(0.E+000,0.E+000,-1.));
#11853 = MANIFOLD_SOLID_BREP('',#11854);
#11854 = CLOSED_SHELL('',(#11855,#11895,#11926,#11957,#11988,#12019,
    #12050,#12081,#12112,#12143,#12174,#12196,#12215));
#11855 = ADVANCED_FACE('',(#11856),#11890,.F.);
#11856 = FACE_BOUND('',#11857,.T.);
#11857 = EDGE_LOOP('',(#11858,#11868,#11876,#11884));
#11858 = ORIENTED_EDGE('',*,*,#11859,.T.);
#11859 = EDGE_CURVE('',#11860,#11862,#11864,.T.);
#11860 = VERTEX_POINT('',#11861);
#11861 = CARTESIAN_POINT('',(0.486143888504,0.53856,-9.198664833594E-002
    ));
#11862 = VERTEX_POINT('',#11863);
#11863 = CARTESIAN_POINT('',(0.567,0.53856,-6.875E-002));
#11864 = LINE('',#11865,#11866);
#11865 = CARTESIAN_POINT('',(0.567,0.53856,-6.875E-002));
#11866 = VECTOR('',#11867,1.);
#11867 = DIRECTION('',(0.961099233432,0.E+000,0.276203301025));
#11868 = ORIENTED_EDGE('',*,*,#11869,.F.);
#11869 = EDGE_CURVE('',#11870,#11862,#11872,.T.);
#11870 = VERTEX_POINT('',#11871);
#11871 = CARTESIAN_POINT('',(0.567,0.54356,-6.875E-002));
#11872 = LINE('',#11873,#11874);
#11873 = CARTESIAN_POINT('',(0.567,0.54356,-6.875E-002));
#11874 = VECTOR('',#11875,1.);
#11875 = DIRECTION('',(-0.E+000,-1.,0.E+000));
#11876 = ORIENTED_EDGE('',*,*,#11877,.F.);
#11877 = EDGE_CURVE('',#11878,#11870,#11880,.T.);
#11878 = VERTEX_POINT('',#11879);
#11879 = CARTESIAN_POINT('',(0.486143888504,0.54356,-9.198664833594E-002
    ));
#11880 = LINE('',#11881,#11882);
#11881 = CARTESIAN_POINT('',(0.567,0.54356,-6.875E-002));
#11882 = VECTOR('',#11883,1.);
#11883 = DIRECTION('',(0.961099233432,0.E+000,0.276203301025));
#11884 = ORIENTED_EDGE('',*,*,#11885,.T.);
#11885 = EDGE_CURVE('',#11878,#11860,#11886,.T.);
#11886 = LINE('',#11887,#11888);
#11887 = CARTESIAN_POINT('',(0.486143888504,0.54356,-9.198664833594E-002
    ));
#11888 = VECTOR('',#11889,1.);
#11889 = DIRECTION('',(-0.E+000,-1.,0.E+000));
#11890 = PLANE('',#11891);
#11891 = AXIS2_PLACEMENT_3D('',#11892,#11893,#11894);
#11892 = CARTESIAN_POINT('',(0.567,0.54356,-6.875E-002));
#11893 = DIRECTION('',(0.276203301025,0.E+000,-0.961099233432));
#11894 = DIRECTION('',(-0.961099233432,0.E+000,-0.276203301025));
#11895 = ADVANCED_FACE('',(#11896),#11921,.F.);
#11896 = FACE_BOUND('',#11897,.T.);
#11897 = EDGE_LOOP('',(#11898,#11906,#11914,#11920));
#11898 = ORIENTED_EDGE('',*,*,#11899,.T.);
#11899 = EDGE_CURVE('',#11862,#11900,#11902,.T.);
#11900 = VERTEX_POINT('',#11901);
#11901 = CARTESIAN_POINT('',(0.567,0.53856,-9.174178024222E-002));
#11902 = LINE('',#11903,#11904);
#11903 = CARTESIAN_POINT('',(0.567,0.53856,-9.174178024222E-002));
#11904 = VECTOR('',#11905,1.);
#11905 = DIRECTION('',(5.943634068011E-014,0.E+000,-1.));
#11906 = ORIENTED_EDGE('',*,*,#11907,.F.);
#11907 = EDGE_CURVE('',#11908,#11900,#11910,.T.);
#11908 = VERTEX_POINT('',#11909);
#11909 = CARTESIAN_POINT('',(0.567,0.54356,-9.174178024222E-002));
#11910 = LINE('',#11911,#11912);
#11911 = CARTESIAN_POINT('',(0.567,0.54356,-9.174178024222E-002));
#11912 = VECTOR('',#11913,1.);
#11913 = DIRECTION('',(-0.E+000,-1.,0.E+000));
#11914 = ORIENTED_EDGE('',*,*,#11915,.F.);
#11915 = EDGE_CURVE('',#11870,#11908,#11916,.T.);
#11916 = LINE('',#11917,#11918);
#11917 = CARTESIAN_POINT('',(0.567,0.54356,-9.174178024222E-002));
#11918 = VECTOR('',#11919,1.);
#11919 = DIRECTION('',(5.943634068011E-014,0.E+000,-1.));
#11920 = ORIENTED_EDGE('',*,*,#11869,.T.);
#11921 = PLANE('',#11922);
#11922 = AXIS2_PLACEMENT_3D('',#11923,#11924,#11925);
#11923 = CARTESIAN_POINT('',(0.567,0.54356,-9.174178024222E-002));
#11924 = DIRECTION('',(-1.,0.E+000,-5.943634068011E-014));
#11925 = DIRECTION('',(-5.943634068011E-014,0.E+000,1.));
#11926 = ADVANCED_FACE('',(#11927),#11952,.F.);
#11927 = FACE_BOUND('',#11928,.T.);
#11928 = EDGE_LOOP('',(#11929,#11937,#11945,#11951));
#11929 = ORIENTED_EDGE('',*,*,#11930,.T.);
#11930 = EDGE_CURVE('',#11900,#11931,#11933,.T.);
#11931 = VERTEX_POINT('',#11932);
#11932 = CARTESIAN_POINT('',(0.523097325928,0.53856,-0.104325194216));
#11933 = LINE('',#11934,#11935);
#11934 = CARTESIAN_POINT('',(0.523097325928,0.53856,-0.104325194216));
#11935 = VECTOR('',#11936,1.);
#11936 = DIRECTION('',(-0.961293454475,0.E+000,-0.275526576548));
#11937 = ORIENTED_EDGE('',*,*,#11938,.F.);
#11938 = EDGE_CURVE('',#11939,#11931,#11941,.T.);
#11939 = VERTEX_POINT('',#11940);
#11940 = CARTESIAN_POINT('',(0.523097325928,0.54356,-0.104325194216));
#11941 = LINE('',#11942,#11943);
#11942 = CARTESIAN_POINT('',(0.523097325928,0.54356,-0.104325194216));
#11943 = VECTOR('',#11944,1.);
#11944 = DIRECTION('',(-0.E+000,-1.,0.E+000));
#11945 = ORIENTED_EDGE('',*,*,#11946,.F.);
#11946 = EDGE_CURVE('',#11908,#11939,#11947,.T.);
#11947 = LINE('',#11948,#11949);
#11948 = CARTESIAN_POINT('',(0.523097325928,0.54356,-0.104325194216));
#11949 = VECTOR('',#11950,1.);
#11950 = DIRECTION('',(-0.961293454475,0.E+000,-0.275526576548));
#11951 = ORIENTED_EDGE('',*,*,#11907,.T.);
#11952 = PLANE('',#11953);
#11953 = AXIS2_PLACEMENT_3D('',#11954,#11955,#11956);
#11954 = CARTESIAN_POINT('',(0.523097325928,0.54356,-0.104325194216));
#11955 = DIRECTION('',(-0.275526576548,0.E+000,0.961293454475));
#11956 = DIRECTION('',(0.961293454475,0.E+000,0.275526576548));
#11957 = ADVANCED_FACE('',(#11958),#11983,.F.);
#11958 = FACE_BOUND('',#11959,.T.);
#11959 = EDGE_LOOP('',(#11960,#11968,#11976,#11982));
#11960 = ORIENTED_EDGE('',*,*,#11961,.T.);
#11961 = EDGE_CURVE('',#11931,#11962,#11964,.T.);
#11962 = VERTEX_POINT('',#11963);
#11963 = CARTESIAN_POINT('',(0.567,0.53856,-0.121947579193));
#11964 = LINE('',#11965,#11966);
#11965 = CARTESIAN_POINT('',(0.567,0.53856,-0.121947579193));
#11966 = VECTOR('',#11967,1.);
#11967 = DIRECTION('',(0.928029086214,0.E+000,-0.372507738364));
#11968 = ORIENTED_EDGE('',*,*,#11969,.F.);
#11969 = EDGE_CURVE('',#11970,#11962,#11972,.T.);
#11970 = VERTEX_POINT('',#11971);
#11971 = CARTESIAN_POINT('',(0.567,0.54356,-0.121947579193));
#11972 = LINE('',#11973,#11974);
#11973 = CARTESIAN_POINT('',(0.567,0.54356,-0.121947579193));
#11974 = VECTOR('',#11975,1.);
#11975 = DIRECTION('',(-0.E+000,-1.,0.E+000));
#11976 = ORIENTED_EDGE('',*,*,#11977,.F.);
#11977 = EDGE_CURVE('',#11939,#11970,#11978,.T.);
#11978 = LINE('',#11979,#11980);
#11979 = CARTESIAN_POINT('',(0.567,0.54356,-0.121947579193));
#11980 = VECTOR('',#11981,1.);
#11981 = DIRECTION('',(0.928029086214,0.E+000,-0.372507738364));
#11982 = ORIENTED_EDGE('',*,*,#11938,.T.);
#11983 = PLANE('',#11984);
#11984 = AXIS2_PLACEMENT_3D('',#11985,#11986,#11987);
#11985 = CARTESIAN_POINT('',(0.567,0.54356,-0.121947579193));
#11986 = DIRECTION('',(-0.372507738364,0.E+000,-0.928029086214));
#11987 = DIRECTION('',(-0.928029086214,0.E+000,0.372507738364));
#11988 = ADVANCED_FACE('',(#11989),#12014,.F.);
#11989 = FACE_BOUND('',#11990,.T.);
#11990 = EDGE_LOOP('',(#11991,#11999,#12007,#12013));
#11991 = ORIENTED_EDGE('',*,*,#11992,.T.);
#11992 = EDGE_CURVE('',#11962,#11993,#11995,.T.);
#11993 = VERTEX_POINT('',#11994);
#11994 = CARTESIAN_POINT('',(0.567,0.53856,-0.146549440545));
#11995 = LINE('',#11996,#11997);
#11996 = CARTESIAN_POINT('',(0.567,0.53856,-0.146549440545));
#11997 = VECTOR('',#11998,1.);
#11998 = DIRECTION('',(0.E+000,0.E+000,-1.));
#11999 = ORIENTED_EDGE('',*,*,#12000,.F.);
#12000 = EDGE_CURVE('',#12001,#11993,#12003,.T.);
#12001 = VERTEX_POINT('',#12002);
#12002 = CARTESIAN_POINT('',(0.567,0.54356,-0.146549440545));
#12003 = LINE('',#12004,#12005);
#12004 = CARTESIAN_POINT('',(0.567,0.54356,-0.146549440545));
#12005 = VECTOR('',#12006,1.);
#12006 = DIRECTION('',(-0.E+000,-1.,0.E+000));
#12007 = ORIENTED_EDGE('',*,*,#12008,.F.);
#12008 = EDGE_CURVE('',#11970,#12001,#12009,.T.);
#12009 = LINE('',#12010,#12011);
#12010 = CARTESIAN_POINT('',(0.567,0.54356,-0.146549440545));
#12011 = VECTOR('',#12012,1.);
#12012 = DIRECTION('',(0.E+000,0.E+000,-1.));
#12013 = ORIENTED_EDGE('',*,*,#11969,.T.);
#12014 = PLANE('',#12015);
#12015 = AXIS2_PLACEMENT_3D('',#12016,#12017,#12018);
#12016 = CARTESIAN_POINT('',(0.567,0.54356,-0.146549440545));
#12017 = DIRECTION('',(-1.,0.E+000,0.E+000));
#12018 = DIRECTION('',(0.E+000,0.E+000,1.));
#12019 = ADVANCED_FACE('',(#12020),#12045,.F.);
#12020 = FACE_BOUND('',#12021,.T.);
#12021 = EDGE_LOOP('',(#12022,#12030,#12038,#12044));
#12022 = ORIENTED_EDGE('',*,*,#12023,.T.);
#12023 = EDGE_CURVE('',#11993,#12024,#12026,.T.);
#12024 = VERTEX_POINT('',#12025);
#12025 = CARTESIAN_POINT('',(0.523097325928,0.53856,-0.12835151736));
#12026 = LINE('',#12027,#12028);
#12027 = CARTESIAN_POINT('',(0.523097325928,0.53856,-0.12835151736));
#12028 = VECTOR('',#12029,1.);
#12029 = DIRECTION('',(-0.923783981404,0.E+000,0.382914031738));
#12030 = ORIENTED_EDGE('',*,*,#12031,.F.);
#12031 = EDGE_CURVE('',#12032,#12024,#12034,.T.);
#12032 = VERTEX_POINT('',#12033);
#12033 = CARTESIAN_POINT('',(0.523097325928,0.54356,-0.12835151736));
#12034 = LINE('',#12035,#12036);
#12035 = CARTESIAN_POINT('',(0.523097325928,0.54356,-0.12835151736));
#12036 = VECTOR('',#12037,1.);
#12037 = DIRECTION('',(-0.E+000,-1.,0.E+000));
#12038 = ORIENTED_EDGE('',*,*,#12039,.F.);
#12039 = EDGE_CURVE('',#12001,#12032,#12040,.T.);
#12040 = LINE('',#12041,#12042);
#12041 = CARTESIAN_POINT('',(0.523097325928,0.54356,-0.12835151736));
#12042 = VECTOR('',#12043,1.);
#12043 = DIRECTION('',(-0.923783981404,0.E+000,0.382914031738));
#12044 = ORIENTED_EDGE('',*,*,#12000,.T.);
#12045 = PLANE('',#12046);
#12046 = AXIS2_PLACEMENT_3D('',#12047,#12048,#12049);
#12047 = CARTESIAN_POINT('',(0.523097325928,0.54356,-0.12835151736));
#12048 = DIRECTION('',(0.382914031738,0.E+000,0.923783981404));
#12049 = DIRECTION('',(0.923783981404,0.E+000,-0.382914031738));
#12050 = ADVANCED_FACE('',(#12051),#12076,.F.);
#12051 = FACE_BOUND('',#12052,.T.);
#12052 = EDGE_LOOP('',(#12053,#12061,#12069,#12075));
#12053 = ORIENTED_EDGE('',*,*,#12054,.T.);
#12054 = EDGE_CURVE('',#12024,#12055,#12057,.T.);
#12055 = VERTEX_POINT('',#12056);
#12056 = CARTESIAN_POINT('',(0.486143888504,0.53856,-0.166097579874));
#12057 = LINE('',#12058,#12059);
#12058 = CARTESIAN_POINT('',(0.486143888504,0.53856,-0.166097579874));
#12059 = VECTOR('',#12060,1.);
#12060 = DIRECTION('',(-0.699564397227,0.E+000,-0.714569558638));
#12061 = ORIENTED_EDGE('',*,*,#12062,.F.);
#12062 = EDGE_CURVE('',#12063,#12055,#12065,.T.);
#12063 = VERTEX_POINT('',#12064);
#12064 = CARTESIAN_POINT('',(0.486143888504,0.54356,-0.166097579874));
#12065 = LINE('',#12066,#12067);
#12066 = CARTESIAN_POINT('',(0.486143888504,0.54356,-0.166097579874));
#12067 = VECTOR('',#12068,1.);
#12068 = DIRECTION('',(-0.E+000,-1.,0.E+000));
#12069 = ORIENTED_EDGE('',*,*,#12070,.F.);
#12070 = EDGE_CURVE('',#12032,#12063,#12071,.T.);
#12071 = LINE('',#12072,#12073);
#12072 = CARTESIAN_POINT('',(0.486143888504,0.54356,-0.166097579874));
#12073 = VECTOR('',#12074,1.);
#12074 = DIRECTION('',(-0.699564397227,0.E+000,-0.714569558638));
#12075 = ORIENTED_EDGE('',*,*,#12031,.T.);
#12076 = PLANE('',#12077);
#12077 = AXIS2_PLACEMENT_3D('',#12078,#12079,#12080);
#12078 = CARTESIAN_POINT('',(0.486143888504,0.54356,-0.166097579874));
#12079 = DIRECTION('',(-0.714569558638,0.E+000,0.699564397227));
#12080 = DIRECTION('',(0.699564397227,0.E+000,0.714569558638));
#12081 = ADVANCED_FACE('',(#12082),#12107,.F.);
#12082 = FACE_BOUND('',#12083,.T.);
#12083 = EDGE_LOOP('',(#12084,#12092,#12100,#12106));
#12084 = ORIENTED_EDGE('',*,*,#12085,.T.);
#12085 = EDGE_CURVE('',#12055,#12086,#12088,.T.);
#12086 = VERTEX_POINT('',#12087);
#12087 = CARTESIAN_POINT('',(0.486143888504,0.53856,-0.13948858741));
#12088 = LINE('',#12089,#12090);
#12089 = CARTESIAN_POINT('',(0.486143888504,0.53856,-0.13948858741));
#12090 = VECTOR('',#12091,1.);
#12091 = DIRECTION('',(0.E+000,0.E+000,1.));
#12092 = ORIENTED_EDGE('',*,*,#12093,.F.);
#12093 = EDGE_CURVE('',#12094,#12086,#12096,.T.);
#12094 = VERTEX_POINT('',#12095);
#12095 = CARTESIAN_POINT('',(0.486143888504,0.54356,-0.13948858741));
#12096 = LINE('',#12097,#12098);
#12097 = CARTESIAN_POINT('',(0.486143888504,0.54356,-0.13948858741));
#12098 = VECTOR('',#12099,1.);
#12099 = DIRECTION('',(-0.E+000,-1.,0.E+000));
#12100 = ORIENTED_EDGE('',*,*,#12101,.F.);
#12101 = EDGE_CURVE('',#12063,#12094,#12102,.T.);
#12102 = LINE('',#12103,#12104);
#12103 = CARTESIAN_POINT('',(0.486143888504,0.54356,-0.13948858741));
#12104 = VECTOR('',#12105,1.);
#12105 = DIRECTION('',(0.E+000,0.E+000,1.));
#12106 = ORIENTED_EDGE('',*,*,#12062,.T.);
#12107 = PLANE('',#12108);
#12108 = AXIS2_PLACEMENT_3D('',#12109,#12110,#12111);
#12109 = CARTESIAN_POINT('',(0.486143888504,0.54356,-0.13948858741));
#12110 = DIRECTION('',(1.,-0.E+000,0.E+000));
#12111 = DIRECTION('',(0.E+000,0.E+000,-1.));
#12112 = ADVANCED_FACE('',(#12113),#12138,.F.);
#12113 = FACE_BOUND('',#12114,.T.);
#12114 = EDGE_LOOP('',(#12115,#12123,#12131,#12137));
#12115 = ORIENTED_EDGE('',*,*,#12116,.T.);
#12116 = EDGE_CURVE('',#12086,#12117,#12119,.T.);
#12117 = VERTEX_POINT('',#12118);
#12118 = CARTESIAN_POINT('',(0.520624060496,0.53856,-0.105125440701));
#12119 = LINE('',#12120,#12121);
#12120 = CARTESIAN_POINT('',(0.520624060496,0.53856,-0.105125440701));
#12121 = VECTOR('',#12122,1.);
#12122 = DIRECTION('',(0.708307753494,0.E+000,0.705903765636));
#12123 = ORIENTED_EDGE('',*,*,#12124,.F.);
#12124 = EDGE_CURVE('',#12125,#12117,#12127,.T.);
#12125 = VERTEX_POINT('',#12126);
#12126 = CARTESIAN_POINT('',(0.520624060496,0.54356,-0.105125440701));
#12127 = LINE('',#12128,#12129);
#12128 = CARTESIAN_POINT('',(0.520624060496,0.54356,-0.105125440701));
#12129 = VECTOR('',#12130,1.);
#12130 = DIRECTION('',(-0.E+000,-1.,0.E+000));
#12131 = ORIENTED_EDGE('',*,*,#12132,.F.);
#12132 = EDGE_CURVE('',#12094,#12125,#12133,.T.);
#12133 = LINE('',#12134,#12135);
#12134 = CARTESIAN_POINT('',(0.520624060496,0.54356,-0.105125440701));
#12135 = VECTOR('',#12136,1.);
#12136 = DIRECTION('',(0.708307753494,0.E+000,0.705903765636));
#12137 = ORIENTED_EDGE('',*,*,#12093,.T.);
#12138 = PLANE('',#12139);
#12139 = AXIS2_PLACEMENT_3D('',#12140,#12141,#12142);
#12140 = CARTESIAN_POINT('',(0.520624060496,0.54356,-0.105125440701));
#12141 = DIRECTION('',(0.705903765636,0.E+000,-0.708307753494));
#12142 = DIRECTION('',(-0.708307753494,0.E+000,-0.705903765636));
#12143 = ADVANCED_FACE('',(#12144),#12169,.F.);
#12144 = FACE_BOUND('',#12145,.T.);
#12145 = EDGE_LOOP('',(#12146,#12154,#12162,#12168));
#12146 = ORIENTED_EDGE('',*,*,#12147,.T.);
#12147 = EDGE_CURVE('',#12117,#12148,#12150,.T.);
#12148 = VERTEX_POINT('',#12149);
#12149 = CARTESIAN_POINT('',(0.486143888504,0.53856,-0.115009160072));
#12150 = LINE('',#12151,#12152);
#12151 = CARTESIAN_POINT('',(0.486143888504,0.53856,-0.115009160072));
#12152 = VECTOR('',#12153,1.);
#12153 = DIRECTION('',(-0.961286149093,0.E+000,-0.275552063252));
#12154 = ORIENTED_EDGE('',*,*,#12155,.F.);
#12155 = EDGE_CURVE('',#12156,#12148,#12158,.T.);
#12156 = VERTEX_POINT('',#12157);
#12157 = CARTESIAN_POINT('',(0.486143888504,0.54356,-0.115009160072));
#12158 = LINE('',#12159,#12160);
#12159 = CARTESIAN_POINT('',(0.486143888504,0.54356,-0.115009160072));
#12160 = VECTOR('',#12161,1.);
#12161 = DIRECTION('',(-0.E+000,-1.,0.E+000));
#12162 = ORIENTED_EDGE('',*,*,#12163,.F.);
#12163 = EDGE_CURVE('',#12125,#12156,#12164,.T.);
#12164 = LINE('',#12165,#12166);
#12165 = CARTESIAN_POINT('',(0.486143888504,0.54356,-0.115009160072));
#12166 = VECTOR('',#12167,1.);
#12167 = DIRECTION('',(-0.961286149093,0.E+000,-0.275552063252));
#12168 = ORIENTED_EDGE('',*,*,#12124,.T.);
#12169 = PLANE('',#12170);
#12170 = AXIS2_PLACEMENT_3D('',#12171,#12172,#12173);
#12171 = CARTESIAN_POINT('',(0.486143888504,0.54356,-0.115009160072));
#12172 = DIRECTION('',(-0.275552063252,0.E+000,0.961286149093));
#12173 = DIRECTION('',(0.961286149093,0.E+000,0.275552063252));
#12174 = ADVANCED_FACE('',(#12175),#12191,.F.);
#12175 = FACE_BOUND('',#12176,.T.);
#12176 = EDGE_LOOP('',(#12177,#12183,#12184,#12190));
#12177 = ORIENTED_EDGE('',*,*,#12178,.T.);
#12178 = EDGE_CURVE('',#12148,#11860,#12179,.T.);
#12179 = LINE('',#12180,#12181);
#12180 = CARTESIAN_POINT('',(0.486143888504,0.53856,-9.198664833594E-002
    ));
#12181 = VECTOR('',#12182,1.);
#12182 = DIRECTION('',(0.E+000,0.E+000,1.));
#12183 = ORIENTED_EDGE('',*,*,#11885,.F.);
#12184 = ORIENTED_EDGE('',*,*,#12185,.F.);
#12185 = EDGE_CURVE('',#12156,#11878,#12186,.T.);
#12186 = LINE('',#12187,#12188);
#12187 = CARTESIAN_POINT('',(0.486143888504,0.54356,-9.198664833594E-002
    ));
#12188 = VECTOR('',#12189,1.);
#12189 = DIRECTION('',(0.E+000,0.E+000,1.));
#12190 = ORIENTED_EDGE('',*,*,#12155,.T.);
#12191 = PLANE('',#12192);
#12192 = AXIS2_PLACEMENT_3D('',#12193,#12194,#12195);
#12193 = CARTESIAN_POINT('',(0.486143888504,0.54356,-9.198664833594E-002
    ));
#12194 = DIRECTION('',(1.,-0.E+000,0.E+000));
#12195 = DIRECTION('',(0.E+000,0.E+000,-1.));
#12196 = ADVANCED_FACE('',(#12197),#12210,.F.);
#12197 = FACE_BOUND('',#12198,.T.);
#12198 = EDGE_LOOP('',(#12199,#12200,#12201,#12202,#12203,#12204,#12205,
    #12206,#12207,#12208,#12209));
#12199 = ORIENTED_EDGE('',*,*,#11877,.T.);
#12200 = ORIENTED_EDGE('',*,*,#11915,.T.);
#12201 = ORIENTED_EDGE('',*,*,#11946,.T.);
#12202 = ORIENTED_EDGE('',*,*,#11977,.T.);
#12203 = ORIENTED_EDGE('',*,*,#12008,.T.);
#12204 = ORIENTED_EDGE('',*,*,#12039,.T.);
#12205 = ORIENTED_EDGE('',*,*,#12070,.T.);
#12206 = ORIENTED_EDGE('',*,*,#12101,.T.);
#12207 = ORIENTED_EDGE('',*,*,#12132,.T.);
#12208 = ORIENTED_EDGE('',*,*,#12163,.T.);
#12209 = ORIENTED_EDGE('',*,*,#12185,.T.);
#12210 = PLANE('',#12211);
#12211 = AXIS2_PLACEMENT_3D('',#12212,#12213,#12214);
#12212 = CARTESIAN_POINT('',(2.438294488446E-002,0.54356,
    1.244538332961E-003));
#12213 = DIRECTION('',(0.E+000,-1.,0.E+000));
#12214 = DIRECTION('',(0.E+000,0.E+000,-1.));
#12215 = ADVANCED_FACE('',(#12216),#12229,.T.);
#12216 = FACE_BOUND('',#12217,.T.);
#12217 = EDGE_LOOP('',(#12218,#12219,#12220,#12221,#12222,#12223,#12224,
    #12225,#12226,#12227,#12228));
#12218 = ORIENTED_EDGE('',*,*,#11859,.F.);
#12219 = ORIENTED_EDGE('',*,*,#12178,.F.);
#12220 = ORIENTED_EDGE('',*,*,#12147,.F.);
#12221 = ORIENTED_EDGE('',*,*,#12116,.F.);
#12222 = ORIENTED_EDGE('',*,*,#12085,.F.);
#12223 = ORIENTED_EDGE('',*,*,#12054,.F.);
#12224 = ORIENTED_EDGE('',*,*,#12023,.F.);
#12225 = ORIENTED_EDGE('',*,*,#11992,.F.);
#12226 = ORIENTED_EDGE('',*,*,#11961,.F.);
#12227 = ORIENTED_EDGE('',*,*,#11930,.F.);
#12228 = ORIENTED_EDGE('',*,*,#11899,.F.);
#12229 = PLANE('',#12230);
#12230 = AXIS2_PLACEMENT_3D('',#12231,#12232,#12233);
#12231 = CARTESIAN_POINT('',(2.438294488446E-002,0.53856,
    1.244538332961E-003));
#12232 = DIRECTION('',(0.E+000,-1.,0.E+000));
#12233 = DIRECTION('',(0.E+000,0.E+000,-1.));
#12234 = ( GEOMETRIC_REPRESENTATION_CONTEXT(3) 
GLOBAL_UNCERTAINTY_ASSIGNED_CONTEXT((#12238)) 
GLOBAL_UNIT_ASSIGNED_CONTEXT((#12235,#12236,#12237)) 
REPRESENTATION_CONTEXT('Context #1',
  '3D Context with UNIT and UNCERTAINTY') );
#12235 = ( LENGTH_UNIT() NAMED_UNIT(*) SI_UNIT(.MILLI.,.METRE.) );
#12236 = ( NAMED_UNIT(*) PLANE_ANGLE_UNIT() SI_UNIT($,.RADIAN.) );
#12237 = ( NAMED_UNIT(*) SI_UNIT($,.STERADIAN.) SOLID_ANGLE_UNIT() );
#12238 = UNCERTAINTY_MEASURE_WITH_UNIT(LENGTH_MEASURE(2.E-007),#12235,
  'distance_accuracy_value','confusion accuracy');
#12239 = SHAPE_DEFINITION_REPRESENTATION(#12240,#8672);
#12240 = PRODUCT_DEFINITION_SHAPE('','',#12241);
#12241 = PRODUCT_DEFINITION('design','',#12242,#12245);
#12242 = PRODUCT_DEFINITION_FORMATION('','',#12243);
#12243 = PRODUCT('C0402C104Z4VACTU','C0402C104Z4VACTU','',(#12244));
#12244 = PRODUCT_CONTEXT('',#2,'mechanical');
#12245 = PRODUCT_DEFINITION_CONTEXT('part definition',#2,'design');
#12246 = CONTEXT_DEPENDENT_SHAPE_REPRESENTATION(#12247,#12249);
#12247 = ( REPRESENTATION_RELATIONSHIP('','',#8672,#8662) 
REPRESENTATION_RELATIONSHIP_WITH_TRANSFORMATION(#12248) 
SHAPE_REPRESENTATION_RELATIONSHIP() );
#12248 = ITEM_DEFINED_TRANSFORMATION('','',#11,#8663);
#12249 = PRODUCT_DEFINITION_SHAPE('Placement','Placement of an item',
  #12250);
#12250 = NEXT_ASSEMBLY_USAGE_OCCURRENCE('17','','',#8657,#12241,$);
#12251 = PRODUCT_RELATED_PRODUCT_CATEGORY('part',$,(#12243));
#12252 = CONTEXT_DEPENDENT_SHAPE_REPRESENTATION(#12253,#12255);
#12253 = ( REPRESENTATION_RELATIONSHIP('','',#8662,#10) 
REPRESENTATION_RELATIONSHIP_WITH_TRANSFORMATION(#12254) 
SHAPE_REPRESENTATION_RELATIONSHIP() );
#12254 = ITEM_DEFINED_TRANSFORMATION('','',#11,#47);
#12255 = PRODUCT_DEFINITION_SHAPE('Placement','Placement of an item',
  #12256);
#12256 = NEXT_ASSEMBLY_USAGE_OCCURRENCE('18','','',#5,#8657,$);
#12257 = PRODUCT_RELATED_PRODUCT_CATEGORY('part',$,(#8659));
#12258 = SHAPE_DEFINITION_REPRESENTATION(#12259,#12265);
#12259 = PRODUCT_DEFINITION_SHAPE('','',#12260);
#12260 = PRODUCT_DEFINITION('design','',#12261,#12264);
#12261 = PRODUCT_DEFINITION_FORMATION('','',#12262);
#12262 = PRODUCT('C4','C4','',(#12263));
#12263 = PRODUCT_CONTEXT('',#2,'mechanical');
#12264 = PRODUCT_DEFINITION_CONTEXT('part definition',#2,'design');
#12265 = SHAPE_REPRESENTATION('',(#11,#12266),#12270);
#12266 = AXIS2_PLACEMENT_3D('',#12267,#12268,#12269);
#12267 = CARTESIAN_POINT('',(119.5327177948,0.724952062227,
    -0.163502246141));
#12268 = DIRECTION('',(-8.742277657348E-008,-1.,-4.371140912996E-008));
#12269 = DIRECTION('',(-1.,8.742277657348E-008,7.642738472527E-015));
#12270 = ( GEOMETRIC_REPRESENTATION_CONTEXT(3) 
GLOBAL_UNCERTAINTY_ASSIGNED_CONTEXT((#12274)) 
GLOBAL_UNIT_ASSIGNED_CONTEXT((#12271,#12272,#12273)) 
REPRESENTATION_CONTEXT('Context #1',
  '3D Context with UNIT and UNCERTAINTY') );
#12271 = ( LENGTH_UNIT() NAMED_UNIT(*) SI_UNIT(.MILLI.,.METRE.) );
#12272 = ( NAMED_UNIT(*) PLANE_ANGLE_UNIT() SI_UNIT($,.RADIAN.) );
#12273 = ( NAMED_UNIT(*) SI_UNIT($,.STERADIAN.) SOLID_ANGLE_UNIT() );
#12274 = UNCERTAINTY_MEASURE_WITH_UNIT(LENGTH_MEASURE(2.E-007),#12271,
  'distance_accuracy_value','confusion accuracy');
#12275 = CONTEXT_DEPENDENT_SHAPE_REPRESENTATION(#12276,#12278);
#12276 = ( REPRESENTATION_RELATIONSHIP('','',#8672,#12265) 
REPRESENTATION_RELATIONSHIP_WITH_TRANSFORMATION(#12277) 
SHAPE_REPRESENTATION_RELATIONSHIP() );
#12277 = ITEM_DEFINED_TRANSFORMATION('','',#11,#12266);
#12278 = PRODUCT_DEFINITION_SHAPE('Placement','Placement of an item',
  #12279);
#12279 = NEXT_ASSEMBLY_USAGE_OCCURRENCE('19','','',#12260,#12241,$);
#12280 = CONTEXT_DEPENDENT_SHAPE_REPRESENTATION(#12281,#12283);
#12281 = ( REPRESENTATION_RELATIONSHIP('','',#12265,#10) 
REPRESENTATION_RELATIONSHIP_WITH_TRANSFORMATION(#12282) 
SHAPE_REPRESENTATION_RELATIONSHIP() );
#12282 = ITEM_DEFINED_TRANSFORMATION('','',#11,#51);
#12283 = PRODUCT_DEFINITION_SHAPE('Placement','Placement of an item',
  #12284);
#12284 = NEXT_ASSEMBLY_USAGE_OCCURRENCE('20','','',#5,#12260,$);
#12285 = PRODUCT_RELATED_PRODUCT_CATEGORY('part',$,(#12262));
#12286 = SHAPE_DEFINITION_REPRESENTATION(#12287,#12293);
#12287 = PRODUCT_DEFINITION_SHAPE('','',#12288);
#12288 = PRODUCT_DEFINITION('design','',#12289,#12292);
#12289 = PRODUCT_DEFINITION_FORMATION('','',#12290);
#12290 = PRODUCT('C3','C3','',(#12291));
#12291 = PRODUCT_CONTEXT('',#2,'mechanical');
#12292 = PRODUCT_DEFINITION_CONTEXT('part definition',#2,'design');
#12293 = SHAPE_REPRESENTATION('',(#11,#12294),#12298);
#12294 = AXIS2_PLACEMENT_3D('',#12295,#12296,#12297);
#12295 = CARTESIAN_POINT('',(118.48251637878,-0.724953333281,
    -0.163502246141));
#12296 = DIRECTION('',(-0.E+000,1.,1.311342202845E-007));
#12297 = DIRECTION('',(1.,0.E+000,0.E+000));
#12298 = ( GEOMETRIC_REPRESENTATION_CONTEXT(3) 
GLOBAL_UNCERTAINTY_ASSIGNED_CONTEXT((#12302)) 
GLOBAL_UNIT_ASSIGNED_CONTEXT((#12299,#12300,#12301)) 
REPRESENTATION_CONTEXT('Context #1',
  '3D Context with UNIT and UNCERTAINTY') );
#12299 = ( LENGTH_UNIT() NAMED_UNIT(*) SI_UNIT(.MILLI.,.METRE.) );
#12300 = ( NAMED_UNIT(*) PLANE_ANGLE_UNIT() SI_UNIT($,.RADIAN.) );
#12301 = ( NAMED_UNIT(*) SI_UNIT($,.STERADIAN.) SOLID_ANGLE_UNIT() );
#12302 = UNCERTAINTY_MEASURE_WITH_UNIT(LENGTH_MEASURE(2.E-007),#12299,
  'distance_accuracy_value','confusion accuracy');
#12303 = CONTEXT_DEPENDENT_SHAPE_REPRESENTATION(#12304,#12306);
#12304 = ( REPRESENTATION_RELATIONSHIP('','',#8672,#12293) 
REPRESENTATION_RELATIONSHIP_WITH_TRANSFORMATION(#12305) 
SHAPE_REPRESENTATION_RELATIONSHIP() );
#12305 = ITEM_DEFINED_TRANSFORMATION('','',#11,#12294);
#12306 = PRODUCT_DEFINITION_SHAPE('Placement','Placement of an item',
  #12307);
#12307 = NEXT_ASSEMBLY_USAGE_OCCURRENCE('21','','',#12288,#12241,$);
#12308 = CONTEXT_DEPENDENT_SHAPE_REPRESENTATION(#12309,#12311);
#12309 = ( REPRESENTATION_RELATIONSHIP('','',#12293,#10) 
REPRESENTATION_RELATIONSHIP_WITH_TRANSFORMATION(#12310) 
SHAPE_REPRESENTATION_RELATIONSHIP() );
#12310 = ITEM_DEFINED_TRANSFORMATION('','',#11,#55);
#12311 = PRODUCT_DEFINITION_SHAPE('Placement','Placement of an item',
  #12312);
#12312 = NEXT_ASSEMBLY_USAGE_OCCURRENCE('22','','',#5,#12288,$);
#12313 = PRODUCT_RELATED_PRODUCT_CATEGORY('part',$,(#12290));
#12314 = SHAPE_DEFINITION_REPRESENTATION(#12315,#12321);
#12315 = PRODUCT_DEFINITION_SHAPE('','',#12316);
#12316 = PRODUCT_DEFINITION('design','',#12317,#12320);
#12317 = PRODUCT_DEFINITION_FORMATION('','',#12318);
#12318 = PRODUCT('C6','C6','',(#12319));
#12319 = PRODUCT_CONTEXT('',#2,'mechanical');
#12320 = PRODUCT_DEFINITION_CONTEXT('part definition',#2,'design');
#12321 = SHAPE_REPRESENTATION('',(#11,#12322),#12326);
#12322 = AXIS2_PLACEMENT_3D('',#12323,#12324,#12325);
#12323 = CARTESIAN_POINT('',(79.974902243047,1.275046666719,
    -0.163502246141));
#12324 = DIRECTION('',(-0.E+000,1.,1.311342202845E-007));
#12325 = DIRECTION('',(1.,0.E+000,0.E+000));
#12326 = ( GEOMETRIC_REPRESENTATION_CONTEXT(3) 
GLOBAL_UNCERTAINTY_ASSIGNED_CONTEXT((#12330)) 
GLOBAL_UNIT_ASSIGNED_CONTEXT((#12327,#12328,#12329)) 
REPRESENTATION_CONTEXT('Context #1',
  '3D Context with UNIT and UNCERTAINTY') );
#12327 = ( LENGTH_UNIT() NAMED_UNIT(*) SI_UNIT(.MILLI.,.METRE.) );
#12328 = ( NAMED_UNIT(*) PLANE_ANGLE_UNIT() SI_UNIT($,.RADIAN.) );
#12329 = ( NAMED_UNIT(*) SI_UNIT($,.STERADIAN.) SOLID_ANGLE_UNIT() );
#12330 = UNCERTAINTY_MEASURE_WITH_UNIT(LENGTH_MEASURE(2.E-007),#12327,
  'distance_accuracy_value','confusion accuracy');
#12331 = CONTEXT_DEPENDENT_SHAPE_REPRESENTATION(#12332,#12334);
#12332 = ( REPRESENTATION_RELATIONSHIP('','',#8672,#12321) 
REPRESENTATION_RELATIONSHIP_WITH_TRANSFORMATION(#12333) 
SHAPE_REPRESENTATION_RELATIONSHIP() );
#12333 = ITEM_DEFINED_TRANSFORMATION('','',#11,#12322);
#12334 = PRODUCT_DEFINITION_SHAPE('Placement','Placement of an item',
  #12335);
#12335 = NEXT_ASSEMBLY_USAGE_OCCURRENCE('23','','',#12316,#12241,$);
#12336 = CONTEXT_DEPENDENT_SHAPE_REPRESENTATION(#12337,#12339);
#12337 = ( REPRESENTATION_RELATIONSHIP('','',#12321,#10) 
REPRESENTATION_RELATIONSHIP_WITH_TRANSFORMATION(#12338) 
SHAPE_REPRESENTATION_RELATIONSHIP() );
#12338 = ITEM_DEFINED_TRANSFORMATION('','',#11,#59);
#12339 = PRODUCT_DEFINITION_SHAPE('Placement','Placement of an item',
  #12340);
#12340 = NEXT_ASSEMBLY_USAGE_OCCURRENCE('24','','',#5,#12316,$);
#12341 = PRODUCT_RELATED_PRODUCT_CATEGORY('part',$,(#12318));
#12342 = SHAPE_DEFINITION_REPRESENTATION(#12343,#12349);
#12343 = PRODUCT_DEFINITION_SHAPE('','',#12344);
#12344 = PRODUCT_DEFINITION('design','',#12345,#12348);
#12345 = PRODUCT_DEFINITION_FORMATION('','',#12346);
#12346 = PRODUCT('C5','C5','',(#12347));
#12347 = PRODUCT_CONTEXT('',#2,'mechanical');
#12348 = PRODUCT_DEFINITION_CONTEXT('part definition',#2,'design');
#12349 = SHAPE_REPRESENTATION('',(#11,#12350),#12354);
#12350 = AXIS2_PLACEMENT_3D('',#12351,#12352,#12353);
#12351 = CARTESIAN_POINT('',(81.025103659063,-1.275047937773,
    -0.163502246141));
#12352 = DIRECTION('',(-8.742277657348E-008,-1.,-4.371140912996E-008));
#12353 = DIRECTION('',(-1.,8.742277657348E-008,7.642738472527E-015));
#12354 = ( GEOMETRIC_REPRESENTATION_CONTEXT(3) 
GLOBAL_UNCERTAINTY_ASSIGNED_CONTEXT((#12358)) 
GLOBAL_UNIT_ASSIGNED_CONTEXT((#12355,#12356,#12357)) 
REPRESENTATION_CONTEXT('Context #1',
  '3D Context with UNIT and UNCERTAINTY') );
#12355 = ( LENGTH_UNIT() NAMED_UNIT(*) SI_UNIT(.MILLI.,.METRE.) );
#12356 = ( NAMED_UNIT(*) PLANE_ANGLE_UNIT() SI_UNIT($,.RADIAN.) );
#12357 = ( NAMED_UNIT(*) SI_UNIT($,.STERADIAN.) SOLID_ANGLE_UNIT() );
#12358 = UNCERTAINTY_MEASURE_WITH_UNIT(LENGTH_MEASURE(2.E-007),#12355,
  'distance_accuracy_value','confusion accuracy');
#12359 = CONTEXT_DEPENDENT_SHAPE_REPRESENTATION(#12360,#12362);
#12360 = ( REPRESENTATION_RELATIONSHIP('','',#8672,#12349) 
REPRESENTATION_RELATIONSHIP_WITH_TRANSFORMATION(#12361) 
SHAPE_REPRESENTATION_RELATIONSHIP() );
#12361 = ITEM_DEFINED_TRANSFORMATION('','',#11,#12350);
#12362 = PRODUCT_DEFINITION_SHAPE('Placement','Placement of an item',
  #12363);
#12363 = NEXT_ASSEMBLY_USAGE_OCCURRENCE('25','','',#12344,#12241,$);
#12364 = CONTEXT_DEPENDENT_SHAPE_REPRESENTATION(#12365,#12367);
#12365 = ( REPRESENTATION_RELATIONSHIP('','',#12349,#10) 
REPRESENTATION_RELATIONSHIP_WITH_TRANSFORMATION(#12366) 
SHAPE_REPRESENTATION_RELATIONSHIP() );
#12366 = ITEM_DEFINED_TRANSFORMATION('','',#11,#63);
#12367 = PRODUCT_DEFINITION_SHAPE('Placement','Placement of an item',
  #12368);
#12368 = NEXT_ASSEMBLY_USAGE_OCCURRENCE('26','','',#5,#12344,$);
#12369 = PRODUCT_RELATED_PRODUCT_CATEGORY('part',$,(#12346));
#12370 = SHAPE_DEFINITION_REPRESENTATION(#12371,#12377);
#12371 = PRODUCT_DEFINITION_SHAPE('','',#12372);
#12372 = PRODUCT_DEFINITION('design','',#12373,#12376);
#12373 = PRODUCT_DEFINITION_FORMATION('','',#12374);
#12374 = PRODUCT('C1','C1','',(#12375));
#12375 = PRODUCT_CONTEXT('',#2,'mechanical');
#12376 = PRODUCT_DEFINITION_CONTEXT('part definition',#2,'design');
#12377 = SHAPE_REPRESENTATION('',(#11,#12378),#12382);
#12378 = AXIS2_PLACEMENT_3D('',#12379,#12380,#12381);
#12379 = CARTESIAN_POINT('',(12.074900717168,-1.275047937773,0.E+000));
#12380 = DIRECTION('',(0.E+000,-1.,-4.371140912996E-008));
#12381 = DIRECTION('',(1.,0.E+000,0.E+000));
#12382 = ( GEOMETRIC_REPRESENTATION_CONTEXT(3) 
GLOBAL_UNCERTAINTY_ASSIGNED_CONTEXT((#12386)) 
GLOBAL_UNIT_ASSIGNED_CONTEXT((#12383,#12384,#12385)) 
REPRESENTATION_CONTEXT('Context #1',
  '3D Context with UNIT and UNCERTAINTY') );
#12383 = ( LENGTH_UNIT() NAMED_UNIT(*) SI_UNIT(.MILLI.,.METRE.) );
#12384 = ( NAMED_UNIT(*) PLANE_ANGLE_UNIT() SI_UNIT($,.RADIAN.) );
#12385 = ( NAMED_UNIT(*) SI_UNIT($,.STERADIAN.) SOLID_ANGLE_UNIT() );
#12386 = UNCERTAINTY_MEASURE_WITH_UNIT(LENGTH_MEASURE(2.E-007),#12383,
  'distance_accuracy_value','confusion accuracy');
#12387 = CONTEXT_DEPENDENT_SHAPE_REPRESENTATION(#12388,#12390);
#12388 = ( REPRESENTATION_RELATIONSHIP('','',#8672,#12377) 
REPRESENTATION_RELATIONSHIP_WITH_TRANSFORMATION(#12389) 
SHAPE_REPRESENTATION_RELATIONSHIP() );
#12389 = ITEM_DEFINED_TRANSFORMATION('','',#11,#12378);
#12390 = PRODUCT_DEFINITION_SHAPE('Placement','Placement of an item',
  #12391);
#12391 = NEXT_ASSEMBLY_USAGE_OCCURRENCE('27','','',#12372,#12241,$);
#12392 = CONTEXT_DEPENDENT_SHAPE_REPRESENTATION(#12393,#12395);
#12393 = ( REPRESENTATION_RELATIONSHIP('','',#12377,#10) 
REPRESENTATION_RELATIONSHIP_WITH_TRANSFORMATION(#12394) 
SHAPE_REPRESENTATION_RELATIONSHIP() );
#12394 = ITEM_DEFINED_TRANSFORMATION('','',#11,#67);
#12395 = PRODUCT_DEFINITION_SHAPE('Placement','Placement of an item',
  #12396);
#12396 = NEXT_ASSEMBLY_USAGE_OCCURRENCE('28','','',#5,#12372,$);
#12397 = PRODUCT_RELATED_PRODUCT_CATEGORY('part',$,(#12374));
#12398 = MECHANICAL_DESIGN_GEOMETRIC_PRESENTATION_REPRESENTATION('',(
    #12399,#12409,#12418,#12427,#12437,#12446,#12455,#12464,#12473,
    #12482,#12491,#12500,#12509,#12518,#12527,#12536,#12546,#12555,
    #12564,#12573,#12582,#12591,#12600,#12609,#12618,#12627,#12636,
    #12645,#12654,#12663,#12672,#12681,#12690,#12699,#12708,#12717,
    #12726,#12735,#12744,#12753,#12762,#12771,#12780,#12789,#12798,
    #12807,#12816,#12825,#12834,#12843,#12852,#12861,#12870,#12879,
    #12888,#12897,#12906,#12915,#12924,#12933,#12942,#12951,#12960,
    #12969,#12978,#12987,#12996,#13005,#13014,#13023,#13032,#13041,
    #13050,#13059,#13068,#13077,#13086,#13095,#13104),#8575);
#12399 = STYLED_ITEM('color',(#12400),#6713);
#12400 = PRESENTATION_STYLE_ASSIGNMENT((#12401,#12407));
#12401 = SURFACE_STYLE_USAGE(.BOTH.,#12402);
#12402 = SURFACE_SIDE_STYLE('',(#12403));
#12403 = SURFACE_STYLE_FILL_AREA(#12404);
#12404 = FILL_AREA_STYLE('',(#12405));
#12405 = FILL_AREA_STYLE_COLOUR('',#12406);
#12406 = COLOUR_RGB('',0.587999999523,0.587999999523,0.587999999523);
#12407 = CURVE_STYLE('',#12408,POSITIVE_LENGTH_MEASURE(0.1),#12406);
#12408 = DRAUGHTING_PRE_DEFINED_CURVE_FONT('continuous');
#12409 = STYLED_ITEM('color',(#12410),#6745);
#12410 = PRESENTATION_STYLE_ASSIGNMENT((#12411,#12416));
#12411 = SURFACE_STYLE_USAGE(.BOTH.,#12412);
#12412 = SURFACE_SIDE_STYLE('',(#12413));
#12413 = SURFACE_STYLE_FILL_AREA(#12414);
#12414 = FILL_AREA_STYLE('',(#12415));
#12415 = FILL_AREA_STYLE_COLOUR('',#12406);
#12416 = CURVE_STYLE('',#12417,POSITIVE_LENGTH_MEASURE(0.1),#12406);
#12417 = DRAUGHTING_PRE_DEFINED_CURVE_FONT('continuous');
#12418 = STYLED_ITEM('color',(#12419),#6754);
#12419 = PRESENTATION_STYLE_ASSIGNMENT((#12420,#12425));
#12420 = SURFACE_STYLE_USAGE(.BOTH.,#12421);
#12421 = SURFACE_SIDE_STYLE('',(#12422));
#12422 = SURFACE_STYLE_FILL_AREA(#12423);
#12423 = FILL_AREA_STYLE('',(#12424));
#12424 = FILL_AREA_STYLE_COLOUR('',#12406);
#12425 = CURVE_STYLE('',#12426,POSITIVE_LENGTH_MEASURE(0.1),#12406);
#12426 = DRAUGHTING_PRE_DEFINED_CURVE_FONT('continuous');
#12427 = STYLED_ITEM('color',(#12428),#6765);
#12428 = PRESENTATION_STYLE_ASSIGNMENT((#12429,#12435));
#12429 = SURFACE_STYLE_USAGE(.BOTH.,#12430);
#12430 = SURFACE_SIDE_STYLE('',(#12431));
#12431 = SURFACE_STYLE_FILL_AREA(#12432);
#12432 = FILL_AREA_STYLE('',(#12433));
#12433 = FILL_AREA_STYLE_COLOUR('',#12434);
#12434 = COLOUR_RGB('',0.195999994874,0.195999994874,0.195999994874);
#12435 = CURVE_STYLE('',#12436,POSITIVE_LENGTH_MEASURE(0.1),#12434);
#12436 = DRAUGHTING_PRE_DEFINED_CURVE_FONT('continuous');
#12437 = STYLED_ITEM('color',(#12438),#6805);
#12438 = PRESENTATION_STYLE_ASSIGNMENT((#12439,#12444));
#12439 = SURFACE_STYLE_USAGE(.BOTH.,#12440);
#12440 = SURFACE_SIDE_STYLE('',(#12441));
#12441 = SURFACE_STYLE_FILL_AREA(#12442);
#12442 = FILL_AREA_STYLE('',(#12443));
#12443 = FILL_AREA_STYLE_COLOUR('',#12434);
#12444 = CURVE_STYLE('',#12445,POSITIVE_LENGTH_MEASURE(0.1),#12434);
#12445 = DRAUGHTING_PRE_DEFINED_CURVE_FONT('continuous');
#12446 = STYLED_ITEM('color',(#12447),#6836);
#12447 = PRESENTATION_STYLE_ASSIGNMENT((#12448,#12453));
#12448 = SURFACE_STYLE_USAGE(.BOTH.,#12449);
#12449 = SURFACE_SIDE_STYLE('',(#12450));
#12450 = SURFACE_STYLE_FILL_AREA(#12451);
#12451 = FILL_AREA_STYLE('',(#12452));
#12452 = FILL_AREA_STYLE_COLOUR('',#12434);
#12453 = CURVE_STYLE('',#12454,POSITIVE_LENGTH_MEASURE(0.1),#12434);
#12454 = DRAUGHTING_PRE_DEFINED_CURVE_FONT('continuous');
#12455 = STYLED_ITEM('color',(#12456),#6867);
#12456 = PRESENTATION_STYLE_ASSIGNMENT((#12457,#12462));
#12457 = SURFACE_STYLE_USAGE(.BOTH.,#12458);
#12458 = SURFACE_SIDE_STYLE('',(#12459));
#12459 = SURFACE_STYLE_FILL_AREA(#12460);
#12460 = FILL_AREA_STYLE('',(#12461));
#12461 = FILL_AREA_STYLE_COLOUR('',#12434);
#12462 = CURVE_STYLE('',#12463,POSITIVE_LENGTH_MEASURE(0.1),#12434);
#12463 = DRAUGHTING_PRE_DEFINED_CURVE_FONT('continuous');
#12464 = STYLED_ITEM('color',(#12465),#6889);
#12465 = PRESENTATION_STYLE_ASSIGNMENT((#12466,#12471));
#12466 = SURFACE_STYLE_USAGE(.BOTH.,#12467);
#12467 = SURFACE_SIDE_STYLE('',(#12468));
#12468 = SURFACE_STYLE_FILL_AREA(#12469);
#12469 = FILL_AREA_STYLE('',(#12470));
#12470 = FILL_AREA_STYLE_COLOUR('',#12434);
#12471 = CURVE_STYLE('',#12472,POSITIVE_LENGTH_MEASURE(0.1),#12434);
#12472 = DRAUGHTING_PRE_DEFINED_CURVE_FONT('continuous');
#12473 = STYLED_ITEM('color',(#12474),#6901);
#12474 = PRESENTATION_STYLE_ASSIGNMENT((#12475,#12480));
#12475 = SURFACE_STYLE_USAGE(.BOTH.,#12476);
#12476 = SURFACE_SIDE_STYLE('',(#12477));
#12477 = SURFACE_STYLE_FILL_AREA(#12478);
#12478 = FILL_AREA_STYLE('',(#12479));
#12479 = FILL_AREA_STYLE_COLOUR('',#12434);
#12480 = CURVE_STYLE('',#12481,POSITIVE_LENGTH_MEASURE(0.1),#12434);
#12481 = DRAUGHTING_PRE_DEFINED_CURVE_FONT('continuous');
#12482 = STYLED_ITEM('color',(#12483),#6915);
#12483 = PRESENTATION_STYLE_ASSIGNMENT((#12484,#12489));
#12484 = SURFACE_STYLE_USAGE(.BOTH.,#12485);
#12485 = SURFACE_SIDE_STYLE('',(#12486));
#12486 = SURFACE_STYLE_FILL_AREA(#12487);
#12487 = FILL_AREA_STYLE('',(#12488));
#12488 = FILL_AREA_STYLE_COLOUR('',#12406);
#12489 = CURVE_STYLE('',#12490,POSITIVE_LENGTH_MEASURE(0.1),#12406);
#12490 = DRAUGHTING_PRE_DEFINED_CURVE_FONT('continuous');
#12491 = STYLED_ITEM('color',(#12492),#6955);
#12492 = PRESENTATION_STYLE_ASSIGNMENT((#12493,#12498));
#12493 = SURFACE_STYLE_USAGE(.BOTH.,#12494);
#12494 = SURFACE_SIDE_STYLE('',(#12495));
#12495 = SURFACE_STYLE_FILL_AREA(#12496);
#12496 = FILL_AREA_STYLE('',(#12497));
#12497 = FILL_AREA_STYLE_COLOUR('',#12406);
#12498 = CURVE_STYLE('',#12499,POSITIVE_LENGTH_MEASURE(0.1),#12406);
#12499 = DRAUGHTING_PRE_DEFINED_CURVE_FONT('continuous');
#12500 = STYLED_ITEM('color',(#12501),#6986);
#12501 = PRESENTATION_STYLE_ASSIGNMENT((#12502,#12507));
#12502 = SURFACE_STYLE_USAGE(.BOTH.,#12503);
#12503 = SURFACE_SIDE_STYLE('',(#12504));
#12504 = SURFACE_STYLE_FILL_AREA(#12505);
#12505 = FILL_AREA_STYLE('',(#12506));
#12506 = FILL_AREA_STYLE_COLOUR('',#12406);
#12507 = CURVE_STYLE('',#12508,POSITIVE_LENGTH_MEASURE(0.1),#12406);
#12508 = DRAUGHTING_PRE_DEFINED_CURVE_FONT('continuous');
#12509 = STYLED_ITEM('color',(#12510),#7017);
#12510 = PRESENTATION_STYLE_ASSIGNMENT((#12511,#12516));
#12511 = SURFACE_STYLE_USAGE(.BOTH.,#12512);
#12512 = SURFACE_SIDE_STYLE('',(#12513));
#12513 = SURFACE_STYLE_FILL_AREA(#12514);
#12514 = FILL_AREA_STYLE('',(#12515));
#12515 = FILL_AREA_STYLE_COLOUR('',#12406);
#12516 = CURVE_STYLE('',#12517,POSITIVE_LENGTH_MEASURE(0.1),#12406);
#12517 = DRAUGHTING_PRE_DEFINED_CURVE_FONT('continuous');
#12518 = STYLED_ITEM('color',(#12519),#7039);
#12519 = PRESENTATION_STYLE_ASSIGNMENT((#12520,#12525));
#12520 = SURFACE_STYLE_USAGE(.BOTH.,#12521);
#12521 = SURFACE_SIDE_STYLE('',(#12522));
#12522 = SURFACE_STYLE_FILL_AREA(#12523);
#12523 = FILL_AREA_STYLE('',(#12524));
#12524 = FILL_AREA_STYLE_COLOUR('',#12406);
#12525 = CURVE_STYLE('',#12526,POSITIVE_LENGTH_MEASURE(0.1),#12406);
#12526 = DRAUGHTING_PRE_DEFINED_CURVE_FONT('continuous');
#12527 = STYLED_ITEM('color',(#12528),#7051);
#12528 = PRESENTATION_STYLE_ASSIGNMENT((#12529,#12534));
#12529 = SURFACE_STYLE_USAGE(.BOTH.,#12530);
#12530 = SURFACE_SIDE_STYLE('',(#12531));
#12531 = SURFACE_STYLE_FILL_AREA(#12532);
#12532 = FILL_AREA_STYLE('',(#12533));
#12533 = FILL_AREA_STYLE_COLOUR('',#12406);
#12534 = CURVE_STYLE('',#12535,POSITIVE_LENGTH_MEASURE(0.1),#12406);
#12535 = DRAUGHTING_PRE_DEFINED_CURVE_FONT('continuous');
#12536 = STYLED_ITEM('color',(#12537),#7065);
#12537 = PRESENTATION_STYLE_ASSIGNMENT((#12538,#12544));
#12538 = SURFACE_STYLE_USAGE(.BOTH.,#12539);
#12539 = SURFACE_SIDE_STYLE('',(#12540));
#12540 = SURFACE_STYLE_FILL_AREA(#12541);
#12541 = FILL_AREA_STYLE('',(#12542));
#12542 = FILL_AREA_STYLE_COLOUR('',#12543);
#12543 = COLOUR_RGB('',0.725000023842,0.725000023842,0.725000023842);
#12544 = CURVE_STYLE('',#12545,POSITIVE_LENGTH_MEASURE(0.1),#12543);
#12545 = DRAUGHTING_PRE_DEFINED_CURVE_FONT('continuous');
#12546 = STYLED_ITEM('color',(#12547),#7105);
#12547 = PRESENTATION_STYLE_ASSIGNMENT((#12548,#12553));
#12548 = SURFACE_STYLE_USAGE(.BOTH.,#12549);
#12549 = SURFACE_SIDE_STYLE('',(#12550));
#12550 = SURFACE_STYLE_FILL_AREA(#12551);
#12551 = FILL_AREA_STYLE('',(#12552));
#12552 = FILL_AREA_STYLE_COLOUR('',#12543);
#12553 = CURVE_STYLE('',#12554,POSITIVE_LENGTH_MEASURE(0.1),#12543);
#12554 = DRAUGHTING_PRE_DEFINED_CURVE_FONT('continuous');
#12555 = STYLED_ITEM('color',(#12556),#7136);
#12556 = PRESENTATION_STYLE_ASSIGNMENT((#12557,#12562));
#12557 = SURFACE_STYLE_USAGE(.BOTH.,#12558);
#12558 = SURFACE_SIDE_STYLE('',(#12559));
#12559 = SURFACE_STYLE_FILL_AREA(#12560);
#12560 = FILL_AREA_STYLE('',(#12561));
#12561 = FILL_AREA_STYLE_COLOUR('',#12543);
#12562 = CURVE_STYLE('',#12563,POSITIVE_LENGTH_MEASURE(0.1),#12543);
#12563 = DRAUGHTING_PRE_DEFINED_CURVE_FONT('continuous');
#12564 = STYLED_ITEM('color',(#12565),#7167);
#12565 = PRESENTATION_STYLE_ASSIGNMENT((#12566,#12571));
#12566 = SURFACE_STYLE_USAGE(.BOTH.,#12567);
#12567 = SURFACE_SIDE_STYLE('',(#12568));
#12568 = SURFACE_STYLE_FILL_AREA(#12569);
#12569 = FILL_AREA_STYLE('',(#12570));
#12570 = FILL_AREA_STYLE_COLOUR('',#12543);
#12571 = CURVE_STYLE('',#12572,POSITIVE_LENGTH_MEASURE(0.1),#12543);
#12572 = DRAUGHTING_PRE_DEFINED_CURVE_FONT('continuous');
#12573 = STYLED_ITEM('color',(#12574),#7189);
#12574 = PRESENTATION_STYLE_ASSIGNMENT((#12575,#12580));
#12575 = SURFACE_STYLE_USAGE(.BOTH.,#12576);
#12576 = SURFACE_SIDE_STYLE('',(#12577));
#12577 = SURFACE_STYLE_FILL_AREA(#12578);
#12578 = FILL_AREA_STYLE('',(#12579));
#12579 = FILL_AREA_STYLE_COLOUR('',#12543);
#12580 = CURVE_STYLE('',#12581,POSITIVE_LENGTH_MEASURE(0.1),#12543);
#12581 = DRAUGHTING_PRE_DEFINED_CURVE_FONT('continuous');
#12582 = STYLED_ITEM('color',(#12583),#7206);
#12583 = PRESENTATION_STYLE_ASSIGNMENT((#12584,#12589));
#12584 = SURFACE_STYLE_USAGE(.BOTH.,#12585);
#12585 = SURFACE_SIDE_STYLE('',(#12586));
#12586 = SURFACE_STYLE_FILL_AREA(#12587);
#12587 = FILL_AREA_STYLE('',(#12588));
#12588 = FILL_AREA_STYLE_COLOUR('',#12543);
#12589 = CURVE_STYLE('',#12590,POSITIVE_LENGTH_MEASURE(0.1),#12543);
#12590 = DRAUGHTING_PRE_DEFINED_CURVE_FONT('continuous');
#12591 = STYLED_ITEM('color',(#12592),#7218);
#12592 = PRESENTATION_STYLE_ASSIGNMENT((#12593,#12598));
#12593 = SURFACE_STYLE_USAGE(.BOTH.,#12594);
#12594 = SURFACE_SIDE_STYLE('',(#12595));
#12595 = SURFACE_STYLE_FILL_AREA(#12596);
#12596 = FILL_AREA_STYLE('',(#12597));
#12597 = FILL_AREA_STYLE_COLOUR('',#12543);
#12598 = CURVE_STYLE('',#12599,POSITIVE_LENGTH_MEASURE(0.1),#12543);
#12599 = DRAUGHTING_PRE_DEFINED_CURVE_FONT('continuous');
#12600 = STYLED_ITEM('color',(#12601),#7240);
#12601 = PRESENTATION_STYLE_ASSIGNMENT((#12602,#12607));
#12602 = SURFACE_STYLE_USAGE(.BOTH.,#12603);
#12603 = SURFACE_SIDE_STYLE('',(#12604));
#12604 = SURFACE_STYLE_FILL_AREA(#12605);
#12605 = FILL_AREA_STYLE('',(#12606));
#12606 = FILL_AREA_STYLE_COLOUR('',#12543);
#12607 = CURVE_STYLE('',#12608,POSITIVE_LENGTH_MEASURE(0.1),#12543);
#12608 = DRAUGHTING_PRE_DEFINED_CURVE_FONT('continuous');
#12609 = STYLED_ITEM('color',(#12610),#7254);
#12610 = PRESENTATION_STYLE_ASSIGNMENT((#12611,#12616));
#12611 = SURFACE_STYLE_USAGE(.BOTH.,#12612);
#12612 = SURFACE_SIDE_STYLE('',(#12613));
#12613 = SURFACE_STYLE_FILL_AREA(#12614);
#12614 = FILL_AREA_STYLE('',(#12615));
#12615 = FILL_AREA_STYLE_COLOUR('',#12543);
#12616 = CURVE_STYLE('',#12617,POSITIVE_LENGTH_MEASURE(0.1),#12543);
#12617 = DRAUGHTING_PRE_DEFINED_CURVE_FONT('continuous');
#12618 = STYLED_ITEM('color',(#12619),#7294);
#12619 = PRESENTATION_STYLE_ASSIGNMENT((#12620,#12625));
#12620 = SURFACE_STYLE_USAGE(.BOTH.,#12621);
#12621 = SURFACE_SIDE_STYLE('',(#12622));
#12622 = SURFACE_STYLE_FILL_AREA(#12623);
#12623 = FILL_AREA_STYLE('',(#12624));
#12624 = FILL_AREA_STYLE_COLOUR('',#12543);
#12625 = CURVE_STYLE('',#12626,POSITIVE_LENGTH_MEASURE(0.1),#12543);
#12626 = DRAUGHTING_PRE_DEFINED_CURVE_FONT('continuous');
#12627 = STYLED_ITEM('color',(#12628),#7325);
#12628 = PRESENTATION_STYLE_ASSIGNMENT((#12629,#12634));
#12629 = SURFACE_STYLE_USAGE(.BOTH.,#12630);
#12630 = SURFACE_SIDE_STYLE('',(#12631));
#12631 = SURFACE_STYLE_FILL_AREA(#12632);
#12632 = FILL_AREA_STYLE('',(#12633));
#12633 = FILL_AREA_STYLE_COLOUR('',#12543);
#12634 = CURVE_STYLE('',#12635,POSITIVE_LENGTH_MEASURE(0.1),#12543);
#12635 = DRAUGHTING_PRE_DEFINED_CURVE_FONT('continuous');
#12636 = STYLED_ITEM('color',(#12637),#7356);
#12637 = PRESENTATION_STYLE_ASSIGNMENT((#12638,#12643));
#12638 = SURFACE_STYLE_USAGE(.BOTH.,#12639);
#12639 = SURFACE_SIDE_STYLE('',(#12640));
#12640 = SURFACE_STYLE_FILL_AREA(#12641);
#12641 = FILL_AREA_STYLE('',(#12642));
#12642 = FILL_AREA_STYLE_COLOUR('',#12543);
#12643 = CURVE_STYLE('',#12644,POSITIVE_LENGTH_MEASURE(0.1),#12543);
#12644 = DRAUGHTING_PRE_DEFINED_CURVE_FONT('continuous');
#12645 = STYLED_ITEM('color',(#12646),#7378);
#12646 = PRESENTATION_STYLE_ASSIGNMENT((#12647,#12652));
#12647 = SURFACE_STYLE_USAGE(.BOTH.,#12648);
#12648 = SURFACE_SIDE_STYLE('',(#12649));
#12649 = SURFACE_STYLE_FILL_AREA(#12650);
#12650 = FILL_AREA_STYLE('',(#12651));
#12651 = FILL_AREA_STYLE_COLOUR('',#12543);
#12652 = CURVE_STYLE('',#12653,POSITIVE_LENGTH_MEASURE(0.1),#12543);
#12653 = DRAUGHTING_PRE_DEFINED_CURVE_FONT('continuous');
#12654 = STYLED_ITEM('color',(#12655),#7395);
#12655 = PRESENTATION_STYLE_ASSIGNMENT((#12656,#12661));
#12656 = SURFACE_STYLE_USAGE(.BOTH.,#12657);
#12657 = SURFACE_SIDE_STYLE('',(#12658));
#12658 = SURFACE_STYLE_FILL_AREA(#12659);
#12659 = FILL_AREA_STYLE('',(#12660));
#12660 = FILL_AREA_STYLE_COLOUR('',#12543);
#12661 = CURVE_STYLE('',#12662,POSITIVE_LENGTH_MEASURE(0.1),#12543);
#12662 = DRAUGHTING_PRE_DEFINED_CURVE_FONT('continuous');
#12663 = STYLED_ITEM('color',(#12664),#7407);
#12664 = PRESENTATION_STYLE_ASSIGNMENT((#12665,#12670));
#12665 = SURFACE_STYLE_USAGE(.BOTH.,#12666);
#12666 = SURFACE_SIDE_STYLE('',(#12667));
#12667 = SURFACE_STYLE_FILL_AREA(#12668);
#12668 = FILL_AREA_STYLE('',(#12669));
#12669 = FILL_AREA_STYLE_COLOUR('',#12543);
#12670 = CURVE_STYLE('',#12671,POSITIVE_LENGTH_MEASURE(0.1),#12543);
#12671 = DRAUGHTING_PRE_DEFINED_CURVE_FONT('continuous');
#12672 = STYLED_ITEM('color',(#12673),#7429);
#12673 = PRESENTATION_STYLE_ASSIGNMENT((#12674,#12679));
#12674 = SURFACE_STYLE_USAGE(.BOTH.,#12675);
#12675 = SURFACE_SIDE_STYLE('',(#12676));
#12676 = SURFACE_STYLE_FILL_AREA(#12677);
#12677 = FILL_AREA_STYLE('',(#12678));
#12678 = FILL_AREA_STYLE_COLOUR('',#12543);
#12679 = CURVE_STYLE('',#12680,POSITIVE_LENGTH_MEASURE(0.1),#12543);
#12680 = DRAUGHTING_PRE_DEFINED_CURVE_FONT('continuous');
#12681 = STYLED_ITEM('color',(#12682),#7443);
#12682 = PRESENTATION_STYLE_ASSIGNMENT((#12683,#12688));
#12683 = SURFACE_STYLE_USAGE(.BOTH.,#12684);
#12684 = SURFACE_SIDE_STYLE('',(#12685));
#12685 = SURFACE_STYLE_FILL_AREA(#12686);
#12686 = FILL_AREA_STYLE('',(#12687));
#12687 = FILL_AREA_STYLE_COLOUR('',#12543);
#12688 = CURVE_STYLE('',#12689,POSITIVE_LENGTH_MEASURE(0.1),#12543);
#12689 = DRAUGHTING_PRE_DEFINED_CURVE_FONT('continuous');
#12690 = STYLED_ITEM('color',(#12691),#7483);
#12691 = PRESENTATION_STYLE_ASSIGNMENT((#12692,#12697));
#12692 = SURFACE_STYLE_USAGE(.BOTH.,#12693);
#12693 = SURFACE_SIDE_STYLE('',(#12694));
#12694 = SURFACE_STYLE_FILL_AREA(#12695);
#12695 = FILL_AREA_STYLE('',(#12696));
#12696 = FILL_AREA_STYLE_COLOUR('',#12543);
#12697 = CURVE_STYLE('',#12698,POSITIVE_LENGTH_MEASURE(0.1),#12543);
#12698 = DRAUGHTING_PRE_DEFINED_CURVE_FONT('continuous');
#12699 = STYLED_ITEM('color',(#12700),#7514);
#12700 = PRESENTATION_STYLE_ASSIGNMENT((#12701,#12706));
#12701 = SURFACE_STYLE_USAGE(.BOTH.,#12702);
#12702 = SURFACE_SIDE_STYLE('',(#12703));
#12703 = SURFACE_STYLE_FILL_AREA(#12704);
#12704 = FILL_AREA_STYLE('',(#12705));
#12705 = FILL_AREA_STYLE_COLOUR('',#12543);
#12706 = CURVE_STYLE('',#12707,POSITIVE_LENGTH_MEASURE(0.1),#12543);
#12707 = DRAUGHTING_PRE_DEFINED_CURVE_FONT('continuous');
#12708 = STYLED_ITEM('color',(#12709),#7545);
#12709 = PRESENTATION_STYLE_ASSIGNMENT((#12710,#12715));
#12710 = SURFACE_STYLE_USAGE(.BOTH.,#12711);
#12711 = SURFACE_SIDE_STYLE('',(#12712));
#12712 = SURFACE_STYLE_FILL_AREA(#12713);
#12713 = FILL_AREA_STYLE('',(#12714));
#12714 = FILL_AREA_STYLE_COLOUR('',#12543);
#12715 = CURVE_STYLE('',#12716,POSITIVE_LENGTH_MEASURE(0.1),#12543);
#12716 = DRAUGHTING_PRE_DEFINED_CURVE_FONT('continuous');
#12717 = STYLED_ITEM('color',(#12718),#7567);
#12718 = PRESENTATION_STYLE_ASSIGNMENT((#12719,#12724));
#12719 = SURFACE_STYLE_USAGE(.BOTH.,#12720);
#12720 = SURFACE_SIDE_STYLE('',(#12721));
#12721 = SURFACE_STYLE_FILL_AREA(#12722);
#12722 = FILL_AREA_STYLE('',(#12723));
#12723 = FILL_AREA_STYLE_COLOUR('',#12543);
#12724 = CURVE_STYLE('',#12725,POSITIVE_LENGTH_MEASURE(0.1),#12543);
#12725 = DRAUGHTING_PRE_DEFINED_CURVE_FONT('continuous');
#12726 = STYLED_ITEM('color',(#12727),#7584);
#12727 = PRESENTATION_STYLE_ASSIGNMENT((#12728,#12733));
#12728 = SURFACE_STYLE_USAGE(.BOTH.,#12729);
#12729 = SURFACE_SIDE_STYLE('',(#12730));
#12730 = SURFACE_STYLE_FILL_AREA(#12731);
#12731 = FILL_AREA_STYLE('',(#12732));
#12732 = FILL_AREA_STYLE_COLOUR('',#12543);
#12733 = CURVE_STYLE('',#12734,POSITIVE_LENGTH_MEASURE(0.1),#12543);
#12734 = DRAUGHTING_PRE_DEFINED_CURVE_FONT('continuous');
#12735 = STYLED_ITEM('color',(#12736),#7596);
#12736 = PRESENTATION_STYLE_ASSIGNMENT((#12737,#12742));
#12737 = SURFACE_STYLE_USAGE(.BOTH.,#12738);
#12738 = SURFACE_SIDE_STYLE('',(#12739));
#12739 = SURFACE_STYLE_FILL_AREA(#12740);
#12740 = FILL_AREA_STYLE('',(#12741));
#12741 = FILL_AREA_STYLE_COLOUR('',#12543);
#12742 = CURVE_STYLE('',#12743,POSITIVE_LENGTH_MEASURE(0.1),#12543);
#12743 = DRAUGHTING_PRE_DEFINED_CURVE_FONT('continuous');
#12744 = STYLED_ITEM('color',(#12745),#7618);
#12745 = PRESENTATION_STYLE_ASSIGNMENT((#12746,#12751));
#12746 = SURFACE_STYLE_USAGE(.BOTH.,#12747);
#12747 = SURFACE_SIDE_STYLE('',(#12748));
#12748 = SURFACE_STYLE_FILL_AREA(#12749);
#12749 = FILL_AREA_STYLE('',(#12750));
#12750 = FILL_AREA_STYLE_COLOUR('',#12543);
#12751 = CURVE_STYLE('',#12752,POSITIVE_LENGTH_MEASURE(0.1),#12543);
#12752 = DRAUGHTING_PRE_DEFINED_CURVE_FONT('continuous');
#12753 = STYLED_ITEM('color',(#12754),#7632);
#12754 = PRESENTATION_STYLE_ASSIGNMENT((#12755,#12760));
#12755 = SURFACE_STYLE_USAGE(.BOTH.,#12756);
#12756 = SURFACE_SIDE_STYLE('',(#12757));
#12757 = SURFACE_STYLE_FILL_AREA(#12758);
#12758 = FILL_AREA_STYLE('',(#12759));
#12759 = FILL_AREA_STYLE_COLOUR('',#12543);
#12760 = CURVE_STYLE('',#12761,POSITIVE_LENGTH_MEASURE(0.1),#12543);
#12761 = DRAUGHTING_PRE_DEFINED_CURVE_FONT('continuous');
#12762 = STYLED_ITEM('color',(#12763),#7672);
#12763 = PRESENTATION_STYLE_ASSIGNMENT((#12764,#12769));
#12764 = SURFACE_STYLE_USAGE(.BOTH.,#12765);
#12765 = SURFACE_SIDE_STYLE('',(#12766));
#12766 = SURFACE_STYLE_FILL_AREA(#12767);
#12767 = FILL_AREA_STYLE('',(#12768));
#12768 = FILL_AREA_STYLE_COLOUR('',#12543);
#12769 = CURVE_STYLE('',#12770,POSITIVE_LENGTH_MEASURE(0.1),#12543);
#12770 = DRAUGHTING_PRE_DEFINED_CURVE_FONT('continuous');
#12771 = STYLED_ITEM('color',(#12772),#7703);
#12772 = PRESENTATION_STYLE_ASSIGNMENT((#12773,#12778));
#12773 = SURFACE_STYLE_USAGE(.BOTH.,#12774);
#12774 = SURFACE_SIDE_STYLE('',(#12775));
#12775 = SURFACE_STYLE_FILL_AREA(#12776);
#12776 = FILL_AREA_STYLE('',(#12777));
#12777 = FILL_AREA_STYLE_COLOUR('',#12543);
#12778 = CURVE_STYLE('',#12779,POSITIVE_LENGTH_MEASURE(0.1),#12543);
#12779 = DRAUGHTING_PRE_DEFINED_CURVE_FONT('continuous');
#12780 = STYLED_ITEM('color',(#12781),#7734);
#12781 = PRESENTATION_STYLE_ASSIGNMENT((#12782,#12787));
#12782 = SURFACE_STYLE_USAGE(.BOTH.,#12783);
#12783 = SURFACE_SIDE_STYLE('',(#12784));
#12784 = SURFACE_STYLE_FILL_AREA(#12785);
#12785 = FILL_AREA_STYLE('',(#12786));
#12786 = FILL_AREA_STYLE_COLOUR('',#12543);
#12787 = CURVE_STYLE('',#12788,POSITIVE_LENGTH_MEASURE(0.1),#12543);
#12788 = DRAUGHTING_PRE_DEFINED_CURVE_FONT('continuous');
#12789 = STYLED_ITEM('color',(#12790),#7756);
#12790 = PRESENTATION_STYLE_ASSIGNMENT((#12791,#12796));
#12791 = SURFACE_STYLE_USAGE(.BOTH.,#12792);
#12792 = SURFACE_SIDE_STYLE('',(#12793));
#12793 = SURFACE_STYLE_FILL_AREA(#12794);
#12794 = FILL_AREA_STYLE('',(#12795));
#12795 = FILL_AREA_STYLE_COLOUR('',#12543);
#12796 = CURVE_STYLE('',#12797,POSITIVE_LENGTH_MEASURE(0.1),#12543);
#12797 = DRAUGHTING_PRE_DEFINED_CURVE_FONT('continuous');
#12798 = STYLED_ITEM('color',(#12799),#7773);
#12799 = PRESENTATION_STYLE_ASSIGNMENT((#12800,#12805));
#12800 = SURFACE_STYLE_USAGE(.BOTH.,#12801);
#12801 = SURFACE_SIDE_STYLE('',(#12802));
#12802 = SURFACE_STYLE_FILL_AREA(#12803);
#12803 = FILL_AREA_STYLE('',(#12804));
#12804 = FILL_AREA_STYLE_COLOUR('',#12543);
#12805 = CURVE_STYLE('',#12806,POSITIVE_LENGTH_MEASURE(0.1),#12543);
#12806 = DRAUGHTING_PRE_DEFINED_CURVE_FONT('continuous');
#12807 = STYLED_ITEM('color',(#12808),#7785);
#12808 = PRESENTATION_STYLE_ASSIGNMENT((#12809,#12814));
#12809 = SURFACE_STYLE_USAGE(.BOTH.,#12810);
#12810 = SURFACE_SIDE_STYLE('',(#12811));
#12811 = SURFACE_STYLE_FILL_AREA(#12812);
#12812 = FILL_AREA_STYLE('',(#12813));
#12813 = FILL_AREA_STYLE_COLOUR('',#12543);
#12814 = CURVE_STYLE('',#12815,POSITIVE_LENGTH_MEASURE(0.1),#12543);
#12815 = DRAUGHTING_PRE_DEFINED_CURVE_FONT('continuous');
#12816 = STYLED_ITEM('color',(#12817),#7807);
#12817 = PRESENTATION_STYLE_ASSIGNMENT((#12818,#12823));
#12818 = SURFACE_STYLE_USAGE(.BOTH.,#12819);
#12819 = SURFACE_SIDE_STYLE('',(#12820));
#12820 = SURFACE_STYLE_FILL_AREA(#12821);
#12821 = FILL_AREA_STYLE('',(#12822));
#12822 = FILL_AREA_STYLE_COLOUR('',#12543);
#12823 = CURVE_STYLE('',#12824,POSITIVE_LENGTH_MEASURE(0.1),#12543);
#12824 = DRAUGHTING_PRE_DEFINED_CURVE_FONT('continuous');
#12825 = STYLED_ITEM('color',(#12826),#7821);
#12826 = PRESENTATION_STYLE_ASSIGNMENT((#12827,#12832));
#12827 = SURFACE_STYLE_USAGE(.BOTH.,#12828);
#12828 = SURFACE_SIDE_STYLE('',(#12829));
#12829 = SURFACE_STYLE_FILL_AREA(#12830);
#12830 = FILL_AREA_STYLE('',(#12831));
#12831 = FILL_AREA_STYLE_COLOUR('',#12543);
#12832 = CURVE_STYLE('',#12833,POSITIVE_LENGTH_MEASURE(0.1),#12543);
#12833 = DRAUGHTING_PRE_DEFINED_CURVE_FONT('continuous');
#12834 = STYLED_ITEM('color',(#12835),#7861);
#12835 = PRESENTATION_STYLE_ASSIGNMENT((#12836,#12841));
#12836 = SURFACE_STYLE_USAGE(.BOTH.,#12837);
#12837 = SURFACE_SIDE_STYLE('',(#12838));
#12838 = SURFACE_STYLE_FILL_AREA(#12839);
#12839 = FILL_AREA_STYLE('',(#12840));
#12840 = FILL_AREA_STYLE_COLOUR('',#12543);
#12841 = CURVE_STYLE('',#12842,POSITIVE_LENGTH_MEASURE(0.1),#12543);
#12842 = DRAUGHTING_PRE_DEFINED_CURVE_FONT('continuous');
#12843 = STYLED_ITEM('color',(#12844),#7892);
#12844 = PRESENTATION_STYLE_ASSIGNMENT((#12845,#12850));
#12845 = SURFACE_STYLE_USAGE(.BOTH.,#12846);
#12846 = SURFACE_SIDE_STYLE('',(#12847));
#12847 = SURFACE_STYLE_FILL_AREA(#12848);
#12848 = FILL_AREA_STYLE('',(#12849));
#12849 = FILL_AREA_STYLE_COLOUR('',#12543);
#12850 = CURVE_STYLE('',#12851,POSITIVE_LENGTH_MEASURE(0.1),#12543);
#12851 = DRAUGHTING_PRE_DEFINED_CURVE_FONT('continuous');
#12852 = STYLED_ITEM('color',(#12853),#7923);
#12853 = PRESENTATION_STYLE_ASSIGNMENT((#12854,#12859));
#12854 = SURFACE_STYLE_USAGE(.BOTH.,#12855);
#12855 = SURFACE_SIDE_STYLE('',(#12856));
#12856 = SURFACE_STYLE_FILL_AREA(#12857);
#12857 = FILL_AREA_STYLE('',(#12858));
#12858 = FILL_AREA_STYLE_COLOUR('',#12543);
#12859 = CURVE_STYLE('',#12860,POSITIVE_LENGTH_MEASURE(0.1),#12543);
#12860 = DRAUGHTING_PRE_DEFINED_CURVE_FONT('continuous');
#12861 = STYLED_ITEM('color',(#12862),#7945);
#12862 = PRESENTATION_STYLE_ASSIGNMENT((#12863,#12868));
#12863 = SURFACE_STYLE_USAGE(.BOTH.,#12864);
#12864 = SURFACE_SIDE_STYLE('',(#12865));
#12865 = SURFACE_STYLE_FILL_AREA(#12866);
#12866 = FILL_AREA_STYLE('',(#12867));
#12867 = FILL_AREA_STYLE_COLOUR('',#12543);
#12868 = CURVE_STYLE('',#12869,POSITIVE_LENGTH_MEASURE(0.1),#12543);
#12869 = DRAUGHTING_PRE_DEFINED_CURVE_FONT('continuous');
#12870 = STYLED_ITEM('color',(#12871),#7962);
#12871 = PRESENTATION_STYLE_ASSIGNMENT((#12872,#12877));
#12872 = SURFACE_STYLE_USAGE(.BOTH.,#12873);
#12873 = SURFACE_SIDE_STYLE('',(#12874));
#12874 = SURFACE_STYLE_FILL_AREA(#12875);
#12875 = FILL_AREA_STYLE('',(#12876));
#12876 = FILL_AREA_STYLE_COLOUR('',#12543);
#12877 = CURVE_STYLE('',#12878,POSITIVE_LENGTH_MEASURE(0.1),#12543);
#12878 = DRAUGHTING_PRE_DEFINED_CURVE_FONT('continuous');
#12879 = STYLED_ITEM('color',(#12880),#7974);
#12880 = PRESENTATION_STYLE_ASSIGNMENT((#12881,#12886));
#12881 = SURFACE_STYLE_USAGE(.BOTH.,#12882);
#12882 = SURFACE_SIDE_STYLE('',(#12883));
#12883 = SURFACE_STYLE_FILL_AREA(#12884);
#12884 = FILL_AREA_STYLE('',(#12885));
#12885 = FILL_AREA_STYLE_COLOUR('',#12543);
#12886 = CURVE_STYLE('',#12887,POSITIVE_LENGTH_MEASURE(0.1),#12543);
#12887 = DRAUGHTING_PRE_DEFINED_CURVE_FONT('continuous');
#12888 = STYLED_ITEM('color',(#12889),#7996);
#12889 = PRESENTATION_STYLE_ASSIGNMENT((#12890,#12895));
#12890 = SURFACE_STYLE_USAGE(.BOTH.,#12891);
#12891 = SURFACE_SIDE_STYLE('',(#12892));
#12892 = SURFACE_STYLE_FILL_AREA(#12893);
#12893 = FILL_AREA_STYLE('',(#12894));
#12894 = FILL_AREA_STYLE_COLOUR('',#12543);
#12895 = CURVE_STYLE('',#12896,POSITIVE_LENGTH_MEASURE(0.1),#12543);
#12896 = DRAUGHTING_PRE_DEFINED_CURVE_FONT('continuous');
#12897 = STYLED_ITEM('color',(#12898),#8010);
#12898 = PRESENTATION_STYLE_ASSIGNMENT((#12899,#12904));
#12899 = SURFACE_STYLE_USAGE(.BOTH.,#12900);
#12900 = SURFACE_SIDE_STYLE('',(#12901));
#12901 = SURFACE_STYLE_FILL_AREA(#12902);
#12902 = FILL_AREA_STYLE('',(#12903));
#12903 = FILL_AREA_STYLE_COLOUR('',#12543);
#12904 = CURVE_STYLE('',#12905,POSITIVE_LENGTH_MEASURE(0.1),#12543);
#12905 = DRAUGHTING_PRE_DEFINED_CURVE_FONT('continuous');
#12906 = STYLED_ITEM('color',(#12907),#8050);
#12907 = PRESENTATION_STYLE_ASSIGNMENT((#12908,#12913));
#12908 = SURFACE_STYLE_USAGE(.BOTH.,#12909);
#12909 = SURFACE_SIDE_STYLE('',(#12910));
#12910 = SURFACE_STYLE_FILL_AREA(#12911);
#12911 = FILL_AREA_STYLE('',(#12912));
#12912 = FILL_AREA_STYLE_COLOUR('',#12543);
#12913 = CURVE_STYLE('',#12914,POSITIVE_LENGTH_MEASURE(0.1),#12543);
#12914 = DRAUGHTING_PRE_DEFINED_CURVE_FONT('continuous');
#12915 = STYLED_ITEM('color',(#12916),#8081);
#12916 = PRESENTATION_STYLE_ASSIGNMENT((#12917,#12922));
#12917 = SURFACE_STYLE_USAGE(.BOTH.,#12918);
#12918 = SURFACE_SIDE_STYLE('',(#12919));
#12919 = SURFACE_STYLE_FILL_AREA(#12920);
#12920 = FILL_AREA_STYLE('',(#12921));
#12921 = FILL_AREA_STYLE_COLOUR('',#12543);
#12922 = CURVE_STYLE('',#12923,POSITIVE_LENGTH_MEASURE(0.1),#12543);
#12923 = DRAUGHTING_PRE_DEFINED_CURVE_FONT('continuous');
#12924 = STYLED_ITEM('color',(#12925),#8112);
#12925 = PRESENTATION_STYLE_ASSIGNMENT((#12926,#12931));
#12926 = SURFACE_STYLE_USAGE(.BOTH.,#12927);
#12927 = SURFACE_SIDE_STYLE('',(#12928));
#12928 = SURFACE_STYLE_FILL_AREA(#12929);
#12929 = FILL_AREA_STYLE('',(#12930));
#12930 = FILL_AREA_STYLE_COLOUR('',#12543);
#12931 = CURVE_STYLE('',#12932,POSITIVE_LENGTH_MEASURE(0.1),#12543);
#12932 = DRAUGHTING_PRE_DEFINED_CURVE_FONT('continuous');
#12933 = STYLED_ITEM('color',(#12934),#8134);
#12934 = PRESENTATION_STYLE_ASSIGNMENT((#12935,#12940));
#12935 = SURFACE_STYLE_USAGE(.BOTH.,#12936);
#12936 = SURFACE_SIDE_STYLE('',(#12937));
#12937 = SURFACE_STYLE_FILL_AREA(#12938);
#12938 = FILL_AREA_STYLE('',(#12939));
#12939 = FILL_AREA_STYLE_COLOUR('',#12543);
#12940 = CURVE_STYLE('',#12941,POSITIVE_LENGTH_MEASURE(0.1),#12543);
#12941 = DRAUGHTING_PRE_DEFINED_CURVE_FONT('continuous');
#12942 = STYLED_ITEM('color',(#12943),#8151);
#12943 = PRESENTATION_STYLE_ASSIGNMENT((#12944,#12949));
#12944 = SURFACE_STYLE_USAGE(.BOTH.,#12945);
#12945 = SURFACE_SIDE_STYLE('',(#12946));
#12946 = SURFACE_STYLE_FILL_AREA(#12947);
#12947 = FILL_AREA_STYLE('',(#12948));
#12948 = FILL_AREA_STYLE_COLOUR('',#12543);
#12949 = CURVE_STYLE('',#12950,POSITIVE_LENGTH_MEASURE(0.1),#12543);
#12950 = DRAUGHTING_PRE_DEFINED_CURVE_FONT('continuous');
#12951 = STYLED_ITEM('color',(#12952),#8163);
#12952 = PRESENTATION_STYLE_ASSIGNMENT((#12953,#12958));
#12953 = SURFACE_STYLE_USAGE(.BOTH.,#12954);
#12954 = SURFACE_SIDE_STYLE('',(#12955));
#12955 = SURFACE_STYLE_FILL_AREA(#12956);
#12956 = FILL_AREA_STYLE('',(#12957));
#12957 = FILL_AREA_STYLE_COLOUR('',#12543);
#12958 = CURVE_STYLE('',#12959,POSITIVE_LENGTH_MEASURE(0.1),#12543);
#12959 = DRAUGHTING_PRE_DEFINED_CURVE_FONT('continuous');
#12960 = STYLED_ITEM('color',(#12961),#8185);
#12961 = PRESENTATION_STYLE_ASSIGNMENT((#12962,#12967));
#12962 = SURFACE_STYLE_USAGE(.BOTH.,#12963);
#12963 = SURFACE_SIDE_STYLE('',(#12964));
#12964 = SURFACE_STYLE_FILL_AREA(#12965);
#12965 = FILL_AREA_STYLE('',(#12966));
#12966 = FILL_AREA_STYLE_COLOUR('',#12543);
#12967 = CURVE_STYLE('',#12968,POSITIVE_LENGTH_MEASURE(0.1),#12543);
#12968 = DRAUGHTING_PRE_DEFINED_CURVE_FONT('continuous');
#12969 = STYLED_ITEM('color',(#12970),#8199);
#12970 = PRESENTATION_STYLE_ASSIGNMENT((#12971,#12976));
#12971 = SURFACE_STYLE_USAGE(.BOTH.,#12972);
#12972 = SURFACE_SIDE_STYLE('',(#12973));
#12973 = SURFACE_STYLE_FILL_AREA(#12974);
#12974 = FILL_AREA_STYLE('',(#12975));
#12975 = FILL_AREA_STYLE_COLOUR('',#12543);
#12976 = CURVE_STYLE('',#12977,POSITIVE_LENGTH_MEASURE(0.1),#12543);
#12977 = DRAUGHTING_PRE_DEFINED_CURVE_FONT('continuous');
#12978 = STYLED_ITEM('color',(#12979),#8239);
#12979 = PRESENTATION_STYLE_ASSIGNMENT((#12980,#12985));
#12980 = SURFACE_STYLE_USAGE(.BOTH.,#12981);
#12981 = SURFACE_SIDE_STYLE('',(#12982));
#12982 = SURFACE_STYLE_FILL_AREA(#12983);
#12983 = FILL_AREA_STYLE('',(#12984));
#12984 = FILL_AREA_STYLE_COLOUR('',#12543);
#12985 = CURVE_STYLE('',#12986,POSITIVE_LENGTH_MEASURE(0.1),#12543);
#12986 = DRAUGHTING_PRE_DEFINED_CURVE_FONT('continuous');
#12987 = STYLED_ITEM('color',(#12988),#8270);
#12988 = PRESENTATION_STYLE_ASSIGNMENT((#12989,#12994));
#12989 = SURFACE_STYLE_USAGE(.BOTH.,#12990);
#12990 = SURFACE_SIDE_STYLE('',(#12991));
#12991 = SURFACE_STYLE_FILL_AREA(#12992);
#12992 = FILL_AREA_STYLE('',(#12993));
#12993 = FILL_AREA_STYLE_COLOUR('',#12543);
#12994 = CURVE_STYLE('',#12995,POSITIVE_LENGTH_MEASURE(0.1),#12543);
#12995 = DRAUGHTING_PRE_DEFINED_CURVE_FONT('continuous');
#12996 = STYLED_ITEM('color',(#12997),#8301);
#12997 = PRESENTATION_STYLE_ASSIGNMENT((#12998,#13003));
#12998 = SURFACE_STYLE_USAGE(.BOTH.,#12999);
#12999 = SURFACE_SIDE_STYLE('',(#13000));
#13000 = SURFACE_STYLE_FILL_AREA(#13001);
#13001 = FILL_AREA_STYLE('',(#13002));
#13002 = FILL_AREA_STYLE_COLOUR('',#12543);
#13003 = CURVE_STYLE('',#13004,POSITIVE_LENGTH_MEASURE(0.1),#12543);
#13004 = DRAUGHTING_PRE_DEFINED_CURVE_FONT('continuous');
#13005 = STYLED_ITEM('color',(#13006),#8323);
#13006 = PRESENTATION_STYLE_ASSIGNMENT((#13007,#13012));
#13007 = SURFACE_STYLE_USAGE(.BOTH.,#13008);
#13008 = SURFACE_SIDE_STYLE('',(#13009));
#13009 = SURFACE_STYLE_FILL_AREA(#13010);
#13010 = FILL_AREA_STYLE('',(#13011));
#13011 = FILL_AREA_STYLE_COLOUR('',#12543);
#13012 = CURVE_STYLE('',#13013,POSITIVE_LENGTH_MEASURE(0.1),#12543);
#13013 = DRAUGHTING_PRE_DEFINED_CURVE_FONT('continuous');
#13014 = STYLED_ITEM('color',(#13015),#8340);
#13015 = PRESENTATION_STYLE_ASSIGNMENT((#13016,#13021));
#13016 = SURFACE_STYLE_USAGE(.BOTH.,#13017);
#13017 = SURFACE_SIDE_STYLE('',(#13018));
#13018 = SURFACE_STYLE_FILL_AREA(#13019);
#13019 = FILL_AREA_STYLE('',(#13020));
#13020 = FILL_AREA_STYLE_COLOUR('',#12543);
#13021 = CURVE_STYLE('',#13022,POSITIVE_LENGTH_MEASURE(0.1),#12543);
#13022 = DRAUGHTING_PRE_DEFINED_CURVE_FONT('continuous');
#13023 = STYLED_ITEM('color',(#13024),#8352);
#13024 = PRESENTATION_STYLE_ASSIGNMENT((#13025,#13030));
#13025 = SURFACE_STYLE_USAGE(.BOTH.,#13026);
#13026 = SURFACE_SIDE_STYLE('',(#13027));
#13027 = SURFACE_STYLE_FILL_AREA(#13028);
#13028 = FILL_AREA_STYLE('',(#13029));
#13029 = FILL_AREA_STYLE_COLOUR('',#12543);
#13030 = CURVE_STYLE('',#13031,POSITIVE_LENGTH_MEASURE(0.1),#12543);
#13031 = DRAUGHTING_PRE_DEFINED_CURVE_FONT('continuous');
#13032 = STYLED_ITEM('color',(#13033),#8374);
#13033 = PRESENTATION_STYLE_ASSIGNMENT((#13034,#13039));
#13034 = SURFACE_STYLE_USAGE(.BOTH.,#13035);
#13035 = SURFACE_SIDE_STYLE('',(#13036));
#13036 = SURFACE_STYLE_FILL_AREA(#13037);
#13037 = FILL_AREA_STYLE('',(#13038));
#13038 = FILL_AREA_STYLE_COLOUR('',#12543);
#13039 = CURVE_STYLE('',#13040,POSITIVE_LENGTH_MEASURE(0.1),#12543);
#13040 = DRAUGHTING_PRE_DEFINED_CURVE_FONT('continuous');
#13041 = STYLED_ITEM('color',(#13042),#8388);
#13042 = PRESENTATION_STYLE_ASSIGNMENT((#13043,#13048));
#13043 = SURFACE_STYLE_USAGE(.BOTH.,#13044);
#13044 = SURFACE_SIDE_STYLE('',(#13045));
#13045 = SURFACE_STYLE_FILL_AREA(#13046);
#13046 = FILL_AREA_STYLE('',(#13047));
#13047 = FILL_AREA_STYLE_COLOUR('',#12543);
#13048 = CURVE_STYLE('',#13049,POSITIVE_LENGTH_MEASURE(0.1),#12543);
#13049 = DRAUGHTING_PRE_DEFINED_CURVE_FONT('continuous');
#13050 = STYLED_ITEM('color',(#13051),#8428);
#13051 = PRESENTATION_STYLE_ASSIGNMENT((#13052,#13057));
#13052 = SURFACE_STYLE_USAGE(.BOTH.,#13053);
#13053 = SURFACE_SIDE_STYLE('',(#13054));
#13054 = SURFACE_STYLE_FILL_AREA(#13055);
#13055 = FILL_AREA_STYLE('',(#13056));
#13056 = FILL_AREA_STYLE_COLOUR('',#12543);
#13057 = CURVE_STYLE('',#13058,POSITIVE_LENGTH_MEASURE(0.1),#12543);
#13058 = DRAUGHTING_PRE_DEFINED_CURVE_FONT('continuous');
#13059 = STYLED_ITEM('color',(#13060),#8459);
#13060 = PRESENTATION_STYLE_ASSIGNMENT((#13061,#13066));
#13061 = SURFACE_STYLE_USAGE(.BOTH.,#13062);
#13062 = SURFACE_SIDE_STYLE('',(#13063));
#13063 = SURFACE_STYLE_FILL_AREA(#13064);
#13064 = FILL_AREA_STYLE('',(#13065));
#13065 = FILL_AREA_STYLE_COLOUR('',#12543);
#13066 = CURVE_STYLE('',#13067,POSITIVE_LENGTH_MEASURE(0.1),#12543);
#13067 = DRAUGHTING_PRE_DEFINED_CURVE_FONT('continuous');
#13068 = STYLED_ITEM('color',(#13069),#8490);
#13069 = PRESENTATION_STYLE_ASSIGNMENT((#13070,#13075));
#13070 = SURFACE_STYLE_USAGE(.BOTH.,#13071);
#13071 = SURFACE_SIDE_STYLE('',(#13072));
#13072 = SURFACE_STYLE_FILL_AREA(#13073);
#13073 = FILL_AREA_STYLE('',(#13074));
#13074 = FILL_AREA_STYLE_COLOUR('',#12543);
#13075 = CURVE_STYLE('',#13076,POSITIVE_LENGTH_MEASURE(0.1),#12543);
#13076 = DRAUGHTING_PRE_DEFINED_CURVE_FONT('continuous');
#13077 = STYLED_ITEM('color',(#13078),#8512);
#13078 = PRESENTATION_STYLE_ASSIGNMENT((#13079,#13084));
#13079 = SURFACE_STYLE_USAGE(.BOTH.,#13080);
#13080 = SURFACE_SIDE_STYLE('',(#13081));
#13081 = SURFACE_STYLE_FILL_AREA(#13082);
#13082 = FILL_AREA_STYLE('',(#13083));
#13083 = FILL_AREA_STYLE_COLOUR('',#12543);
#13084 = CURVE_STYLE('',#13085,POSITIVE_LENGTH_MEASURE(0.1),#12543);
#13085 = DRAUGHTING_PRE_DEFINED_CURVE_FONT('continuous');
#13086 = STYLED_ITEM('color',(#13087),#8529);
#13087 = PRESENTATION_STYLE_ASSIGNMENT((#13088,#13093));
#13088 = SURFACE_STYLE_USAGE(.BOTH.,#13089);
#13089 = SURFACE_SIDE_STYLE('',(#13090));
#13090 = SURFACE_STYLE_FILL_AREA(#13091);
#13091 = FILL_AREA_STYLE('',(#13092));
#13092 = FILL_AREA_STYLE_COLOUR('',#12543);
#13093 = CURVE_STYLE('',#13094,POSITIVE_LENGTH_MEASURE(0.1),#12543);
#13094 = DRAUGHTING_PRE_DEFINED_CURVE_FONT('continuous');
#13095 = STYLED_ITEM('color',(#13096),#8541);
#13096 = PRESENTATION_STYLE_ASSIGNMENT((#13097,#13102));
#13097 = SURFACE_STYLE_USAGE(.BOTH.,#13098);
#13098 = SURFACE_SIDE_STYLE('',(#13099));
#13099 = SURFACE_STYLE_FILL_AREA(#13100);
#13100 = FILL_AREA_STYLE('',(#13101));
#13101 = FILL_AREA_STYLE_COLOUR('',#12543);
#13102 = CURVE_STYLE('',#13103,POSITIVE_LENGTH_MEASURE(0.1),#12543);
#13103 = DRAUGHTING_PRE_DEFINED_CURVE_FONT('continuous');
#13104 = STYLED_ITEM('color',(#13105),#8563);
#13105 = PRESENTATION_STYLE_ASSIGNMENT((#13106,#13111));
#13106 = SURFACE_STYLE_USAGE(.BOTH.,#13107);
#13107 = SURFACE_SIDE_STYLE('',(#13108));
#13108 = SURFACE_STYLE_FILL_AREA(#13109);
#13109 = FILL_AREA_STYLE('',(#13110));
#13110 = FILL_AREA_STYLE_COLOUR('',#12543);
#13111 = CURVE_STYLE('',#13112,POSITIVE_LENGTH_MEASURE(0.1),#12543);
#13112 = DRAUGHTING_PRE_DEFINED_CURVE_FONT('continuous');
#13113 = MECHANICAL_DESIGN_GEOMETRIC_PRESENTATION_REPRESENTATION('',(
    #13114,#13122,#13130,#13137,#13144,#13151,#13159,#13166,#13173,
    #13180,#13187,#13194,#13201),#6121);
#13114 = STYLED_ITEM('color',(#13115),#699);
#13115 = PRESENTATION_STYLE_ASSIGNMENT((#13116));
#13116 = SURFACE_STYLE_USAGE(.BOTH.,#13117);
#13117 = SURFACE_SIDE_STYLE('',(#13118));
#13118 = SURFACE_STYLE_FILL_AREA(#13119);
#13119 = FILL_AREA_STYLE('',(#13120));
#13120 = FILL_AREA_STYLE_COLOUR('',#13121);
#13121 = COLOUR_RGB('',0.E+000,0.290196090937,0.E+000);
#13122 = STYLED_ITEM('color',(#13123),#2378);
#13123 = PRESENTATION_STYLE_ASSIGNMENT((#13124));
#13124 = SURFACE_STYLE_USAGE(.BOTH.,#13125);
#13125 = SURFACE_SIDE_STYLE('',(#13126));
#13126 = SURFACE_STYLE_FILL_AREA(#13127);
#13127 = FILL_AREA_STYLE('',(#13128));
#13128 = FILL_AREA_STYLE_COLOUR('',#13129);
#13129 = COLOUR_RGB('',0.96862745285,0.878431379795,0.600000023842);
#13130 = STYLED_ITEM('color',(#13131),#2528);
#13131 = PRESENTATION_STYLE_ASSIGNMENT((#13132));
#13132 = SURFACE_STYLE_USAGE(.BOTH.,#13133);
#13133 = SURFACE_SIDE_STYLE('',(#13134));
#13134 = SURFACE_STYLE_FILL_AREA(#13135);
#13135 = FILL_AREA_STYLE('',(#13136));
#13136 = FILL_AREA_STYLE_COLOUR('',#13129);
#13137 = STYLED_ITEM('color',(#13138),#2678);
#13138 = PRESENTATION_STYLE_ASSIGNMENT((#13139));
#13139 = SURFACE_STYLE_USAGE(.BOTH.,#13140);
#13140 = SURFACE_SIDE_STYLE('',(#13141));
#13141 = SURFACE_STYLE_FILL_AREA(#13142);
#13142 = FILL_AREA_STYLE('',(#13143));
#13143 = FILL_AREA_STYLE_COLOUR('',#13129);
#13144 = STYLED_ITEM('color',(#13145),#2828);
#13145 = PRESENTATION_STYLE_ASSIGNMENT((#13146));
#13146 = SURFACE_STYLE_USAGE(.BOTH.,#13147);
#13147 = SURFACE_SIDE_STYLE('',(#13148));
#13148 = SURFACE_STYLE_FILL_AREA(#13149);
#13149 = FILL_AREA_STYLE('',(#13150));
#13150 = FILL_AREA_STYLE_COLOUR('',#13129);
#13151 = STYLED_ITEM('color',(#13152),#2978);
#13152 = PRESENTATION_STYLE_ASSIGNMENT((#13153));
#13153 = SURFACE_STYLE_USAGE(.BOTH.,#13154);
#13154 = SURFACE_SIDE_STYLE('',(#13155));
#13155 = SURFACE_STYLE_FILL_AREA(#13156);
#13156 = FILL_AREA_STYLE('',(#13157));
#13157 = FILL_AREA_STYLE_COLOUR('',#13158);
#13158 = COLOUR_RGB('',0.792156875134,0.819607853889,0.933333337307);
#13159 = STYLED_ITEM('color',(#13160),#5104);
#13160 = PRESENTATION_STYLE_ASSIGNMENT((#13161));
#13161 = SURFACE_STYLE_USAGE(.BOTH.,#13162);
#13162 = SURFACE_SIDE_STYLE('',(#13163));
#13163 = SURFACE_STYLE_FILL_AREA(#13164);
#13164 = FILL_AREA_STYLE('',(#13165));
#13165 = FILL_AREA_STYLE_COLOUR('',#13129);
#13166 = STYLED_ITEM('color',(#13167),#5254);
#13167 = PRESENTATION_STYLE_ASSIGNMENT((#13168));
#13168 = SURFACE_STYLE_USAGE(.BOTH.,#13169);
#13169 = SURFACE_SIDE_STYLE('',(#13170));
#13170 = SURFACE_STYLE_FILL_AREA(#13171);
#13171 = FILL_AREA_STYLE('',(#13172));
#13172 = FILL_AREA_STYLE_COLOUR('',#13129);
#13173 = STYLED_ITEM('color',(#13174),#5404);
#13174 = PRESENTATION_STYLE_ASSIGNMENT((#13175));
#13175 = SURFACE_STYLE_USAGE(.BOTH.,#13176);
#13176 = SURFACE_SIDE_STYLE('',(#13177));
#13177 = SURFACE_STYLE_FILL_AREA(#13178);
#13178 = FILL_AREA_STYLE('',(#13179));
#13179 = FILL_AREA_STYLE_COLOUR('',#13129);
#13180 = STYLED_ITEM('color',(#13181),#5554);
#13181 = PRESENTATION_STYLE_ASSIGNMENT((#13182));
#13182 = SURFACE_STYLE_USAGE(.BOTH.,#13183);
#13183 = SURFACE_SIDE_STYLE('',(#13184));
#13184 = SURFACE_STYLE_FILL_AREA(#13185);
#13185 = FILL_AREA_STYLE('',(#13186));
#13186 = FILL_AREA_STYLE_COLOUR('',#13129);
#13187 = STYLED_ITEM('color',(#13188),#5704);
#13188 = PRESENTATION_STYLE_ASSIGNMENT((#13189));
#13189 = SURFACE_STYLE_USAGE(.BOTH.,#13190);
#13190 = SURFACE_SIDE_STYLE('',(#13191));
#13191 = SURFACE_STYLE_FILL_AREA(#13192);
#13192 = FILL_AREA_STYLE('',(#13193));
#13193 = FILL_AREA_STYLE_COLOUR('',#13129);
#13194 = STYLED_ITEM('color',(#13195),#5854);
#13195 = PRESENTATION_STYLE_ASSIGNMENT((#13196));
#13196 = SURFACE_STYLE_USAGE(.BOTH.,#13197);
#13197 = SURFACE_SIDE_STYLE('',(#13198));
#13198 = SURFACE_STYLE_FILL_AREA(#13199);
#13199 = FILL_AREA_STYLE('',(#13200));
#13200 = FILL_AREA_STYLE_COLOUR('',#13129);
#13201 = STYLED_ITEM('color',(#13202),#6004);
#13202 = PRESENTATION_STYLE_ASSIGNMENT((#13203));
#13203 = SURFACE_STYLE_USAGE(.BOTH.,#13204);
#13204 = SURFACE_SIDE_STYLE('',(#13205));
#13205 = SURFACE_STYLE_FILL_AREA(#13206);
#13206 = FILL_AREA_STYLE('',(#13207));
#13207 = FILL_AREA_STYLE_COLOUR('',#13129);
#13208 = MECHANICAL_DESIGN_GEOMETRIC_PRESENTATION_REPRESENTATION('',(
    #13209,#13216,#13224,#13231,#13238,#13245,#13252,#13259,#13266,
    #13273,#13280,#13287,#13294,#13301,#13309,#13316,#13323,#13330,
    #13337,#13344,#13351,#13358,#13365,#13372,#13379,#13386,#13393,
    #13400,#13407,#13414,#13421,#13428,#13435,#13442,#13449,#13456,
    #13463,#13470,#13477,#13484,#13491,#13498,#13505,#13512,#13519,
    #13526,#13533,#13540,#13547,#13554,#13561,#13568,#13575,#13582,
    #13589,#13596,#13603,#13610,#13617,#13624,#13631,#13638,#13645,
    #13652,#13659,#13666,#13673,#13680,#13687,#13694,#13701,#13708),
  #12234);
#13209 = STYLED_ITEM('color',(#13210),#8673);
#13210 = PRESENTATION_STYLE_ASSIGNMENT((#13211));
#13211 = SURFACE_STYLE_USAGE(.BOTH.,#13212);
#13212 = SURFACE_SIDE_STYLE('',(#13213));
#13213 = SURFACE_STYLE_FILL_AREA(#13214);
#13214 = FILL_AREA_STYLE('',(#13215));
#13215 = FILL_AREA_STYLE_COLOUR('',#13158);
#13216 = OVER_RIDING_STYLED_ITEM('overriding color',(#13217),#8675,
  #13209);
#13217 = PRESENTATION_STYLE_ASSIGNMENT((#13218));
#13218 = SURFACE_STYLE_USAGE(.BOTH.,#13219);
#13219 = SURFACE_SIDE_STYLE('',(#13220));
#13220 = SURFACE_STYLE_FILL_AREA(#13221);
#13221 = FILL_AREA_STYLE('',(#13222));
#13222 = FILL_AREA_STYLE_COLOUR('',#13223);
#13223 = COLOUR_RGB('',0.768627464771,0.768627464771,0.768627464771);
#13224 = OVER_RIDING_STYLED_ITEM('overriding color',(#13225),#8733,
  #13209);
#13225 = PRESENTATION_STYLE_ASSIGNMENT((#13226));
#13226 = SURFACE_STYLE_USAGE(.BOTH.,#13227);
#13227 = SURFACE_SIDE_STYLE('',(#13228));
#13228 = SURFACE_STYLE_FILL_AREA(#13229);
#13229 = FILL_AREA_STYLE('',(#13230));
#13230 = FILL_AREA_STYLE_COLOUR('',#13223);
#13231 = OVER_RIDING_STYLED_ITEM('overriding color',(#13232),#8764,
  #13209);
#13232 = PRESENTATION_STYLE_ASSIGNMENT((#13233));
#13233 = SURFACE_STYLE_USAGE(.BOTH.,#13234);
#13234 = SURFACE_SIDE_STYLE('',(#13235));
#13235 = SURFACE_STYLE_FILL_AREA(#13236);
#13236 = FILL_AREA_STYLE('',(#13237));
#13237 = FILL_AREA_STYLE_COLOUR('',#13223);
#13238 = OVER_RIDING_STYLED_ITEM('overriding color',(#13239),#8804,
  #13209);
#13239 = PRESENTATION_STYLE_ASSIGNMENT((#13240));
#13240 = SURFACE_STYLE_USAGE(.BOTH.,#13241);
#13241 = SURFACE_SIDE_STYLE('',(#13242));
#13242 = SURFACE_STYLE_FILL_AREA(#13243);
#13243 = FILL_AREA_STYLE('',(#13244));
#13244 = FILL_AREA_STYLE_COLOUR('',#13223);
#13245 = OVER_RIDING_STYLED_ITEM('overriding color',(#13246),#8842,
  #13209);
#13246 = PRESENTATION_STYLE_ASSIGNMENT((#13247));
#13247 = SURFACE_STYLE_USAGE(.BOTH.,#13248);
#13248 = SURFACE_SIDE_STYLE('',(#13249));
#13249 = SURFACE_STYLE_FILL_AREA(#13250);
#13250 = FILL_AREA_STYLE('',(#13251));
#13251 = FILL_AREA_STYLE_COLOUR('',#13223);
#13252 = OVER_RIDING_STYLED_ITEM('overriding color',(#13253),#8898,
  #13209);
#13253 = PRESENTATION_STYLE_ASSIGNMENT((#13254));
#13254 = SURFACE_STYLE_USAGE(.BOTH.,#13255);
#13255 = SURFACE_SIDE_STYLE('',(#13256));
#13256 = SURFACE_STYLE_FILL_AREA(#13257);
#13257 = FILL_AREA_STYLE('',(#13258));
#13258 = FILL_AREA_STYLE_COLOUR('',#13223);
#13259 = OVER_RIDING_STYLED_ITEM('overriding color',(#13260),#8929,
  #13209);
#13260 = PRESENTATION_STYLE_ASSIGNMENT((#13261));
#13261 = SURFACE_STYLE_USAGE(.BOTH.,#13262);
#13262 = SURFACE_SIDE_STYLE('',(#13263));
#13263 = SURFACE_STYLE_FILL_AREA(#13264);
#13264 = FILL_AREA_STYLE('',(#13265));
#13265 = FILL_AREA_STYLE_COLOUR('',#13223);
#13266 = OVER_RIDING_STYLED_ITEM('overriding color',(#13267),#8959,
  #13209);
#13267 = PRESENTATION_STYLE_ASSIGNMENT((#13268));
#13268 = SURFACE_STYLE_USAGE(.BOTH.,#13269);
#13269 = SURFACE_SIDE_STYLE('',(#13270));
#13270 = SURFACE_STYLE_FILL_AREA(#13271);
#13271 = FILL_AREA_STYLE('',(#13272));
#13272 = FILL_AREA_STYLE_COLOUR('',#13223);
#13273 = OVER_RIDING_STYLED_ITEM('overriding color',(#13274),#8989,
  #13209);
#13274 = PRESENTATION_STYLE_ASSIGNMENT((#13275));
#13275 = SURFACE_STYLE_USAGE(.BOTH.,#13276);
#13276 = SURFACE_SIDE_STYLE('',(#13277));
#13277 = SURFACE_STYLE_FILL_AREA(#13278);
#13278 = FILL_AREA_STYLE('',(#13279));
#13279 = FILL_AREA_STYLE_COLOUR('',#13223);
#13280 = OVER_RIDING_STYLED_ITEM('overriding color',(#13281),#9047,
  #13209);
#13281 = PRESENTATION_STYLE_ASSIGNMENT((#13282));
#13282 = SURFACE_STYLE_USAGE(.BOTH.,#13283);
#13283 = SURFACE_SIDE_STYLE('',(#13284));
#13284 = SURFACE_STYLE_FILL_AREA(#13285);
#13285 = FILL_AREA_STYLE('',(#13286));
#13286 = FILL_AREA_STYLE_COLOUR('',#13223);
#13287 = OVER_RIDING_STYLED_ITEM('overriding color',(#13288),#9078,
  #13209);
#13288 = PRESENTATION_STYLE_ASSIGNMENT((#13289));
#13289 = SURFACE_STYLE_USAGE(.BOTH.,#13290);
#13290 = SURFACE_SIDE_STYLE('',(#13291));
#13291 = SURFACE_STYLE_FILL_AREA(#13292);
#13292 = FILL_AREA_STYLE('',(#13293));
#13293 = FILL_AREA_STYLE_COLOUR('',#13223);
#13294 = OVER_RIDING_STYLED_ITEM('overriding color',(#13295),#9109,
  #13209);
#13295 = PRESENTATION_STYLE_ASSIGNMENT((#13296));
#13296 = SURFACE_STYLE_USAGE(.BOTH.,#13297);
#13297 = SURFACE_SIDE_STYLE('',(#13298));
#13298 = SURFACE_STYLE_FILL_AREA(#13299);
#13299 = FILL_AREA_STYLE('',(#13300));
#13300 = FILL_AREA_STYLE_COLOUR('',#13223);
#13301 = OVER_RIDING_STYLED_ITEM('overriding color',(#13302),#9140,
  #13209);
#13302 = PRESENTATION_STYLE_ASSIGNMENT((#13303));
#13303 = SURFACE_STYLE_USAGE(.BOTH.,#13304);
#13304 = SURFACE_SIDE_STYLE('',(#13305));
#13305 = SURFACE_STYLE_FILL_AREA(#13306);
#13306 = FILL_AREA_STYLE('',(#13307));
#13307 = FILL_AREA_STYLE_COLOUR('',#13308);
#13308 = COLOUR_RGB('',0.647058844566,0.517647087574,0.E+000);
#13309 = OVER_RIDING_STYLED_ITEM('overriding color',(#13310),#9171,
  #13209);
#13310 = PRESENTATION_STYLE_ASSIGNMENT((#13311));
#13311 = SURFACE_STYLE_USAGE(.BOTH.,#13312);
#13312 = SURFACE_SIDE_STYLE('',(#13313));
#13313 = SURFACE_STYLE_FILL_AREA(#13314);
#13314 = FILL_AREA_STYLE('',(#13315));
#13315 = FILL_AREA_STYLE_COLOUR('',#13308);
#13316 = OVER_RIDING_STYLED_ITEM('overriding color',(#13317),#9207,
  #13209);
#13317 = PRESENTATION_STYLE_ASSIGNMENT((#13318));
#13318 = SURFACE_STYLE_USAGE(.BOTH.,#13319);
#13319 = SURFACE_SIDE_STYLE('',(#13320));
#13320 = SURFACE_STYLE_FILL_AREA(#13321);
#13321 = FILL_AREA_STYLE('',(#13322));
#13322 = FILL_AREA_STYLE_COLOUR('',#13223);
#13323 = OVER_RIDING_STYLED_ITEM('overriding color',(#13324),#9247,
  #13209);
#13324 = PRESENTATION_STYLE_ASSIGNMENT((#13325));
#13325 = SURFACE_STYLE_USAGE(.BOTH.,#13326);
#13326 = SURFACE_SIDE_STYLE('',(#13327));
#13327 = SURFACE_STYLE_FILL_AREA(#13328);
#13328 = FILL_AREA_STYLE('',(#13329));
#13329 = FILL_AREA_STYLE_COLOUR('',#13223);
#13330 = OVER_RIDING_STYLED_ITEM('overriding color',(#13331),#9287,
  #13209);
#13331 = PRESENTATION_STYLE_ASSIGNMENT((#13332));
#13332 = SURFACE_STYLE_USAGE(.BOTH.,#13333);
#13333 = SURFACE_SIDE_STYLE('',(#13334));
#13334 = SURFACE_STYLE_FILL_AREA(#13335);
#13335 = FILL_AREA_STYLE('',(#13336));
#13336 = FILL_AREA_STYLE_COLOUR('',#13308);
#13337 = OVER_RIDING_STYLED_ITEM('overriding color',(#13338),#9323,
  #13209);
#13338 = PRESENTATION_STYLE_ASSIGNMENT((#13339));
#13339 = SURFACE_STYLE_USAGE(.BOTH.,#13340);
#13340 = SURFACE_SIDE_STYLE('',(#13341));
#13341 = SURFACE_STYLE_FILL_AREA(#13342);
#13342 = FILL_AREA_STYLE('',(#13343));
#13343 = FILL_AREA_STYLE_COLOUR('',#13223);
#13344 = OVER_RIDING_STYLED_ITEM('overriding color',(#13345),#9354,
  #13209);
#13345 = PRESENTATION_STYLE_ASSIGNMENT((#13346));
#13346 = SURFACE_STYLE_USAGE(.BOTH.,#13347);
#13347 = SURFACE_SIDE_STYLE('',(#13348));
#13348 = SURFACE_STYLE_FILL_AREA(#13349);
#13349 = FILL_AREA_STYLE('',(#13350));
#13350 = FILL_AREA_STYLE_COLOUR('',#13223);
#13351 = OVER_RIDING_STYLED_ITEM('overriding color',(#13352),#9394,
  #13209);
#13352 = PRESENTATION_STYLE_ASSIGNMENT((#13353));
#13353 = SURFACE_STYLE_USAGE(.BOTH.,#13354);
#13354 = SURFACE_SIDE_STYLE('',(#13355));
#13355 = SURFACE_STYLE_FILL_AREA(#13356);
#13356 = FILL_AREA_STYLE('',(#13357));
#13357 = FILL_AREA_STYLE_COLOUR('',#13223);
#13358 = OVER_RIDING_STYLED_ITEM('overriding color',(#13359),#9434,
  #13209);
#13359 = PRESENTATION_STYLE_ASSIGNMENT((#13360));
#13360 = SURFACE_STYLE_USAGE(.BOTH.,#13361);
#13361 = SURFACE_SIDE_STYLE('',(#13362));
#13362 = SURFACE_STYLE_FILL_AREA(#13363);
#13363 = FILL_AREA_STYLE('',(#13364));
#13364 = FILL_AREA_STYLE_COLOUR('',#13223);
#13365 = OVER_RIDING_STYLED_ITEM('overriding color',(#13366),#9474,
  #13209);
#13366 = PRESENTATION_STYLE_ASSIGNMENT((#13367));
#13367 = SURFACE_STYLE_USAGE(.BOTH.,#13368);
#13368 = SURFACE_SIDE_STYLE('',(#13369));
#13369 = SURFACE_STYLE_FILL_AREA(#13370);
#13370 = FILL_AREA_STYLE('',(#13371));
#13371 = FILL_AREA_STYLE_COLOUR('',#13223);
#13372 = OVER_RIDING_STYLED_ITEM('overriding color',(#13373),#9514,
  #13209);
#13373 = PRESENTATION_STYLE_ASSIGNMENT((#13374));
#13374 = SURFACE_STYLE_USAGE(.BOTH.,#13375);
#13375 = SURFACE_SIDE_STYLE('',(#13376));
#13376 = SURFACE_STYLE_FILL_AREA(#13377);
#13377 = FILL_AREA_STYLE('',(#13378));
#13378 = FILL_AREA_STYLE_COLOUR('',#13223);
#13379 = OVER_RIDING_STYLED_ITEM('overriding color',(#13380),#9554,
  #13209);
#13380 = PRESENTATION_STYLE_ASSIGNMENT((#13381));
#13381 = SURFACE_STYLE_USAGE(.BOTH.,#13382);
#13382 = SURFACE_SIDE_STYLE('',(#13383));
#13383 = SURFACE_STYLE_FILL_AREA(#13384);
#13384 = FILL_AREA_STYLE('',(#13385));
#13385 = FILL_AREA_STYLE_COLOUR('',#13308);
#13386 = OVER_RIDING_STYLED_ITEM('overriding color',(#13387),#9576,
  #13209);
#13387 = PRESENTATION_STYLE_ASSIGNMENT((#13388));
#13388 = SURFACE_STYLE_USAGE(.BOTH.,#13389);
#13389 = SURFACE_SIDE_STYLE('',(#13390));
#13390 = SURFACE_STYLE_FILL_AREA(#13391);
#13391 = FILL_AREA_STYLE('',(#13392));
#13392 = FILL_AREA_STYLE_COLOUR('',#13223);
#13393 = OVER_RIDING_STYLED_ITEM('overriding color',(#13394),#9600,
  #13209);
#13394 = PRESENTATION_STYLE_ASSIGNMENT((#13395));
#13395 = SURFACE_STYLE_USAGE(.BOTH.,#13396);
#13396 = SURFACE_SIDE_STYLE('',(#13397));
#13397 = SURFACE_STYLE_FILL_AREA(#13398);
#13398 = FILL_AREA_STYLE('',(#13399));
#13399 = FILL_AREA_STYLE_COLOUR('',#13223);
#13400 = OVER_RIDING_STYLED_ITEM('overriding color',(#13401),#9623,
  #13209);
#13401 = PRESENTATION_STYLE_ASSIGNMENT((#13402));
#13402 = SURFACE_STYLE_USAGE(.BOTH.,#13403);
#13403 = SURFACE_SIDE_STYLE('',(#13404));
#13404 = SURFACE_STYLE_FILL_AREA(#13405);
#13405 = FILL_AREA_STYLE('',(#13406));
#13406 = FILL_AREA_STYLE_COLOUR('',#13223);
#13407 = OVER_RIDING_STYLED_ITEM('overriding color',(#13408),#9646,
  #13209);
#13408 = PRESENTATION_STYLE_ASSIGNMENT((#13409));
#13409 = SURFACE_STYLE_USAGE(.BOTH.,#13410);
#13410 = SURFACE_SIDE_STYLE('',(#13411));
#13411 = SURFACE_STYLE_FILL_AREA(#13412);
#13412 = FILL_AREA_STYLE('',(#13413));
#13413 = FILL_AREA_STYLE_COLOUR('',#13223);
#13414 = OVER_RIDING_STYLED_ITEM('overriding color',(#13415),#9664,
  #13209);
#13415 = PRESENTATION_STYLE_ASSIGNMENT((#13416));
#13416 = SURFACE_STYLE_USAGE(.BOTH.,#13417);
#13417 = SURFACE_SIDE_STYLE('',(#13418));
#13418 = SURFACE_STYLE_FILL_AREA(#13419);
#13419 = FILL_AREA_STYLE('',(#13420));
#13420 = FILL_AREA_STYLE_COLOUR('',#13223);
#13421 = OVER_RIDING_STYLED_ITEM('overriding color',(#13422),#9682,
  #13209);
#13422 = PRESENTATION_STYLE_ASSIGNMENT((#13423));
#13423 = SURFACE_STYLE_USAGE(.BOTH.,#13424);
#13424 = SURFACE_SIDE_STYLE('',(#13425));
#13425 = SURFACE_STYLE_FILL_AREA(#13426);
#13426 = FILL_AREA_STYLE('',(#13427));
#13427 = FILL_AREA_STYLE_COLOUR('',#13223);
#13428 = OVER_RIDING_STYLED_ITEM('overriding color',(#13429),#9706,
  #13209);
#13429 = PRESENTATION_STYLE_ASSIGNMENT((#13430));
#13430 = SURFACE_STYLE_USAGE(.BOTH.,#13431);
#13431 = SURFACE_SIDE_STYLE('',(#13432));
#13432 = SURFACE_STYLE_FILL_AREA(#13433);
#13433 = FILL_AREA_STYLE('',(#13434));
#13434 = FILL_AREA_STYLE_COLOUR('',#13223);
#13435 = OVER_RIDING_STYLED_ITEM('overriding color',(#13436),#9724,
  #13209);
#13436 = PRESENTATION_STYLE_ASSIGNMENT((#13437));
#13437 = SURFACE_STYLE_USAGE(.BOTH.,#13438);
#13438 = SURFACE_SIDE_STYLE('',(#13439));
#13439 = SURFACE_STYLE_FILL_AREA(#13440);
#13440 = FILL_AREA_STYLE('',(#13441));
#13441 = FILL_AREA_STYLE_COLOUR('',#13223);
#13442 = OVER_RIDING_STYLED_ITEM('overriding color',(#13443),#9742,
  #13209);
#13443 = PRESENTATION_STYLE_ASSIGNMENT((#13444));
#13444 = SURFACE_STYLE_USAGE(.BOTH.,#13445);
#13445 = SURFACE_SIDE_STYLE('',(#13446));
#13446 = SURFACE_STYLE_FILL_AREA(#13447);
#13447 = FILL_AREA_STYLE('',(#13448));
#13448 = FILL_AREA_STYLE_COLOUR('',#13223);
#13449 = OVER_RIDING_STYLED_ITEM('overriding color',(#13450),#9814,
  #13209);
#13450 = PRESENTATION_STYLE_ASSIGNMENT((#13451));
#13451 = SURFACE_STYLE_USAGE(.BOTH.,#13452);
#13452 = SURFACE_SIDE_STYLE('',(#13453));
#13453 = SURFACE_STYLE_FILL_AREA(#13454);
#13454 = FILL_AREA_STYLE('',(#13455));
#13455 = FILL_AREA_STYLE_COLOUR('',#13223);
#13456 = OVER_RIDING_STYLED_ITEM('overriding color',(#13457),#9831,
  #13209);
#13457 = PRESENTATION_STYLE_ASSIGNMENT((#13458));
#13458 = SURFACE_STYLE_USAGE(.BOTH.,#13459);
#13459 = SURFACE_SIDE_STYLE('',(#13460));
#13460 = SURFACE_STYLE_FILL_AREA(#13461);
#13461 = FILL_AREA_STYLE('',(#13462));
#13462 = FILL_AREA_STYLE_COLOUR('',#13223);
#13463 = OVER_RIDING_STYLED_ITEM('overriding color',(#13464),#9848,
  #13209);
#13464 = PRESENTATION_STYLE_ASSIGNMENT((#13465));
#13465 = SURFACE_STYLE_USAGE(.BOTH.,#13466);
#13466 = SURFACE_SIDE_STYLE('',(#13467));
#13467 = SURFACE_STYLE_FILL_AREA(#13468);
#13468 = FILL_AREA_STYLE('',(#13469));
#13469 = FILL_AREA_STYLE_COLOUR('',#13223);
#13470 = OVER_RIDING_STYLED_ITEM('overriding color',(#13471),#9865,
  #13209);
#13471 = PRESENTATION_STYLE_ASSIGNMENT((#13472));
#13472 = SURFACE_STYLE_USAGE(.BOTH.,#13473);
#13473 = SURFACE_SIDE_STYLE('',(#13474));
#13474 = SURFACE_STYLE_FILL_AREA(#13475);
#13475 = FILL_AREA_STYLE('',(#13476));
#13476 = FILL_AREA_STYLE_COLOUR('',#13223);
#13477 = OVER_RIDING_STYLED_ITEM('overriding color',(#13478),#9882,
  #13209);
#13478 = PRESENTATION_STYLE_ASSIGNMENT((#13479));
#13479 = SURFACE_STYLE_USAGE(.BOTH.,#13480);
#13480 = SURFACE_SIDE_STYLE('',(#13481));
#13481 = SURFACE_STYLE_FILL_AREA(#13482);
#13482 = FILL_AREA_STYLE('',(#13483));
#13483 = FILL_AREA_STYLE_COLOUR('',#13223);
#13484 = OVER_RIDING_STYLED_ITEM('overriding color',(#13485),#9928,
  #13209);
#13485 = PRESENTATION_STYLE_ASSIGNMENT((#13486));
#13486 = SURFACE_STYLE_USAGE(.BOTH.,#13487);
#13487 = SURFACE_SIDE_STYLE('',(#13488));
#13488 = SURFACE_STYLE_FILL_AREA(#13489);
#13489 = FILL_AREA_STYLE('',(#13490));
#13490 = FILL_AREA_STYLE_COLOUR('',#13223);
#13491 = OVER_RIDING_STYLED_ITEM('overriding color',(#13492),#9946,
  #13209);
#13492 = PRESENTATION_STYLE_ASSIGNMENT((#13493));
#13493 = SURFACE_STYLE_USAGE(.BOTH.,#13494);
#13494 = SURFACE_SIDE_STYLE('',(#13495));
#13495 = SURFACE_STYLE_FILL_AREA(#13496);
#13496 = FILL_AREA_STYLE('',(#13497));
#13497 = FILL_AREA_STYLE_COLOUR('',#13223);
#13498 = OVER_RIDING_STYLED_ITEM('overriding color',(#13499),#9964,
  #13209);
#13499 = PRESENTATION_STYLE_ASSIGNMENT((#13500));
#13500 = SURFACE_STYLE_USAGE(.BOTH.,#13501);
#13501 = SURFACE_SIDE_STYLE('',(#13502));
#13502 = SURFACE_STYLE_FILL_AREA(#13503);
#13503 = FILL_AREA_STYLE('',(#13504));
#13504 = FILL_AREA_STYLE_COLOUR('',#13223);
#13505 = OVER_RIDING_STYLED_ITEM('overriding color',(#13506),#10018,
  #13209);
#13506 = PRESENTATION_STYLE_ASSIGNMENT((#13507));
#13507 = SURFACE_STYLE_USAGE(.BOTH.,#13508);
#13508 = SURFACE_SIDE_STYLE('',(#13509));
#13509 = SURFACE_STYLE_FILL_AREA(#13510);
#13510 = FILL_AREA_STYLE('',(#13511));
#13511 = FILL_AREA_STYLE_COLOUR('',#13223);
#13512 = OVER_RIDING_STYLED_ITEM('overriding color',(#13513),#10029,
  #13209);
#13513 = PRESENTATION_STYLE_ASSIGNMENT((#13514));
#13514 = SURFACE_STYLE_USAGE(.BOTH.,#13515);
#13515 = SURFACE_SIDE_STYLE('',(#13516));
#13516 = SURFACE_STYLE_FILL_AREA(#13517);
#13517 = FILL_AREA_STYLE('',(#13518));
#13518 = FILL_AREA_STYLE_COLOUR('',#13223);
#13519 = OVER_RIDING_STYLED_ITEM('overriding color',(#13520),#10040,
  #13209);
#13520 = PRESENTATION_STYLE_ASSIGNMENT((#13521));
#13521 = SURFACE_STYLE_USAGE(.BOTH.,#13522);
#13522 = SURFACE_SIDE_STYLE('',(#13523));
#13523 = SURFACE_STYLE_FILL_AREA(#13524);
#13524 = FILL_AREA_STYLE('',(#13525));
#13525 = FILL_AREA_STYLE_COLOUR('',#13223);
#13526 = OVER_RIDING_STYLED_ITEM('overriding color',(#13527),#10063,
  #13209);
#13527 = PRESENTATION_STYLE_ASSIGNMENT((#13528));
#13528 = SURFACE_STYLE_USAGE(.BOTH.,#13529);
#13529 = SURFACE_SIDE_STYLE('',(#13530));
#13530 = SURFACE_STYLE_FILL_AREA(#13531);
#13531 = FILL_AREA_STYLE('',(#13532));
#13532 = FILL_AREA_STYLE_COLOUR('',#13223);
#13533 = OVER_RIDING_STYLED_ITEM('overriding color',(#13534),#10087,
  #13209);
#13534 = PRESENTATION_STYLE_ASSIGNMENT((#13535));
#13535 = SURFACE_STYLE_USAGE(.BOTH.,#13536);
#13536 = SURFACE_SIDE_STYLE('',(#13537));
#13537 = SURFACE_STYLE_FILL_AREA(#13538);
#13538 = FILL_AREA_STYLE('',(#13539));
#13539 = FILL_AREA_STYLE_COLOUR('',#13223);
#13540 = OVER_RIDING_STYLED_ITEM('overriding color',(#13541),#10110,
  #13209);
#13541 = PRESENTATION_STYLE_ASSIGNMENT((#13542));
#13542 = SURFACE_STYLE_USAGE(.BOTH.,#13543);
#13543 = SURFACE_SIDE_STYLE('',(#13544));
#13544 = SURFACE_STYLE_FILL_AREA(#13545);
#13545 = FILL_AREA_STYLE('',(#13546));
#13546 = FILL_AREA_STYLE_COLOUR('',#13223);
#13547 = OVER_RIDING_STYLED_ITEM('overriding color',(#13548),#10133,
  #13209);
#13548 = PRESENTATION_STYLE_ASSIGNMENT((#13549));
#13549 = SURFACE_STYLE_USAGE(.BOTH.,#13550);
#13550 = SURFACE_SIDE_STYLE('',(#13551));
#13551 = SURFACE_STYLE_FILL_AREA(#13552);
#13552 = FILL_AREA_STYLE('',(#13553));
#13553 = FILL_AREA_STYLE_COLOUR('',#13223);
#13554 = OVER_RIDING_STYLED_ITEM('overriding color',(#13555),#10151,
  #13209);
#13555 = PRESENTATION_STYLE_ASSIGNMENT((#13556));
#13556 = SURFACE_STYLE_USAGE(.BOTH.,#13557);
#13557 = SURFACE_SIDE_STYLE('',(#13558));
#13558 = SURFACE_STYLE_FILL_AREA(#13559);
#13559 = FILL_AREA_STYLE('',(#13560));
#13560 = FILL_AREA_STYLE_COLOUR('',#13223);
#13561 = OVER_RIDING_STYLED_ITEM('overriding color',(#13562),#10169,
  #13209);
#13562 = PRESENTATION_STYLE_ASSIGNMENT((#13563));
#13563 = SURFACE_STYLE_USAGE(.BOTH.,#13564);
#13564 = SURFACE_SIDE_STYLE('',(#13565));
#13565 = SURFACE_STYLE_FILL_AREA(#13566);
#13566 = FILL_AREA_STYLE('',(#13567));
#13567 = FILL_AREA_STYLE_COLOUR('',#13223);
#13568 = OVER_RIDING_STYLED_ITEM('overriding color',(#13569),#10193,
  #13209);
#13569 = PRESENTATION_STYLE_ASSIGNMENT((#13570));
#13570 = SURFACE_STYLE_USAGE(.BOTH.,#13571);
#13571 = SURFACE_SIDE_STYLE('',(#13572));
#13572 = SURFACE_STYLE_FILL_AREA(#13573);
#13573 = FILL_AREA_STYLE('',(#13574));
#13574 = FILL_AREA_STYLE_COLOUR('',#13223);
#13575 = OVER_RIDING_STYLED_ITEM('overriding color',(#13576),#10211,
  #13209);
#13576 = PRESENTATION_STYLE_ASSIGNMENT((#13577));
#13577 = SURFACE_STYLE_USAGE(.BOTH.,#13578);
#13578 = SURFACE_SIDE_STYLE('',(#13579));
#13579 = SURFACE_STYLE_FILL_AREA(#13580);
#13580 = FILL_AREA_STYLE('',(#13581));
#13581 = FILL_AREA_STYLE_COLOUR('',#13223);
#13582 = OVER_RIDING_STYLED_ITEM('overriding color',(#13583),#10229,
  #13209);
#13583 = PRESENTATION_STYLE_ASSIGNMENT((#13584));
#13584 = SURFACE_STYLE_USAGE(.BOTH.,#13585);
#13585 = SURFACE_SIDE_STYLE('',(#13586));
#13586 = SURFACE_STYLE_FILL_AREA(#13587);
#13587 = FILL_AREA_STYLE('',(#13588));
#13588 = FILL_AREA_STYLE_COLOUR('',#13223);
#13589 = OVER_RIDING_STYLED_ITEM('overriding color',(#13590),#10255,
  #13209);
#13590 = PRESENTATION_STYLE_ASSIGNMENT((#13591));
#13591 = SURFACE_STYLE_USAGE(.BOTH.,#13592);
#13592 = SURFACE_SIDE_STYLE('',(#13593));
#13593 = SURFACE_STYLE_FILL_AREA(#13594);
#13594 = FILL_AREA_STYLE('',(#13595));
#13595 = FILL_AREA_STYLE_COLOUR('',#13223);
#13596 = OVER_RIDING_STYLED_ITEM('overriding color',(#13597),#10266,
  #13209);
#13597 = PRESENTATION_STYLE_ASSIGNMENT((#13598));
#13598 = SURFACE_STYLE_USAGE(.BOTH.,#13599);
#13599 = SURFACE_SIDE_STYLE('',(#13600));
#13600 = SURFACE_STYLE_FILL_AREA(#13601);
#13601 = FILL_AREA_STYLE('',(#13602));
#13602 = FILL_AREA_STYLE_COLOUR('',#13223);
#13603 = OVER_RIDING_STYLED_ITEM('overriding color',(#13604),#10283,
  #13209);
#13604 = PRESENTATION_STYLE_ASSIGNMENT((#13605));
#13605 = SURFACE_STYLE_USAGE(.BOTH.,#13606);
#13606 = SURFACE_SIDE_STYLE('',(#13607));
#13607 = SURFACE_STYLE_FILL_AREA(#13608);
#13608 = FILL_AREA_STYLE('',(#13609));
#13609 = FILL_AREA_STYLE_COLOUR('',#13223);
#13610 = OVER_RIDING_STYLED_ITEM('overriding color',(#13611),#10300,
  #13209);
#13611 = PRESENTATION_STYLE_ASSIGNMENT((#13612));
#13612 = SURFACE_STYLE_USAGE(.BOTH.,#13613);
#13613 = SURFACE_SIDE_STYLE('',(#13614));
#13614 = SURFACE_STYLE_FILL_AREA(#13615);
#13615 = FILL_AREA_STYLE('',(#13616));
#13616 = FILL_AREA_STYLE_COLOUR('',#13223);
#13617 = OVER_RIDING_STYLED_ITEM('overriding color',(#13618),#10317,
  #13209);
#13618 = PRESENTATION_STYLE_ASSIGNMENT((#13619));
#13619 = SURFACE_STYLE_USAGE(.BOTH.,#13620);
#13620 = SURFACE_SIDE_STYLE('',(#13621));
#13621 = SURFACE_STYLE_FILL_AREA(#13622);
#13622 = FILL_AREA_STYLE('',(#13623));
#13623 = FILL_AREA_STYLE_COLOUR('',#13223);
#13624 = OVER_RIDING_STYLED_ITEM('overriding color',(#13625),#10340,
  #13209);
#13625 = PRESENTATION_STYLE_ASSIGNMENT((#13626));
#13626 = SURFACE_STYLE_USAGE(.BOTH.,#13627);
#13627 = SURFACE_SIDE_STYLE('',(#13628));
#13628 = SURFACE_STYLE_FILL_AREA(#13629);
#13629 = FILL_AREA_STYLE('',(#13630));
#13630 = FILL_AREA_STYLE_COLOUR('',#13223);
#13631 = OVER_RIDING_STYLED_ITEM('overriding color',(#13632),#10358,
  #13209);
#13632 = PRESENTATION_STYLE_ASSIGNMENT((#13633));
#13633 = SURFACE_STYLE_USAGE(.BOTH.,#13634);
#13634 = SURFACE_SIDE_STYLE('',(#13635));
#13635 = SURFACE_STYLE_FILL_AREA(#13636);
#13636 = FILL_AREA_STYLE('',(#13637));
#13637 = FILL_AREA_STYLE_COLOUR('',#13223);
#13638 = OVER_RIDING_STYLED_ITEM('overriding color',(#13639),#10376,
  #13209);
#13639 = PRESENTATION_STYLE_ASSIGNMENT((#13640));
#13640 = SURFACE_STYLE_USAGE(.BOTH.,#13641);
#13641 = SURFACE_SIDE_STYLE('',(#13642));
#13642 = SURFACE_STYLE_FILL_AREA(#13643);
#13643 = FILL_AREA_STYLE('',(#13644));
#13644 = FILL_AREA_STYLE_COLOUR('',#13223);
#13645 = OVER_RIDING_STYLED_ITEM('overriding color',(#13646),#10396,
  #13209);
#13646 = PRESENTATION_STYLE_ASSIGNMENT((#13647));
#13647 = SURFACE_STYLE_USAGE(.BOTH.,#13648);
#13648 = SURFACE_SIDE_STYLE('',(#13649));
#13649 = SURFACE_STYLE_FILL_AREA(#13650);
#13650 = FILL_AREA_STYLE('',(#13651));
#13651 = FILL_AREA_STYLE_COLOUR('',#13223);
#13652 = OVER_RIDING_STYLED_ITEM('overriding color',(#13653),#10407,
  #13209);
#13653 = PRESENTATION_STYLE_ASSIGNMENT((#13654));
#13654 = SURFACE_STYLE_USAGE(.BOTH.,#13655);
#13655 = SURFACE_SIDE_STYLE('',(#13656));
#13656 = SURFACE_STYLE_FILL_AREA(#13657);
#13657 = FILL_AREA_STYLE('',(#13658));
#13658 = FILL_AREA_STYLE_COLOUR('',#13223);
#13659 = OVER_RIDING_STYLED_ITEM('overriding color',(#13660),#10418,
  #13209);
#13660 = PRESENTATION_STYLE_ASSIGNMENT((#13661));
#13661 = SURFACE_STYLE_USAGE(.BOTH.,#13662);
#13662 = SURFACE_SIDE_STYLE('',(#13663));
#13663 = SURFACE_STYLE_FILL_AREA(#13664);
#13664 = FILL_AREA_STYLE('',(#13665));
#13665 = FILL_AREA_STYLE_COLOUR('',#13223);
#13666 = OVER_RIDING_STYLED_ITEM('overriding color',(#13667),#10441,
  #13209);
#13667 = PRESENTATION_STYLE_ASSIGNMENT((#13668));
#13668 = SURFACE_STYLE_USAGE(.BOTH.,#13669);
#13669 = SURFACE_SIDE_STYLE('',(#13670));
#13670 = SURFACE_STYLE_FILL_AREA(#13671);
#13671 = FILL_AREA_STYLE('',(#13672));
#13672 = FILL_AREA_STYLE_COLOUR('',#13308);
#13673 = OVER_RIDING_STYLED_ITEM('overriding color',(#13674),#10455,
  #13209);
#13674 = PRESENTATION_STYLE_ASSIGNMENT((#13675));
#13675 = SURFACE_STYLE_USAGE(.BOTH.,#13676);
#13676 = SURFACE_SIDE_STYLE('',(#13677));
#13677 = SURFACE_STYLE_FILL_AREA(#13678);
#13678 = FILL_AREA_STYLE('',(#13679));
#13679 = FILL_AREA_STYLE_COLOUR('',#13308);
#13680 = OVER_RIDING_STYLED_ITEM('overriding color',(#13681),#10469,
  #13209);
#13681 = PRESENTATION_STYLE_ASSIGNMENT((#13682));
#13682 = SURFACE_STYLE_USAGE(.BOTH.,#13683);
#13683 = SURFACE_SIDE_STYLE('',(#13684));
#13684 = SURFACE_STYLE_FILL_AREA(#13685);
#13685 = FILL_AREA_STYLE('',(#13686));
#13686 = FILL_AREA_STYLE_COLOUR('',#13308);
#13687 = OVER_RIDING_STYLED_ITEM('overriding color',(#13688),#10483,
  #13209);
#13688 = PRESENTATION_STYLE_ASSIGNMENT((#13689));
#13689 = SURFACE_STYLE_USAGE(.BOTH.,#13690);
#13690 = SURFACE_SIDE_STYLE('',(#13691));
#13691 = SURFACE_STYLE_FILL_AREA(#13692);
#13692 = FILL_AREA_STYLE('',(#13693));
#13693 = FILL_AREA_STYLE_COLOUR('',#13308);
#13694 = STYLED_ITEM('color',(#13695),#10497);
#13695 = PRESENTATION_STYLE_ASSIGNMENT((#13696));
#13696 = SURFACE_STYLE_USAGE(.BOTH.,#13697);
#13697 = SURFACE_SIDE_STYLE('',(#13698));
#13698 = SURFACE_STYLE_FILL_AREA(#13699);
#13699 = FILL_AREA_STYLE('',(#13700));
#13700 = FILL_AREA_STYLE_COLOUR('',#13158);
#13701 = STYLED_ITEM('color',(#13702),#11076);
#13702 = PRESENTATION_STYLE_ASSIGNMENT((#13703));
#13703 = SURFACE_STYLE_USAGE(.BOTH.,#13704);
#13704 = SURFACE_SIDE_STYLE('',(#13705));
#13705 = SURFACE_STYLE_FILL_AREA(#13706);
#13706 = FILL_AREA_STYLE('',(#13707));
#13707 = FILL_AREA_STYLE_COLOUR('',#13158);
#13708 = STYLED_ITEM('color',(#13709),#11853);
#13709 = PRESENTATION_STYLE_ASSIGNMENT((#13710));
#13710 = SURFACE_STYLE_USAGE(.BOTH.,#13711);
#13711 = SURFACE_SIDE_STYLE('',(#13712));
#13712 = SURFACE_STYLE_FILL_AREA(#13713);
#13713 = FILL_AREA_STYLE('',(#13714));
#13714 = FILL_AREA_STYLE_COLOUR('',#13158);
#13715 = MECHANICAL_DESIGN_GEOMETRIC_PRESENTATION_REPRESENTATION('',(
    #13716,#13725,#13734,#13743,#13752,#13761,#13770,#13779,#13788,
    #13797,#13806,#13815,#13824,#13833,#13842,#13851,#13860,#13869),
  #6641);
#13716 = STYLED_ITEM('color',(#13717),#6193);
#13717 = PRESENTATION_STYLE_ASSIGNMENT((#13718,#13723));
#13718 = SURFACE_STYLE_USAGE(.BOTH.,#13719);
#13719 = SURFACE_SIDE_STYLE('',(#13720));
#13720 = SURFACE_STYLE_FILL_AREA(#13721);
#13721 = FILL_AREA_STYLE('',(#13722));
#13722 = FILL_AREA_STYLE_COLOUR('',#12434);
#13723 = CURVE_STYLE('',#13724,POSITIVE_LENGTH_MEASURE(0.1),#12434);
#13724 = DRAUGHTING_PRE_DEFINED_CURVE_FONT('continuous');
#13725 = STYLED_ITEM('color',(#13726),#6233);
#13726 = PRESENTATION_STYLE_ASSIGNMENT((#13727,#13732));
#13727 = SURFACE_STYLE_USAGE(.BOTH.,#13728);
#13728 = SURFACE_SIDE_STYLE('',(#13729));
#13729 = SURFACE_STYLE_FILL_AREA(#13730);
#13730 = FILL_AREA_STYLE('',(#13731));
#13731 = FILL_AREA_STYLE_COLOUR('',#12434);
#13732 = CURVE_STYLE('',#13733,POSITIVE_LENGTH_MEASURE(0.1),#12434);
#13733 = DRAUGHTING_PRE_DEFINED_CURVE_FONT('continuous');
#13734 = STYLED_ITEM('color',(#13735),#6264);
#13735 = PRESENTATION_STYLE_ASSIGNMENT((#13736,#13741));
#13736 = SURFACE_STYLE_USAGE(.BOTH.,#13737);
#13737 = SURFACE_SIDE_STYLE('',(#13738));
#13738 = SURFACE_STYLE_FILL_AREA(#13739);
#13739 = FILL_AREA_STYLE('',(#13740));
#13740 = FILL_AREA_STYLE_COLOUR('',#12434);
#13741 = CURVE_STYLE('',#13742,POSITIVE_LENGTH_MEASURE(0.1),#12434);
#13742 = DRAUGHTING_PRE_DEFINED_CURVE_FONT('continuous');
#13743 = STYLED_ITEM('color',(#13744),#6295);
#13744 = PRESENTATION_STYLE_ASSIGNMENT((#13745,#13750));
#13745 = SURFACE_STYLE_USAGE(.BOTH.,#13746);
#13746 = SURFACE_SIDE_STYLE('',(#13747));
#13747 = SURFACE_STYLE_FILL_AREA(#13748);
#13748 = FILL_AREA_STYLE('',(#13749));
#13749 = FILL_AREA_STYLE_COLOUR('',#12434);
#13750 = CURVE_STYLE('',#13751,POSITIVE_LENGTH_MEASURE(0.1),#12434);
#13751 = DRAUGHTING_PRE_DEFINED_CURVE_FONT('continuous');
#13752 = STYLED_ITEM('color',(#13753),#6317);
#13753 = PRESENTATION_STYLE_ASSIGNMENT((#13754,#13759));
#13754 = SURFACE_STYLE_USAGE(.BOTH.,#13755);
#13755 = SURFACE_SIDE_STYLE('',(#13756));
#13756 = SURFACE_STYLE_FILL_AREA(#13757);
#13757 = FILL_AREA_STYLE('',(#13758));
#13758 = FILL_AREA_STYLE_COLOUR('',#12434);
#13759 = CURVE_STYLE('',#13760,POSITIVE_LENGTH_MEASURE(0.1),#12434);
#13760 = DRAUGHTING_PRE_DEFINED_CURVE_FONT('continuous');
#13761 = STYLED_ITEM('color',(#13762),#6329);
#13762 = PRESENTATION_STYLE_ASSIGNMENT((#13763,#13768));
#13763 = SURFACE_STYLE_USAGE(.BOTH.,#13764);
#13764 = SURFACE_SIDE_STYLE('',(#13765));
#13765 = SURFACE_STYLE_FILL_AREA(#13766);
#13766 = FILL_AREA_STYLE('',(#13767));
#13767 = FILL_AREA_STYLE_COLOUR('',#12434);
#13768 = CURVE_STYLE('',#13769,POSITIVE_LENGTH_MEASURE(0.1),#12434);
#13769 = DRAUGHTING_PRE_DEFINED_CURVE_FONT('continuous');
#13770 = STYLED_ITEM('color',(#13771),#6343);
#13771 = PRESENTATION_STYLE_ASSIGNMENT((#13772,#13777));
#13772 = SURFACE_STYLE_USAGE(.BOTH.,#13773);
#13773 = SURFACE_SIDE_STYLE('',(#13774));
#13774 = SURFACE_STYLE_FILL_AREA(#13775);
#13775 = FILL_AREA_STYLE('',(#13776));
#13776 = FILL_AREA_STYLE_COLOUR('',#12543);
#13777 = CURVE_STYLE('',#13778,POSITIVE_LENGTH_MEASURE(0.1),#12543);
#13778 = DRAUGHTING_PRE_DEFINED_CURVE_FONT('continuous');
#13779 = STYLED_ITEM('color',(#13780),#6383);
#13780 = PRESENTATION_STYLE_ASSIGNMENT((#13781,#13786));
#13781 = SURFACE_STYLE_USAGE(.BOTH.,#13782);
#13782 = SURFACE_SIDE_STYLE('',(#13783));
#13783 = SURFACE_STYLE_FILL_AREA(#13784);
#13784 = FILL_AREA_STYLE('',(#13785));
#13785 = FILL_AREA_STYLE_COLOUR('',#12543);
#13786 = CURVE_STYLE('',#13787,POSITIVE_LENGTH_MEASURE(0.1),#12543);
#13787 = DRAUGHTING_PRE_DEFINED_CURVE_FONT('continuous');
#13788 = STYLED_ITEM('color',(#13789),#6414);
#13789 = PRESENTATION_STYLE_ASSIGNMENT((#13790,#13795));
#13790 = SURFACE_STYLE_USAGE(.BOTH.,#13791);
#13791 = SURFACE_SIDE_STYLE('',(#13792));
#13792 = SURFACE_STYLE_FILL_AREA(#13793);
#13793 = FILL_AREA_STYLE('',(#13794));
#13794 = FILL_AREA_STYLE_COLOUR('',#12543);
#13795 = CURVE_STYLE('',#13796,POSITIVE_LENGTH_MEASURE(0.1),#12543);
#13796 = DRAUGHTING_PRE_DEFINED_CURVE_FONT('continuous');
#13797 = STYLED_ITEM('color',(#13798),#6445);
#13798 = PRESENTATION_STYLE_ASSIGNMENT((#13799,#13804));
#13799 = SURFACE_STYLE_USAGE(.BOTH.,#13800);
#13800 = SURFACE_SIDE_STYLE('',(#13801));
#13801 = SURFACE_STYLE_FILL_AREA(#13802);
#13802 = FILL_AREA_STYLE('',(#13803));
#13803 = FILL_AREA_STYLE_COLOUR('',#12543);
#13804 = CURVE_STYLE('',#13805,POSITIVE_LENGTH_MEASURE(0.1),#12543);
#13805 = DRAUGHTING_PRE_DEFINED_CURVE_FONT('continuous');
#13806 = STYLED_ITEM('color',(#13807),#6467);
#13807 = PRESENTATION_STYLE_ASSIGNMENT((#13808,#13813));
#13808 = SURFACE_STYLE_USAGE(.BOTH.,#13809);
#13809 = SURFACE_SIDE_STYLE('',(#13810));
#13810 = SURFACE_STYLE_FILL_AREA(#13811);
#13811 = FILL_AREA_STYLE('',(#13812));
#13812 = FILL_AREA_STYLE_COLOUR('',#12543);
#13813 = CURVE_STYLE('',#13814,POSITIVE_LENGTH_MEASURE(0.1),#12543);
#13814 = DRAUGHTING_PRE_DEFINED_CURVE_FONT('continuous');
#13815 = STYLED_ITEM('color',(#13816),#6479);
#13816 = PRESENTATION_STYLE_ASSIGNMENT((#13817,#13822));
#13817 = SURFACE_STYLE_USAGE(.BOTH.,#13818);
#13818 = SURFACE_SIDE_STYLE('',(#13819));
#13819 = SURFACE_STYLE_FILL_AREA(#13820);
#13820 = FILL_AREA_STYLE('',(#13821));
#13821 = FILL_AREA_STYLE_COLOUR('',#12543);
#13822 = CURVE_STYLE('',#13823,POSITIVE_LENGTH_MEASURE(0.1),#12543);
#13823 = DRAUGHTING_PRE_DEFINED_CURVE_FONT('continuous');
#13824 = STYLED_ITEM('color',(#13825),#6493);
#13825 = PRESENTATION_STYLE_ASSIGNMENT((#13826,#13831));
#13826 = SURFACE_STYLE_USAGE(.BOTH.,#13827);
#13827 = SURFACE_SIDE_STYLE('',(#13828));
#13828 = SURFACE_STYLE_FILL_AREA(#13829);
#13829 = FILL_AREA_STYLE('',(#13830));
#13830 = FILL_AREA_STYLE_COLOUR('',#12543);
#13831 = CURVE_STYLE('',#13832,POSITIVE_LENGTH_MEASURE(0.1),#12543);
#13832 = DRAUGHTING_PRE_DEFINED_CURVE_FONT('continuous');
#13833 = STYLED_ITEM('color',(#13834),#6533);
#13834 = PRESENTATION_STYLE_ASSIGNMENT((#13835,#13840));
#13835 = SURFACE_STYLE_USAGE(.BOTH.,#13836);
#13836 = SURFACE_SIDE_STYLE('',(#13837));
#13837 = SURFACE_STYLE_FILL_AREA(#13838);
#13838 = FILL_AREA_STYLE('',(#13839));
#13839 = FILL_AREA_STYLE_COLOUR('',#12543);
#13840 = CURVE_STYLE('',#13841,POSITIVE_LENGTH_MEASURE(0.1),#12543);
#13841 = DRAUGHTING_PRE_DEFINED_CURVE_FONT('continuous');
#13842 = STYLED_ITEM('color',(#13843),#6564);
#13843 = PRESENTATION_STYLE_ASSIGNMENT((#13844,#13849));
#13844 = SURFACE_STYLE_USAGE(.BOTH.,#13845);
#13845 = SURFACE_SIDE_STYLE('',(#13846));
#13846 = SURFACE_STYLE_FILL_AREA(#13847);
#13847 = FILL_AREA_STYLE('',(#13848));
#13848 = FILL_AREA_STYLE_COLOUR('',#12543);
#13849 = CURVE_STYLE('',#13850,POSITIVE_LENGTH_MEASURE(0.1),#12543);
#13850 = DRAUGHTING_PRE_DEFINED_CURVE_FONT('continuous');
#13851 = STYLED_ITEM('color',(#13852),#6595);
#13852 = PRESENTATION_STYLE_ASSIGNMENT((#13853,#13858));
#13853 = SURFACE_STYLE_USAGE(.BOTH.,#13854);
#13854 = SURFACE_SIDE_STYLE('',(#13855));
#13855 = SURFACE_STYLE_FILL_AREA(#13856);
#13856 = FILL_AREA_STYLE('',(#13857));
#13857 = FILL_AREA_STYLE_COLOUR('',#12543);
#13858 = CURVE_STYLE('',#13859,POSITIVE_LENGTH_MEASURE(0.1),#12543);
#13859 = DRAUGHTING_PRE_DEFINED_CURVE_FONT('continuous');
#13860 = STYLED_ITEM('color',(#13861),#6617);
#13861 = PRESENTATION_STYLE_ASSIGNMENT((#13862,#13867));
#13862 = SURFACE_STYLE_USAGE(.BOTH.,#13863);
#13863 = SURFACE_SIDE_STYLE('',(#13864));
#13864 = SURFACE_STYLE_FILL_AREA(#13865);
#13865 = FILL_AREA_STYLE('',(#13866));
#13866 = FILL_AREA_STYLE_COLOUR('',#12543);
#13867 = CURVE_STYLE('',#13868,POSITIVE_LENGTH_MEASURE(0.1),#12543);
#13868 = DRAUGHTING_PRE_DEFINED_CURVE_FONT('continuous');
#13869 = STYLED_ITEM('color',(#13870),#6629);
#13870 = PRESENTATION_STYLE_ASSIGNMENT((#13871,#13876));
#13871 = SURFACE_STYLE_USAGE(.BOTH.,#13872);
#13872 = SURFACE_SIDE_STYLE('',(#13873));
#13873 = SURFACE_STYLE_FILL_AREA(#13874);
#13874 = FILL_AREA_STYLE('',(#13875));
#13875 = FILL_AREA_STYLE_COLOUR('',#12543);
#13876 = CURVE_STYLE('',#13877,POSITIVE_LENGTH_MEASURE(0.1),#12543);
#13877 = DRAUGHTING_PRE_DEFINED_CURVE_FONT('continuous');
#13878 = MECHANICAL_DESIGN_GEOMETRIC_PRESENTATION_REPRESENTATION('',(
    #13879),#657);
#13879 = STYLED_ITEM('color',(#13880),#95);
#13880 = PRESENTATION_STYLE_ASSIGNMENT((#13881,#13887));
#13881 = SURFACE_STYLE_USAGE(.BOTH.,#13882);
#13882 = SURFACE_SIDE_STYLE('',(#13883));
#13883 = SURFACE_STYLE_FILL_AREA(#13884);
#13884 = FILL_AREA_STYLE('',(#13885));
#13885 = FILL_AREA_STYLE_COLOUR('',#13886);
#13886 = COLOUR_RGB('',0.E+000,0.501960813999,0.E+000);
#13887 = CURVE_STYLE('',#13888,POSITIVE_LENGTH_MEASURE(0.1),#13886);
#13888 = DRAUGHTING_PRE_DEFINED_CURVE_FONT('continuous');
ENDSEC;
END-ISO-10303-21;
