Removed Pin From Net: NetName=GND Pin=B1-2
Removed Pin From Net: NetName=GND Pin=C11-1
Removed Pin From Net: NetName=GND Pin=C12-1
Removed Pin From Net: NetName=PC14 Pin=C12-2
Removed Pin From Net: NetName=VSYS Pin=C16-1
Removed Pin From Net: NetName=GND Pin=C16-2
Removed Pin From Net: NetName=GND Pin=C17-2
Removed Pin From Net: NetName=GND Pin=C53-1
Removed Pin From Net: NetName=+3V3 Pin=C53-2
Removed Pin From Net: NetName=+3V3 Pin=C76-1
Removed Pin From Net: NetName=GND Pin=C76-2
Removed Pin From Net: NetName=+3V3 Pin=C77-1
Removed Pin From Net: NetName=GND Pin=C77-2
Removed Pin From Net: NetName=GND Pin=C91-2
Removed Pin From Net: NetName=+3V3 Pin=C103-1
Removed Pin From Net: NetName=GND Pin=C103-2
Removed Pin From Net: NetName=+3V3 Pin=C104-1
Removed Pin From Net: NetName=GND Pin=C104-2
Removed Pin From Net: NetName=+3V3 Pin=C105-1
Removed Pin From Net: NetName=GND Pin=C105-2
Removed Pin From Net: NetName=+3V3 Pin=C106-1
Removed Pin From Net: NetName=GND Pin=C106-2
Removed Pin From Net: NetName=+3V3 Pin=C107-1
Removed Pin From Net: NetName=GND Pin=C107-2
Removed Pin From Net: NetName=+3V3 Pin=C108-1
Removed Pin From Net: NetName=GND Pin=C108-2
Removed Pin From Net: NetName=+3V3 Pin=C110-1
Removed Pin From Net: NetName=GND Pin=C110-2
Removed Pin From Net: NetName=GND Pin=C111-2
Removed Pin From Net: NetName=+3V3_AUX Pin=C112-1
Removed Pin From Net: NetName=GND Pin=C112-2
Removed Pin From Net: NetName=+3V3 Pin=C130-2
Removed Pin From Net: NetName=GND Pin=C131-1
Removed Pin From Net: NetName=+3V3 Pin=C131-2
Removed Pin From Net: NetName=+3V3 Pin=C134-2
Removed Pin From Net: NetName=GND Pin=C136-1
Removed Pin From Net: NetName=+3V3 Pin=C136-2
Removed Pin From Net: NetName=+3V3 Pin=C137-1
Removed Pin From Net: NetName=GND Pin=C137-2
Removed Pin From Net: NetName=+3V3 Pin=C144-1
Removed Pin From Net: NetName=GND Pin=C144-2
Removed Pin From Net: NetName=\STM32_RST Pin=D4-1
Removed Pin From Net: NetName=PA8 Pin=D4-2
Removed Pin From Net: NetName=VSYS Pin=D7-1
Removed Pin From Net: NetName=GND Pin=D8-2
Removed Pin From Net: NetName=GND Pin=D16-2
Removed Pin From Net: NetName=B2_4 Pin=D23-1
Removed Pin From Net: NetName=GND Pin=D23-2
Removed Pin From Net: NetName=GND Pin=D23-3
Removed Pin From Net: NetName=B2_5 Pin=D23-5
Removed Pin From Net: NetName=B2_0 Pin=D24-1
Removed Pin From Net: NetName=GND Pin=D24-2
Removed Pin From Net: NetName=GND Pin=D24-3
Removed Pin From Net: NetName=B2_6 Pin=D24-4
Removed Pin From Net: NetName=B2_1 Pin=D24-5
Removed Pin From Net: NetName=B2_7 Pin=D24-6
Removed Pin From Net: NetName=+3V3 Pin=ESP32_MOD-2
Removed Pin From Net: NetName=\ESP32_RST Pin=ESP32_MOD-3
Removed Pin From Net: NetName=B1_5 Pin=ESP32_MOD-4
Removed Pin From Net: NetName=B1_6 Pin=ESP32_MOD-5
Removed Pin From Net: NetName=B2_6 Pin=ESP32_MOD-6
Removed Pin From Net: NetName=B1_4 Pin=ESP32_MOD-10
Removed Pin From Net: NetName=B2_7 Pin=ESP32_MOD-11
Removed Pin From Net: NetName=GND Pin=ESP32_MOD-15
Removed Pin From Net: NetName=GPIO9 Pin=ESP32_MOD-17
Removed Pin From Net: NetName=GPIO2 Pin=ESP32_MOD-24
Removed Pin From Net: NetName=GPIO0 Pin=ESP32_MOD-25
Removed Pin From Net: NetName=GPIO18 Pin=ESP32_MOD-30
Removed Pin From Net: NetName=GPIO19 Pin=ESP32_MOD-31
Removed Pin From Net: NetName=GPIO21 Pin=ESP32_MOD-33
Removed Pin From Net: NetName=GPIO3 Pin=ESP32_MOD-34
Removed Pin From Net: NetName=GPIO1 Pin=ESP32_MOD-35
Removed Pin From Net: NetName=GND Pin=J1-1
Removed Pin From Net: NetName=+3V3 Pin=J2-2
Removed Pin From Net: NetName=GND Pin=J3-1
Removed Pin From Net: NetName=+3V3 Pin=J4-2
Removed Pin From Net: NetName=GND Pin=J5-1
Removed Pin From Net: NetName=+3V3 Pin=J6-2
Removed Pin From Net: NetName=GND Pin=J7-1
Removed Pin From Net: NetName=+3V3 Pin=J8-2
Removed Pin From Net: NetName=GND Pin=J9-1
Removed Pin From Net: NetName=+3V3 Pin=J10-2
Removed Pin From Net: NetName=GND Pin=J11-1
Removed Pin From Net: NetName=+3V3 Pin=J12-2
Removed Pin From Net: NetName=GND Pin=J13-1
Removed Pin From Net: NetName=+3V3 Pin=NT3-2
Removed Pin From Net: NetName=GND Pin=NT4-2
Removed Pin From Net: NetName=VSYS Pin=P24-1
Removed Pin From Net: NetName=PB2 Pin=Q2-1
Removed Pin From Net: NetName=GND Pin=Q2-2
Removed Pin From Net: NetName=GPIO0 Pin=Q11-3
Removed Pin From Net: NetName=PC12 Pin=Q12-5
Removed Pin From Net: NetName=GPIO18 Pin=R6-1
Removed Pin From Net: NetName=PF0 Pin=R7-2
Removed Pin From Net: NetName=PB7 Pin=R9-2
Removed Pin From Net: NetName=+3V3 Pin=R15-1
Removed Pin From Net: NetName=PA8 Pin=R15-2
Removed Pin From Net: NetName=+3V3 Pin=R16-1
Removed Pin From Net: NetName=GPIO2 Pin=R16-2
Removed Pin From Net: NetName=+3V3 Pin=R17-1
Removed Pin From Net: NetName=+3V3 Pin=R29-1
Removed Pin From Net: NetName=PC13 Pin=R30-1
Removed Pin From Net: NetName=EVI Pin=R31-2
Removed Pin From Net: NetName=PB2 Pin=R32-1
Removed Pin From Net: NetName=GND Pin=R32-2
Removed Pin From Net: NetName=GND Pin=R37-1
Removed Pin From Net: NetName=PA8 Pin=R62-1
Removed Pin From Net: NetName=+3V3 Pin=R65-2
Removed Pin From Net: NetName=GPIO18 Pin=R66-1
Removed Pin From Net: NetName=+3V3 Pin=R66-2
Removed Pin From Net: NetName=GPIO21 Pin=R67-1
Removed Pin From Net: NetName=B2_7 Pin=R73-2
Removed Pin From Net: NetName=B2_6 Pin=R74-2
Removed Pin From Net: NetName=PC7 Pin=R79-2
Removed Pin From Net: NetName=\RST Pin=R96-2
Removed Pin From Net: NetName=GPIO1 Pin=R104-4
Removed Pin From Net: NetName=GPIO3 Pin=R109-2
Removed Pin From Net: NetName=PB15 Pin=R110-1
Removed Pin From Net: NetName=PC12 Pin=R114-2
Removed Pin From Net: NetName=+3V3 Pin=R129-1
Removed Pin From Net: NetName=NetC96_2 Pin=R130-2
Removed Pin From Net: NetName=PA2 Pin=R140-2
Removed Pin From Net: NetName=PA7 Pin=R141-2
Removed Pin From Net: NetName=PA6 Pin=R142-2
Removed Pin From Net: NetName=+3V3 Pin=R143-9
Removed Pin From Net: NetName=+3V3 Pin=R143-10
Removed Pin From Net: NetName=+3V3 Pin=R143-11
Removed Pin From Net: NetName=+3V3 Pin=R143-12
Removed Pin From Net: NetName=+3V3 Pin=R143-13
Removed Pin From Net: NetName=+3V3 Pin=R143-14
Removed Pin From Net: NetName=+3V3 Pin=R143-15
Removed Pin From Net: NetName=+3V3 Pin=R143-16
Removed Pin From Net: NetName=+3V3_AUX Pin=R144-2
Removed Pin From Net: NetName=+3V3_AUX Pin=R145-2
Removed Pin From Net: NetName=+3V3_AUX Pin=R146-2
Removed Pin From Net: NetName=I2C3.SDA Pin=R148-1
Removed Pin From Net: NetName=+3V3_AUX Pin=R148-2
Removed Pin From Net: NetName=I2C3.SCL Pin=R149-1
Removed Pin From Net: NetName=+3V3_AUX Pin=R149-2
Removed Pin From Net: NetName=+3V3_AUX Pin=R150-1
Removed Pin From Net: NetName=+3V3_AUX Pin=R151-1
Removed Pin From Net: NetName=+3V3_AUX Pin=R152-1
Removed Pin From Net: NetName=I2C0.SDA Pin=R153-1
Removed Pin From Net: NetName=+3V3 Pin=R153-2
Removed Pin From Net: NetName=I2C0.SCL Pin=R154-1
Removed Pin From Net: NetName=+3V3 Pin=R154-2
Removed Pin From Net: NetName=+3V3 Pin=R155-1
Removed Pin From Net: NetName=GND Pin=R156-2
Removed Pin From Net: NetName=+3V3_AUX Pin=R157-2
Removed Pin From Net: NetName=LCD_BL_A Pin=TFT-1
Removed Pin From Net: NetName=LCD_BL_K Pin=TFT-2
Removed Pin From Net: NetName=+3V3 Pin=TFT-3
Removed Pin From Net: NetName=+3V3 Pin=TFT-4
Removed Pin From Net: NetName=GND Pin=TFT-5
Removed Pin From Net: NetName=+3V3 Pin=TFT-6
Removed Pin From Net: NetName=GND Pin=TFT-7
Removed Pin From Net: NetName=GND Pin=TFT-8
Removed Pin From Net: NetName=GND Pin=TFT-9
Removed Pin From Net: NetName=GND Pin=TFT-10
Removed Pin From Net: NetName=GND Pin=TFT-11
Removed Pin From Net: NetName=GND Pin=TFT-12
Removed Pin From Net: NetName=GND Pin=TFT-13
Removed Pin From Net: NetName=GND Pin=TFT-14
Removed Pin From Net: NetName=GND Pin=TFT-15
Removed Pin From Net: NetName=PB8 Pin=TFT-16
Removed Pin From Net: NetName=PF1 Pin=TFT-17
Removed Pin From Net: NetName=PF0 Pin=TFT-18
Removed Pin From Net: NetName=PB7 Pin=TFT-20
Removed Pin From Net: NetName=GND Pin=TFT-22
Removed Pin From Net: NetName=GND Pin=TFT-23
Removed Pin From Net: NetName=GND Pin=TFT-24
Removed Pin From Net: NetName=GPIO18 Pin=TP7-1
Removed Pin From Net: NetName=I2C0.SCL Pin=TP8-1
Removed Pin From Net: NetName=I2C0.SDA Pin=TP9-1
Removed Pin From Net: NetName=PB10 Pin=U1-4
Removed Pin From Net: NetName=\UI_BAT_EN Pin=U2-5
Removed Pin From Net: NetName=PB5 Pin=U19-5
Removed Pin From Net: NetName=PB3 Pin=U19-6
Removed Pin From Net: NetName=GPIO1 Pin=U21-25
Removed Pin From Net: NetName=GPIO3 Pin=U21-26
Removed Pin From Net: NetName=PC6 Pin=U23-4
Removed Pin From Net: NetName=PC13 Pin=U25-2
Removed Pin From Net: NetName=PC14 Pin=U25-3
Removed Pin From Net: NetName=PF0 Pin=U25-5
Removed Pin From Net: NetName=PF1 Pin=U25-6
Removed Pin From Net: NetName=PC0 Pin=U25-8
Removed Pin From Net: NetName=PC1 Pin=U25-9
Removed Pin From Net: NetName=PC2 Pin=U25-10
Removed Pin From Net: NetName=GPIO2 Pin=U25-11
Removed Pin From Net: NetName=PA1 Pin=U25-13
Removed Pin From Net: NetName=PA2 Pin=U25-14
Removed Pin From Net: NetName=GND Pin=U25-15
Removed Pin From Net: NetName=+3V3 Pin=U25-16
Removed Pin From Net: NetName=PA3 Pin=U25-17
Removed Pin From Net: NetName=PA4 Pin=U25-18
Removed Pin From Net: NetName=PA5 Pin=U25-19
Removed Pin From Net: NetName=PA6 Pin=U25-20
Removed Pin From Net: NetName=PA7 Pin=U25-21
Removed Pin From Net: NetName=PC4 Pin=U25-22
Removed Pin From Net: NetName=PC5 Pin=U25-23
Removed Pin From Net: NetName=PB0 Pin=U25-24
Removed Pin From Net: NetName=PB1 Pin=U25-25
Removed Pin From Net: NetName=PB2 Pin=U25-26
Removed Pin From Net: NetName=GND Pin=U25-27
Removed Pin From Net: NetName=NetC96_2 Pin=U25-29
Removed Pin From Net: NetName=PB10 Pin=U25-30
Removed Pin From Net: NetName=GND Pin=U25-31
Removed Pin From Net: NetName=+3V3 Pin=U25-32
Removed Pin From Net: NetName=PB12 Pin=U25-34
Removed Pin From Net: NetName=PB15 Pin=U25-37
Removed Pin From Net: NetName=PC6 Pin=U25-38
Removed Pin From Net: NetName=PC7 Pin=U25-39
Removed Pin From Net: NetName=GPIO18 Pin=U25-41
Removed Pin From Net: NetName=PA8 Pin=U25-42
Removed Pin From Net: NetName=PA9 Pin=U25-43
Removed Pin From Net: NetName=PA10 Pin=U25-44
Removed Pin From Net: NetName=PA11 Pin=U25-45
Removed Pin From Net: NetName=PA12 Pin=U25-46
Removed Pin From Net: NetName=GND Pin=U25-47
Removed Pin From Net: NetName=+3V3 Pin=U25-48
Removed Pin From Net: NetName=PA13 Pin=U25-49
Removed Pin From Net: NetName=PA14 Pin=U25-50
Removed Pin From Net: NetName=PA15 Pin=U25-51
Removed Pin From Net: NetName=PC11 Pin=U25-53
Removed Pin From Net: NetName=PC12 Pin=U25-54
Removed Pin From Net: NetName=PB3 Pin=U25-56
Removed Pin From Net: NetName=PB4 Pin=U25-57
Removed Pin From Net: NetName=PB5 Pin=U25-58
Removed Pin From Net: NetName=PB6 Pin=U25-59
Removed Pin From Net: NetName=PB7 Pin=U25-60
Removed Pin From Net: NetName=PB8 Pin=U25-61
Removed Pin From Net: NetName=PB9 Pin=U25-62
Removed Pin From Net: NetName=PA2 Pin=U26-1
Removed Pin From Net: NetName=PB0 Pin=U26-2
Removed Pin From Net: NetName=PA7 Pin=U26-3
Removed Pin From Net: NetName=PB1 Pin=U26-5
Removed Pin From Net: NetName=PA3 Pin=U26-6
Removed Pin From Net: NetName=PA6 Pin=U26-7
Removed Pin From Net: NetName=GND Pin=U26-9
Removed Pin From Net: NetName=GND Pin=U27-9
Removed Pin From Net: NetName=DIO_1_14 Pin=U27-16
Removed Pin From Net: NetName=I2C0.SCL Pin=U27-19
Removed Pin From Net: NetName=I2C0.SDA Pin=U27-20
Removed Pin From Net: NetName=+3V3 Pin=U27-21
Removed Pin From Net: NetName=PA8 Pin=U27-24
Removed Pin From Net: NetName=GND Pin=U27-EP
Removed Pin From Net: NetName=B1_0 Pin=U28-1
Removed Pin From Net: NetName=B1_1 Pin=U28-2
Removed Pin From Net: NetName=B1_2 Pin=U28-3
Removed Pin From Net: NetName=B1_3 Pin=U28-4
Removed Pin From Net: NetName=B1_4 Pin=U28-5
Removed Pin From Net: NetName=B1_5 Pin=U28-6
Removed Pin From Net: NetName=B1_6 Pin=U28-7
Removed Pin From Net: NetName=B1_7 Pin=U28-8
Removed Pin From Net: NetName=GND Pin=U28-9
Removed Pin From Net: NetName=I2C0.SCL Pin=U28-19
Removed Pin From Net: NetName=I2C0.SDA Pin=U28-20
Removed Pin From Net: NetName=+3V3 Pin=U28-21
Removed Pin From Net: NetName=PA8 Pin=U28-24
Removed Pin From Net: NetName=GND Pin=U28-EP
Removed Pin From Net: NetName=GND Pin=U29-9
Removed Pin From Net: NetName=I2C0.SCL Pin=U29-19
Removed Pin From Net: NetName=I2C0.SDA Pin=U29-20
Removed Pin From Net: NetName=+3V3 Pin=U29-21
Removed Pin From Net: NetName=PA8 Pin=U29-24
Removed Pin From Net: NetName=GND Pin=U29-EP
Removed Pin From Net: NetName=+3V3_AUX Pin=U31-1
Removed Pin From Net: NetName=GND Pin=U31-4
Removed Pin From Net: NetName=+3V3 Pin=U31-6
Removed Pin From Net: NetName=GND Pin=U31-7
Removed Pin From Net: NetName=GPIO21 Pin=U32-6
Removed Pin From Net: NetName=+3V3 Pin=U38-4
Removed Pin From Net: NetName=I2C0.SDA Pin=U39-2
Removed Pin From Net: NetName=+3V3 Pin=U39-3
Removed Pin From Net: NetName=GND Pin=U39-4
Removed Pin From Net: NetName=+3V3 Pin=U39-7
Removed Pin From Net: NetName=GND Pin=U39-8
Removed Pin From Net: NetName=GND Pin=U39-9
Removed Pin From Net: NetName=I2C0.SCL Pin=U39-12
Removed Pin From Net: NetName=GND Pin=U41-1
Removed Pin From Net: NetName=GND Pin=U41-2
Removed Pin From Net: NetName=PA8 Pin=U41-3
Removed Pin From Net: NetName=I2C0.SDA Pin=U41-5
Removed Pin From Net: NetName=I2C0.SCL Pin=U41-6
Removed Pin From Net: NetName=GND Pin=U41-10
Removed Pin From Net: NetName=I2C3.SDA Pin=U41-15
Removed Pin From Net: NetName=I2C3.SCL Pin=U41-16
Removed Pin From Net: NetName=GPIO2 Pin=U41-17
Removed Pin From Net: NetName=GPIO18 Pin=U41-19
Removed Pin From Net: NetName=+3V3 Pin=U41-20
Removed Pin From Net: NetName=GND Pin=U41-21
Removed Pin From Net: NetName=PC14 Pin=X3-1
Removed Pin From Net: NetName=GND Pin=X4-2
Removed Pin From Net: NetName=GND Pin=X4-S1
Removed Pin From Net: NetName=GND Pin=X4-S2
Removed Pin From Net: NetName=GND Pin=X5-MP1
Removed Pin From Net: NetName=GND Pin=X5-MP2
Removed Pin From Net: NetName=+3V3 Pin=X8-1
Removed Pin From Net: NetName=GND Pin=X8-3
Removed Pin From Net: NetName=+3V3 Pin=X9-1
Removed Pin From Net: NetName=B2_4 Pin=X9-3
Removed Pin From Net: NetName=B2_5 Pin=X9-4
Removed Pin From Net: NetName=GND Pin=X9-5
Removed Pin From Net: NetName=+3V3 Pin=X10-1
Removed Pin From Net: NetName=B2_6 Pin=X10-2
Removed Pin From Net: NetName=B2_0 Pin=X10-3
Removed Pin From Net: NetName=B2_1 Pin=X10-4
Removed Pin From Net: NetName=GND Pin=X10-5
Removed Pin From Net: NetName=B2_7 Pin=X10-6
Removed Member From Class: ClassName=STM32G473CETx Member=B1
Removed Member From Class: ClassName=STM32G473CETx Member=C11
Removed Member From Class: ClassName=STM32G473CETx Member=C12
Removed Member From Class: ClassName=SENS Member=C44
Removed Member From Class: ClassName=STM32G473CETx Member=C76
Removed Member From Class: ClassName=TCPP Member=C76
Removed Member From Class: ClassName=STM32G473CETx Member=C78
Removed Member From Class: ClassName=STM32G473CETx Member=C90
Removed Member From Class: ClassName=STM32G473CETx Member=C91
Removed Member From Class: ClassName=P26 Member=C94
Removed Member From Class: ClassName=STM32G473CETx Member=C94
Removed Member From Class: ClassName=STM32G473CETx Member=C96
Removed Member From Class: ClassName=STM32G473CETx Member=C98
Removed Member From Class: ClassName=U_TPS22810 2 Member=C102
Removed Member From Class: ClassName=P26 Member=C106
Removed Member From Class: ClassName=STM32G473CETx Member=C106
Removed Member From Class: ClassName=P103 Member=C107
Removed Member From Class: ClassName=STM32G473CETx Member=C108
Removed Member From Class: ClassName=P103 Member=C109
Removed Member From Class: ClassName=U_DRV10975 3-ph Sensorless BLDC Motor Driver Member=C109
Removed Member From Class: ClassName=P103 Member=C110
Removed Member From Class: ClassName=U_TPS22810 2 Member=C110
Removed Member From Class: ClassName=P103 Member=C111
Removed Member From Class: ClassName=U_TPS22810 2 Member=C111
Removed Member From Class: ClassName=P103 Member=C113
Removed Member From Class: ClassName=P103 Member=C114
Removed Member From Class: ClassName=P103 Member=C115
Removed Member From Class: ClassName=U_DRV10975 3-ph Sensorless BLDC Motor Driver Member=C118
Removed Member From Class: ClassName=U_PCA9632_4-Ch_LED_Driver Member=C118
Removed Member From Class: ClassName=U_DRV10975 3-ph Sensorless BLDC Motor Driver Member=C119
Removed Member From Class: ClassName=U_DRV10975 3-ph Sensorless BLDC Motor Driver Member=C127
Removed Member From Class: ClassName=U_DRV10975 3-ph Sensorless BLDC Motor Driver Member=C128
Removed Member From Class: ClassName=U_DRV10975 3-ph Sensorless BLDC Motor Driver Member=C132
Removed Member From Class: ClassName=I2C_SW Member=C133
Removed Member From Class: ClassName=VLT Member=C134
Removed Member From Class: ClassName=VLT Member=C135
Removed Member From Class: ClassName=P128 Member=C136
Removed Member From Class: ClassName=P128 Member=C137
Removed Member From Class: ClassName=STM32G473CETx Member=D4
Removed Member From Class: ClassName=+3V3_PS Member=D16
Removed Member From Class: ClassName=TCPC Member=D19
Removed Member From Class: ClassName=USB_SW Member=D19
Removed Member From Class: ClassName=U_DRV10975 3-ph Sensorless BLDC Motor Driver Member=D24
Removed Member From Class: ClassName=STM32G473CETx Member=FB5
Removed Member From Class: ClassName=P128 Member=NT3
Removed Member From Class: ClassName=P128 Member=NT4
Removed Member From Class: ClassName=STM32G473CETx Member=R20
Removed Member From Class: ClassName=P16_P25 Member=R29
Removed Member From Class: ClassName=UART_MUX Member=R41
Removed Member From Class: ClassName=U_ESP32-WROOM32D_Module Member=R66
Removed Member From Class: ClassName=U_ESP32-WROOM32D_Module Member=R67
Removed Member From Class: ClassName=U_ESP32-WROOM32D_Module Member=R70
Removed Member From Class: ClassName=+4V2_PS Member=R101
Removed Member From Class: ClassName=+3V3_PS Member=R102
Removed Member From Class: ClassName=TCPP Member=R112
Removed Member From Class: ClassName=U_TS3USBCA410_USB_C_SBU_Multiplexer Member=R118
Removed Member From Class: ClassName=TCPC Member=R127
Removed Member From Class: ClassName=USB_SW Member=R127
Removed Member From Class: ClassName=STM32G473CETx Member=R136
Removed Member From Class: ClassName=STM32G473CETx Member=R138
Removed Member From Class: ClassName=STM32G473CETx Member=R139
Removed Member From Class: ClassName=I2C_SW Member=R144
Removed Member From Class: ClassName=I2C_SW Member=R145
Removed Member From Class: ClassName=I2C_SW Member=R146
Removed Member From Class: ClassName=I2C_SW Member=R147
Removed Member From Class: ClassName=I2C_SW Member=R148
Removed Member From Class: ClassName=I2C_SW Member=R152
Removed Member From Class: ClassName=I2C_SW Member=R153
Removed Member From Class: ClassName=I2C_SW Member=R154
Removed Member From Class: ClassName=P26 Member=R154
Removed Member From Class: ClassName=U_TPS22810 2 Member=R154
Removed Member From Class: ClassName=I2C_SW Member=R155
Removed Member From Class: ClassName=U_TPS22810 2 Member=R157
Removed Member From Class: ClassName=P103 Member=R160
Removed Member From Class: ClassName=U_DRV10975 3-ph Sensorless BLDC Motor Driver Member=R167
Removed Member From Class: ClassName=TestPoint Member=TP29
Removed Member From Class: ClassName=TestPoint Member=TP30
Removed Member From Class: ClassName=TestPoint Member=TP31
Removed Member From Class: ClassName=STM32G473CETx Member=TP32
Removed Member From Class: ClassName=TestPoint Member=TP32
Removed Member From Class: ClassName=TestPoint Member=TP33
Removed Member From Class: ClassName=SENS Member=U9
Removed Member From Class: ClassName=P110 Member=U11
Removed Member From Class: ClassName=+3V3_PS Member=U13
Removed Member From Class: ClassName=UART_MUX Member=U13
Removed Member From Class: ClassName=USB_MUX Member=U13
Removed Member From Class: ClassName=+1V8_VLT1 Member=U17
Removed Member From Class: ClassName=P102 Member=U17
Removed Member From Class: ClassName=U_CP2102N_USB-to-UART_Bridge Member=U20
Removed Member From Class: ClassName=DISP_PS Member=U22
Removed Member From Class: ClassName=FLASH Member=U25
Removed Member From Class: ClassName=STM32G473CETx Member=U25
Removed Member From Class: ClassName=AUTH Member=U29
Removed Member From Class: ClassName=P105 Member=U29
Removed Member From Class: ClassName=P103 Member=U33
Removed Member From Class: ClassName=+1V8_PS Member=U36
Removed Member From Class: ClassName=U_DRV10975 3-ph Sensorless BLDC Motor Driver Member=U36
Removed Member From Class: ClassName=P128 Member=U39
Removed Member From Class: ClassName=I2C_SW Member=U41
Removed Member From Class: ClassName=P26 Member=U41
Removed Member From Class: ClassName=U_TPS22810 2 Member=U41
Removed Member From Class: ClassName=STM32G473CETx Member=X3
Removed Member From Class: ClassName=GPIO[0..39] Member=GPIO11
Removed Member From Class: ClassName=GPIO[0..39] Member=GPIO12
Removed Member From Class: ClassName=GPIO[0..39] Member=GPIO13
Removed Member From Class: ClassName=GPIO[0..39] Member=GPIO14
Removed Member From Class: ClassName=GPIO[0..39] Member=GPIO15
Removed Member From Class: ClassName=GPIO[0..39] Member=GPIO16
Removed Member From Class: ClassName=GPIO[0..39] Member=GPIO17
Removed Member From Class: ClassName=GPIO[0..39] Member=GPIO22
Removed Member From Class: ClassName=GPIO[0..39] Member=GPIO23
Removed Member From Class: ClassName=GPIO[0..39] Member=GPIO27
Removed Member From Class: ClassName=GPIO[0..39] Member=GPIO32
Removed Member From Class: ClassName=GPIO[0..39] Member=GPIO33
Removed Member From Class: ClassName=GPIO[0..39] Member=GPIO35
Removed Member From Class: ClassName=BG95_PWR Member=NetC19_1
Removed Member From Class: ClassName=BG95_PWR Member=NetC23_1
Removed Member From Class: ClassName=QSPI Member=PA2
Removed Member From Class: ClassName=QSPI Member=PA3
Removed Member From Class: ClassName=QSPI Member=PA6
Removed Member From Class: ClassName=QSPI Member=PA7
Removed Member From Class: ClassName=QSPI Member=PB0
Removed Member From Class: ClassName=QSPI Member=PB1
Removed Member From Class: ClassName=PC[0..15] Member=PC15
Change Component Footprint: Designator=U25 Old Footprint=LQFP64-10X10MM New Footprint=LPQFP-128
Change Component Footprint: Designator=ESP32_MOD Old Footprint=MODULE_ESP32-WROOM-32D New Footprint=MODULE_ESP32-C3-MINI-1
Change Component Footprint: Designator=R148 Old Footprint=R0402 New Footprint=0402R
Change Component Footprint: Designator=R150 Old Footprint=R0402 New Footprint=0402R
Change Component Footprint: Designator=R151 Old Footprint=R0402 New Footprint=0402R
Change Component Footprint: Designator=R154 Old Footprint=R0402 New Footprint=0402R
Change Component Footprint: Designator=R155 Old Footprint=R0402 New Footprint=0402R
Change Component Footprint: Designator=R149 Old Footprint=R0402 New Footprint=R_0402
Change Component Footprint: Designator=X3 Old Footprint=XTAL_2SM_3R2X1R5 New Footprint=CONN_0524352271
Change Component Comment : Designator=U39 Old Comment=BMA253 New Comment=IM69D130V01XTSA1
Change Component Comment : Designator=C37 Old Comment=CAP CER 0.1UF 16V X7R 0402 New Comment=CAP CER 1UF 16V X5R 0402
Change Component Comment : Designator=ESP32_MOD Old Comment=ESP32-WROOM-32D New Comment=ESP32-C3-MINI-1-H4
Change Component Comment : Designator=U26 Old Comment=MT25QL256ABA1EW9-0SIT TR New Comment=MT29F1G01ABAFDWB-IT:F TR
Change Component Comment : Designator=X3 Old Comment=NX3215SA-32.768KHZ-EXS00A-MU00525 New Comment=KEYPAD-DISP
Change Component Comment : Designator=R147 Old Comment=RES SMD 4.75K OHM 1% 1/16W 0402 New Comment=RES SMD 0 OHM JUMPER 1/16W 0402
Change Component Comment : Designator=R149 Old Comment=RES SMD 4.75K OHM 1% 1/16W 0402 New Comment=RES SMD 63.4K OHM 1% 1/16W 0402
Change Component Comment : Designator=R148 Old Comment=RES SMD 4.75K OHM 1% 1/16W 0402 New Comment=RES SMD 100 OHM 1% 1/16W 0402
Change Component Comment : Designator=R154 Old Comment=RES SMD 4.75K OHM 1% 1/16W 0402 New Comment=RES SMD 100 OHM 1% 1/16W 0402
Change Component Comment : Designator=R150 Old Comment=RES SMD 10K OHM 1% 1/16W 0402 New Comment=RES SMD 100K OHM 1% 1/16W 0402
Change Component Comment : Designator=R151 Old Comment=RES SMD 10K OHM 1% 1/16W 0402 New Comment=RES SMD 100K OHM 1% 1/16W 0402
Change Component Comment : Designator=R155 Old Comment=RES SMD 10K OHM 1% 1/16W 0402 New Comment=RES SMD 100 OHM 1% 1/16W 0402
Change Component Comment : Designator=R72 Old Comment=RES SMD 100 OHM 1% 1/16W 0402 New Comment=RES SMD 0 OHM JUMPER 1/16W 0402
Change Component Comment : Designator=U25 Old Comment=STM32G473RET6 New Comment=STM32G473QET6
Change Component Designator: OldDesignator=C13 NewDesignator=C11
Change Component Designator: OldDesignator=C14 NewDesignator=C12
Change Component Designator: OldDesignator=C15 NewDesignator=C13
Change Component Designator: OldDesignator=C18 NewDesignator=C16
Change Component Designator: OldDesignator=C19 NewDesignator=C17
Change Component Designator: OldDesignator=C20 NewDesignator=C18
Change Component Designator: OldDesignator=C21 NewDesignator=C19
Change Component Designator: OldDesignator=C22 NewDesignator=C20
Change Component Designator: OldDesignator=C23 NewDesignator=C21
Change Component Designator: OldDesignator=C24 NewDesignator=C22
Change Component Designator: OldDesignator=C25 NewDesignator=C23
Change Component Designator: OldDesignator=C26 NewDesignator=C24
Change Component Designator: OldDesignator=C27 NewDesignator=C25
Change Component Designator: OldDesignator=C28 NewDesignator=C26
Change Component Designator: OldDesignator=C29 NewDesignator=C27
Change Component Designator: OldDesignator=C30 NewDesignator=C28
Change Component Designator: OldDesignator=C31 NewDesignator=C29
Change Component Designator: OldDesignator=C32 NewDesignator=C30
Change Component Designator: OldDesignator=C33 NewDesignator=C31
Change Component Designator: OldDesignator=C34 NewDesignator=C32
Change Component Designator: OldDesignator=C35 NewDesignator=C33
Change Component Designator: OldDesignator=C36 NewDesignator=C34
Change Component Designator: OldDesignator=C37 NewDesignator=C125
Change Component Designator: OldDesignator=C38 NewDesignator=C126
Change Component Designator: OldDesignator=C39 NewDesignator=C127
Change Component Designator: OldDesignator=C40 NewDesignator=C128
Change Component Designator: OldDesignator=C41 NewDesignator=C35
Change Component Designator: OldDesignator=C42 NewDesignator=C36
Change Component Designator: OldDesignator=C43 NewDesignator=C38
Change Component Designator: OldDesignator=C44 NewDesignator=C39
Change Component Designator: OldDesignator=C45 NewDesignator=C41
Change Component Designator: OldDesignator=C46 NewDesignator=C42
Change Component Designator: OldDesignator=C47 NewDesignator=C44
Change Component Designator: OldDesignator=C48 NewDesignator=C45
Change Component Designator: OldDesignator=C49 NewDesignator=C46
Change Component Designator: OldDesignator=C50 NewDesignator=C47
Change Component Designator: OldDesignator=C51 NewDesignator=C48
Change Component Designator: OldDesignator=C52 NewDesignator=C49
Change Component Designator: OldDesignator=C54 NewDesignator=C51
Change Component Designator: OldDesignator=C55 NewDesignator=C52
Change Component Designator: OldDesignator=C56 NewDesignator=C53
Change Component Designator: OldDesignator=C57 NewDesignator=C54
Change Component Designator: OldDesignator=C58 NewDesignator=C55
Change Component Designator: OldDesignator=C59 NewDesignator=C56
Change Component Designator: OldDesignator=C60 NewDesignator=C57
Change Component Designator: OldDesignator=C61 NewDesignator=C58
Change Component Designator: OldDesignator=C62 NewDesignator=C59
Change Component Designator: OldDesignator=C63 NewDesignator=C60
Change Component Designator: OldDesignator=C64 NewDesignator=C61
Change Component Designator: OldDesignator=C65 NewDesignator=C62
Change Component Designator: OldDesignator=C66 NewDesignator=C63
Change Component Designator: OldDesignator=C67 NewDesignator=C64
Change Component Designator: OldDesignator=C68 NewDesignator=C65
Change Component Designator: OldDesignator=C69 NewDesignator=C66
Change Component Designator: OldDesignator=C70 NewDesignator=C67
Change Component Designator: OldDesignator=C71 NewDesignator=C68
Change Component Designator: OldDesignator=C72 NewDesignator=C69
Change Component Designator: OldDesignator=C73 NewDesignator=C70
Change Component Designator: OldDesignator=C74 NewDesignator=C71
Change Component Designator: OldDesignator=C75 NewDesignator=C72
Change Component Designator: OldDesignator=C78 NewDesignator=C73
Change Component Designator: OldDesignator=C79 NewDesignator=C74
Change Component Designator: OldDesignator=C80 NewDesignator=C75
Change Component Designator: OldDesignator=C81 NewDesignator=C76
Change Component Designator: OldDesignator=C82 NewDesignator=C77
Change Component Designator: OldDesignator=C83 NewDesignator=C78
Change Component Designator: OldDesignator=C84 NewDesignator=C79
Change Component Designator: OldDesignator=C85 NewDesignator=C80
Change Component Designator: OldDesignator=C86 NewDesignator=C81
Change Component Designator: OldDesignator=C87 NewDesignator=C82
Change Component Designator: OldDesignator=C88 NewDesignator=C134
Change Component Designator: OldDesignator=C89 NewDesignator=C136
Change Component Designator: OldDesignator=C90 NewDesignator=C138
Change Component Designator: OldDesignator=C91 NewDesignator=C137
Change Component Designator: OldDesignator=C92 NewDesignator=C140
Change Component Designator: OldDesignator=C93 NewDesignator=C142
Change Component Designator: OldDesignator=C94 NewDesignator=C143
Change Component Designator: OldDesignator=C95 NewDesignator=C144
Change Component Designator: OldDesignator=C96 NewDesignator=C145
Change Component Designator: OldDesignator=C97 NewDesignator=C146
Change Component Designator: OldDesignator=C98 NewDesignator=C147
Change Component Designator: OldDesignator=C99 NewDesignator=C83
Change Component Designator: OldDesignator=C100 NewDesignator=C84
Change Component Designator: OldDesignator=C101 NewDesignator=C85
Change Component Designator: OldDesignator=C102 NewDesignator=C131
Change Component Designator: OldDesignator=C109 NewDesignator=C86
Change Component Designator: OldDesignator=C113 NewDesignator=C87
Change Component Designator: OldDesignator=C114 NewDesignator=C88
Change Component Designator: OldDesignator=C115 NewDesignator=C89
Change Component Designator: OldDesignator=C116 NewDesignator=C90
Change Component Designator: OldDesignator=C117 NewDesignator=C91
Change Component Designator: OldDesignator=C118 NewDesignator=C92
Change Component Designator: OldDesignator=C119 NewDesignator=C93
Change Component Designator: OldDesignator=C120 NewDesignator=C94
Change Component Designator: OldDesignator=C121 NewDesignator=C95
Change Component Designator: OldDesignator=C122 NewDesignator=C96
Change Component Designator: OldDesignator=C123 NewDesignator=C97
Change Component Designator: OldDesignator=C124 NewDesignator=C98
Change Component Designator: OldDesignator=C125 NewDesignator=C99
Change Component Designator: OldDesignator=C126 NewDesignator=C100
Change Component Designator: OldDesignator=C127 NewDesignator=C101
Change Component Designator: OldDesignator=C128 NewDesignator=C102
Change Component Designator: OldDesignator=C129 NewDesignator=C103
Change Component Designator: OldDesignator=C132 NewDesignator=C106
Change Component Designator: OldDesignator=C133 NewDesignator=C107
Change Component Designator: OldDesignator=C134 NewDesignator=C108
Change Component Designator: OldDesignator=C135 NewDesignator=C109
Change Component Designator: OldDesignator=C138 NewDesignator=C110
Change Component Designator: OldDesignator=C139 NewDesignator=C111
Change Component Designator: OldDesignator=C140 NewDesignator=C112
Change Component Designator: OldDesignator=C141 NewDesignator=C113
Change Component Designator: OldDesignator=C142 NewDesignator=C114
Change Component Designator: OldDesignator=C143 NewDesignator=C115
Change Component Designator: OldDesignator=C145 NewDesignator=C116
Change Component Designator: OldDesignator=C146 NewDesignator=C117
Change Component Designator: OldDesignator=D5 NewDesignator=D4
Change Component Designator: OldDesignator=D6 NewDesignator=D5
Change Component Designator: OldDesignator=D9 NewDesignator=D6
Change Component Designator: OldDesignator=D10 NewDesignator=D7
Change Component Designator: OldDesignator=D11 NewDesignator=D8
Change Component Designator: OldDesignator=D12 NewDesignator=D9
Change Component Designator: OldDesignator=D13 NewDesignator=D10
Change Component Designator: OldDesignator=D14 NewDesignator=D11
Change Component Designator: OldDesignator=D15 NewDesignator=D12
Change Component Designator: OldDesignator=D17 NewDesignator=D14
Change Component Designator: OldDesignator=D18 NewDesignator=D15
Change Component Designator: OldDesignator=D19 NewDesignator=D16
Change Component Designator: OldDesignator=D20 NewDesignator=D17
Change Component Designator: OldDesignator=D21 NewDesignator=D18
Change Component Designator: OldDesignator=D22 NewDesignator=D19
Change Component Designator: OldDesignator=D25 NewDesignator=D22
Change Component Designator: OldDesignator=FB5 NewDesignator=FB8
Change Component Designator: OldDesignator=FB6 NewDesignator=FB5
Change Component Designator: OldDesignator=J14 NewDesignator=J2
Change Component Designator: OldDesignator=Logo1 NewDesignator=Logo
Change Component Designator: OldDesignator=P102 NewDesignator=X8
Change Component Designator: OldDesignator=Q3 NewDesignator=Q2
Change Component Designator: OldDesignator=Q4 NewDesignator=Q3
Change Component Designator: OldDesignator=Q5 NewDesignator=Q4
Change Component Designator: OldDesignator=Q6 NewDesignator=Q5
Change Component Designator: OldDesignator=Q7 NewDesignator=Q6
Change Component Designator: OldDesignator=Q8 NewDesignator=Q7
Change Component Designator: OldDesignator=Q9 NewDesignator=Q8
Change Component Designator: OldDesignator=Q10 NewDesignator=Q9
Change Component Designator: OldDesignator=Q11 NewDesignator=Q10
Change Component Designator: OldDesignator=Q12 NewDesignator=Q11
Change Component Designator: OldDesignator=Q13 NewDesignator=Q12
Change Component Designator: OldDesignator=Q14 NewDesignator=Q13
Change Component Designator: OldDesignator=R4 NewDesignator=R10
Change Component Designator: OldDesignator=R5 NewDesignator=R8
Change Component Designator: OldDesignator=R6 NewDesignator=R9
Change Component Designator: OldDesignator=R7 NewDesignator=R11
Change Component Designator: OldDesignator=R8 NewDesignator=R12
Change Component Designator: OldDesignator=R9 NewDesignator=R13
Change Component Designator: OldDesignator=R10 NewDesignator=R16
Change Component Designator: OldDesignator=R11 NewDesignator=R17
Change Component Designator: OldDesignator=R12 NewDesignator=R18
Change Component Designator: OldDesignator=R13 NewDesignator=R19
Change Component Designator: OldDesignator=R14 NewDesignator=R20
Change Component Designator: OldDesignator=R15 NewDesignator=R21
Change Component Designator: OldDesignator=R16 NewDesignator=R22
Change Component Designator: OldDesignator=R17 NewDesignator=R23
Change Component Designator: OldDesignator=R18 NewDesignator=R24
Change Component Designator: OldDesignator=R19 NewDesignator=R25
Change Component Designator: OldDesignator=R21 NewDesignator=R26
Change Component Designator: OldDesignator=R22 NewDesignator=R27
Change Component Designator: OldDesignator=R23 NewDesignator=R28
Change Component Designator: OldDesignator=R24 NewDesignator=R29
Change Component Designator: OldDesignator=R25 NewDesignator=R30
Change Component Designator: OldDesignator=R26 NewDesignator=R31
Change Component Designator: OldDesignator=R27 NewDesignator=R32
Change Component Designator: OldDesignator=R28 NewDesignator=R33
Change Component Designator: OldDesignator=R33 NewDesignator=R34
Change Component Designator: OldDesignator=R34 NewDesignator=R35
Change Component Designator: OldDesignator=R35 NewDesignator=R36
Change Component Designator: OldDesignator=R36 NewDesignator=R37
Change Component Designator: OldDesignator=R38 NewDesignator=R39
Change Component Designator: OldDesignator=R39 NewDesignator=R40
Change Component Designator: OldDesignator=R40 NewDesignator=R41
Change Component Designator: OldDesignator=R41 NewDesignator=R42
Change Component Designator: OldDesignator=R42 NewDesignator=R43
Change Component Designator: OldDesignator=R43 NewDesignator=R44
Change Component Designator: OldDesignator=R44 NewDesignator=R45
Change Component Designator: OldDesignator=R45 NewDesignator=R46
Change Component Designator: OldDesignator=R46 NewDesignator=R47
Change Component Designator: OldDesignator=R47 NewDesignator=R48
Change Component Designator: OldDesignator=R48 NewDesignator=R49
Change Component Designator: OldDesignator=R49 NewDesignator=R50
Change Component Designator: OldDesignator=R50 NewDesignator=R51
Change Component Designator: OldDesignator=R51 NewDesignator=R52
Change Component Designator: OldDesignator=R52 NewDesignator=R53
Change Component Designator: OldDesignator=R53 NewDesignator=R54
Change Component Designator: OldDesignator=R54 NewDesignator=R55
Change Component Designator: OldDesignator=R55 NewDesignator=R56
Change Component Designator: OldDesignator=R56 NewDesignator=R57
Change Component Designator: OldDesignator=R57 NewDesignator=R58
Change Component Designator: OldDesignator=R58 NewDesignator=R59
Change Component Designator: OldDesignator=R59 NewDesignator=R60
Change Component Designator: OldDesignator=R60 NewDesignator=R152
Change Component Designator: OldDesignator=R61 NewDesignator=R153
Change Component Designator: OldDesignator=R62 NewDesignator=R61
Change Component Designator: OldDesignator=R63 NewDesignator=R62
Change Component Designator: OldDesignator=R64 NewDesignator=R63
Change Component Designator: OldDesignator=R67 NewDesignator=R64
Change Component Designator: OldDesignator=R68 NewDesignator=R65
Change Component Designator: OldDesignator=R69 NewDesignator=R66
Change Component Designator: OldDesignator=R70 NewDesignator=R67
Change Component Designator: OldDesignator=R75 NewDesignator=R70
Change Component Designator: OldDesignator=R76 NewDesignator=R71
Change Component Designator: OldDesignator=R77 NewDesignator=R73
Change Component Designator: OldDesignator=R78 NewDesignator=R74
Change Component Designator: OldDesignator=R79 NewDesignator=R76
Change Component Designator: OldDesignator=R80 NewDesignator=R77
Change Component Designator: OldDesignator=R81 NewDesignator=R78
Change Component Designator: OldDesignator=R82 NewDesignator=R79
Change Component Designator: OldDesignator=R83 NewDesignator=R80
Change Component Designator: OldDesignator=R84 NewDesignator=R81
Change Component Designator: OldDesignator=R85 NewDesignator=R82
Change Component Designator: OldDesignator=R86 NewDesignator=R83
Change Component Designator: OldDesignator=R87 NewDesignator=R84
Change Component Designator: OldDesignator=R88 NewDesignator=R85
Change Component Designator: OldDesignator=R89 NewDesignator=R86
Change Component Designator: OldDesignator=R90 NewDesignator=R87
Change Component Designator: OldDesignator=R91 NewDesignator=R88
Change Component Designator: OldDesignator=R97 NewDesignator=R146
Change Component Designator: OldDesignator=R98 NewDesignator=R94
Change Component Designator: OldDesignator=R99 NewDesignator=R95
Change Component Designator: OldDesignator=R100 NewDesignator=R96
Change Component Designator: OldDesignator=R101 NewDesignator=R97
Change Component Designator: OldDesignator=R102 NewDesignator=R98
Change Component Designator: OldDesignator=R103 NewDesignator=R99
Change Component Designator: OldDesignator=R104 NewDesignator=R100
Change Component Designator: OldDesignator=R105 NewDesignator=R101
Change Component Designator: OldDesignator=R106 NewDesignator=R102
Change Component Designator: OldDesignator=R107 NewDesignator=R103
Change Component Designator: OldDesignator=R108 NewDesignator=R104
Change Component Designator: OldDesignator=R109 NewDesignator=R105
Change Component Designator: OldDesignator=R111 NewDesignator=R106
Change Component Designator: OldDesignator=R112 NewDesignator=R107
Change Component Designator: OldDesignator=R113 NewDesignator=R108
Change Component Designator: OldDesignator=R114 NewDesignator=R109
Change Component Designator: OldDesignator=R115 NewDesignator=R110
Change Component Designator: OldDesignator=R116 NewDesignator=R111
Change Component Designator: OldDesignator=R117 NewDesignator=R112
Change Component Designator: OldDesignator=R118 NewDesignator=R113
Change Component Designator: OldDesignator=R119 NewDesignator=R114
Change Component Designator: OldDesignator=R120 NewDesignator=R115
Change Component Designator: OldDesignator=R121 NewDesignator=R116
Change Component Designator: OldDesignator=R122 NewDesignator=R117
Change Component Designator: OldDesignator=R123 NewDesignator=R118
Change Component Designator: OldDesignator=R124 NewDesignator=R119
Change Component Designator: OldDesignator=R125 NewDesignator=R120
Change Component Designator: OldDesignator=R126 NewDesignator=R121
Change Component Designator: OldDesignator=R127 NewDesignator=R122
Change Component Designator: OldDesignator=R128 NewDesignator=R123
Change Component Designator: OldDesignator=R131 NewDesignator=R159
Change Component Designator: OldDesignator=R132 NewDesignator=R124
Change Component Designator: OldDesignator=R133 NewDesignator=R125
Change Component Designator: OldDesignator=R134 NewDesignator=R126
Change Component Designator: OldDesignator=R135 NewDesignator=R127
Change Component Designator: OldDesignator=R136 NewDesignator=R128
Change Component Designator: OldDesignator=R137 NewDesignator=R129
Change Component Designator: OldDesignator=R138 NewDesignator=R130
Change Component Designator: OldDesignator=R139 NewDesignator=R131
Change Component Designator: OldDesignator=R140 NewDesignator=R156
Change Component Designator: OldDesignator=R141 NewDesignator=R157
Change Component Designator: OldDesignator=R142 NewDesignator=R158
Change Component Designator: OldDesignator=R158 NewDesignator=R132
Change Component Designator: OldDesignator=R159 NewDesignator=R133
Change Component Designator: OldDesignator=R160 NewDesignator=R134
Change Component Designator: OldDesignator=R161 NewDesignator=R135
Change Component Designator: OldDesignator=R162 NewDesignator=R136
Change Component Designator: OldDesignator=R163 NewDesignator=R137
Change Component Designator: OldDesignator=R164 NewDesignator=R138
Change Component Designator: OldDesignator=R165 NewDesignator=R139
Change Component Designator: OldDesignator=R166 NewDesignator=R140
Change Component Designator: OldDesignator=R167 NewDesignator=R141
Change Component Designator: OldDesignator=R168 NewDesignator=R142
Change Component Designator: OldDesignator=R169 NewDesignator=R143
Change Component Designator: OldDesignator=R170 NewDesignator=R144
Change Component Designator: OldDesignator=R171 NewDesignator=R145
Change Component Designator: OldDesignator=TP10 NewDesignator=TP6
Change Component Designator: OldDesignator=TP11 NewDesignator=TP7
Change Component Designator: OldDesignator=TP12 NewDesignator=TP8
Change Component Designator: OldDesignator=TP13 NewDesignator=TP9
Change Component Designator: OldDesignator=TP14 NewDesignator=TP10
Change Component Designator: OldDesignator=TP15 NewDesignator=TP11
Change Component Designator: OldDesignator=TP16 NewDesignator=TP12
Change Component Designator: OldDesignator=TP17 NewDesignator=TP13
Change Component Designator: OldDesignator=TP18 NewDesignator=TP14
Change Component Designator: OldDesignator=TP19 NewDesignator=TP15
Change Component Designator: OldDesignator=TP20 NewDesignator=TP16
Change Component Designator: OldDesignator=TP21 NewDesignator=TP17
Change Component Designator: OldDesignator=TP22 NewDesignator=TP18
Change Component Designator: OldDesignator=TP23 NewDesignator=TP19
Change Component Designator: OldDesignator=TP24 NewDesignator=TP20
Change Component Designator: OldDesignator=TP25 NewDesignator=TP21
Change Component Designator: OldDesignator=TP26 NewDesignator=TP22
Change Component Designator: OldDesignator=TP27 NewDesignator=TP23
Change Component Designator: OldDesignator=TP28 NewDesignator=TP24
Change Component Designator: OldDesignator=TP29 NewDesignator=TP25
Change Component Designator: OldDesignator=TP30 NewDesignator=TP26
Change Component Designator: OldDesignator=TP31 NewDesignator=TP27
Change Component Designator: OldDesignator=TP33 NewDesignator=TP28
Change Component Designator: OldDesignator=U5 NewDesignator=U6
Change Component Designator: OldDesignator=U6 NewDesignator=U7
Change Component Designator: OldDesignator=U7 NewDesignator=U8
Change Component Designator: OldDesignator=U8 NewDesignator=U9
Change Component Designator: OldDesignator=U9 NewDesignator=U10
Change Component Designator: OldDesignator=U10 NewDesignator=U11
Change Component Designator: OldDesignator=U11 NewDesignator=U12
Change Component Designator: OldDesignator=U12 NewDesignator=U14
Change Component Designator: OldDesignator=U13 NewDesignator=U15
Change Component Designator: OldDesignator=U14 NewDesignator=U16
Change Component Designator: OldDesignator=U15 NewDesignator=U17
Change Component Designator: OldDesignator=U16 NewDesignator=U18
Change Component Designator: OldDesignator=U17 NewDesignator=U19
Change Component Designator: OldDesignator=U18 NewDesignator=U20
Change Component Designator: OldDesignator=U19 NewDesignator=U21
Change Component Designator: OldDesignator=U20 NewDesignator=U22
Change Component Designator: OldDesignator=U21 NewDesignator=U23
Change Component Designator: OldDesignator=U22 NewDesignator=U24
Change Component Designator: OldDesignator=U23 NewDesignator=U25
Change Component Designator: OldDesignator=U24 NewDesignator=U26
Change Component Designator: OldDesignator=U25 NewDesignator=U43
Change Component Designator: OldDesignator=U26 NewDesignator=U41
Change Component Designator: OldDesignator=U30 NewDesignator=U27
Change Component Designator: OldDesignator=U32 NewDesignator=U28
Change Component Designator: OldDesignator=U33 NewDesignator=U29
Change Component Designator: OldDesignator=U34 NewDesignator=U30
Change Component Designator: OldDesignator=U35 NewDesignator=U31
Change Component Designator: OldDesignator=U36 NewDesignator=U32
Change Component Designator: OldDesignator=U37 NewDesignator=U33
Change Component Designator: OldDesignator=U38 NewDesignator=U34
Change Component Designator: OldDesignator=U40 NewDesignator=U35
Change Component Designator: OldDesignator=U42 NewDesignator=U36
Change Component Designator: OldDesignator=X6 NewDesignator=X4
Change Component Designator: OldDesignator=X7 NewDesignator=X5
Change component parameters: Designator = "NT3"; Footprint = "Net Tie 6x30mil"; UniqueID = "\WCAWGJWD\JATBLOIW"
Change component parameters. Clean all parameters for all variants
Change component parameters (AddParameter): Name = "ClassName"; Value = "Net Tie"; VariantName = "[No Variations]"
Change component parameters: Designator = "NT4"; Footprint = "Net Tie 6x30mil"; UniqueID = "\WCAWGJWD\FNMTFGDR"
Change component parameters. Clean all parameters for all variants
Change component parameters (AddParameter): Name = "ClassName"; Value = "Net Tie"; VariantName = "[No Variations]"
Change component parameters: Designator = "P20"; Footprint = "CONN_0545500571"; UniqueID = "\ILIVJWGN\WPFSHKNI"
Change component parameters. Clean all parameters for all variants
Change component parameters (AddParameter): Name = "Actuator Material"; Value = "Polyphenylene"; VariantName = "[No Variations]"
Change component parameters (AddParameter): Name = "ComponentLink1Description"; Value = "http://www.molex.com/webdocs/datasheets/pdf/en-us/0545500571_FFC_FPC_CONNECTORS.pdf?src-supplier=Avnet"; VariantName = "[No Variations]"
Change component parameters (AddParameter): Name = "ComponentLink1URL"; Value = "http://www.molex.com/webdocs/datasheets/pdf/en-us/0545500571_FFC_FPC_CONNECTORS.pdf?src-supplier=Avnet"; VariantName = "[No Variations]"
Change component parameters (AddParameter): Name = "Contact Material"; Value = "Bronze"; VariantName = "[No Variations]"
Change component parameters (AddParameter): Name = "Contact Plating"; Value = "Gold"; VariantName = "[No Variations]"
Change component parameters (AddParameter): Name = "Contact Resistance"; Value = "40mR"; VariantName = "[No Variations]"
Change component parameters (AddParameter): Name = "Current Rating"; Value = "500mA"; VariantName = "[No Variations]"
Change component parameters (AddParameter): Name = "Depth"; Value = "5mm"; VariantName = "[No Variations]"
Change component parameters (AddParameter): Name = "Flammability Rating"; Value = "UL94 V-0"; VariantName = "[No Variations]"
Change component parameters (AddParameter): Name = "Housing Material"; Value = "Polymer"; VariantName = "[No Variations]"
Change component parameters (AddParameter): Name = "Length"; Value = "7.7mm"; VariantName = "[No Variations]"
Change component parameters (AddParameter): Name = "Manufacturer"; Value = "Molex"; VariantName = "[No Variations]"
Change component parameters (AddParameter): Name = "Manufacturer Part Number"; Value = "0545500571"; VariantName = "[No Variations]"
Change component parameters (AddParameter): Name = "Max Operating Temperature"; Value = "85°C"; VariantName = "[No Variations]"
Change component parameters (AddParameter): Name = "Min Operating Temperature"; Value = "-20°C"; VariantName = "[No Variations]"
Change component parameters (AddParameter): Name = "Mount"; Value = "Surface Mount"; VariantName = "[No Variations]"
Change component parameters (AddParameter): Name = "Number of Positions"; Value = "5"; VariantName = "[No Variations]"
Change component parameters (AddParameter): Name = "Number of Rows"; Value = "1"; VariantName = "[No Variations]"
Change component parameters (AddParameter): Name = "Orientation"; Value = "Right Angle"; VariantName = "[No Variations]"
Change component parameters (AddParameter): Name = "Package Quantity"; Value = "1"; VariantName = "[No Variations]"
Change component parameters (AddParameter): Name = "Packaging"; Value = "Tape and Reel"; VariantName = "[No Variations]"
Change component parameters (AddParameter): Name = "pin_1"; Value = "SCL"; VariantName = "[No Variations]"
Change component parameters (AddParameter): Name = "pin_2"; Value = "SDA"; VariantName = "[No Variations]"
Change component parameters (AddParameter): Name = "pin_3"; Value = "VDD"; VariantName = "[No Variations]"
Change component parameters (AddParameter): Name = "pin_4"; Value = "GPIO"; VariantName = "[No Variations]"
Change component parameters (AddParameter): Name = "pin_5"; Value = "GND"; VariantName = "[No Variations]"
Change component parameters (AddParameter): Name = "pin_MP1"; Value = "MP"; VariantName = "[No Variations]"
Change component parameters (AddParameter): Name = "pin_MP2"; Value = "MP"; VariantName = "[No Variations]"
Change component parameters (AddParameter): Name = "Pitch"; Value = "0.02inch"; VariantName = "[No Variations]"
Change component parameters (AddParameter): Name = "Pricing 1"; Value = "1=0.98, 10=0.808, 100=0.673, 1000=0.5384 (USD)"; VariantName = "[No Variations]"
Change component parameters (AddParameter): Name = "Radiation Hardening"; Value = "No"; VariantName = "[No Variations]"
Change component parameters (AddParameter): Name = "Stock 1"; Value = "20865"; VariantName = "[No Variations]"
Change component parameters (AddParameter): Name = "Supplier 1"; Value = "Digi-Key"; VariantName = "[No Variations]"
Change component parameters (AddParameter): Name = "Supplier Part Number 1"; Value = "WM8824CT-ND"; VariantName = "[No Variations]"
Change component parameters (AddParameter): Name = "Termination"; Value = "Solder"; VariantName = "[No Variations]"
Change component parameters (AddParameter): Name = "Voltage Rating"; Value = "50V"; VariantName = "[No Variations]"
Change component parameters (AddParameter): Name = "Wire/Cable Type"; Value = "Straight"; VariantName = "[No Variations]"
Change component parameters: Designator = "P28"; Footprint = "CONN_0545500571"; UniqueID = "\ILIVJWGN\TDFTAPBA"
Change component parameters. Clean all parameters for all variants
Change component parameters (AddParameter): Name = "Actuator Material"; Value = "Polyphenylene"; VariantName = "[No Variations]"
Change component parameters (AddParameter): Name = "ComponentLink1Description"; Value = "http://www.molex.com/webdocs/datasheets/pdf/en-us/0545500571_FFC_FPC_CONNECTORS.pdf?src-supplier=Avnet"; VariantName = "[No Variations]"
Change component parameters (AddParameter): Name = "ComponentLink1URL"; Value = "http://www.molex.com/webdocs/datasheets/pdf/en-us/0545500571_FFC_FPC_CONNECTORS.pdf?src-supplier=Avnet"; VariantName = "[No Variations]"
Change component parameters (AddParameter): Name = "Contact Material"; Value = "Bronze"; VariantName = "[No Variations]"
Change component parameters (AddParameter): Name = "Contact Plating"; Value = "Gold"; VariantName = "[No Variations]"
Change component parameters (AddParameter): Name = "Contact Resistance"; Value = "40mR"; VariantName = "[No Variations]"
Change component parameters (AddParameter): Name = "Current Rating"; Value = "500mA"; VariantName = "[No Variations]"
Change component parameters (AddParameter): Name = "Depth"; Value = "5mm"; VariantName = "[No Variations]"
Change component parameters (AddParameter): Name = "Flammability Rating"; Value = "UL94 V-0"; VariantName = "[No Variations]"
Change component parameters (AddParameter): Name = "Housing Material"; Value = "Polymer"; VariantName = "[No Variations]"
Change component parameters (AddParameter): Name = "Length"; Value = "7.7mm"; VariantName = "[No Variations]"
Change component parameters (AddParameter): Name = "Manufacturer"; Value = "Molex"; VariantName = "[No Variations]"
Change component parameters (AddParameter): Name = "Manufacturer Part Number"; Value = "0545500571"; VariantName = "[No Variations]"
Change component parameters (AddParameter): Name = "Max Operating Temperature"; Value = "85°C"; VariantName = "[No Variations]"
Change component parameters (AddParameter): Name = "Min Operating Temperature"; Value = "-20°C"; VariantName = "[No Variations]"
Change component parameters (AddParameter): Name = "Mount"; Value = "Surface Mount"; VariantName = "[No Variations]"
Change component parameters (AddParameter): Name = "Number of Positions"; Value = "5"; VariantName = "[No Variations]"
Change component parameters (AddParameter): Name = "Number of Rows"; Value = "1"; VariantName = "[No Variations]"
Change component parameters (AddParameter): Name = "Orientation"; Value = "Right Angle"; VariantName = "[No Variations]"
Change component parameters (AddParameter): Name = "Package Quantity"; Value = "1"; VariantName = "[No Variations]"
Change component parameters (AddParameter): Name = "Packaging"; Value = "Tape and Reel"; VariantName = "[No Variations]"
Change component parameters (AddParameter): Name = "pin_1"; Value = "SCL"; VariantName = "[No Variations]"
Change component parameters (AddParameter): Name = "pin_2"; Value = "SDA"; VariantName = "[No Variations]"
Change component parameters (AddParameter): Name = "pin_3"; Value = "VDD"; VariantName = "[No Variations]"
Change component parameters (AddParameter): Name = "pin_4"; Value = "GPIO"; VariantName = "[No Variations]"
Change component parameters (AddParameter): Name = "pin_5"; Value = "GND"; VariantName = "[No Variations]"
Change component parameters (AddParameter): Name = "pin_MP1"; Value = "MP"; VariantName = "[No Variations]"
Change component parameters (AddParameter): Name = "pin_MP2"; Value = "MP"; VariantName = "[No Variations]"
Change component parameters (AddParameter): Name = "Pitch"; Value = "0.02inch"; VariantName = "[No Variations]"
Change component parameters (AddParameter): Name = "Pricing 1"; Value = "1=0.98, 10=0.808, 100=0.673, 1000=0.5384 (USD)"; VariantName = "[No Variations]"
Change component parameters (AddParameter): Name = "Radiation Hardening"; Value = "No"; VariantName = "[No Variations]"
Change component parameters (AddParameter): Name = "Stock 1"; Value = "20865"; VariantName = "[No Variations]"
Change component parameters (AddParameter): Name = "Supplier 1"; Value = "Digi-Key"; VariantName = "[No Variations]"
Change component parameters (AddParameter): Name = "Supplier Part Number 1"; Value = "WM8824CT-ND"; VariantName = "[No Variations]"
Change component parameters (AddParameter): Name = "Termination"; Value = "Solder"; VariantName = "[No Variations]"
Change component parameters (AddParameter): Name = "Voltage Rating"; Value = "50V"; VariantName = "[No Variations]"
Change component parameters (AddParameter): Name = "Wire/Cable Type"; Value = "Straight"; VariantName = "[No Variations]"
Change component parameters: Designator = "U41"; Footprint = "W-PDFN-8_8X6_P127"; UniqueID = "\THTWBCTS\HLKZFSKQ"
Change component parameters. Clean all parameters for all variants
Change component parameters (AddParameter): Name = "Interface"; Value = "SPI,Serial"; VariantName = "[No Variations]"
Change component parameters (AddParameter): Name = "Manufacturer"; Value = "Micron Technology"; VariantName = "[No Variations]"
Change component parameters (AddParameter): Name = "Manufacturer Part Number"; Value = "MT29F1G01ABAFDWB-IT:F TR"; VariantName = "[No Variations]"
Change component parameters (AddParameter): Name = "Max Operating Temperature"; Value = "85°C"; VariantName = "[No Variations]"
Change component parameters (AddParameter): Name = "Memory Type"; Value = "FLASH,NAND"; VariantName = "[No Variations]"
Change component parameters (AddParameter): Name = "Min Operating Temperature"; Value = "-40°C"; VariantName = "[No Variations]"
Change component parameters (AddParameter): Name = "Number of Pins"; Value = "8"; VariantName = "[No Variations]"
Change component parameters (AddParameter): Name = "Packaging"; Value = "Tape and Reel"; VariantName = "[No Variations]"
Change component parameters (AddParameter): Name = "Pricing 1"; Value = "1=2.68, 10=2.414, 25=2.3768, 50=2.3704, 100=2.1181, 250=2.0485, 500=2.041, 1000=1.9006 (USD)"; VariantName = "[No Variations]"
Change component parameters (AddParameter): Name = "Stock 1"; Value = "2188"; VariantName = "[No Variations]"
Change component parameters (AddParameter): Name = "Supplier 1"; Value = "Digi-Key"; VariantName = "[No Variations]"
Change component parameters (AddParameter): Name = "Supplier Part Number 1"; Value = "557-1654-1-ND"; VariantName = "[No Variations]"
Change component parameters: Designator = "ESP32_MOD"; Footprint = "MODULE_ESP32-C3-MINI-1"; UniqueID = "\SGENAOIC\TNGTRFLA\PEVBHHLE"
Change component parameters. Clean all parameters for all variants
Change component parameters (AddParameter): Name = "Manufacturer"; Value = "Espressif Systems"; VariantName = "[No Variations]"
Change component parameters (AddParameter): Name = "Manufacturer Part Number"; Value = "ESP32-C3-MINI-1-H4"; VariantName = "[No Variations]"
Change component parameters (AddParameter): Name = "Pricing 1"; Value = "1=1.9, 10=1.9, 50=1.9, 100=1.9, 1000=1.9, 10000=1.9 (USD)"; VariantName = "[No Variations]"
Change component parameters (AddParameter): Name = "Stock 1"; Value = "0"; VariantName = "[No Variations]"
Change component parameters (AddParameter): Name = "Supplier 1"; Value = "Mouser"; VariantName = "[No Variations]"
Change component parameters (AddParameter): Name = "Supplier Part Number 1"; Value = "356-ESP32-C3-MINI1H4"; VariantName = "[No Variations]"
Change component parameters: Designator = "R149"; Footprint = "R_0402"; UniqueID = "\WCAWGJWD\CCWLWNAV\APCATGDR"
Change component parameters. Clean all parameters for all variants
Change component parameters (AddParameter): Name = "Case/Package"; Value = "0402"; VariantName = "[No Variations]"
Change component parameters (AddParameter): Name = "Case Code (Imperial)"; Value = "0402"; VariantName = "[No Variations]"
Change component parameters (AddParameter): Name = "Case Code (Metric)"; Value = "1005"; VariantName = "[No Variations]"
Change component parameters (AddParameter): Name = "ComponentLink1Description"; Value = "http://www.yageo.com/documents/recent/PYu-RC0402_51_RoHS_L_6.pdf?src-supplier=Avnet+Europe"; VariantName = "[No Variations]"
Change component parameters (AddParameter): Name = "ComponentLink1URL"; Value = "http://www.yageo.com/documents/recent/PYu-RC0402_51_RoHS_L_6.pdf?src-supplier=Avnet+Europe"; VariantName = "[No Variations]"
Change component parameters (AddParameter): Name = "ComponentLink2Description"; Value = "http://www.yageo.com/documents/recent/PYu-RC0402_51_RoHS_L_6_r.pdf?src-supplier=Future+Electronics"; VariantName = "[No Variations]"
Change component parameters (AddParameter): Name = "ComponentLink2URL"; Value = "http://www.yageo.com/documents/recent/PYu-RC0402_51_RoHS_L_6_r.pdf?src-supplier=Future+Electronics"; VariantName = "[No Variations]"
Change component parameters (AddParameter): Name = "ComponentLink3Description"; Value = "http://www.yageo.com/documents/recent/PYu-RC0402_51_RoHS_L_6.pdf?src-supplier=Avnet"; VariantName = "[No Variations]"
Change component parameters (AddParameter): Name = "ComponentLink3URL"; Value = "http://www.yageo.com/documents/recent/PYu-RC0402_51_RoHS_L_6.pdf?src-supplier=Avnet"; VariantName = "[No Variations]"
Change component parameters (AddParameter): Name = "Composition"; Value = "Thick Film"; VariantName = "[No Variations]"
Change component parameters (AddParameter): Name = "Contact Plating"; Value = "Tin,Matte"; VariantName = "[No Variations]"
Change component parameters (AddParameter): Name = "Depth"; Value = "0.5mm"; VariantName = "[No Variations]"
Change component parameters (AddParameter): Name = "Features"; Value = "Moisture Resistant"; VariantName = "[No Variations]"
Change component parameters (AddParameter): Name = "Height"; Value = "0.016inch"; VariantName = "[No Variations]"
Change component parameters (AddParameter): Name = "Lead Free"; Value = "Lead Free"; VariantName = "[No Variations]"
Change component parameters (AddParameter): Name = "Length"; Value = "1mm"; VariantName = "[No Variations]"
Change component parameters (AddParameter): Name = "Manufacturer"; Value = "Yageo"; VariantName = "[No Variations]"
Change component parameters (AddParameter): Name = "Manufacturer Part Number"; Value = "RC0402FR-0763K4L"; VariantName = "[No Variations]"
Change component parameters (AddParameter): Name = "Max Operating Temperature"; Value = "155°C"; VariantName = "[No Variations]"
Change component parameters (AddParameter): Name = "Max Power Dissipation"; Value = "63mW"; VariantName = "[No Variations]"
Change component parameters (AddParameter): Name = "Military Standard"; Value = "Not"; VariantName = "[No Variations]"
Change component parameters (AddParameter): Name = "Min Operating Temperature"; Value = "-55°C"; VariantName = "[No Variations]"
Change component parameters (AddParameter): Name = "Number of Terminations"; Value = "2"; VariantName = "[No Variations]"
Change component parameters (AddParameter): Name = "Packaging"; Value = "Tape and Reel"; VariantName = "[No Variations]"
Change component parameters (AddParameter): Name = "Power Rating"; Value = "62.5mW"; VariantName = "[No Variations]"
Change component parameters (AddParameter): Name = "Pricing 1"; Value = "1=0.1, 10=0.015, 100=0.0062, 1000=0.0028, 2500=0.0024, 5000=0.002 (USD)"; VariantName = "[No Variations]"
Change component parameters (AddParameter): Name = "Resistance"; Value = "63.4kR"; VariantName = "[No Variations]"
Change component parameters (AddParameter): Name = "Stock 1"; Value = "453897"; VariantName = "[No Variations]"
Change component parameters (AddParameter): Name = "Supplier 1"; Value = "Digi-Key"; VariantName = "[No Variations]"
Change component parameters (AddParameter): Name = "Supplier Part Number 1"; Value = "YAG3204CT-ND"; VariantName = "[No Variations]"
Change component parameters (AddParameter): Name = "Temperature Coefficient"; Value = "100ppm/°C"; VariantName = "[No Variations]"
Change component parameters (AddParameter): Name = "Termination"; Value = "SMD/SMT"; VariantName = "[No Variations]"
Change component parameters (AddParameter): Name = "Tolerance"; Value = "1%"; VariantName = "[No Variations]"
Change component parameters (AddParameter): Name = "Voltage Rating"; Value = "50V"; VariantName = "[No Variations]"
Change component parameters (AddParameter): Name = "Width"; Value = "0.02inch"; VariantName = "[No Variations]"
Change component parameters: Designator = "C125"; Footprint = "C0402"; UniqueID = "\SGENAOIC\TNGTRFLA\LOAICJUG"
Change component parameters. Clean all parameters for all variants
Change component parameters (AddParameter): Name = "Capacitance"; Value = "1uF"; VariantName = "[No Variations]"
Change component parameters (AddParameter): Name = "Case/Package"; Value = "0402"; VariantName = "[No Variations]"
Change component parameters (AddParameter): Name = "Case Code (Imperial)"; Value = "0402"; VariantName = "[No Variations]"
Change component parameters (AddParameter): Name = "Case Code (Metric)"; Value = "1005"; VariantName = "[No Variations]"
Change component parameters (AddParameter): Name = "ComponentLink1Description"; Value = "http://www.yageo.com/documents/recent/UPY-GPHC_X5R_4V-to-50V_12.pdf?src-supplier=Avnet+Europe"; VariantName = "[No Variations]"
Change component parameters (AddParameter): Name = "ComponentLink1URL"; Value = "http://www.yageo.com/documents/recent/UPY-GPHC_X5R_4V-to-50V_12.pdf?src-supplier=Avnet+Europe"; VariantName = "[No Variations]"
Change component parameters (AddParameter): Name = "Composition"; Value = "Ceramic"; VariantName = "[No Variations]"
Change component parameters (AddParameter): Name = "Depth"; Value = "0.5mm"; VariantName = "[No Variations]"
Change component parameters (AddParameter): Name = "Dielectric"; Value = "X5R"; VariantName = "[No Variations]"
Change component parameters (AddParameter): Name = "Halogen Free"; Value = "Halogen Free"; VariantName = "[No Variations]"
Change component parameters (AddParameter): Name = "Height"; Value = "0.5mm"; VariantName = "[No Variations]"
Change component parameters (AddParameter): Name = "Lead Free"; Value = "Lead Free"; VariantName = "[No Variations]"
Change component parameters (AddParameter): Name = "Length"; Value = "1mm"; VariantName = "[No Variations]"
Change component parameters (AddParameter): Name = "Manufacturer"; Value = "Yageo"; VariantName = "[No Variations]"
Change component parameters (AddParameter): Name = "Manufacturer Part Number"; Value = "CC0402KRX5R7BB105"; VariantName = "[No Variations]"
Change component parameters (AddParameter): Name = "Max Operating Temperature"; Value = "85°C"; VariantName = "[No Variations]"
Change component parameters (AddParameter): Name = "Min Operating Temperature"; Value = "-55°C"; VariantName = "[No Variations]"
Change component parameters (AddParameter): Name = "Mount"; Value = "Surface Mount"; VariantName = "[No Variations]"
Change component parameters (AddParameter): Name = "Packaging"; Value = "Tape and Reel"; VariantName = "[No Variations]"
Change component parameters (AddParameter): Name = "Pricing 1"; Value = "1=0.4, 10=0.278, 100=0.167, 500=0.1253, 1000=0.1058, 2500=0.1002, 5000=0.0947 (USD)"; VariantName = "[No Variations]"
Change component parameters (AddParameter): Name = "Radiation Hardening"; Value = "No"; VariantName = "[No Variations]"
Change component parameters (AddParameter): Name = "Stock 1"; Value = "1114963"; VariantName = "[No Variations]"
Change component parameters (AddParameter): Name = "Supplier 1"; Value = "Digi-Key"; VariantName = "[No Variations]"
Change component parameters (AddParameter): Name = "Supplier Part Number 1"; Value = "311-1691-1-ND"; VariantName = "[No Variations]"
Change component parameters (AddParameter): Name = "Termination"; Value = "SMD/SMT"; VariantName = "[No Variations]"
Change component parameters (AddParameter): Name = "Thickness"; Value = "0.022inch"; VariantName = "[No Variations]"
Change component parameters (AddParameter): Name = "Tolerance"; Value = "10%"; VariantName = "[No Variations]"
Change component parameters (AddParameter): Name = "Voltage Rating"; Value = "16V"; VariantName = "[No Variations]"
Change component parameters (AddParameter): Name = "Voltage Rating (DC)"; Value = "16V"; VariantName = "[No Variations]"
Change component parameters (AddParameter): Name = "Weight"; Value = "2.3E-05oz"; VariantName = "[No Variations]"
Change component parameters (AddParameter): Name = "Width"; Value = "0.02inch"; VariantName = "[No Variations]"
Change component parameters: Designator = "R150"; Footprint = "0402R"; UniqueID = "\WCAWGJWD\CCWLWNAV\YGEAITFC"
Change component parameters. Clean all parameters for all variants
Change component parameters (AddParameter): Name = "Case/Package"; Value = "0402"; VariantName = "[No Variations]"
Change component parameters (AddParameter): Name = "Case Code (Imperial)"; Value = "0402"; VariantName = "[No Variations]"
Change component parameters (AddParameter): Name = "Case Code (Metric)"; Value = "1005"; VariantName = "[No Variations]"
Change component parameters (AddParameter): Name = "ComponentLink1Description"; Value = "http://www.yageo.com/documents/recent/PYu-RC_Group_51_RoHS_L_10.pdf?src-supplier=Digi-Key"; VariantName = "[No Variations]"
Change component parameters (AddParameter): Name = "ComponentLink1URL"; Value = "http://www.yageo.com/documents/recent/PYu-RC_Group_51_RoHS_L_10.pdf?src-supplier=Digi-Key"; VariantName = "[No Variations]"
Change component parameters (AddParameter): Name = "ComponentLink2Description"; Value = "http://www.farnell.com/datasheets/1018594.pdf?src-supplier=Element14"; VariantName = "[No Variations]"
Change component parameters (AddParameter): Name = "ComponentLink2URL"; Value = "http://www.farnell.com/datasheets/1018594.pdf?src-supplier=Element14"; VariantName = "[No Variations]"
Change component parameters (AddParameter): Name = "ComponentLink3Description"; Value = "http://www.yageo.com/documents/recent/PYu-RC_Group_51_RoHS_L_9.pdf?src-supplier=Verical"; VariantName = "[No Variations]"
Change component parameters (AddParameter): Name = "ComponentLink3URL"; Value = "http://www.yageo.com/documents/recent/PYu-RC_Group_51_RoHS_L_9.pdf?src-supplier=Verical"; VariantName = "[No Variations]"
Change component parameters (AddParameter): Name = "ComponentLink4Description"; Value = "http://www.yageo.com/documents/recent/PYu-RC_Group_51_RoHS_L_9.pdf?src-supplier=Mouser"; VariantName = "[No Variations]"
Change component parameters (AddParameter): Name = "ComponentLink4URL"; Value = "http://www.yageo.com/documents/recent/PYu-RC_Group_51_RoHS_L_9.pdf?src-supplier=Mouser"; VariantName = "[No Variations]"
Change component parameters (AddParameter): Name = "ComponentLink5Description"; Value = "http://documents.rs-components.com/techlib://itc_doclist_GB.htm?stockno=6185797&src-supplier=RSComponents"; VariantName = "[No Variations]"
Change component parameters (AddParameter): Name = "ComponentLink5URL"; Value = "http://documents.rs-components.com/techlib://itc_doclist_GB.htm?stockno=6185797&src-supplier=RSComponents"; VariantName = "[No Variations]"
Change component parameters (AddParameter): Name = "Composition"; Value = "Thick Film"; VariantName = "[No Variations]"
Change component parameters (AddParameter): Name = "Depth"; Value = "0.5mm"; VariantName = "[No Variations]"
Change component parameters (AddParameter): Name = "Features"; Value = "Moisture Resistant"; VariantName = "[No Variations]"
Change component parameters (AddParameter): Name = "Height"; Value = "0.016inch"; VariantName = "[No Variations]"
Change component parameters (AddParameter): Name = "Lead Free"; Value = "Lead Free"; VariantName = "[No Variations]"
Change component parameters (AddParameter): Name = "Length"; Value = "0.039inch"; VariantName = "[No Variations]"
Change component parameters (AddParameter): Name = "Manufacturer"; Value = "Yageo"; VariantName = "[No Variations]"
Change component parameters (AddParameter): Name = "Manufacturer Part Number"; Value = "RC0402FR-07100KL"; VariantName = "[No Variations]"
Change component parameters (AddParameter): Name = "Max Operating Temperature"; Value = "155°C"; VariantName = "[No Variations]"
Change component parameters (AddParameter): Name = "Max Power Dissipation"; Value = "63mW"; VariantName = "[No Variations]"
Change component parameters (AddParameter): Name = "Military Standard"; Value = "Not"; VariantName = "[No Variations]"
Change component parameters (AddParameter): Name = "Min Operating Temperature"; Value = "-55°C"; VariantName = "[No Variations]"
Change component parameters (AddParameter): Name = "Number of Terminations"; Value = "2"; VariantName = "[No Variations]"
Change component parameters (AddParameter): Name = "Package Quantity"; Value = "1"; VariantName = "[No Variations]"
Change component parameters (AddParameter): Name = "Packaging"; Value = "Tape and Reel"; VariantName = "[No Variations]"
Change component parameters (AddParameter): Name = "Power Rating"; Value = "63mW"; VariantName = "[No Variations]"
Change component parameters (AddParameter): Name = "Pricing 1"; Value = "1=0.1, 10=0.016, 100=0.0064, 1000=0.0029, 2500=0.0025, 5000=0.0021 (USD)"; VariantName = "[No Variations]"
Change component parameters (AddParameter): Name = "REACH SVHC"; Value = "No SVHC"; VariantName = "[No Variations]"
Change component parameters (AddParameter): Name = "Resistance"; Value = "100 kOhm"; VariantName = "[No Variations]"
Change component parameters (AddParameter): Name = "Stock 1"; Value = "47448883"; VariantName = "[No Variations]"
Change component parameters (AddParameter): Name = "Supplier 1"; Value = "Digi-Key"; VariantName = "[No Variations]"
Change component parameters (AddParameter): Name = "Supplier Part Number 1"; Value = "311-100KLRDKR-ND"; VariantName = "[No Variations]"
Change component parameters (AddParameter): Name = "Temperature Coefficient"; Value = "100ppm/°C"; VariantName = "[No Variations]"
Change component parameters (AddParameter): Name = "Termination"; Value = "SMD/SMT"; VariantName = "[No Variations]"
Change component parameters (AddParameter): Name = "Tolerance"; Value = "1%"; VariantName = "[No Variations]"
Change component parameters (AddParameter): Name = "Voltage Rating"; Value = "50V"; VariantName = "[No Variations]"
Change component parameters (AddParameter): Name = "Width"; Value = "0.02inch"; VariantName = "[No Variations]"
Change component parameters (AddParameter): Name = "Working Voltage"; Value = "50V"; VariantName = "[No Variations]"
Change component parameters: Designator = "R151"; Footprint = "0402R"; UniqueID = "\WCAWGJWD\CCWLWNAV\GDWFPHJW"
Change component parameters. Clean all parameters for all variants
Change component parameters (AddParameter): Name = "Case/Package"; Value = "0402"; VariantName = "[No Variations]"
Change component parameters (AddParameter): Name = "Case Code (Imperial)"; Value = "0402"; VariantName = "[No Variations]"
Change component parameters (AddParameter): Name = "Case Code (Metric)"; Value = "1005"; VariantName = "[No Variations]"
Change component parameters (AddParameter): Name = "ComponentLink1Description"; Value = "http://www.yageo.com/documents/recent/PYu-RC_Group_51_RoHS_L_10.pdf?src-supplier=Digi-Key"; VariantName = "[No Variations]"
Change component parameters (AddParameter): Name = "ComponentLink1URL"; Value = "http://www.yageo.com/documents/recent/PYu-RC_Group_51_RoHS_L_10.pdf?src-supplier=Digi-Key"; VariantName = "[No Variations]"
Change component parameters (AddParameter): Name = "ComponentLink2Description"; Value = "http://www.farnell.com/datasheets/1018594.pdf?src-supplier=Element14"; VariantName = "[No Variations]"
Change component parameters (AddParameter): Name = "ComponentLink2URL"; Value = "http://www.farnell.com/datasheets/1018594.pdf?src-supplier=Element14"; VariantName = "[No Variations]"
Change component parameters (AddParameter): Name = "ComponentLink3Description"; Value = "http://www.yageo.com/documents/recent/PYu-RC_Group_51_RoHS_L_9.pdf?src-supplier=Verical"; VariantName = "[No Variations]"
Change component parameters (AddParameter): Name = "ComponentLink3URL"; Value = "http://www.yageo.com/documents/recent/PYu-RC_Group_51_RoHS_L_9.pdf?src-supplier=Verical"; VariantName = "[No Variations]"
Change component parameters (AddParameter): Name = "ComponentLink4Description"; Value = "http://www.yageo.com/documents/recent/PYu-RC_Group_51_RoHS_L_9.pdf?src-supplier=Mouser"; VariantName = "[No Variations]"
Change component parameters (AddParameter): Name = "ComponentLink4URL"; Value = "http://www.yageo.com/documents/recent/PYu-RC_Group_51_RoHS_L_9.pdf?src-supplier=Mouser"; VariantName = "[No Variations]"
Change component parameters (AddParameter): Name = "ComponentLink5Description"; Value = "http://documents.rs-components.com/techlib://itc_doclist_GB.htm?stockno=6185797&src-supplier=RSComponents"; VariantName = "[No Variations]"
Change component parameters (AddParameter): Name = "ComponentLink5URL"; Value = "http://documents.rs-components.com/techlib://itc_doclist_GB.htm?stockno=6185797&src-supplier=RSComponents"; VariantName = "[No Variations]"
Change component parameters (AddParameter): Name = "Composition"; Value = "Thick Film"; VariantName = "[No Variations]"
Change component parameters (AddParameter): Name = "Depth"; Value = "0.5mm"; VariantName = "[No Variations]"
Change component parameters (AddParameter): Name = "Features"; Value = "Moisture Resistant"; VariantName = "[No Variations]"
Change component parameters (AddParameter): Name = "Height"; Value = "0.016inch"; VariantName = "[No Variations]"
Change component parameters (AddParameter): Name = "Lead Free"; Value = "Lead Free"; VariantName = "[No Variations]"
Change component parameters (AddParameter): Name = "Length"; Value = "0.039inch"; VariantName = "[No Variations]"
Change component parameters (AddParameter): Name = "Manufacturer"; Value = "Yageo"; VariantName = "[No Variations]"
Change component parameters (AddParameter): Name = "Manufacturer Part Number"; Value = "RC0402FR-07100KL"; VariantName = "[No Variations]"
Change component parameters (AddParameter): Name = "Max Operating Temperature"; Value = "155°C"; VariantName = "[No Variations]"
Change component parameters (AddParameter): Name = "Max Power Dissipation"; Value = "63mW"; VariantName = "[No Variations]"
Change component parameters (AddParameter): Name = "Military Standard"; Value = "Not"; VariantName = "[No Variations]"
Change component parameters (AddParameter): Name = "Min Operating Temperature"; Value = "-55°C"; VariantName = "[No Variations]"
Change component parameters (AddParameter): Name = "Number of Terminations"; Value = "2"; VariantName = "[No Variations]"
Change component parameters (AddParameter): Name = "Package Quantity"; Value = "1"; VariantName = "[No Variations]"
Change component parameters (AddParameter): Name = "Packaging"; Value = "Tape and Reel"; VariantName = "[No Variations]"
Change component parameters (AddParameter): Name = "Power Rating"; Value = "63mW"; VariantName = "[No Variations]"
Change component parameters (AddParameter): Name = "Pricing 1"; Value = "1=0.1, 10=0.016, 100=0.0064, 1000=0.0029, 2500=0.0025, 5000=0.0021 (USD)"; VariantName = "[No Variations]"
Change component parameters (AddParameter): Name = "REACH SVHC"; Value = "No SVHC"; VariantName = "[No Variations]"
Change component parameters (AddParameter): Name = "Resistance"; Value = "100 kOhm"; VariantName = "[No Variations]"
Change component parameters (AddParameter): Name = "Stock 1"; Value = "47448883"; VariantName = "[No Variations]"
Change component parameters (AddParameter): Name = "Supplier 1"; Value = "Digi-Key"; VariantName = "[No Variations]"
Change component parameters (AddParameter): Name = "Supplier Part Number 1"; Value = "311-100KLRDKR-ND"; VariantName = "[No Variations]"
Change component parameters (AddParameter): Name = "Temperature Coefficient"; Value = "100ppm/°C"; VariantName = "[No Variations]"
Change component parameters (AddParameter): Name = "Termination"; Value = "SMD/SMT"; VariantName = "[No Variations]"
Change component parameters (AddParameter): Name = "Tolerance"; Value = "1%"; VariantName = "[No Variations]"
Change component parameters (AddParameter): Name = "Voltage Rating"; Value = "50V"; VariantName = "[No Variations]"
Change component parameters (AddParameter): Name = "Width"; Value = "0.02inch"; VariantName = "[No Variations]"
Change component parameters (AddParameter): Name = "Working Voltage"; Value = "50V"; VariantName = "[No Variations]"
Change component parameters: Designator = "U39"; Footprint = "MIC_IM69D130V01XTSA1"; UniqueID = "\WCAWGJWD\1JUGNYYPH\UWSMLWXP"
Change component parameters. Clean all parameters for all variants
Change component parameters (AddParameter): Name = "ComponentLink1Description"; Value = "http://www.farnell.com/datasheets/2718732.pdf?src-supplier=Newark"; VariantName = "[No Variations]"
Change component parameters (AddParameter): Name = "ComponentLink1URL"; Value = "http://www.farnell.com/datasheets/2718732.pdf?src-supplier=Newark"; VariantName = "[No Variations]"
Change component parameters (AddParameter): Name = "ComponentLink2Description"; Value = "https://www.infineon.com/dgdl/Infineon-IM69D130-DS-v01_00-EN.pdf?fileId=5546d462602a9dc801607a0e46511a2e&src-supplier=Digi-Key"; VariantName = "[No Variations]"
Change component parameters (AddParameter): Name = "ComponentLink2URL"; Value = "https://www.infineon.com/dgdl/Infineon-IM69D130-DS-v01_00-EN.pdf?fileId=5546d462602a9dc801607a0e46511a2e&src-supplier=Digi-Key"; VariantName = "[No Variations]"
Change component parameters (AddParameter): Name = "ComponentLink3Description"; Value = "http://www.farnell.com/datasheets/2718732.pdf?src-supplier=Farnell"; VariantName = "[No Variations]"
Change component parameters (AddParameter): Name = "ComponentLink3URL"; Value = "http://www.farnell.com/datasheets/2718732.pdf?src-supplier=Farnell"; VariantName = "[No Variations]"
Change component parameters (AddParameter): Name = "Direction"; Value = "Omnidirectional"; VariantName = "[No Variations]"
Change component parameters (AddParameter): Name = "Halogen Free"; Value = "Halogen Free"; VariantName = "[No Variations]"
Change component parameters (AddParameter): Name = "Lead Free"; Value = "Lead Free"; VariantName = "[No Variations]"
Change component parameters (AddParameter): Name = "Manufacturer"; Value = "Infineon"; VariantName = "[No Variations]"
Change component parameters (AddParameter): Name = "Manufacturer Part Number"; Value = "IM69D130V01XTSA1"; VariantName = "[No Variations]"
Change component parameters (AddParameter): Name = "Max Frequency"; Value = "3.3MHz"; VariantName = "[No Variations]"
Change component parameters (AddParameter): Name = "Operating Supply Current"; Value = "1.3mA"; VariantName = "[No Variations]"
Change component parameters (AddParameter): Name = "Operating Supply Voltage"; Value = "-3.6V"; VariantName = "[No Variations]"
Change component parameters (AddParameter): Name = "Output Type"; Value = "Digital"; VariantName = "[No Variations]"
Change component parameters (AddParameter): Name = "Packaging"; Value = "Cut Tape"; VariantName = "[No Variations]"
Change component parameters (AddParameter): Name = "Pricing 1"; Value = "1=1.76, 10=1.458, 25=1.3476, 50=1.2674, 100=1.19, 500=1.0214 (USD)"; VariantName = "[No Variations]"
Change component parameters (AddParameter): Name = "RoHS Compliant"; Value = "Yes"; VariantName = "[No Variations]"
Change component parameters (AddParameter): Name = "Shape"; Value = "Rectangular"; VariantName = "[No Variations]"
Change component parameters (AddParameter): Name = "Stock 1"; Value = "16861"; VariantName = "[No Variations]"
Change component parameters (AddParameter): Name = "Supplier 1"; Value = "Digi-Key"; VariantName = "[No Variations]"
Change component parameters (AddParameter): Name = "Supplier Part Number 1"; Value = "IM69D130V01XTSA1CT-ND"; VariantName = "[No Variations]"
Change component parameters (AddParameter): Name = "Termination"; Value = "Solder"; VariantName = "[No Variations]"
Change component parameters: Designator = "R147"; Footprint = "R0402"; UniqueID = "\BRGQANCI"
Change component parameters. Clean all parameters for all variants
Change component parameters (AddParameter): Name = "Case/Package"; Value = "0402"; VariantName = "[No Variations]"
Change component parameters (AddParameter): Name = "Case Code (Imperial)"; Value = "0402"; VariantName = "[No Variations]"
Change component parameters (AddParameter): Name = "Case Code (Metric)"; Value = "1005"; VariantName = "[No Variations]"
Change component parameters (AddParameter): Name = "ClassName"; Value = "+3V3_PS"; VariantName = "[No Variations]"
Change component parameters (AddParameter): Name = "ComponentLink1Description"; Value = "http://www.yageo.com/documents/recent/PYu-RC_Group_51_RoHS_L_10.pdf?src-supplier=Digi-Key"; VariantName = "[No Variations]"
Change component parameters (AddParameter): Name = "ComponentLink1URL"; Value = "http://www.yageo.com/documents/recent/PYu-RC_Group_51_RoHS_L_10.pdf?src-supplier=Digi-Key"; VariantName = "[No Variations]"
Change component parameters (AddParameter): Name = "ComponentLink2Description"; Value = "http://www.yageo.com/documents/recent/PYu-RC0402_51_RoHS_L_6.pdf?src-supplier=Avnet+Europe"; VariantName = "[No Variations]"
Change component parameters (AddParameter): Name = "ComponentLink2URL"; Value = "http://www.yageo.com/documents/recent/PYu-RC0402_51_RoHS_L_6.pdf?src-supplier=Avnet+Europe"; VariantName = "[No Variations]"
Change component parameters (AddParameter): Name = "ComponentLink3Description"; Value = "http://www.farnell.com/datasheets/1018594.pdf?src-supplier=Element14"; VariantName = "[No Variations]"
Change component parameters (AddParameter): Name = "ComponentLink3URL"; Value = "http://www.farnell.com/datasheets/1018594.pdf?src-supplier=Element14"; VariantName = "[No Variations]"
Change component parameters (AddParameter): Name = "ComponentLink4Description"; Value = "https://www.verical.com/server-webapp/html/getDatasheet?partID=326379&src-supplier=Verical"; VariantName = "[No Variations]"
Change component parameters (AddParameter): Name = "ComponentLink4URL"; Value = "https://www.verical.com/server-webapp/html/getDatasheet?partID=326379&src-supplier=Verical"; VariantName = "[No Variations]"
Change component parameters (AddParameter): Name = "ComponentLink5Description"; Value = "http://www.farnell.com/datasheets/2167052.pdf?src-supplier=Element14"; VariantName = "[No Variations]"
Change component parameters (AddParameter): Name = "ComponentLink5URL"; Value = "http://www.farnell.com/datasheets/2167052.pdf?src-supplier=Element14"; VariantName = "[No Variations]"
Change component parameters (AddParameter): Name = "Composition"; Value = "Thick Film"; VariantName = "[No Variations]"
Change component parameters (AddParameter): Name = "Contact Plating"; Value = "Tin,Matte"; VariantName = "[No Variations]"
Change component parameters (AddParameter): Name = "Depth"; Value = "0.5mm"; VariantName = "[No Variations]"
Change component parameters (AddParameter): Name = "Features"; Value = "Moisture Resistant"; VariantName = "[No Variations]"
Change component parameters (AddParameter): Name = "Height"; Value = "0.016inch"; VariantName = "[No Variations]"
Change component parameters (AddParameter): Name = "Lead Free"; Value = "Lead Free"; VariantName = "[No Variations]"
Change component parameters (AddParameter): Name = "Length"; Value = "1mm"; VariantName = "[No Variations]"
Change component parameters (AddParameter): Name = "Manufacturer"; Value = "Yageo"; VariantName = "[No Variations]"
Change component parameters (AddParameter): Name = "Manufacturer Part Number"; Value = "RC0402JR-070RL"; VariantName = "[No Variations]"
Change component parameters (AddParameter): Name = "Max Operating Temperature"; Value = "155°C"; VariantName = "[No Variations]"
Change component parameters (AddParameter): Name = "Max Power Dissipation"; Value = "63mW"; VariantName = "[No Variations]"
Change component parameters (AddParameter): Name = "Military Standard"; Value = "Not"; VariantName = "[No Variations]"
Change component parameters (AddParameter): Name = "Min Operating Temperature"; Value = "-55°C"; VariantName = "[No Variations]"
Change component parameters (AddParameter): Name = "Mount"; Value = "Surface Mount"; VariantName = "[No Variations]"
Change component parameters (AddParameter): Name = "Number of Terminations"; Value = "2"; VariantName = "[No Variations]"
Change component parameters (AddParameter): Name = "Package Quantity"; Value = "1"; VariantName = "[No Variations]"
Change component parameters (AddParameter): Name = "Packaging"; Value = "Tape and Reel"; VariantName = "[No Variations]"
Change component parameters (AddParameter): Name = "Power Rating"; Value = "62.5mW"; VariantName = "[No Variations]"
Change component parameters (AddParameter): Name = "Pricing 1"; Value = "1=0.1, 10=0.013, 25=0.0092, 50=0.0072, 100=0.0053, 250=0.004, 500=0.0032, 1000=0.0024, 5000=0.0017 (USD)"; VariantName = "[No Variations]"
Change component parameters (AddParameter): Name = "Radiation Hardening"; Value = "No"; VariantName = "[No Variations]"
Change component parameters (AddParameter): Name = "REACH SVHC"; Value = "Unknown"; VariantName = "[No Variations]"
Change component parameters (AddParameter): Name = "Resistance"; Value = "0 Ohm"; VariantName = "[No Variations]"
Change component parameters (AddParameter): Name = "Stock 1"; Value = "46057148"; VariantName = "[No Variations]"
Change component parameters (AddParameter): Name = "Supplier 1"; Value = "Digi-Key"; VariantName = "[No Variations]"
Change component parameters (AddParameter): Name = "Supplier Part Number 1"; Value = "311-0.0JRCT-ND"; VariantName = "[No Variations]"
Change component parameters (AddParameter): Name = "Temperature Coefficient"; Value = "200ppm/°C"; VariantName = "[No Variations]"
Change component parameters (AddParameter): Name = "Termination"; Value = "SMD/SMT"; VariantName = "[No Variations]"
Change component parameters (AddParameter): Name = "Tolerance"; Value = "5%"; VariantName = "[No Variations]"
Change component parameters (AddParameter): Name = "Voltage Rating"; Value = "50V"; VariantName = "[No Variations]"
Change component parameters (AddParameter): Name = "Width"; Value = "0.02inch"; VariantName = "[No Variations]"
Change component parameters: Designator = "R72"; Footprint = "R0402"; UniqueID = "\ILIVJWGN\TFMBLTTM"
Change component parameters. Clean all parameters for all variants
Change component parameters (AddParameter): Name = "Case/Package"; Value = "0402"; VariantName = "[No Variations]"
Change component parameters (AddParameter): Name = "Case Code (Imperial)"; Value = "0402"; VariantName = "[No Variations]"
Change component parameters (AddParameter): Name = "Case Code (Metric)"; Value = "1005"; VariantName = "[No Variations]"
Change component parameters (AddParameter): Name = "ComponentLink1Description"; Value = "http://www.yageo.com/documents/recent/PYu-RC_Group_51_RoHS_L_10.pdf?src-supplier=Digi-Key"; VariantName = "[No Variations]"
Change component parameters (AddParameter): Name = "ComponentLink1URL"; Value = "http://www.yageo.com/documents/recent/PYu-RC_Group_51_RoHS_L_10.pdf?src-supplier=Digi-Key"; VariantName = "[No Variations]"
Change component parameters (AddParameter): Name = "ComponentLink2Description"; Value = "http://www.yageo.com/documents/recent/PYu-RC0402_51_RoHS_L_6.pdf?src-supplier=Avnet+Europe"; VariantName = "[No Variations]"
Change component parameters (AddParameter): Name = "ComponentLink2URL"; Value = "http://www.yageo.com/documents/recent/PYu-RC0402_51_RoHS_L_6.pdf?src-supplier=Avnet+Europe"; VariantName = "[No Variations]"
Change component parameters (AddParameter): Name = "ComponentLink3Description"; Value = "http://www.farnell.com/datasheets/1018594.pdf?src-supplier=Element14"; VariantName = "[No Variations]"
Change component parameters (AddParameter): Name = "ComponentLink3URL"; Value = "http://www.farnell.com/datasheets/1018594.pdf?src-supplier=Element14"; VariantName = "[No Variations]"
Change component parameters (AddParameter): Name = "ComponentLink4Description"; Value = "https://www.verical.com/server-webapp/html/getDatasheet?partID=326379&src-supplier=Verical"; VariantName = "[No Variations]"
Change component parameters (AddParameter): Name = "ComponentLink4URL"; Value = "https://www.verical.com/server-webapp/html/getDatasheet?partID=326379&src-supplier=Verical"; VariantName = "[No Variations]"
Change component parameters (AddParameter): Name = "ComponentLink5Description"; Value = "http://www.farnell.com/datasheets/2167052.pdf?src-supplier=Element14"; VariantName = "[No Variations]"
Change component parameters (AddParameter): Name = "ComponentLink5URL"; Value = "http://www.farnell.com/datasheets/2167052.pdf?src-supplier=Element14"; VariantName = "[No Variations]"
Change component parameters (AddParameter): Name = "Composition"; Value = "Thick Film"; VariantName = "[No Variations]"
Change component parameters (AddParameter): Name = "Contact Plating"; Value = "Tin,Matte"; VariantName = "[No Variations]"
Change component parameters (AddParameter): Name = "Depth"; Value = "0.5mm"; VariantName = "[No Variations]"
Change component parameters (AddParameter): Name = "Features"; Value = "Moisture Resistant"; VariantName = "[No Variations]"
Change component parameters (AddParameter): Name = "Height"; Value = "0.016inch"; VariantName = "[No Variations]"
Change component parameters (AddParameter): Name = "Lead Free"; Value = "Lead Free"; VariantName = "[No Variations]"
Change component parameters (AddParameter): Name = "Length"; Value = "1mm"; VariantName = "[No Variations]"
Change component parameters (AddParameter): Name = "Manufacturer"; Value = "Yageo"; VariantName = "[No Variations]"
Change component parameters (AddParameter): Name = "Manufacturer Part Number"; Value = "RC0402JR-070RL"; VariantName = "[No Variations]"
Change component parameters (AddParameter): Name = "Max Operating Temperature"; Value = "155°C"; VariantName = "[No Variations]"
Change component parameters (AddParameter): Name = "Max Power Dissipation"; Value = "63mW"; VariantName = "[No Variations]"
Change component parameters (AddParameter): Name = "Military Standard"; Value = "Not"; VariantName = "[No Variations]"
Change component parameters (AddParameter): Name = "Min Operating Temperature"; Value = "-55°C"; VariantName = "[No Variations]"
Change component parameters (AddParameter): Name = "Mount"; Value = "Surface Mount"; VariantName = "[No Variations]"
Change component parameters (AddParameter): Name = "Number of Terminations"; Value = "2"; VariantName = "[No Variations]"
Change component parameters (AddParameter): Name = "Package Quantity"; Value = "1"; VariantName = "[No Variations]"
Change component parameters (AddParameter): Name = "Packaging"; Value = "Tape and Reel"; VariantName = "[No Variations]"
Change component parameters (AddParameter): Name = "Power Rating"; Value = "62.5mW"; VariantName = "[No Variations]"
Change component parameters (AddParameter): Name = "Pricing 1"; Value = "1=0.1, 10=0.013, 25=0.0092, 50=0.0072, 100=0.0053, 250=0.004, 500=0.0032, 1000=0.0024, 5000=0.0017 (USD)"; VariantName = "[No Variations]"
Change component parameters (AddParameter): Name = "Radiation Hardening"; Value = "No"; VariantName = "[No Variations]"
Change component parameters (AddParameter): Name = "REACH SVHC"; Value = "Unknown"; VariantName = "[No Variations]"
Change component parameters (AddParameter): Name = "Resistance"; Value = "0 Ohm"; VariantName = "[No Variations]"
Change component parameters (AddParameter): Name = "Stock 1"; Value = "46057148"; VariantName = "[No Variations]"
Change component parameters (AddParameter): Name = "Supplier 1"; Value = "Digi-Key"; VariantName = "[No Variations]"
Change component parameters (AddParameter): Name = "Supplier Part Number 1"; Value = "311-0.0JRCT-ND"; VariantName = "[No Variations]"
Change component parameters (AddParameter): Name = "Temperature Coefficient"; Value = "200ppm/°C"; VariantName = "[No Variations]"
Change component parameters (AddParameter): Name = "Termination"; Value = "SMD/SMT"; VariantName = "[No Variations]"
Change component parameters (AddParameter): Name = "Tolerance"; Value = "5%"; VariantName = "[No Variations]"
Change component parameters (AddParameter): Name = "Voltage Rating"; Value = "50V"; VariantName = "[No Variations]"
Change component parameters (AddParameter): Name = "Width"; Value = "0.02inch"; VariantName = "[No Variations]"
Change component parameters (AddParameter): Name = "Case/Package"; Value = "0402"; VariantName = "No_Broadband_TFT_SCREEN"
Change component parameters (AddParameter): Name = "Case Code (Imperial)"; Value = "0402"; VariantName = "No_Broadband_TFT_SCREEN"
Change component parameters (AddParameter): Name = "Case Code (Metric)"; Value = "1005"; VariantName = "No_Broadband_TFT_SCREEN"
Change component parameters (AddParameter): Name = "ComponentLink1Description"; Value = "http://www.yageo.com/documents/recent/PYu-RC_Group_51_RoHS_L_10.pdf?src-supplier=Digi-Key"; VariantName = "No_Broadband_TFT_SCREEN"
Change component parameters (AddParameter): Name = "ComponentLink1URL"; Value = "http://www.yageo.com/documents/recent/PYu-RC_Group_51_RoHS_L_10.pdf?src-supplier=Digi-Key"; VariantName = "No_Broadband_TFT_SCREEN"
Change component parameters (AddParameter): Name = "ComponentLink2Description"; Value = "http://www.yageo.com/documents/recent/PYu-RC0402_51_RoHS_L_6.pdf?src-supplier=Avnet+Europe"; VariantName = "No_Broadband_TFT_SCREEN"
Change component parameters (AddParameter): Name = "ComponentLink2URL"; Value = "http://www.yageo.com/documents/recent/PYu-RC0402_51_RoHS_L_6.pdf?src-supplier=Avnet+Europe"; VariantName = "No_Broadband_TFT_SCREEN"
Change component parameters (AddParameter): Name = "ComponentLink3Description"; Value = "http://www.farnell.com/datasheets/1018594.pdf?src-supplier=Element14"; VariantName = "No_Broadband_TFT_SCREEN"
Change component parameters (AddParameter): Name = "ComponentLink3URL"; Value = "http://www.farnell.com/datasheets/1018594.pdf?src-supplier=Element14"; VariantName = "No_Broadband_TFT_SCREEN"
Change component parameters (AddParameter): Name = "ComponentLink4Description"; Value = "https://www.verical.com/server-webapp/html/getDatasheet?partID=326379&src-supplier=Verical"; VariantName = "No_Broadband_TFT_SCREEN"
Change component parameters (AddParameter): Name = "ComponentLink4URL"; Value = "https://www.verical.com/server-webapp/html/getDatasheet?partID=326379&src-supplier=Verical"; VariantName = "No_Broadband_TFT_SCREEN"
Change component parameters (AddParameter): Name = "ComponentLink5Description"; Value = "http://www.farnell.com/datasheets/2167052.pdf?src-supplier=Element14"; VariantName = "No_Broadband_TFT_SCREEN"
Change component parameters (AddParameter): Name = "ComponentLink5URL"; Value = "http://www.farnell.com/datasheets/2167052.pdf?src-supplier=Element14"; VariantName = "No_Broadband_TFT_SCREEN"
Change component parameters (AddParameter): Name = "Composition"; Value = "Thick Film"; VariantName = "No_Broadband_TFT_SCREEN"
Change component parameters (AddParameter): Name = "Contact Plating"; Value = "Tin,Matte"; VariantName = "No_Broadband_TFT_SCREEN"
Change component parameters (AddParameter): Name = "Depth"; Value = "0.5mm"; VariantName = "No_Broadband_TFT_SCREEN"
Change component parameters (AddParameter): Name = "Features"; Value = "Moisture Resistant"; VariantName = "No_Broadband_TFT_SCREEN"
Change component parameters (AddParameter): Name = "Height"; Value = "0.016inch"; VariantName = "No_Broadband_TFT_SCREEN"
Change component parameters (AddParameter): Name = "Lead Free"; Value = "Lead Free"; VariantName = "No_Broadband_TFT_SCREEN"
Change component parameters (AddParameter): Name = "Length"; Value = "1mm"; VariantName = "No_Broadband_TFT_SCREEN"
Change component parameters (AddParameter): Name = "Manufacturer"; Value = "Yageo"; VariantName = "No_Broadband_TFT_SCREEN"
Change component parameters (AddParameter): Name = "Manufacturer Part Number"; Value = "RC0402JR-070RL"; VariantName = "No_Broadband_TFT_SCREEN"
Change component parameters (AddParameter): Name = "Max Operating Temperature"; Value = "155°C"; VariantName = "No_Broadband_TFT_SCREEN"
Change component parameters (AddParameter): Name = "Max Power Dissipation"; Value = "63mW"; VariantName = "No_Broadband_TFT_SCREEN"
Change component parameters (AddParameter): Name = "Military Standard"; Value = "Not"; VariantName = "No_Broadband_TFT_SCREEN"
Change component parameters (AddParameter): Name = "Min Operating Temperature"; Value = "-55°C"; VariantName = "No_Broadband_TFT_SCREEN"
Change component parameters (AddParameter): Name = "Mount"; Value = "Surface Mount"; VariantName = "No_Broadband_TFT_SCREEN"
Change component parameters (AddParameter): Name = "Number of Terminations"; Value = "2"; VariantName = "No_Broadband_TFT_SCREEN"
Change component parameters (AddParameter): Name = "Package Quantity"; Value = "1"; VariantName = "No_Broadband_TFT_SCREEN"
Change component parameters (AddParameter): Name = "Packaging"; Value = "Tape and Reel"; VariantName = "No_Broadband_TFT_SCREEN"
Change component parameters (AddParameter): Name = "Power Rating"; Value = "62.5mW"; VariantName = "No_Broadband_TFT_SCREEN"
Change component parameters (AddParameter): Name = "Pricing 1"; Value = "1=0.1, 10=0.013, 25=0.0092, 50=0.0072, 100=0.0053, 250=0.004, 500=0.0032, 1000=0.0024, 5000=0.0017 (USD)"; VariantName = "No_Broadband_TFT_SCREEN"
Change component parameters (AddParameter): Name = "Radiation Hardening"; Value = "No"; VariantName = "No_Broadband_TFT_SCREEN"
Change component parameters (AddParameter): Name = "REACH SVHC"; Value = "Unknown"; VariantName = "No_Broadband_TFT_SCREEN"
Change component parameters (AddParameter): Name = "Resistance"; Value = "0 Ohm"; VariantName = "No_Broadband_TFT_SCREEN"
Change component parameters (AddParameter): Name = "Stock 1"; Value = "46057148"; VariantName = "No_Broadband_TFT_SCREEN"
Change component parameters (AddParameter): Name = "Supplier 1"; Value = "Digi-Key"; VariantName = "No_Broadband_TFT_SCREEN"
Change component parameters (AddParameter): Name = "Supplier Part Number 1"; Value = "311-0.0JRCT-ND"; VariantName = "No_Broadband_TFT_SCREEN"
Change component parameters (AddParameter): Name = "Temperature Coefficient"; Value = "200ppm/°C"; VariantName = "No_Broadband_TFT_SCREEN"
Change component parameters (AddParameter): Name = "Termination"; Value = "SMD/SMT"; VariantName = "No_Broadband_TFT_SCREEN"
Change component parameters (AddParameter): Name = "Tolerance"; Value = "5%"; VariantName = "No_Broadband_TFT_SCREEN"
Change component parameters (AddParameter): Name = "Voltage Rating"; Value = "50V"; VariantName = "No_Broadband_TFT_SCREEN"
Change component parameters (AddParameter): Name = "Width"; Value = "0.02inch"; VariantName = "No_Broadband_TFT_SCREEN"
Change component parameters (AddParameter): Name = "Case/Package"; Value = "0402"; VariantName = "BG95-M1_US_TFT_SCREEN"
Change component parameters (AddParameter): Name = "Case Code (Imperial)"; Value = "0402"; VariantName = "BG95-M1_US_TFT_SCREEN"
Change component parameters (AddParameter): Name = "Case Code (Metric)"; Value = "1005"; VariantName = "BG95-M1_US_TFT_SCREEN"
Change component parameters (AddParameter): Name = "ComponentLink1Description"; Value = "http://www.yageo.com/documents/recent/PYu-RC_Group_51_RoHS_L_10.pdf?src-supplier=Digi-Key"; VariantName = "BG95-M1_US_TFT_SCREEN"
Change component parameters (AddParameter): Name = "ComponentLink1URL"; Value = "http://www.yageo.com/documents/recent/PYu-RC_Group_51_RoHS_L_10.pdf?src-supplier=Digi-Key"; VariantName = "BG95-M1_US_TFT_SCREEN"
Change component parameters (AddParameter): Name = "ComponentLink2Description"; Value = "http://www.yageo.com/documents/recent/PYu-RC0402_51_RoHS_L_6.pdf?src-supplier=Avnet+Europe"; VariantName = "BG95-M1_US_TFT_SCREEN"
Change component parameters (AddParameter): Name = "ComponentLink2URL"; Value = "http://www.yageo.com/documents/recent/PYu-RC0402_51_RoHS_L_6.pdf?src-supplier=Avnet+Europe"; VariantName = "BG95-M1_US_TFT_SCREEN"
Change component parameters (AddParameter): Name = "ComponentLink3Description"; Value = "http://www.farnell.com/datasheets/1018594.pdf?src-supplier=Element14"; VariantName = "BG95-M1_US_TFT_SCREEN"
Change component parameters (AddParameter): Name = "ComponentLink3URL"; Value = "http://www.farnell.com/datasheets/1018594.pdf?src-supplier=Element14"; VariantName = "BG95-M1_US_TFT_SCREEN"
Change component parameters (AddParameter): Name = "ComponentLink4Description"; Value = "https://www.verical.com/server-webapp/html/getDatasheet?partID=326379&src-supplier=Verical"; VariantName = "BG95-M1_US_TFT_SCREEN"
Change component parameters (AddParameter): Name = "ComponentLink4URL"; Value = "https://www.verical.com/server-webapp/html/getDatasheet?partID=326379&src-supplier=Verical"; VariantName = "BG95-M1_US_TFT_SCREEN"
Change component parameters (AddParameter): Name = "ComponentLink5Description"; Value = "http://www.farnell.com/datasheets/2167052.pdf?src-supplier=Element14"; VariantName = "BG95-M1_US_TFT_SCREEN"
Change component parameters (AddParameter): Name = "ComponentLink5URL"; Value = "http://www.farnell.com/datasheets/2167052.pdf?src-supplier=Element14"; VariantName = "BG95-M1_US_TFT_SCREEN"
Change component parameters (AddParameter): Name = "Composition"; Value = "Thick Film"; VariantName = "BG95-M1_US_TFT_SCREEN"
Change component parameters (AddParameter): Name = "Contact Plating"; Value = "Tin,Matte"; VariantName = "BG95-M1_US_TFT_SCREEN"
Change component parameters (AddParameter): Name = "Depth"; Value = "0.5mm"; VariantName = "BG95-M1_US_TFT_SCREEN"
Change component parameters (AddParameter): Name = "Features"; Value = "Moisture Resistant"; VariantName = "BG95-M1_US_TFT_SCREEN"
Change component parameters (AddParameter): Name = "Height"; Value = "0.016inch"; VariantName = "BG95-M1_US_TFT_SCREEN"
Change component parameters (AddParameter): Name = "Lead Free"; Value = "Lead Free"; VariantName = "BG95-M1_US_TFT_SCREEN"
Change component parameters (AddParameter): Name = "Length"; Value = "1mm"; VariantName = "BG95-M1_US_TFT_SCREEN"
Change component parameters (AddParameter): Name = "Manufacturer"; Value = "Yageo"; VariantName = "BG95-M1_US_TFT_SCREEN"
Change component parameters (AddParameter): Name = "Manufacturer Part Number"; Value = "RC0402JR-070RL"; VariantName = "BG95-M1_US_TFT_SCREEN"
Change component parameters (AddParameter): Name = "Max Operating Temperature"; Value = "155°C"; VariantName = "BG95-M1_US_TFT_SCREEN"
Change component parameters (AddParameter): Name = "Max Power Dissipation"; Value = "63mW"; VariantName = "BG95-M1_US_TFT_SCREEN"
Change component parameters (AddParameter): Name = "Military Standard"; Value = "Not"; VariantName = "BG95-M1_US_TFT_SCREEN"
Change component parameters (AddParameter): Name = "Min Operating Temperature"; Value = "-55°C"; VariantName = "BG95-M1_US_TFT_SCREEN"
Change component parameters (AddParameter): Name = "Mount"; Value = "Surface Mount"; VariantName = "BG95-M1_US_TFT_SCREEN"
Change component parameters (AddParameter): Name = "Number of Terminations"; Value = "2"; VariantName = "BG95-M1_US_TFT_SCREEN"
Change component parameters (AddParameter): Name = "Package Quantity"; Value = "1"; VariantName = "BG95-M1_US_TFT_SCREEN"
Change component parameters (AddParameter): Name = "Packaging"; Value = "Tape and Reel"; VariantName = "BG95-M1_US_TFT_SCREEN"
Change component parameters (AddParameter): Name = "Power Rating"; Value = "62.5mW"; VariantName = "BG95-M1_US_TFT_SCREEN"
Change component parameters (AddParameter): Name = "Pricing 1"; Value = "1=0.1, 10=0.013, 25=0.0092, 50=0.0072, 100=0.0053, 250=0.004, 500=0.0032, 1000=0.0024, 5000=0.0017 (USD)"; VariantName = "BG95-M1_US_TFT_SCREEN"
Change component parameters (AddParameter): Name = "Radiation Hardening"; Value = "No"; VariantName = "BG95-M1_US_TFT_SCREEN"
Change component parameters (AddParameter): Name = "REACH SVHC"; Value = "Unknown"; VariantName = "BG95-M1_US_TFT_SCREEN"
Change component parameters (AddParameter): Name = "Resistance"; Value = "0 Ohm"; VariantName = "BG95-M1_US_TFT_SCREEN"
Change component parameters (AddParameter): Name = "Stock 1"; Value = "46057148"; VariantName = "BG95-M1_US_TFT_SCREEN"
Change component parameters (AddParameter): Name = "Supplier 1"; Value = "Digi-Key"; VariantName = "BG95-M1_US_TFT_SCREEN"
Change component parameters (AddParameter): Name = "Supplier Part Number 1"; Value = "311-0.0JRCT-ND"; VariantName = "BG95-M1_US_TFT_SCREEN"
Change component parameters (AddParameter): Name = "Temperature Coefficient"; Value = "200ppm/°C"; VariantName = "BG95-M1_US_TFT_SCREEN"
Change component parameters (AddParameter): Name = "Termination"; Value = "SMD/SMT"; VariantName = "BG95-M1_US_TFT_SCREEN"
Change component parameters (AddParameter): Name = "Tolerance"; Value = "5%"; VariantName = "BG95-M1_US_TFT_SCREEN"
Change component parameters (AddParameter): Name = "Voltage Rating"; Value = "50V"; VariantName = "BG95-M1_US_TFT_SCREEN"
Change component parameters (AddParameter): Name = "Width"; Value = "0.02inch"; VariantName = "BG95-M1_US_TFT_SCREEN"
Change component parameters (AddParameter): Name = "Case/Package"; Value = "0402"; VariantName = "BG95-M3_Global_TFT_SCREEN"
Change component parameters (AddParameter): Name = "Case Code (Imperial)"; Value = "0402"; VariantName = "BG95-M3_Global_TFT_SCREEN"
Change component parameters (AddParameter): Name = "Case Code (Metric)"; Value = "1005"; VariantName = "BG95-M3_Global_TFT_SCREEN"
Change component parameters (AddParameter): Name = "ComponentLink1Description"; Value = "http://www.yageo.com/documents/recent/PYu-RC_Group_51_RoHS_L_10.pdf?src-supplier=Digi-Key"; VariantName = "BG95-M3_Global_TFT_SCREEN"
Change component parameters (AddParameter): Name = "ComponentLink1URL"; Value = "http://www.yageo.com/documents/recent/PYu-RC_Group_51_RoHS_L_10.pdf?src-supplier=Digi-Key"; VariantName = "BG95-M3_Global_TFT_SCREEN"
Change component parameters (AddParameter): Name = "ComponentLink2Description"; Value = "http://www.yageo.com/documents/recent/PYu-RC0402_51_RoHS_L_6.pdf?src-supplier=Avnet+Europe"; VariantName = "BG95-M3_Global_TFT_SCREEN"
Change component parameters (AddParameter): Name = "ComponentLink2URL"; Value = "http://www.yageo.com/documents/recent/PYu-RC0402_51_RoHS_L_6.pdf?src-supplier=Avnet+Europe"; VariantName = "BG95-M3_Global_TFT_SCREEN"
Change component parameters (AddParameter): Name = "ComponentLink3Description"; Value = "http://www.farnell.com/datasheets/1018594.pdf?src-supplier=Element14"; VariantName = "BG95-M3_Global_TFT_SCREEN"
Change component parameters (AddParameter): Name = "ComponentLink3URL"; Value = "http://www.farnell.com/datasheets/1018594.pdf?src-supplier=Element14"; VariantName = "BG95-M3_Global_TFT_SCREEN"
Change component parameters (AddParameter): Name = "ComponentLink4Description"; Value = "https://www.verical.com/server-webapp/html/getDatasheet?partID=326379&src-supplier=Verical"; VariantName = "BG95-M3_Global_TFT_SCREEN"
Change component parameters (AddParameter): Name = "ComponentLink4URL"; Value = "https://www.verical.com/server-webapp/html/getDatasheet?partID=326379&src-supplier=Verical"; VariantName = "BG95-M3_Global_TFT_SCREEN"
Change component parameters (AddParameter): Name = "ComponentLink5Description"; Value = "http://www.farnell.com/datasheets/2167052.pdf?src-supplier=Element14"; VariantName = "BG95-M3_Global_TFT_SCREEN"
Change component parameters (AddParameter): Name = "ComponentLink5URL"; Value = "http://www.farnell.com/datasheets/2167052.pdf?src-supplier=Element14"; VariantName = "BG95-M3_Global_TFT_SCREEN"
Change component parameters (AddParameter): Name = "Composition"; Value = "Thick Film"; VariantName = "BG95-M3_Global_TFT_SCREEN"
Change component parameters (AddParameter): Name = "Contact Plating"; Value = "Tin,Matte"; VariantName = "BG95-M3_Global_TFT_SCREEN"
Change component parameters (AddParameter): Name = "Depth"; Value = "0.5mm"; VariantName = "BG95-M3_Global_TFT_SCREEN"
Change component parameters (AddParameter): Name = "Features"; Value = "Moisture Resistant"; VariantName = "BG95-M3_Global_TFT_SCREEN"
Change component parameters (AddParameter): Name = "Height"; Value = "0.016inch"; VariantName = "BG95-M3_Global_TFT_SCREEN"
Change component parameters (AddParameter): Name = "Lead Free"; Value = "Lead Free"; VariantName = "BG95-M3_Global_TFT_SCREEN"
Change component parameters (AddParameter): Name = "Length"; Value = "1mm"; VariantName = "BG95-M3_Global_TFT_SCREEN"
Change component parameters (AddParameter): Name = "Manufacturer"; Value = "Yageo"; VariantName = "BG95-M3_Global_TFT_SCREEN"
Change component parameters (AddParameter): Name = "Manufacturer Part Number"; Value = "RC0402JR-070RL"; VariantName = "BG95-M3_Global_TFT_SCREEN"
Change component parameters (AddParameter): Name = "Max Operating Temperature"; Value = "155°C"; VariantName = "BG95-M3_Global_TFT_SCREEN"
Change component parameters (AddParameter): Name = "Max Power Dissipation"; Value = "63mW"; VariantName = "BG95-M3_Global_TFT_SCREEN"
Change component parameters (AddParameter): Name = "Military Standard"; Value = "Not"; VariantName = "BG95-M3_Global_TFT_SCREEN"
Change component parameters (AddParameter): Name = "Min Operating Temperature"; Value = "-55°C"; VariantName = "BG95-M3_Global_TFT_SCREEN"
Change component parameters (AddParameter): Name = "Mount"; Value = "Surface Mount"; VariantName = "BG95-M3_Global_TFT_SCREEN"
Change component parameters (AddParameter): Name = "Number of Terminations"; Value = "2"; VariantName = "BG95-M3_Global_TFT_SCREEN"
Change component parameters (AddParameter): Name = "Package Quantity"; Value = "1"; VariantName = "BG95-M3_Global_TFT_SCREEN"
Change component parameters (AddParameter): Name = "Packaging"; Value = "Tape and Reel"; VariantName = "BG95-M3_Global_TFT_SCREEN"
Change component parameters (AddParameter): Name = "Power Rating"; Value = "62.5mW"; VariantName = "BG95-M3_Global_TFT_SCREEN"
Change component parameters (AddParameter): Name = "Pricing 1"; Value = "1=0.1, 10=0.013, 25=0.0092, 50=0.0072, 100=0.0053, 250=0.004, 500=0.0032, 1000=0.0024, 5000=0.0017 (USD)"; VariantName = "BG95-M3_Global_TFT_SCREEN"
Change component parameters (AddParameter): Name = "Radiation Hardening"; Value = "No"; VariantName = "BG95-M3_Global_TFT_SCREEN"
Change component parameters (AddParameter): Name = "REACH SVHC"; Value = "Unknown"; VariantName = "BG95-M3_Global_TFT_SCREEN"
Change component parameters (AddParameter): Name = "Resistance"; Value = "0 Ohm"; VariantName = "BG95-M3_Global_TFT_SCREEN"
Change component parameters (AddParameter): Name = "Stock 1"; Value = "46057148"; VariantName = "BG95-M3_Global_TFT_SCREEN"
Change component parameters (AddParameter): Name = "Supplier 1"; Value = "Digi-Key"; VariantName = "BG95-M3_Global_TFT_SCREEN"
Change component parameters (AddParameter): Name = "Supplier Part Number 1"; Value = "311-0.0JRCT-ND"; VariantName = "BG95-M3_Global_TFT_SCREEN"
Change component parameters (AddParameter): Name = "Temperature Coefficient"; Value = "200ppm/°C"; VariantName = "BG95-M3_Global_TFT_SCREEN"
Change component parameters (AddParameter): Name = "Termination"; Value = "SMD/SMT"; VariantName = "BG95-M3_Global_TFT_SCREEN"
Change component parameters (AddParameter): Name = "Tolerance"; Value = "5%"; VariantName = "BG95-M3_Global_TFT_SCREEN"
Change component parameters (AddParameter): Name = "Voltage Rating"; Value = "50V"; VariantName = "BG95-M3_Global_TFT_SCREEN"
Change component parameters (AddParameter): Name = "Width"; Value = "0.02inch"; VariantName = "BG95-M3_Global_TFT_SCREEN"
Change component parameters: Designator = "R148"; Footprint = "0402R"; UniqueID = "\WCAWGJWD\OVRJBBCS"
Change component parameters. Clean all parameters for all variants
Change component parameters (AddParameter): Name = "Case/Package"; Value = "0402"; VariantName = "[No Variations]"
Change component parameters (AddParameter): Name = "Case Code (Imperial)"; Value = "0402"; VariantName = "[No Variations]"
Change component parameters (AddParameter): Name = "Case Code (Metric)"; Value = "1005"; VariantName = "[No Variations]"
Change component parameters (AddParameter): Name = "ComponentLink1Description"; Value = "http://www.farnell.com/datasheets/2167052.pdf?src-supplier=Element14"; VariantName = "[No Variations]"
Change component parameters (AddParameter): Name = "ComponentLink1URL"; Value = "http://www.farnell.com/datasheets/2167052.pdf?src-supplier=Element14"; VariantName = "[No Variations]"
Change component parameters (AddParameter): Name = "ComponentLink2Description"; Value = "http://www.yageo.com/documents/recent/PYu-RC_Group_51_RoHS_L_9.pdf?src-supplier=Mouser"; VariantName = "[No Variations]"
Change component parameters (AddParameter): Name = "ComponentLink2URL"; Value = "http://www.yageo.com/documents/recent/PYu-RC_Group_51_RoHS_L_9.pdf?src-supplier=Mouser"; VariantName = "[No Variations]"
Change component parameters (AddParameter): Name = "ComponentLink3Description"; Value = "http://www.yageo.com/documents/recent/PYu-RC0402_51_RoHS_L_6_r.pdf?src-supplier=Future+Electronics"; VariantName = "[No Variations]"
Change component parameters (AddParameter): Name = "ComponentLink3URL"; Value = "http://www.yageo.com/documents/recent/PYu-RC0402_51_RoHS_L_6_r.pdf?src-supplier=Future+Electronics"; VariantName = "[No Variations]"
Change component parameters (AddParameter): Name = "ComponentLink4Description"; Value = "https://www.verical.com/server-webapp/html/getDatasheet?partID=329466&src-supplier=Verical"; VariantName = "[No Variations]"
Change component parameters (AddParameter): Name = "ComponentLink4URL"; Value = "https://www.verical.com/server-webapp/html/getDatasheet?partID=329466&src-supplier=Verical"; VariantName = "[No Variations]"
Change component parameters (AddParameter): Name = "ComponentLink5Description"; Value = "http://www.farnell.com/datasheets/1018594.pdf?src-supplier=Element14"; VariantName = "[No Variations]"
Change component parameters (AddParameter): Name = "ComponentLink5URL"; Value = "http://www.farnell.com/datasheets/1018594.pdf?src-supplier=Element14"; VariantName = "[No Variations]"
Change component parameters (AddParameter): Name = "ComponentLink6Description"; Value = "http://documents.rs-components.com/techlib://itc_doclist_GB.htm?stockno=6185810&src-supplier=RSComponents"; VariantName = "[No Variations]"
Change component parameters (AddParameter): Name = "ComponentLink6URL"; Value = "http://documents.rs-components.com/techlib://itc_doclist_GB.htm?stockno=6185810&src-supplier=RSComponents"; VariantName = "[No Variations]"
Change component parameters (AddParameter): Name = "Composition"; Value = "Thick Film"; VariantName = "[No Variations]"
Change component parameters (AddParameter): Name = "Depth"; Value = "0.5mm"; VariantName = "[No Variations]"
Change component parameters (AddParameter): Name = "Height"; Value = "0.32mm"; VariantName = "[No Variations]"
Change component parameters (AddParameter): Name = "Lead Free"; Value = "Lead Free"; VariantName = "[No Variations]"
Change component parameters (AddParameter): Name = "Length"; Value = "1mm"; VariantName = "[No Variations]"
Change component parameters (AddParameter): Name = "Manufacturer"; Value = "Yageo"; VariantName = "[No Variations]"
Change component parameters (AddParameter): Name = "Manufacturer Part Number"; Value = "RC0402FR-07100RL"; VariantName = "[No Variations]"
Change component parameters (AddParameter): Name = "Max Operating Temperature"; Value = "155°C"; VariantName = "[No Variations]"
Change component parameters (AddParameter): Name = "Military Standard"; Value = "Not"; VariantName = "[No Variations]"
Change component parameters (AddParameter): Name = "Min Operating Temperature"; Value = "-55°C"; VariantName = "[No Variations]"
Change component parameters (AddParameter): Name = "Number of Pins"; Value = "2"; VariantName = "[No Variations]"
Change component parameters (AddParameter): Name = "Packaging"; Value = "Tape and Reel"; VariantName = "[No Variations]"
Change component parameters (AddParameter): Name = "Power Rating"; Value = "62.5mW"; VariantName = "[No Variations]"
Change component parameters (AddParameter): Name = "Pricing 1"; Value = "1=0.1, 10=0.016, 100=0.0064, 1000=0.0029, 2500=0.0025, 5000=0.0021 (USD)"; VariantName = "[No Variations]"
Change component parameters (AddParameter): Name = "REACH SVHC"; Value = "No SVHC"; VariantName = "[No Variations]"
Change component parameters (AddParameter): Name = "Resistance"; Value = "100R"; VariantName = "[No Variations]"
Change component parameters (AddParameter): Name = "Stock 1"; Value = "16989760"; VariantName = "[No Variations]"
Change component parameters (AddParameter): Name = "Supplier 1"; Value = "Digi-Key"; VariantName = "[No Variations]"
Change component parameters (AddParameter): Name = "Supplier Part Number 1"; Value = "311-100LRDKR-ND"; VariantName = "[No Variations]"
Change component parameters (AddParameter): Name = "Temperature Coefficient"; Value = "100ppm/°C"; VariantName = "[No Variations]"
Change component parameters (AddParameter): Name = "Termination"; Value = "SMD/SMT"; VariantName = "[No Variations]"
Change component parameters (AddParameter): Name = "Tolerance"; Value = "1%"; VariantName = "[No Variations]"
Change component parameters (AddParameter): Name = "Voltage Rating"; Value = "50V"; VariantName = "[No Variations]"
Change component parameters (AddParameter): Name = "Voltage Rating (DC)"; Value = "50V"; VariantName = "[No Variations]"
Change component parameters (AddParameter): Name = "Width"; Value = "0.5mm"; VariantName = "[No Variations]"
Change component parameters: Designator = "R154"; Footprint = "0402R"; UniqueID = "\WCAWGJWD\1JUGNYYPH\BTWXXKQT"
Change component parameters. Clean all parameters for all variants
Change component parameters (AddParameter): Name = "Case/Package"; Value = "0402"; VariantName = "[No Variations]"
Change component parameters (AddParameter): Name = "Case Code (Imperial)"; Value = "0402"; VariantName = "[No Variations]"
Change component parameters (AddParameter): Name = "Case Code (Metric)"; Value = "1005"; VariantName = "[No Variations]"
Change component parameters (AddParameter): Name = "ComponentLink1Description"; Value = "http://www.farnell.com/datasheets/2167052.pdf?src-supplier=Element14"; VariantName = "[No Variations]"
Change component parameters (AddParameter): Name = "ComponentLink1URL"; Value = "http://www.farnell.com/datasheets/2167052.pdf?src-supplier=Element14"; VariantName = "[No Variations]"
Change component parameters (AddParameter): Name = "ComponentLink2Description"; Value = "http://www.yageo.com/documents/recent/PYu-RC_Group_51_RoHS_L_9.pdf?src-supplier=Mouser"; VariantName = "[No Variations]"
Change component parameters (AddParameter): Name = "ComponentLink2URL"; Value = "http://www.yageo.com/documents/recent/PYu-RC_Group_51_RoHS_L_9.pdf?src-supplier=Mouser"; VariantName = "[No Variations]"
Change component parameters (AddParameter): Name = "ComponentLink3Description"; Value = "http://www.yageo.com/documents/recent/PYu-RC0402_51_RoHS_L_6_r.pdf?src-supplier=Future+Electronics"; VariantName = "[No Variations]"
Change component parameters (AddParameter): Name = "ComponentLink3URL"; Value = "http://www.yageo.com/documents/recent/PYu-RC0402_51_RoHS_L_6_r.pdf?src-supplier=Future+Electronics"; VariantName = "[No Variations]"
Change component parameters (AddParameter): Name = "ComponentLink4Description"; Value = "https://www.verical.com/server-webapp/html/getDatasheet?partID=329466&src-supplier=Verical"; VariantName = "[No Variations]"
Change component parameters (AddParameter): Name = "ComponentLink4URL"; Value = "https://www.verical.com/server-webapp/html/getDatasheet?partID=329466&src-supplier=Verical"; VariantName = "[No Variations]"
Change component parameters (AddParameter): Name = "ComponentLink5Description"; Value = "http://www.farnell.com/datasheets/1018594.pdf?src-supplier=Element14"; VariantName = "[No Variations]"
Change component parameters (AddParameter): Name = "ComponentLink5URL"; Value = "http://www.farnell.com/datasheets/1018594.pdf?src-supplier=Element14"; VariantName = "[No Variations]"
Change component parameters (AddParameter): Name = "ComponentLink6Description"; Value = "http://documents.rs-components.com/techlib://itc_doclist_GB.htm?stockno=6185810&src-supplier=RSComponents"; VariantName = "[No Variations]"
Change component parameters (AddParameter): Name = "ComponentLink6URL"; Value = "http://documents.rs-components.com/techlib://itc_doclist_GB.htm?stockno=6185810&src-supplier=RSComponents"; VariantName = "[No Variations]"
Change component parameters (AddParameter): Name = "Composition"; Value = "Thick Film"; VariantName = "[No Variations]"
Change component parameters (AddParameter): Name = "Depth"; Value = "0.5mm"; VariantName = "[No Variations]"
Change component parameters (AddParameter): Name = "Height"; Value = "0.32mm"; VariantName = "[No Variations]"
Change component parameters (AddParameter): Name = "Lead Free"; Value = "Lead Free"; VariantName = "[No Variations]"
Change component parameters (AddParameter): Name = "Length"; Value = "1mm"; VariantName = "[No Variations]"
Change component parameters (AddParameter): Name = "Manufacturer"; Value = "Yageo"; VariantName = "[No Variations]"
Change component parameters (AddParameter): Name = "Manufacturer Part Number"; Value = "RC0402FR-07100RL"; VariantName = "[No Variations]"
Change component parameters (AddParameter): Name = "Max Operating Temperature"; Value = "155°C"; VariantName = "[No Variations]"
Change component parameters (AddParameter): Name = "Military Standard"; Value = "Not"; VariantName = "[No Variations]"
Change component parameters (AddParameter): Name = "Min Operating Temperature"; Value = "-55°C"; VariantName = "[No Variations]"
Change component parameters (AddParameter): Name = "Number of Pins"; Value = "2"; VariantName = "[No Variations]"
Change component parameters (AddParameter): Name = "Packaging"; Value = "Tape and Reel"; VariantName = "[No Variations]"
Change component parameters (AddParameter): Name = "Power Rating"; Value = "62.5mW"; VariantName = "[No Variations]"
Change component parameters (AddParameter): Name = "Pricing 1"; Value = "1=0.1, 10=0.016, 100=0.0064, 1000=0.0029, 2500=0.0025, 5000=0.0021 (USD)"; VariantName = "[No Variations]"
Change component parameters (AddParameter): Name = "REACH SVHC"; Value = "No SVHC"; VariantName = "[No Variations]"
Change component parameters (AddParameter): Name = "Resistance"; Value = "100R"; VariantName = "[No Variations]"
Change component parameters (AddParameter): Name = "Stock 1"; Value = "16989760"; VariantName = "[No Variations]"
Change component parameters (AddParameter): Name = "Supplier 1"; Value = "Digi-Key"; VariantName = "[No Variations]"
Change component parameters (AddParameter): Name = "Supplier Part Number 1"; Value = "311-100LRDKR-ND"; VariantName = "[No Variations]"
Change component parameters (AddParameter): Name = "Temperature Coefficient"; Value = "100ppm/°C"; VariantName = "[No Variations]"
Change component parameters (AddParameter): Name = "Termination"; Value = "SMD/SMT"; VariantName = "[No Variations]"
Change component parameters (AddParameter): Name = "Tolerance"; Value = "1%"; VariantName = "[No Variations]"
Change component parameters (AddParameter): Name = "Voltage Rating"; Value = "50V"; VariantName = "[No Variations]"
Change component parameters (AddParameter): Name = "Voltage Rating (DC)"; Value = "50V"; VariantName = "[No Variations]"
Change component parameters (AddParameter): Name = "Width"; Value = "0.5mm"; VariantName = "[No Variations]"
Change component parameters: Designator = "R155"; Footprint = "0402R"; UniqueID = "\WCAWGJWD\2JUGNYYPH\BTWXXKQT"
Change component parameters. Clean all parameters for all variants
Change component parameters (AddParameter): Name = "Case/Package"; Value = "0402"; VariantName = "[No Variations]"
Change component parameters (AddParameter): Name = "Case Code (Imperial)"; Value = "0402"; VariantName = "[No Variations]"
Change component parameters (AddParameter): Name = "Case Code (Metric)"; Value = "1005"; VariantName = "[No Variations]"
Change component parameters (AddParameter): Name = "ComponentLink1Description"; Value = "http://www.farnell.com/datasheets/2167052.pdf?src-supplier=Element14"; VariantName = "[No Variations]"
Change component parameters (AddParameter): Name = "ComponentLink1URL"; Value = "http://www.farnell.com/datasheets/2167052.pdf?src-supplier=Element14"; VariantName = "[No Variations]"
Change component parameters (AddParameter): Name = "ComponentLink2Description"; Value = "http://www.yageo.com/documents/recent/PYu-RC_Group_51_RoHS_L_9.pdf?src-supplier=Mouser"; VariantName = "[No Variations]"
Change component parameters (AddParameter): Name = "ComponentLink2URL"; Value = "http://www.yageo.com/documents/recent/PYu-RC_Group_51_RoHS_L_9.pdf?src-supplier=Mouser"; VariantName = "[No Variations]"
Change component parameters (AddParameter): Name = "ComponentLink3Description"; Value = "http://www.yageo.com/documents/recent/PYu-RC0402_51_RoHS_L_6_r.pdf?src-supplier=Future+Electronics"; VariantName = "[No Variations]"
Change component parameters (AddParameter): Name = "ComponentLink3URL"; Value = "http://www.yageo.com/documents/recent/PYu-RC0402_51_RoHS_L_6_r.pdf?src-supplier=Future+Electronics"; VariantName = "[No Variations]"
Change component parameters (AddParameter): Name = "ComponentLink4Description"; Value = "https://www.verical.com/server-webapp/html/getDatasheet?partID=329466&src-supplier=Verical"; VariantName = "[No Variations]"
Change component parameters (AddParameter): Name = "ComponentLink4URL"; Value = "https://www.verical.com/server-webapp/html/getDatasheet?partID=329466&src-supplier=Verical"; VariantName = "[No Variations]"
Change component parameters (AddParameter): Name = "ComponentLink5Description"; Value = "http://www.farnell.com/datasheets/1018594.pdf?src-supplier=Element14"; VariantName = "[No Variations]"
Change component parameters (AddParameter): Name = "ComponentLink5URL"; Value = "http://www.farnell.com/datasheets/1018594.pdf?src-supplier=Element14"; VariantName = "[No Variations]"
Change component parameters (AddParameter): Name = "ComponentLink6Description"; Value = "http://documents.rs-components.com/techlib://itc_doclist_GB.htm?stockno=6185810&src-supplier=RSComponents"; VariantName = "[No Variations]"
Change component parameters (AddParameter): Name = "ComponentLink6URL"; Value = "http://documents.rs-components.com/techlib://itc_doclist_GB.htm?stockno=6185810&src-supplier=RSComponents"; VariantName = "[No Variations]"
Change component parameters (AddParameter): Name = "Composition"; Value = "Thick Film"; VariantName = "[No Variations]"
Change component parameters (AddParameter): Name = "Depth"; Value = "0.5mm"; VariantName = "[No Variations]"
Change component parameters (AddParameter): Name = "Height"; Value = "0.32mm"; VariantName = "[No Variations]"
Change component parameters (AddParameter): Name = "Lead Free"; Value = "Lead Free"; VariantName = "[No Variations]"
Change component parameters (AddParameter): Name = "Length"; Value = "1mm"; VariantName = "[No Variations]"
Change component parameters (AddParameter): Name = "Manufacturer"; Value = "Yageo"; VariantName = "[No Variations]"
Change component parameters (AddParameter): Name = "Manufacturer Part Number"; Value = "RC0402FR-07100RL"; VariantName = "[No Variations]"
Change component parameters (AddParameter): Name = "Max Operating Temperature"; Value = "155°C"; VariantName = "[No Variations]"
Change component parameters (AddParameter): Name = "Military Standard"; Value = "Not"; VariantName = "[No Variations]"
Change component parameters (AddParameter): Name = "Min Operating Temperature"; Value = "-55°C"; VariantName = "[No Variations]"
Change component parameters (AddParameter): Name = "Number of Pins"; Value = "2"; VariantName = "[No Variations]"
Change component parameters (AddParameter): Name = "Packaging"; Value = "Tape and Reel"; VariantName = "[No Variations]"
Change component parameters (AddParameter): Name = "Power Rating"; Value = "62.5mW"; VariantName = "[No Variations]"
Change component parameters (AddParameter): Name = "Pricing 1"; Value = "1=0.1, 10=0.016, 100=0.0064, 1000=0.0029, 2500=0.0025, 5000=0.0021 (USD)"; VariantName = "[No Variations]"
Change component parameters (AddParameter): Name = "REACH SVHC"; Value = "No SVHC"; VariantName = "[No Variations]"
Change component parameters (AddParameter): Name = "Resistance"; Value = "100R"; VariantName = "[No Variations]"
Change component parameters (AddParameter): Name = "Stock 1"; Value = "16989760"; VariantName = "[No Variations]"
Change component parameters (AddParameter): Name = "Supplier 1"; Value = "Digi-Key"; VariantName = "[No Variations]"
Change component parameters (AddParameter): Name = "Supplier Part Number 1"; Value = "311-100LRDKR-ND"; VariantName = "[No Variations]"
Change component parameters (AddParameter): Name = "Temperature Coefficient"; Value = "100ppm/°C"; VariantName = "[No Variations]"
Change component parameters (AddParameter): Name = "Termination"; Value = "SMD/SMT"; VariantName = "[No Variations]"
Change component parameters (AddParameter): Name = "Tolerance"; Value = "1%"; VariantName = "[No Variations]"
Change component parameters (AddParameter): Name = "Voltage Rating"; Value = "50V"; VariantName = "[No Variations]"
Change component parameters (AddParameter): Name = "Voltage Rating (DC)"; Value = "50V"; VariantName = "[No Variations]"
Change component parameters (AddParameter): Name = "Width"; Value = "0.5mm"; VariantName = "[No Variations]"
Change component parameters: Designator = "U43"; Footprint = "LPQFP-128"; UniqueID = "\IXHGEQJC\BTDQQPCE\GDXNLISO"
Change component parameters. Clean all parameters for all variants
Change component parameters (AddParameter): Name = "Manufacturer"; Value = "STMicroelectronics"; VariantName = "[No Variations]"
Change component parameters (AddParameter): Name = "Manufacturer Part Number"; Value = "STM32G473QET6"; VariantName = "[No Variations]"
Change component parameters (AddParameter): Name = "Pricing 1"; Value = "540=7.5029 (USD)"; VariantName = "[No Variations]"
Change component parameters (AddParameter): Name = "Stock 1"; Value = "0"; VariantName = "[No Variations]"
Change component parameters (AddParameter): Name = "Supplier 1"; Value = "Digi-Key"; VariantName = "[No Variations]"
Change component parameters (AddParameter): Name = "Supplier Part Number 1"; Value = "497-STM32G473QET6-ND"; VariantName = "[No Variations]"
Change component parameters: Designator = "X3"; Footprint = "CONN_0524352271"; UniqueID = "\MYECOBQK\OPRPTMYO"
Change component parameters. Clean all parameters for all variants
Change component parameters (AddParameter): Name = "Actuator Material"; Value = "Polyphenylene"; VariantName = "[No Variations]"
Change component parameters (AddParameter): Name = "ComponentLink1Description"; Value = "https://www.verical.com/server-webapp/html/getDatasheet?partID=448906&src-supplier=Verical"; VariantName = "[No Variations]"
Change component parameters (AddParameter): Name = "ComponentLink1URL"; Value = "https://www.verical.com/server-webapp/html/getDatasheet?partID=448906&src-supplier=Verical"; VariantName = "[No Variations]"
Change component parameters (AddParameter): Name = "ComponentLink2Description"; Value = "http://components.arrow.com/part/dataview/0323_03515907?src-supplier=Arrow+Europe"; VariantName = "[No Variations]"
Change component parameters (AddParameter): Name = "ComponentLink2URL"; Value = "http://components.arrow.com/part/dataview/0323_03515907?src-supplier=Arrow+Europe"; VariantName = "[No Variations]"
Change component parameters (AddParameter): Name = "Contact Material"; Value = "Bronze"; VariantName = "[No Variations]"
Change component parameters (AddParameter): Name = "Contact Plating"; Value = "Gold"; VariantName = "[No Variations]"
Change component parameters (AddParameter): Name = "Current Rating"; Value = "500mA"; VariantName = "[No Variations]"
Change component parameters (AddParameter): Name = "Depth"; Value = "4.7mm"; VariantName = "[No Variations]"
Change component parameters (AddParameter): Name = "Flammability Rating"; Value = "UL94 V-0"; VariantName = "[No Variations]"
Change component parameters (AddParameter): Name = "Housing Material"; Value = "Nylon"; VariantName = "[No Variations]"
Change component parameters (AddParameter): Name = "Length"; Value = "17.6mm"; VariantName = "[No Variations]"
Change component parameters (AddParameter): Name = "Manufacturer"; Value = "Molex"; VariantName = "[No Variations]"
Change component parameters (AddParameter): Name = "Manufacturer Part Number"; Value = "0524352271"; VariantName = "[No Variations]"
Change component parameters (AddParameter): Name = "Max Operating Temperature"; Value = "85°C"; VariantName = "[No Variations]"
Change component parameters (AddParameter): Name = "Max Voltage Rating (AC)"; Value = "50V"; VariantName = "[No Variations]"
Change component parameters (AddParameter): Name = "Max Voltage Rating (DC)"; Value = "50V"; VariantName = "[No Variations]"
Change component parameters (AddParameter): Name = "Min Operating Temperature"; Value = "-40°C"; VariantName = "[No Variations]"
Change component parameters (AddParameter): Name = "Mount"; Value = "Surface Mount"; VariantName = "[No Variations]"
Change component parameters (AddParameter): Name = "Number of Positions"; Value = "22"; VariantName = "[No Variations]"
Change component parameters (AddParameter): Name = "Number of Rows"; Value = "1"; VariantName = "[No Variations]"
Change component parameters (AddParameter): Name = "Orientation"; Value = "Right Angle"; VariantName = "[No Variations]"
Change component parameters (AddParameter): Name = "Package Quantity"; Value = "1"; VariantName = "[No Variations]"
Change component parameters (AddParameter): Name = "Packaging"; Value = "Tape and Reel"; VariantName = "[No Variations]"
Change component parameters (AddParameter): Name = "pin_1"; Value = "ROW_1"; VariantName = "[No Variations]"
Change component parameters (AddParameter): Name = "pin_2"; Value = "ROW_2"; VariantName = "[No Variations]"
Change component parameters (AddParameter): Name = "pin_3"; Value = "ROW_3"; VariantName = "[No Variations]"
Change component parameters (AddParameter): Name = "pin_4"; Value = "COL_1"; VariantName = "[No Variations]"
Change component parameters (AddParameter): Name = "pin_5"; Value = "COL_2"; VariantName = "[No Variations]"
Change component parameters (AddParameter): Name = "pin_6"; Value = "COL_3"; VariantName = "[No Variations]"
Change component parameters (AddParameter): Name = "pin_7"; Value = "PWR"; VariantName = "[No Variations]"
Change component parameters (AddParameter): Name = "pin_8"; Value = "GND"; VariantName = "[No Variations]"
Change component parameters (AddParameter): Name = "pin_9"; Value = "9"; VariantName = "[No Variations]"
Change component parameters (AddParameter): Name = "pin_10"; Value = "10"; VariantName = "[No Variations]"
Change component parameters (AddParameter): Name = "pin_11"; Value = "LED_A"; VariantName = "[No Variations]"
Change component parameters (AddParameter): Name = "pin_12"; Value = "LED_K"; VariantName = "[No Variations]"
Change component parameters (AddParameter): Name = "pin_13"; Value = "RESET"; VariantName = "[No Variations]"
Change component parameters (AddParameter): Name = "pin_14"; Value = "GND"; VariantName = "[No Variations]"
Change component parameters (AddParameter): Name = "pin_15"; Value = "WR"; VariantName = "[No Variations]"
Change component parameters (AddParameter): Name = "pin_16"; Value = "GND"; VariantName = "[No Variations]"
Change component parameters (AddParameter): Name = "pin_17"; Value = "CS"; VariantName = "[No Variations]"
Change component parameters (AddParameter): Name = "pin_18"; Value = "GND"; VariantName = "[No Variations]"
Change component parameters (AddParameter): Name = "pin_19"; Value = "SDA"; VariantName = "[No Variations]"
Change component parameters (AddParameter): Name = "pin_20"; Value = "GND"; VariantName = "[No Variations]"
Change component parameters (AddParameter): Name = "pin_21"; Value = "RS"; VariantName = "[No Variations]"
Change component parameters (AddParameter): Name = "pin_22"; Value = "VDD"; VariantName = "[No Variations]"
Change component parameters (AddParameter): Name = "pin_23"; Value = "MNT"; VariantName = "[No Variations]"
Change component parameters (AddParameter): Name = "pin_24"; Value = "MNT"; VariantName = "[No Variations]"
Change component parameters (AddParameter): Name = "Pitch"; Value = "0.5mm"; VariantName = "[No Variations]"
Change component parameters (AddParameter): Name = "Pricing 1"; Value = "1=2.18, 10=1.978, 25=1.8564, 50=1.7758, 100=1.6951, 250=1.5337, 500=1.4126 (USD)"; VariantName = "[No Variations]"
Change component parameters (AddParameter): Name = "Radiation Hardening"; Value = "No"; VariantName = "[No Variations]"
Change component parameters (AddParameter): Name = "Stock 1"; Value = "4239"; VariantName = "[No Variations]"
Change component parameters (AddParameter): Name = "Supplier 1"; Value = "Digi-Key"; VariantName = "[No Variations]"
Change component parameters (AddParameter): Name = "Supplier Part Number 1"; Value = "WM6753CT-ND"; VariantName = "[No Variations]"
Change component parameters (AddParameter): Name = "Termination"; Value = "Solder"; VariantName = "[No Variations]"
Change component parameters (AddParameter): Name = "Voltage Rating"; Value = "50V"; VariantName = "[No Variations]"
Change component parameters (AddParameter): Name = "Wire/Cable Type"; Value = "Straight"; VariantName = "[No Variations]"
Added Component: Designator=C14(C0603)
Add component. Clean all parameters for all variants
Add component (AddParameter): Name = "Capacitance"; Value = "10uF"; VariantName = "[No Variations]"
Add component (AddParameter): Name = "Case/Package"; Value = "0603"; VariantName = "[No Variations]"
Add component (AddParameter): Name = "Case Code (Imperial)"; Value = "0603"; VariantName = "[No Variations]"
Add component (AddParameter): Name = "Case Code (Metric)"; Value = "1608"; VariantName = "[No Variations]"
Add component (AddParameter): Name = "Composition"; Value = "Ceramic"; VariantName = "[No Variations]"
Add component (AddParameter): Name = "Dielectric"; Value = "X5R"; VariantName = "[No Variations]"
Add component (AddParameter): Name = "Height"; Value = "0.8mm"; VariantName = "[No Variations]"
Add component (AddParameter): Name = "Length"; Value = "0.063inch"; VariantName = "[No Variations]"
Add component (AddParameter): Name = "Manufacturer"; Value = "Murata"; VariantName = "[No Variations]"
Add component (AddParameter): Name = "Manufacturer Part Number"; Value = "GRM188R61C106KAALJ"; VariantName = "[No Variations]"
Add component (AddParameter): Name = "Max Operating Temperature"; Value = "85°C"; VariantName = "[No Variations]"
Add component (AddParameter): Name = "Min Operating Temperature"; Value = "-55°C"; VariantName = "[No Variations]"
Add component (AddParameter): Name = "Mount"; Value = "Surface Mount"; VariantName = "[No Variations]"
Add component (AddParameter): Name = "Package Quantity"; Value = "10000"; VariantName = "[No Variations]"
Add component (AddParameter): Name = "Packaging"; Value = "Tape and Reel"; VariantName = "[No Variations]"
Add component (AddParameter): Name = "Pricing 1"; Value = "1=0.39, 10=0.271, 100=0.1628, 500=0.1221, 1000=0.1031, 2500=0.0977, 5000=0.0923 (USD)"; VariantName = "[No Variations]"
Add component (AddParameter): Name = "Stock 1"; Value = "5470"; VariantName = "[No Variations]"
Add component (AddParameter): Name = "Supplier 1"; Value = "Digi-Key"; VariantName = "[No Variations]"
Add component (AddParameter): Name = "Supplier Part Number 1"; Value = "490-12736-1-ND"; VariantName = "[No Variations]"
Add component (AddParameter): Name = "Termination"; Value = "SMD/SMT"; VariantName = "[No Variations]"
Add component (AddParameter): Name = "Thickness"; Value = "0.037inch"; VariantName = "[No Variations]"
Add component (AddParameter): Name = "Tolerance"; Value = "10%"; VariantName = "[No Variations]"
Add component (AddParameter): Name = "Voltage Rating"; Value = "16V"; VariantName = "[No Variations]"
Add component (AddParameter): Name = "Voltage Rating (DC)"; Value = "16V"; VariantName = "[No Variations]"
Add component (AddParameter): Name = "Weight"; Value = "0.000222oz"; VariantName = "[No Variations]"
Add component (AddParameter): Name = "Width"; Value = "0.031inch"; VariantName = "[No Variations]"
Added Component: Designator=C15(C0402)
Add component. Clean all parameters for all variants
Add component (AddParameter): Name = "Capacitance"; Value = "100nF"; VariantName = "[No Variations]"
Add component (AddParameter): Name = "Case Code (Imperial)"; Value = "0402"; VariantName = "[No Variations]"
Add component (AddParameter): Name = "Case Code (Metric)"; Value = "1005"; VariantName = "[No Variations]"
Add component (AddParameter): Name = "ComponentLink1Description"; Value = "http://www.yageo.com/documents/recent/UPY-GPHC_X7R_6.3V-to-50V_8.pdf?src-supplier=Avnet+Europe"; VariantName = "[No Variations]"
Add component (AddParameter): Name = "ComponentLink1URL"; Value = "http://www.yageo.com/documents/recent/UPY-GPHC_X7R_6.3V-to-50V_8.pdf?src-supplier=Avnet+Europe"; VariantName = "[No Variations]"
Add component (AddParameter): Name = "ComponentLink2Description"; Value = "http://www.yageo.com/documents/recent/UPY-GPHC_X7R_6.3V-to-50V_18.pdf?src-supplier=Digi-Key"; VariantName = "[No Variations]"
Add component (AddParameter): Name = "ComponentLink2URL"; Value = "http://www.yageo.com/documents/recent/UPY-GPHC_X7R_6.3V-to-50V_18.pdf?src-supplier=Digi-Key"; VariantName = "[No Variations]"
Add component (AddParameter): Name = "ComponentLink3Description"; Value = "http://www.yageo.com/documents/recent/UPY-GPHC_X7R_6.3V-to-50V_8.pdf?src-supplier=Avnet"; VariantName = "[No Variations]"
Add component (AddParameter): Name = "ComponentLink3URL"; Value = "http://www.yageo.com/documents/recent/UPY-GPHC_X7R_6.3V-to-50V_8.pdf?src-supplier=Avnet"; VariantName = "[No Variations]"
Add component (AddParameter): Name = "ComponentLink4Description"; Value = "http://www.yageo.com/documents/recent/UPY-GPHC_X7R_6.3V-to-50V_18.pdf?src-supplier=Mouser"; VariantName = "[No Variations]"
Add component (AddParameter): Name = "ComponentLink4URL"; Value = "http://www.yageo.com/documents/recent/UPY-GPHC_X7R_6.3V-to-50V_18.pdf?src-supplier=Mouser"; VariantName = "[No Variations]"
Add component (AddParameter): Name = "ComponentLink5Description"; Value = "http://www.farnell.com/datasheets/2167236.pdf?src-supplier=Element14"; VariantName = "[No Variations]"
Add component (AddParameter): Name = "ComponentLink5URL"; Value = "http://www.farnell.com/datasheets/2167236.pdf?src-supplier=Element14"; VariantName = "[No Variations]"
Add component (AddParameter): Name = "ComponentLink6Description"; Value = "http://www.farnell.com/datasheets/1489800.pdf?src-supplier=Element14"; VariantName = "[No Variations]"
Add component (AddParameter): Name = "ComponentLink6URL"; Value = "http://www.farnell.com/datasheets/1489800.pdf?src-supplier=Element14"; VariantName = "[No Variations]"
Add component (AddParameter): Name = "Composition"; Value = "Ceramic"; VariantName = "[No Variations]"
Add component (AddParameter): Name = "Depth"; Value = "0.5mm"; VariantName = "[No Variations]"
Add component (AddParameter): Name = "Dielectric"; Value = "X7R"; VariantName = "[No Variations]"
Add component (AddParameter): Name = "Halogen Free"; Value = "Halogen Free"; VariantName = "[No Variations]"
Add component (AddParameter): Name = "Height"; Value = "0.5mm"; VariantName = "[No Variations]"
Add component (AddParameter): Name = "Lead Free"; Value = "Lead Free"; VariantName = "[No Variations]"
Add component (AddParameter): Name = "Length"; Value = "1mm"; VariantName = "[No Variations]"
Add component (AddParameter): Name = "Manufacturer"; Value = "Yageo"; VariantName = "[No Variations]"
Add component (AddParameter): Name = "Manufacturer Part Number"; Value = "CC0402KRX7R7BB104"; VariantName = "[No Variations]"
Add component (AddParameter): Name = "Max Operating Temperature"; Value = "125°C"; VariantName = "[No Variations]"
Add component (AddParameter): Name = "Min Operating Temperature"; Value = "-55°C"; VariantName = "[No Variations]"
Add component (AddParameter): Name = "Mount"; Value = "Surface Mount"; VariantName = "[No Variations]"
Add component (AddParameter): Name = "Number of Pins"; Value = "2"; VariantName = "[No Variations]"
Add component (AddParameter): Name = "Order"; Value = "CC0402KRX7R7BB104"; VariantName = "[No Variations]"
Add component (AddParameter): Name = "Package Quantity"; Value = "1"; VariantName = "[No Variations]"
Add component (AddParameter): Name = "Packaging"; Value = "Tape and Reel"; VariantName = "[No Variations]"
Add component (AddParameter): Name = "Pricing 1"; Value = "1=0.1, 10=0.031, 100=0.0136, 500=0.0097, 1000=0.0077, 2500=0.007, 5000=0.0064 (USD)"; VariantName = "[No Variations]"
Add component (AddParameter): Name = "Radiation Hardening"; Value = "No"; VariantName = "[No Variations]"
Add component (AddParameter): Name = "REACH SVHC"; Value = "No SVHC"; VariantName = "[No Variations]"
Add component (AddParameter): Name = "Revision"; Value = "July-2002: Re-released for DXP Platform."; VariantName = "[No Variations]"
Add component (AddParameter): Name = "Stock 1"; Value = "25916830"; VariantName = "[No Variations]"
Add component (AddParameter): Name = "Supplier 1"; Value = "Digi-Key"; VariantName = "[No Variations]"
Add component (AddParameter): Name = "Supplier Part Number 1"; Value = "311-1338-1-ND"; VariantName = "[No Variations]"
Add component (AddParameter): Name = "Termination"; Value = "SMD/SMT"; VariantName = "[No Variations]"
Add component (AddParameter): Name = "Thickness"; Value = "0.022inch"; VariantName = "[No Variations]"
Add component (AddParameter): Name = "Tolerance"; Value = "10%"; VariantName = "[No Variations]"
Add component (AddParameter): Name = "Voltage"; Value = "16V"; VariantName = "[No Variations]"
Add component (AddParameter): Name = "Voltage Rating"; Value = "16V"; VariantName = "[No Variations]"
Add component (AddParameter): Name = "Voltage Rating (DC)"; Value = "16V"; VariantName = "[No Variations]"
Add component (AddParameter): Name = "Width"; Value = "0.02inch"; VariantName = "[No Variations]"
Added Component: Designator=C37(C0402)
Add component. Clean all parameters for all variants
Add component (AddParameter): Name = "Capacitance"; Value = "100nF"; VariantName = "[No Variations]"
Add component (AddParameter): Name = "Case/Package"; Value = "0402"; VariantName = "[No Variations]"
Add component (AddParameter): Name = "Case Code (Imperial)"; Value = "0402"; VariantName = "[No Variations]"
Add component (AddParameter): Name = "Case Code (Metric)"; Value = "1005"; VariantName = "[No Variations]"
Add component (AddParameter): Name = "ComponentLink1Description"; Value = "http://product.tdk.com/capacitor/mlcc/en/documents/mlccspec_automotive_general_midvoltage_en.pdf?src-supplier=Future+Electronics"; VariantName = "[No Variations]"
Add component (AddParameter): Name = "ComponentLink1URL"; Value = "http://product.tdk.com/capacitor/mlcc/en/documents/mlccspec_automotive_general_midvoltage_en.pdf?src-supplier=Future+Electronics"; VariantName = "[No Variations]"
Add component (AddParameter): Name = "ComponentLink2Description"; Value = "http://www.farnell.com/datasheets/1807242.pdf?src-supplier=Element14"; VariantName = "[No Variations]"
Add component (AddParameter): Name = "ComponentLink2URL"; Value = "http://www.farnell.com/datasheets/1807242.pdf?src-supplier=Element14"; VariantName = "[No Variations]"
Add component (AddParameter): Name = "ComponentLink3Description"; Value = "http://www.mouser.com/ds/2/400/lcc_automotive_general_en-843974.pdf?src-supplier=Mouser"; VariantName = "[No Variations]"
Add component (AddParameter): Name = "ComponentLink3URL"; Value = "http://www.mouser.com/ds/2/400/lcc_automotive_general_en-843974.pdf?src-supplier=Mouser"; VariantName = "[No Variations]"
Add component (AddParameter): Name = "ComponentLink4Description"; Value = "http://www.farnell.com/datasheets/1936565.pdf?src-supplier=Element14"; VariantName = "[No Variations]"
Add component (AddParameter): Name = "ComponentLink4URL"; Value = "http://www.farnell.com/datasheets/1936565.pdf?src-supplier=Element14"; VariantName = "[No Variations]"
Add component (AddParameter): Name = "ComponentLink5Description"; Value = "http://www.farnell.com/datasheets/1735392.pdf?src-supplier=Element14"; VariantName = "[No Variations]"
Add component (AddParameter): Name = "ComponentLink5URL"; Value = "http://www.farnell.com/datasheets/1735392.pdf?src-supplier=Element14"; VariantName = "[No Variations]"
Add component (AddParameter): Name = "Composition"; Value = "Ceramic"; VariantName = "[No Variations]"
Add component (AddParameter): Name = "Depth"; Value = "0.5mm"; VariantName = "[No Variations]"
Add component (AddParameter): Name = "Dielectric"; Value = "X7R"; VariantName = "[No Variations]"
Add component (AddParameter): Name = "Height"; Value = "0.5mm"; VariantName = "[No Variations]"
Add component (AddParameter): Name = "Lead Free"; Value = "Lead Free"; VariantName = "[No Variations]"
Add component (AddParameter): Name = "Length"; Value = "1mm"; VariantName = "[No Variations]"
Add component (AddParameter): Name = "Manufacturer"; Value = "TDK"; VariantName = "[No Variations]"
Add component (AddParameter): Name = "Manufacturer Part Number"; Value = "CGA2B3X7R1H104K050BB"; VariantName = "[No Variations]"
Add component (AddParameter): Name = "Max Operating Temperature"; Value = "125°C"; VariantName = "[No Variations]"
Add component (AddParameter): Name = "Min Operating Temperature"; Value = "-55°C"; VariantName = "[No Variations]"
Add component (AddParameter): Name = "Mount"; Value = "Surface Mount"; VariantName = "[No Variations]"
Add component (AddParameter): Name = "Package Quantity"; Value = "1"; VariantName = "[No Variations]"
Add component (AddParameter): Name = "Packaging"; Value = "Tape and Reel"; VariantName = "[No Variations]"
Add component (AddParameter): Name = "Pricing 1"; Value = "1=0.17, 10=0.118, 50=0.0668, 100=0.0553, 500=0.0388, 1000=0.0321, 2500=0.0299, 5000=0.0273 (USD)"; VariantName = "[No Variations]"
Add component (AddParameter): Name = "Ratings"; Value = "AEC-Q200"; VariantName = "[No Variations]"
Add component (AddParameter): Name = "REACH SVHC"; Value = "No SVHC"; VariantName = "[No Variations]"
Add component (AddParameter): Name = "Stock 1"; Value = "2925303"; VariantName = "[No Variations]"
Add component (AddParameter): Name = "Supplier 1"; Value = "Digi-Key"; VariantName = "[No Variations]"
Add component (AddParameter): Name = "Supplier Part Number 1"; Value = "445-6899-1-ND"; VariantName = "[No Variations]"
Add component (AddParameter): Name = "Termination"; Value = "SMD/SMT"; VariantName = "[No Variations]"
Add component (AddParameter): Name = "Thickness"; Value = "0.022inch"; VariantName = "[No Variations]"
Add component (AddParameter): Name = "Tolerance"; Value = "10%"; VariantName = "[No Variations]"
Add component (AddParameter): Name = "Voltage"; Value = "50V"; VariantName = "[No Variations]"
Add component (AddParameter): Name = "Voltage Rating"; Value = "50V"; VariantName = "[No Variations]"
Add component (AddParameter): Name = "Voltage Rating (DC)"; Value = "50V"; VariantName = "[No Variations]"
Add component (AddParameter): Name = "Weight"; Value = "2.3E-05oz"; VariantName = "[No Variations]"
Add component (AddParameter): Name = "Width"; Value = "0.02inch"; VariantName = "[No Variations]"
Added Component: Designator=C40(C0402)
Add component. Clean all parameters for all variants
Add component (AddParameter): Name = "Capacitance"; Value = "1uF"; VariantName = "[No Variations]"
Add component (AddParameter): Name = "Case/Package"; Value = "0402"; VariantName = "[No Variations]"
Add component (AddParameter): Name = "Case Code (Imperial)"; Value = "0402"; VariantName = "[No Variations]"
Add component (AddParameter): Name = "Case Code (Metric)"; Value = "1005"; VariantName = "[No Variations]"
Add component (AddParameter): Name = "ComponentLink1Description"; Value = "http://www.farnell.com/datasheets/70765.pdf?src-supplier=Farnell"; VariantName = "[No Variations]"
Add component (AddParameter): Name = "ComponentLink1URL"; Value = "http://www.farnell.com/datasheets/70765.pdf?src-supplier=Farnell"; VariantName = "[No Variations]"
Add component (AddParameter): Name = "ComponentLink2Description"; Value = "http://www.yageo.com/documents/recent/UPY-GPHC_X5R_4V-to-50V_25.pdf?src-supplier=Digi-Key"; VariantName = "[No Variations]"
Add component (AddParameter): Name = "ComponentLink2URL"; Value = "http://www.yageo.com/documents/recent/UPY-GPHC_X5R_4V-to-50V_25.pdf?src-supplier=Digi-Key"; VariantName = "[No Variations]"
Add component (AddParameter): Name = "ComponentLink3Description"; Value = "http://www.farnell.com/datasheets/2167237.pdf?src-supplier=Element14"; VariantName = "[No Variations]"
Add component (AddParameter): Name = "ComponentLink3URL"; Value = "http://www.farnell.com/datasheets/2167237.pdf?src-supplier=Element14"; VariantName = "[No Variations]"
Add component (AddParameter): Name = "ComponentLink4Description"; Value = "http://www.yageo.com/documents/recent/UPY-GPHC_X5R_4V-to-50V_12.pdf?src-supplier=Avnet+Europe"; VariantName = "[No Variations]"
Add component (AddParameter): Name = "ComponentLink4URL"; Value = "http://www.yageo.com/documents/recent/UPY-GPHC_X5R_4V-to-50V_12.pdf?src-supplier=Avnet+Europe"; VariantName = "[No Variations]"
Add component (AddParameter): Name = "ComponentLink5Description"; Value = "http://www.farnell.com/datasheets/1359354.pdf?src-supplier=Element14"; VariantName = "[No Variations]"
Add component (AddParameter): Name = "ComponentLink5URL"; Value = "http://www.farnell.com/datasheets/1359354.pdf?src-supplier=Element14"; VariantName = "[No Variations]"
Add component (AddParameter): Name = "ComponentLink6Description"; Value = "http://www.farnell.com/datasheets/70765.pdf?src-supplier=Element14"; VariantName = "[No Variations]"
Add component (AddParameter): Name = "ComponentLink6URL"; Value = "http://www.farnell.com/datasheets/70765.pdf?src-supplier=Element14"; VariantName = "[No Variations]"
Add component (AddParameter): Name = "ComponentLink7Description"; Value = "http://www.yageo.com/documents/recent/UPY-GPHC_X5R_4V-to-50V_12.pdf?src-supplier=Avnet"; VariantName = "[No Variations]"
Add component (AddParameter): Name = "ComponentLink7URL"; Value = "http://www.yageo.com/documents/recent/UPY-GPHC_X5R_4V-to-50V_12.pdf?src-supplier=Avnet"; VariantName = "[No Variations]"
Add component (AddParameter): Name = "Composition"; Value = "Ceramic"; VariantName = "[No Variations]"
Add component (AddParameter): Name = "Depth"; Value = "0.5mm"; VariantName = "[No Variations]"
Add component (AddParameter): Name = "Dielectric"; Value = "X5R"; VariantName = "[No Variations]"
Add component (AddParameter): Name = "Dielectric Material"; Value = "Ceramic"; VariantName = "[No Variations]"
Add component (AddParameter): Name = "Halogen Free"; Value = "Halogen Free"; VariantName = "[No Variations]"
Add component (AddParameter): Name = "Height"; Value = "0.5mm"; VariantName = "[No Variations]"
Add component (AddParameter): Name = "Lead Free"; Value = "Lead Free"; VariantName = "[No Variations]"
Add component (AddParameter): Name = "Length"; Value = "1mm"; VariantName = "[No Variations]"
Add component (AddParameter): Name = "Manufacturer"; Value = "Yageo"; VariantName = "[No Variations]"
Add component (AddParameter): Name = "Manufacturer Part Number"; Value = "CC0402KRX5R5BB105"; VariantName = "[No Variations]"
Add component (AddParameter): Name = "Max Operating Temperature"; Value = "85°C"; VariantName = "[No Variations]"
Add component (AddParameter): Name = "Min Operating Temperature"; Value = "-55°C"; VariantName = "[No Variations]"
Add component (AddParameter): Name = "Mount"; Value = "Surface Mount"; VariantName = "[No Variations]"
Add component (AddParameter): Name = "Number of Pins"; Value = "2"; VariantName = "[No Variations]"
Add component (AddParameter): Name = "Package Quantity"; Value = "1"; VariantName = "[No Variations]"
Add component (AddParameter): Name = "Packaging"; Value = "Tape and Reel"; VariantName = "[No Variations]"
Add component (AddParameter): Name = "Pricing 1"; Value = "1=0.1, 10=0.05, 50=0.0272, 100=0.0222, 500=0.0158, 1000=0.0124, 2500=0.0113, 5000=0.0104 (USD)"; VariantName = "[No Variations]"
Add component (AddParameter): Name = "Radiation Hardening"; Value = "No"; VariantName = "[No Variations]"
Add component (AddParameter): Name = "REACH SVHC"; Value = "No SVHC"; VariantName = "[No Variations]"
Add component (AddParameter): Name = "Stock 1"; Value = "34926286"; VariantName = "[No Variations]"
Add component (AddParameter): Name = "Supplier 1"; Value = "Digi-Key"; VariantName = "[No Variations]"
Add component (AddParameter): Name = "Supplier Part Number 1"; Value = "311-1438-1-ND"; VariantName = "[No Variations]"
Add component (AddParameter): Name = "Termination"; Value = "SMD/SMT"; VariantName = "[No Variations]"
Add component (AddParameter): Name = "Thickness"; Value = "0.022inch"; VariantName = "[No Variations]"
Add component (AddParameter): Name = "Tolerance"; Value = "10%"; VariantName = "[No Variations]"
Add component (AddParameter): Name = "Voltage Rating"; Value = "6.3V"; VariantName = "[No Variations]"
Add component (AddParameter): Name = "Voltage Rating (DC)"; Value = "6.3V"; VariantName = "[No Variations]"
Add component (AddParameter): Name = "Width"; Value = "0.02inch"; VariantName = "[No Variations]"
Added Component: Designator=C43(C0402)
Add component. Clean all parameters for all variants
Added Component: Designator=C118(C0402)
Add component. Clean all parameters for all variants
Add component (AddParameter): Name = "Capacitance"; Value = "100nF"; VariantName = "[No Variations]"
Add component (AddParameter): Name = "Case/Package"; Value = "0402"; VariantName = "[No Variations]"
Add component (AddParameter): Name = "Case Code (Imperial)"; Value = "0402"; VariantName = "[No Variations]"
Add component (AddParameter): Name = "Case Code (Metric)"; Value = "1005"; VariantName = "[No Variations]"
Add component (AddParameter): Name = "ComponentLink1Description"; Value = "http://product.tdk.com/capacitor/mlcc/en/documents/mlccspec_automotive_general_midvoltage_en.pdf?src-supplier=Future+Electronics"; VariantName = "[No Variations]"
Add component (AddParameter): Name = "ComponentLink1URL"; Value = "http://product.tdk.com/capacitor/mlcc/en/documents/mlccspec_automotive_general_midvoltage_en.pdf?src-supplier=Future+Electronics"; VariantName = "[No Variations]"
Add component (AddParameter): Name = "ComponentLink2Description"; Value = "http://www.farnell.com/datasheets/1807242.pdf?src-supplier=Element14"; VariantName = "[No Variations]"
Add component (AddParameter): Name = "ComponentLink2URL"; Value = "http://www.farnell.com/datasheets/1807242.pdf?src-supplier=Element14"; VariantName = "[No Variations]"
Add component (AddParameter): Name = "ComponentLink3Description"; Value = "http://www.mouser.com/ds/2/400/lcc_automotive_general_en-843974.pdf?src-supplier=Mouser"; VariantName = "[No Variations]"
Add component (AddParameter): Name = "ComponentLink3URL"; Value = "http://www.mouser.com/ds/2/400/lcc_automotive_general_en-843974.pdf?src-supplier=Mouser"; VariantName = "[No Variations]"
Add component (AddParameter): Name = "ComponentLink4Description"; Value = "http://www.farnell.com/datasheets/1936565.pdf?src-supplier=Element14"; VariantName = "[No Variations]"
Add component (AddParameter): Name = "ComponentLink4URL"; Value = "http://www.farnell.com/datasheets/1936565.pdf?src-supplier=Element14"; VariantName = "[No Variations]"
Add component (AddParameter): Name = "ComponentLink5Description"; Value = "http://www.farnell.com/datasheets/1735392.pdf?src-supplier=Element14"; VariantName = "[No Variations]"
Add component (AddParameter): Name = "ComponentLink5URL"; Value = "http://www.farnell.com/datasheets/1735392.pdf?src-supplier=Element14"; VariantName = "[No Variations]"
Add component (AddParameter): Name = "Composition"; Value = "Ceramic"; VariantName = "[No Variations]"
Add component (AddParameter): Name = "Depth"; Value = "0.5mm"; VariantName = "[No Variations]"
Add component (AddParameter): Name = "Dielectric"; Value = "X7R"; VariantName = "[No Variations]"
Add component (AddParameter): Name = "Height"; Value = "0.5mm"; VariantName = "[No Variations]"
Add component (AddParameter): Name = "Lead Free"; Value = "Lead Free"; VariantName = "[No Variations]"
Add component (AddParameter): Name = "Length"; Value = "1mm"; VariantName = "[No Variations]"
Add component (AddParameter): Name = "Manufacturer"; Value = "TDK"; VariantName = "[No Variations]"
Add component (AddParameter): Name = "Manufacturer Part Number"; Value = "CGA2B3X7R1H104K050BB"; VariantName = "[No Variations]"
Add component (AddParameter): Name = "Max Operating Temperature"; Value = "125°C"; VariantName = "[No Variations]"
Add component (AddParameter): Name = "Min Operating Temperature"; Value = "-55°C"; VariantName = "[No Variations]"
Add component (AddParameter): Name = "Mount"; Value = "Surface Mount"; VariantName = "[No Variations]"
Add component (AddParameter): Name = "Package Quantity"; Value = "1"; VariantName = "[No Variations]"
Add component (AddParameter): Name = "Packaging"; Value = "Tape and Reel"; VariantName = "[No Variations]"
Add component (AddParameter): Name = "Pricing 1"; Value = "1=0.17, 10=0.118, 50=0.0668, 100=0.0553, 500=0.0388, 1000=0.0321, 2500=0.0299, 5000=0.0273 (USD)"; VariantName = "[No Variations]"
Add component (AddParameter): Name = "Ratings"; Value = "AEC-Q200"; VariantName = "[No Variations]"
Add component (AddParameter): Name = "REACH SVHC"; Value = "No SVHC"; VariantName = "[No Variations]"
Add component (AddParameter): Name = "Stock 1"; Value = "2925303"; VariantName = "[No Variations]"
Add component (AddParameter): Name = "Supplier 1"; Value = "Digi-Key"; VariantName = "[No Variations]"
Add component (AddParameter): Name = "Supplier Part Number 1"; Value = "445-6899-1-ND"; VariantName = "[No Variations]"
Add component (AddParameter): Name = "Termination"; Value = "SMD/SMT"; VariantName = "[No Variations]"
Add component (AddParameter): Name = "Thickness"; Value = "0.022inch"; VariantName = "[No Variations]"
Add component (AddParameter): Name = "Tolerance"; Value = "10%"; VariantName = "[No Variations]"
Add component (AddParameter): Name = "Voltage"; Value = "50V"; VariantName = "[No Variations]"
Add component (AddParameter): Name = "Voltage Rating"; Value = "50V"; VariantName = "[No Variations]"
Add component (AddParameter): Name = "Voltage Rating (DC)"; Value = "50V"; VariantName = "[No Variations]"
Add component (AddParameter): Name = "Weight"; Value = "2.3E-05oz"; VariantName = "[No Variations]"
Add component (AddParameter): Name = "Width"; Value = "0.02inch"; VariantName = "[No Variations]"
Added Component: Designator=C119(C0402)
Add component. Clean all parameters for all variants
Add component (AddParameter): Name = "Capacitance"; Value = "100nF"; VariantName = "[No Variations]"
Add component (AddParameter): Name = "Case/Package"; Value = "0402"; VariantName = "[No Variations]"
Add component (AddParameter): Name = "Case Code (Imperial)"; Value = "0402"; VariantName = "[No Variations]"
Add component (AddParameter): Name = "Case Code (Metric)"; Value = "1005"; VariantName = "[No Variations]"
Add component (AddParameter): Name = "ComponentLink1Description"; Value = "http://product.tdk.com/capacitor/mlcc/en/documents/mlccspec_automotive_general_midvoltage_en.pdf?src-supplier=Future+Electronics"; VariantName = "[No Variations]"
Add component (AddParameter): Name = "ComponentLink1URL"; Value = "http://product.tdk.com/capacitor/mlcc/en/documents/mlccspec_automotive_general_midvoltage_en.pdf?src-supplier=Future+Electronics"; VariantName = "[No Variations]"
Add component (AddParameter): Name = "ComponentLink2Description"; Value = "http://www.farnell.com/datasheets/1807242.pdf?src-supplier=Element14"; VariantName = "[No Variations]"
Add component (AddParameter): Name = "ComponentLink2URL"; Value = "http://www.farnell.com/datasheets/1807242.pdf?src-supplier=Element14"; VariantName = "[No Variations]"
Add component (AddParameter): Name = "ComponentLink3Description"; Value = "http://www.mouser.com/ds/2/400/lcc_automotive_general_en-843974.pdf?src-supplier=Mouser"; VariantName = "[No Variations]"
Add component (AddParameter): Name = "ComponentLink3URL"; Value = "http://www.mouser.com/ds/2/400/lcc_automotive_general_en-843974.pdf?src-supplier=Mouser"; VariantName = "[No Variations]"
Add component (AddParameter): Name = "ComponentLink4Description"; Value = "http://www.farnell.com/datasheets/1936565.pdf?src-supplier=Element14"; VariantName = "[No Variations]"
Add component (AddParameter): Name = "ComponentLink4URL"; Value = "http://www.farnell.com/datasheets/1936565.pdf?src-supplier=Element14"; VariantName = "[No Variations]"
Add component (AddParameter): Name = "ComponentLink5Description"; Value = "http://www.farnell.com/datasheets/1735392.pdf?src-supplier=Element14"; VariantName = "[No Variations]"
Add component (AddParameter): Name = "ComponentLink5URL"; Value = "http://www.farnell.com/datasheets/1735392.pdf?src-supplier=Element14"; VariantName = "[No Variations]"
Add component (AddParameter): Name = "Composition"; Value = "Ceramic"; VariantName = "[No Variations]"
Add component (AddParameter): Name = "Depth"; Value = "0.5mm"; VariantName = "[No Variations]"
Add component (AddParameter): Name = "Dielectric"; Value = "X7R"; VariantName = "[No Variations]"
Add component (AddParameter): Name = "Height"; Value = "0.5mm"; VariantName = "[No Variations]"
Add component (AddParameter): Name = "Lead Free"; Value = "Lead Free"; VariantName = "[No Variations]"
Add component (AddParameter): Name = "Length"; Value = "1mm"; VariantName = "[No Variations]"
Add component (AddParameter): Name = "Manufacturer"; Value = "TDK"; VariantName = "[No Variations]"
Add component (AddParameter): Name = "Manufacturer Part Number"; Value = "CGA2B3X7R1H104K050BB"; VariantName = "[No Variations]"
Add component (AddParameter): Name = "Max Operating Temperature"; Value = "125°C"; VariantName = "[No Variations]"
Add component (AddParameter): Name = "Min Operating Temperature"; Value = "-55°C"; VariantName = "[No Variations]"
Add component (AddParameter): Name = "Mount"; Value = "Surface Mount"; VariantName = "[No Variations]"
Add component (AddParameter): Name = "Package Quantity"; Value = "1"; VariantName = "[No Variations]"
Add component (AddParameter): Name = "Packaging"; Value = "Tape and Reel"; VariantName = "[No Variations]"
Add component (AddParameter): Name = "Pricing 1"; Value = "1=0.17, 10=0.118, 50=0.0668, 100=0.0553, 500=0.0388, 1000=0.0321, 2500=0.0299, 5000=0.0273 (USD)"; VariantName = "[No Variations]"
Add component (AddParameter): Name = "Ratings"; Value = "AEC-Q200"; VariantName = "[No Variations]"
Add component (AddParameter): Name = "REACH SVHC"; Value = "No SVHC"; VariantName = "[No Variations]"
Add component (AddParameter): Name = "Stock 1"; Value = "2925303"; VariantName = "[No Variations]"
Add component (AddParameter): Name = "Supplier 1"; Value = "Digi-Key"; VariantName = "[No Variations]"
Add component (AddParameter): Name = "Supplier Part Number 1"; Value = "445-6899-1-ND"; VariantName = "[No Variations]"
Add component (AddParameter): Name = "Termination"; Value = "SMD/SMT"; VariantName = "[No Variations]"
Add component (AddParameter): Name = "Thickness"; Value = "0.022inch"; VariantName = "[No Variations]"
Add component (AddParameter): Name = "Tolerance"; Value = "10%"; VariantName = "[No Variations]"
Add component (AddParameter): Name = "Voltage"; Value = "50V"; VariantName = "[No Variations]"
Add component (AddParameter): Name = "Voltage Rating"; Value = "50V"; VariantName = "[No Variations]"
Add component (AddParameter): Name = "Voltage Rating (DC)"; Value = "50V"; VariantName = "[No Variations]"
Add component (AddParameter): Name = "Weight"; Value = "2.3E-05oz"; VariantName = "[No Variations]"
Add component (AddParameter): Name = "Width"; Value = "0.02inch"; VariantName = "[No Variations]"
Added Component: Designator=C120(C0402)
Add component. Clean all parameters for all variants
Add component (AddParameter): Name = "Capacitance"; Value = "10nF"; VariantName = "[No Variations]"
Add component (AddParameter): Name = "Case/Package"; Value = "0402"; VariantName = "[No Variations]"
Add component (AddParameter): Name = "Case Code (Imperial)"; Value = "0402"; VariantName = "[No Variations]"
Add component (AddParameter): Name = "Case Code (Metric)"; Value = "1005"; VariantName = "[No Variations]"
Add component (AddParameter): Name = "ComponentLink1Description"; Value = "http://www.farnell.com/datasheets/2237835.pdf?src-supplier=Element14"; VariantName = "[No Variations]"
Add component (AddParameter): Name = "ComponentLink1URL"; Value = "http://www.farnell.com/datasheets/2237835.pdf?src-supplier=Element14"; VariantName = "[No Variations]"
Add component (AddParameter): Name = "ComponentLink2Description"; Value = "http://catalogs.avx.com/SurfaceMount.pdf?src-supplier=Digi-Key"; VariantName = "[No Variations]"
Add component (AddParameter): Name = "ComponentLink2URL"; Value = "http://catalogs.avx.com/SurfaceMount.pdf?src-supplier=Digi-Key"; VariantName = "[No Variations]"
Add component (AddParameter): Name = "ComponentLink3Description"; Value = "http://www.alliedelec.com/m/d/a24bb5190bea413b2ff164816f55e87c.pdf?src-supplier=Allied+Electronics"; VariantName = "[No Variations]"
Add component (AddParameter): Name = "ComponentLink3URL"; Value = "http://www.alliedelec.com/m/d/a24bb5190bea413b2ff164816f55e87c.pdf?src-supplier=Allied+Electronics"; VariantName = "[No Variations]"
Add component (AddParameter): Name = "ComponentLink4Description"; Value = "http://uk.rs-online.com/webdocs/13ec/0900766b813ece35.pdf?src-supplier=RSComponents"; VariantName = "[No Variations]"
Add component (AddParameter): Name = "ComponentLink4URL"; Value = "http://uk.rs-online.com/webdocs/13ec/0900766b813ece35.pdf?src-supplier=RSComponents"; VariantName = "[No Variations]"
Add component (AddParameter): Name = "Depth"; Value = "0.5mm"; VariantName = "[No Variations]"
Add component (AddParameter): Name = "Dielectric"; Value = "X7R"; VariantName = "[No Variations]"
Add component (AddParameter): Name = "Dissipation Factor"; Value = "12.5%"; VariantName = "[No Variations]"
Add component (AddParameter): Name = "Height"; Value = "0.56mm"; VariantName = "[No Variations]"
Add component (AddParameter): Name = "Insulation Resistance"; Value = "100GR"; VariantName = "[No Variations]"
Add component (AddParameter): Name = "Lead Free"; Value = "Lead Free"; VariantName = "[No Variations]"
Add component (AddParameter): Name = "Length"; Value = "1mm"; VariantName = "[No Variations]"
Add component (AddParameter): Name = "Manufacturer"; Value = "Kyocera AVX"; VariantName = "[No Variations]"
Add component (AddParameter): Name = "Manufacturer Part Number"; Value = "04023C103KAT2A"; VariantName = "[No Variations]"
Add component (AddParameter): Name = "Max Operating Temperature"; Value = "125°C"; VariantName = "[No Variations]"
Add component (AddParameter): Name = "Min Operating Temperature"; Value = "-55°C"; VariantName = "[No Variations]"
Add component (AddParameter): Name = "Mount"; Value = "Surface Mount,PCB"; VariantName = "[No Variations]"
Add component (AddParameter): Name = "Package Quantity"; Value = "1"; VariantName = "[No Variations]"
Add component (AddParameter): Name = "Packaging"; Value = "Tape and Reel"; VariantName = "[No Variations]"
Add component (AddParameter): Name = "Pricing 1"; Value = "1=0.1, 10=0.034, 50=0.0182, 100=0.0149, 500=0.0107, 1000=0.0084, 2500=0.0076, 5000=0.007 (USD)"; VariantName = "[No Variations]"
Add component (AddParameter): Name = "Radiation Hardening"; Value = "No"; VariantName = "[No Variations]"
Add component (AddParameter): Name = "REACH SVHC"; Value = "No SVHC"; VariantName = "[No Variations]"
Add component (AddParameter): Name = "Stock 1"; Value = "1015537"; VariantName = "[No Variations]"
Add component (AddParameter): Name = "Supplier 1"; Value = "Digi-Key"; VariantName = "[No Variations]"
Add component (AddParameter): Name = "Supplier Part Number 1"; Value = "478-1113-1-ND"; VariantName = "[No Variations]"
Add component (AddParameter): Name = "Termination"; Value = "SMD/SMT"; VariantName = "[No Variations]"
Add component (AddParameter): Name = "Thickness"; Value = "0.022inch"; VariantName = "[No Variations]"
Add component (AddParameter): Name = "Tolerance"; Value = "10%"; VariantName = "[No Variations]"
Add component (AddParameter): Name = "Voltage"; Value = "25V"; VariantName = "[No Variations]"
Add component (AddParameter): Name = "Voltage Rating"; Value = "25V"; VariantName = "[No Variations]"
Add component (AddParameter): Name = "Voltage Rating (DC)"; Value = "25V"; VariantName = "[No Variations]"
Add component (AddParameter): Name = "Width"; Value = "0.02inch"; VariantName = "[No Variations]"
Added Component: Designator=C121(C0402)
Add component. Clean all parameters for all variants
Add component (AddParameter): Name = "Capacitance"; Value = "10pF"; VariantName = "[No Variations]"
Add component (AddParameter): Name = "Case/Package"; Value = "0402"; VariantName = "[No Variations]"
Add component (AddParameter): Name = "Case Code (Imperial)"; Value = "0402"; VariantName = "[No Variations]"
Add component (AddParameter): Name = "Case Code (Metric)"; Value = "1005"; VariantName = "[No Variations]"
Add component (AddParameter): Name = "ComponentLink1Description"; Value = "http://www.mouser.com/ds/2/212/KEM_C1003_C0G_SMD-1101588.pdf?src-supplier=Mouser"; VariantName = "[No Variations]"
Add component (AddParameter): Name = "ComponentLink1URL"; Value = "http://www.mouser.com/ds/2/212/KEM_C1003_C0G_SMD-1101588.pdf?src-supplier=Mouser"; VariantName = "[No Variations]"
Add component (AddParameter): Name = "Depth"; Value = "0.5mm"; VariantName = "[No Variations]"
Add component (AddParameter): Name = "Dielectric"; Value = "C0G"; VariantName = "[No Variations]"
Add component (AddParameter): Name = "Dielectric Material"; Value = "Ceramic"; VariantName = "[No Variations]"
Add component (AddParameter): Name = "Dissipation Factor"; Value = "0.1%"; VariantName = "[No Variations]"
Add component (AddParameter): Name = "Height"; Value = "0.5mm"; VariantName = "[No Variations]"
Add component (AddParameter): Name = "Lead Free"; Value = "Lead Free"; VariantName = "[No Variations]"
Add component (AddParameter): Name = "Lead Pitch"; Value = "0.3mm"; VariantName = "[No Variations]"
Add component (AddParameter): Name = "Length"; Value = "1mm"; VariantName = "[No Variations]"
Add component (AddParameter): Name = "Manufacturer"; Value = "KEMET"; VariantName = "[No Variations]"
Add component (AddParameter): Name = "Manufacturer Part Number"; Value = "C0402C100K5GACTU"; VariantName = "[No Variations]"
Add component (AddParameter): Name = "Max Operating Temperature"; Value = "125°C"; VariantName = "[No Variations]"
Add component (AddParameter): Name = "Min Operating Temperature"; Value = "-55°C"; VariantName = "[No Variations]"
Add component (AddParameter): Name = "Mount"; Value = "Surface Mount"; VariantName = "[No Variations]"
Add component (AddParameter): Name = "Package Quantity"; Value = "10000"; VariantName = "[No Variations]"
Add component (AddParameter): Name = "Packaging"; Value = "Tape and Reel"; VariantName = "[No Variations]"
Add component (AddParameter): Name = "Pricing 1"; Value = "1=0.1, 10=0.021, 50=0.0116, 100=0.0095, 500=0.0068, 1000=0.0053, 2500=0.0048, 5000=0.0045 (USD)"; VariantName = "[No Variations]"
Add component (AddParameter): Name = "Radiation Hardening"; Value = "No"; VariantName = "[No Variations]"
Add component (AddParameter): Name = "REACH SVHC"; Value = "No SVHC"; VariantName = "[No Variations]"
Add component (AddParameter): Name = "Stock 1"; Value = "57093"; VariantName = "[No Variations]"
Add component (AddParameter): Name = "Supplier 1"; Value = "Digi-Key"; VariantName = "[No Variations]"
Add component (AddParameter): Name = "Supplier Part Number 1"; Value = "399-7747-1-ND"; VariantName = "[No Variations]"
Add component (AddParameter): Name = "Termination"; Value = "SMD/SMT"; VariantName = "[No Variations]"
Add component (AddParameter): Name = "Thickness"; Value = "0.022inch"; VariantName = "[No Variations]"
Add component (AddParameter): Name = "Tolerance"; Value = "10%"; VariantName = "[No Variations]"
Add component (AddParameter): Name = "Voltage Rating"; Value = "50V"; VariantName = "[No Variations]"
Add component (AddParameter): Name = "Voltage Rating (DC)"; Value = "50V"; VariantName = "[No Variations]"
Add component (AddParameter): Name = "Width"; Value = "0.02inch"; VariantName = "[No Variations]"
Added Component: Designator=C122(CAP_0402)
Add component. Clean all parameters for all variants
Add component (AddParameter): Name = "Capacitance"; Value = "100pF"; VariantName = "[No Variations]"
Add component (AddParameter): Name = "Case/Package"; Value = "0402"; VariantName = "[No Variations]"
Add component (AddParameter): Name = "Case Code (Imperial)"; Value = "0402"; VariantName = "[No Variations]"
Add component (AddParameter): Name = "Case Code (Metric)"; Value = "1005"; VariantName = "[No Variations]"
Add component (AddParameter): Name = "ComponentLink1Description"; Value = "http://www.farnell.com/datasheets/2213336.pdf?src-supplier=Newark"; VariantName = "[No Variations]"
Add component (AddParameter): Name = "ComponentLink1URL"; Value = "http://www.farnell.com/datasheets/2213336.pdf?src-supplier=Newark"; VariantName = "[No Variations]"
Add component (AddParameter): Name = "ComponentLink2Description"; Value = "http://www.yageo.com/documents/recent/UPY-GP_NP0_16V-to-50V_16.pdf?src-supplier=Digi-Key"; VariantName = "[No Variations]"
Add component (AddParameter): Name = "ComponentLink2URL"; Value = "http://www.yageo.com/documents/recent/UPY-GP_NP0_16V-to-50V_16.pdf?src-supplier=Digi-Key"; VariantName = "[No Variations]"
Add component (AddParameter): Name = "ComponentLink3Description"; Value = "http://documents.rs-components.com/techlib://itc_doclist_GB.htm?stockno=6698684&src-supplier=RSComponents"; VariantName = "[No Variations]"
Add component (AddParameter): Name = "ComponentLink3URL"; Value = "http://documents.rs-components.com/techlib://itc_doclist_GB.htm?stockno=6698684&src-supplier=RSComponents"; VariantName = "[No Variations]"
Add component (AddParameter): Name = "ComponentLink4Description"; Value = "http://www.yageo.com/documents/recent/UPY-GP_NP0_16V-to-50V_8.pdf?src-supplier=Avnet+Europe"; VariantName = "[No Variations]"
Add component (AddParameter): Name = "ComponentLink4URL"; Value = "http://www.yageo.com/documents/recent/UPY-GP_NP0_16V-to-50V_8.pdf?src-supplier=Avnet+Europe"; VariantName = "[No Variations]"
Add component (AddParameter): Name = "ComponentLink5Description"; Value = "http://www.farnell.com/datasheets/1443161.pdf?src-supplier=Element14"; VariantName = "[No Variations]"
Add component (AddParameter): Name = "ComponentLink5URL"; Value = "http://www.farnell.com/datasheets/1443161.pdf?src-supplier=Element14"; VariantName = "[No Variations]"
Add component (AddParameter): Name = "ComponentLink6Description"; Value = "http://www.farnell.com/datasheets/2213336.pdf?src-supplier=Element14"; VariantName = "[No Variations]"
Add component (AddParameter): Name = "ComponentLink6URL"; Value = "http://www.farnell.com/datasheets/2213336.pdf?src-supplier=Element14"; VariantName = "[No Variations]"
Add component (AddParameter): Name = "Composition"; Value = "Ceramic"; VariantName = "[No Variations]"
Add component (AddParameter): Name = "Depth"; Value = "0.5mm"; VariantName = "[No Variations]"
Add component (AddParameter): Name = "Dielectric"; Value = "C0G"; VariantName = "[No Variations]"
Add component (AddParameter): Name = "Dielectric Material"; Value = "Ceramic"; VariantName = "[No Variations]"
Add component (AddParameter): Name = "Height"; Value = "0.5mm"; VariantName = "[No Variations]"
Add component (AddParameter): Name = "Insulation Resistance"; Value = "100GR"; VariantName = "[No Variations]"
Add component (AddParameter): Name = "Lead Free"; Value = "Lead Free"; VariantName = "[No Variations]"
Add component (AddParameter): Name = "Length"; Value = "1mm"; VariantName = "[No Variations]"
Add component (AddParameter): Name = "Manufacturer"; Value = "Yageo"; VariantName = "[No Variations]"
Add component (AddParameter): Name = "Manufacturer Part Number"; Value = "CC0402JRNPO9BN101"; VariantName = "[No Variations]"
Add component (AddParameter): Name = "Max Operating Temperature"; Value = "125°C"; VariantName = "[No Variations]"
Add component (AddParameter): Name = "Min Operating Temperature"; Value = "-55°C"; VariantName = "[No Variations]"
Add component (AddParameter): Name = "Mount"; Value = "Surface Mount"; VariantName = "[No Variations]"
Add component (AddParameter): Name = "Number of Pins"; Value = "2"; VariantName = "[No Variations]"
Add component (AddParameter): Name = "Package Quantity"; Value = "1"; VariantName = "[No Variations]"
Add component (AddParameter): Name = "Packaging"; Value = "Tape and Reel"; VariantName = "[No Variations]"
Add component (AddParameter): Name = "Pricing 1"; Value = "1=0.1, 10=0.02, 100=0.0089, 500=0.0064, 1000=0.005, 2500=0.0046, 5000=0.0042 (USD)"; VariantName = "[No Variations]"
Add component (AddParameter): Name = "Radiation Hardening"; Value = "No"; VariantName = "[No Variations]"
Add component (AddParameter): Name = "REACH SVHC"; Value = "No SVHC"; VariantName = "[No Variations]"
Add component (AddParameter): Name = "Stock 1"; Value = "4235236"; VariantName = "[No Variations]"
Add component (AddParameter): Name = "Supplier 1"; Value = "Digi-Key"; VariantName = "[No Variations]"
Add component (AddParameter): Name = "Supplier Part Number 1"; Value = "311-1024-1-ND"; VariantName = "[No Variations]"
Add component (AddParameter): Name = "Temperature Coefficient"; Value = "30ppm/°C"; VariantName = "[No Variations]"
Add component (AddParameter): Name = "Termination"; Value = "SMD/SMT"; VariantName = "[No Variations]"
Add component (AddParameter): Name = "Thickness"; Value = "0.022inch"; VariantName = "[No Variations]"
Add component (AddParameter): Name = "Tolerance"; Value = "5%"; VariantName = "[No Variations]"
Add component (AddParameter): Name = "Voltage"; Value = "50V"; VariantName = "[No Variations]"
Add component (AddParameter): Name = "Voltage Rating"; Value = "50V"; VariantName = "[No Variations]"
Add component (AddParameter): Name = "Voltage Rating (DC)"; Value = "50V"; VariantName = "[No Variations]"
Add component (AddParameter): Name = "Width"; Value = "0.5mm"; VariantName = "[No Variations]"
Added Component: Designator=C123(C0402)
Add component. Clean all parameters for all variants
Add component (AddParameter): Name = "Capacitance"; Value = "10nF"; VariantName = "[No Variations]"
Add component (AddParameter): Name = "Case/Package"; Value = "0402"; VariantName = "[No Variations]"
Add component (AddParameter): Name = "Case Code (Imperial)"; Value = "0402"; VariantName = "[No Variations]"
Add component (AddParameter): Name = "Case Code (Metric)"; Value = "1005"; VariantName = "[No Variations]"
Add component (AddParameter): Name = "ComponentLink1Description"; Value = "http://www.farnell.com/datasheets/2237835.pdf?src-supplier=Element14"; VariantName = "[No Variations]"
Add component (AddParameter): Name = "ComponentLink1URL"; Value = "http://www.farnell.com/datasheets/2237835.pdf?src-supplier=Element14"; VariantName = "[No Variations]"
Add component (AddParameter): Name = "ComponentLink2Description"; Value = "http://catalogs.avx.com/SurfaceMount.pdf?src-supplier=Digi-Key"; VariantName = "[No Variations]"
Add component (AddParameter): Name = "ComponentLink2URL"; Value = "http://catalogs.avx.com/SurfaceMount.pdf?src-supplier=Digi-Key"; VariantName = "[No Variations]"
Add component (AddParameter): Name = "ComponentLink3Description"; Value = "http://www.alliedelec.com/m/d/a24bb5190bea413b2ff164816f55e87c.pdf?src-supplier=Allied+Electronics"; VariantName = "[No Variations]"
Add component (AddParameter): Name = "ComponentLink3URL"; Value = "http://www.alliedelec.com/m/d/a24bb5190bea413b2ff164816f55e87c.pdf?src-supplier=Allied+Electronics"; VariantName = "[No Variations]"
Add component (AddParameter): Name = "ComponentLink4Description"; Value = "http://uk.rs-online.com/webdocs/13ec/0900766b813ece35.pdf?src-supplier=RSComponents"; VariantName = "[No Variations]"
Add component (AddParameter): Name = "ComponentLink4URL"; Value = "http://uk.rs-online.com/webdocs/13ec/0900766b813ece35.pdf?src-supplier=RSComponents"; VariantName = "[No Variations]"
Add component (AddParameter): Name = "Depth"; Value = "0.5mm"; VariantName = "[No Variations]"
Add component (AddParameter): Name = "Dielectric"; Value = "X7R"; VariantName = "[No Variations]"
Add component (AddParameter): Name = "Dissipation Factor"; Value = "12.5%"; VariantName = "[No Variations]"
Add component (AddParameter): Name = "Height"; Value = "0.56mm"; VariantName = "[No Variations]"
Add component (AddParameter): Name = "Insulation Resistance"; Value = "100GR"; VariantName = "[No Variations]"
Add component (AddParameter): Name = "Lead Free"; Value = "Lead Free"; VariantName = "[No Variations]"
Add component (AddParameter): Name = "Length"; Value = "1mm"; VariantName = "[No Variations]"
Add component (AddParameter): Name = "Manufacturer"; Value = "Kyocera AVX"; VariantName = "[No Variations]"
Add component (AddParameter): Name = "Manufacturer Part Number"; Value = "04023C103KAT2A"; VariantName = "[No Variations]"
Add component (AddParameter): Name = "Max Operating Temperature"; Value = "125°C"; VariantName = "[No Variations]"
Add component (AddParameter): Name = "Min Operating Temperature"; Value = "-55°C"; VariantName = "[No Variations]"
Add component (AddParameter): Name = "Mount"; Value = "Surface Mount,PCB"; VariantName = "[No Variations]"
Add component (AddParameter): Name = "Package Quantity"; Value = "1"; VariantName = "[No Variations]"
Add component (AddParameter): Name = "Packaging"; Value = "Tape and Reel"; VariantName = "[No Variations]"
Add component (AddParameter): Name = "Pricing 1"; Value = "1=0.1, 10=0.034, 50=0.0182, 100=0.0149, 500=0.0107, 1000=0.0084, 2500=0.0076, 5000=0.007 (USD)"; VariantName = "[No Variations]"
Add component (AddParameter): Name = "Radiation Hardening"; Value = "No"; VariantName = "[No Variations]"
Add component (AddParameter): Name = "REACH SVHC"; Value = "No SVHC"; VariantName = "[No Variations]"
Add component (AddParameter): Name = "Stock 1"; Value = "1015537"; VariantName = "[No Variations]"
Add component (AddParameter): Name = "Supplier 1"; Value = "Digi-Key"; VariantName = "[No Variations]"
Add component (AddParameter): Name = "Supplier Part Number 1"; Value = "478-1113-1-ND"; VariantName = "[No Variations]"
Add component (AddParameter): Name = "Termination"; Value = "SMD/SMT"; VariantName = "[No Variations]"
Add component (AddParameter): Name = "Thickness"; Value = "0.022inch"; VariantName = "[No Variations]"
Add component (AddParameter): Name = "Tolerance"; Value = "10%"; VariantName = "[No Variations]"
Add component (AddParameter): Name = "Voltage"; Value = "25V"; VariantName = "[No Variations]"
Add component (AddParameter): Name = "Voltage Rating"; Value = "25V"; VariantName = "[No Variations]"
Add component (AddParameter): Name = "Voltage Rating (DC)"; Value = "25V"; VariantName = "[No Variations]"
Add component (AddParameter): Name = "Width"; Value = "0.02inch"; VariantName = "[No Variations]"
Added Component: Designator=C124(C0402)
Add component. Clean all parameters for all variants
Add component (AddParameter): Name = "Capacitance"; Value = "100nF"; VariantName = "[No Variations]"
Add component (AddParameter): Name = "Case/Package"; Value = "0402"; VariantName = "[No Variations]"
Add component (AddParameter): Name = "Case Code (Imperial)"; Value = "0402"; VariantName = "[No Variations]"
Add component (AddParameter): Name = "Case Code (Metric)"; Value = "1005"; VariantName = "[No Variations]"
Add component (AddParameter): Name = "ComponentLink1Description"; Value = "http://product.tdk.com/capacitor/mlcc/en/documents/mlccspec_automotive_general_midvoltage_en.pdf?src-supplier=Future+Electronics"; VariantName = "[No Variations]"
Add component (AddParameter): Name = "ComponentLink1URL"; Value = "http://product.tdk.com/capacitor/mlcc/en/documents/mlccspec_automotive_general_midvoltage_en.pdf?src-supplier=Future+Electronics"; VariantName = "[No Variations]"
Add component (AddParameter): Name = "ComponentLink2Description"; Value = "http://www.farnell.com/datasheets/1807242.pdf?src-supplier=Element14"; VariantName = "[No Variations]"
Add component (AddParameter): Name = "ComponentLink2URL"; Value = "http://www.farnell.com/datasheets/1807242.pdf?src-supplier=Element14"; VariantName = "[No Variations]"
Add component (AddParameter): Name = "ComponentLink3Description"; Value = "http://www.mouser.com/ds/2/400/lcc_automotive_general_en-843974.pdf?src-supplier=Mouser"; VariantName = "[No Variations]"
Add component (AddParameter): Name = "ComponentLink3URL"; Value = "http://www.mouser.com/ds/2/400/lcc_automotive_general_en-843974.pdf?src-supplier=Mouser"; VariantName = "[No Variations]"
Add component (AddParameter): Name = "ComponentLink4Description"; Value = "http://www.farnell.com/datasheets/1936565.pdf?src-supplier=Element14"; VariantName = "[No Variations]"
Add component (AddParameter): Name = "ComponentLink4URL"; Value = "http://www.farnell.com/datasheets/1936565.pdf?src-supplier=Element14"; VariantName = "[No Variations]"
Add component (AddParameter): Name = "ComponentLink5Description"; Value = "http://www.farnell.com/datasheets/1735392.pdf?src-supplier=Element14"; VariantName = "[No Variations]"
Add component (AddParameter): Name = "ComponentLink5URL"; Value = "http://www.farnell.com/datasheets/1735392.pdf?src-supplier=Element14"; VariantName = "[No Variations]"
Add component (AddParameter): Name = "Composition"; Value = "Ceramic"; VariantName = "[No Variations]"
Add component (AddParameter): Name = "Depth"; Value = "0.5mm"; VariantName = "[No Variations]"
Add component (AddParameter): Name = "Dielectric"; Value = "X7R"; VariantName = "[No Variations]"
Add component (AddParameter): Name = "Height"; Value = "0.5mm"; VariantName = "[No Variations]"
Add component (AddParameter): Name = "Lead Free"; Value = "Lead Free"; VariantName = "[No Variations]"
Add component (AddParameter): Name = "Length"; Value = "1mm"; VariantName = "[No Variations]"
Add component (AddParameter): Name = "Manufacturer"; Value = "TDK"; VariantName = "[No Variations]"
Add component (AddParameter): Name = "Manufacturer Part Number"; Value = "CGA2B3X7R1H104K050BB"; VariantName = "[No Variations]"
Add component (AddParameter): Name = "Max Operating Temperature"; Value = "125°C"; VariantName = "[No Variations]"
Add component (AddParameter): Name = "Min Operating Temperature"; Value = "-55°C"; VariantName = "[No Variations]"
Add component (AddParameter): Name = "Mount"; Value = "Surface Mount"; VariantName = "[No Variations]"
Add component (AddParameter): Name = "Package Quantity"; Value = "1"; VariantName = "[No Variations]"
Add component (AddParameter): Name = "Packaging"; Value = "Tape and Reel"; VariantName = "[No Variations]"
Add component (AddParameter): Name = "Pricing 1"; Value = "1=0.17, 10=0.118, 50=0.0668, 100=0.0553, 500=0.0388, 1000=0.0321, 2500=0.0299, 5000=0.0273 (USD)"; VariantName = "[No Variations]"
Add component (AddParameter): Name = "Ratings"; Value = "AEC-Q200"; VariantName = "[No Variations]"
Add component (AddParameter): Name = "REACH SVHC"; Value = "No SVHC"; VariantName = "[No Variations]"
Add component (AddParameter): Name = "Stock 1"; Value = "2925303"; VariantName = "[No Variations]"
Add component (AddParameter): Name = "Supplier 1"; Value = "Digi-Key"; VariantName = "[No Variations]"
Add component (AddParameter): Name = "Supplier Part Number 1"; Value = "445-6899-1-ND"; VariantName = "[No Variations]"
Add component (AddParameter): Name = "Termination"; Value = "SMD/SMT"; VariantName = "[No Variations]"
Add component (AddParameter): Name = "Thickness"; Value = "0.022inch"; VariantName = "[No Variations]"
Add component (AddParameter): Name = "Tolerance"; Value = "10%"; VariantName = "[No Variations]"
Add component (AddParameter): Name = "Voltage"; Value = "50V"; VariantName = "[No Variations]"
Add component (AddParameter): Name = "Voltage Rating"; Value = "50V"; VariantName = "[No Variations]"
Add component (AddParameter): Name = "Voltage Rating (DC)"; Value = "50V"; VariantName = "[No Variations]"
Add component (AddParameter): Name = "Weight"; Value = "2.3E-05oz"; VariantName = "[No Variations]"
Add component (AddParameter): Name = "Width"; Value = "0.02inch"; VariantName = "[No Variations]"
Added Component: Designator=C129(C0402)
Add component. Clean all parameters for all variants
Add component (AddParameter): Name = "Capacitance"; Value = "100nF"; VariantName = "[No Variations]"
Add component (AddParameter): Name = "Case/Package"; Value = "0402"; VariantName = "[No Variations]"
Add component (AddParameter): Name = "Case Code (Imperial)"; Value = "0402"; VariantName = "[No Variations]"
Add component (AddParameter): Name = "Case Code (Metric)"; Value = "1005"; VariantName = "[No Variations]"
Add component (AddParameter): Name = "ComponentLink1Description"; Value = "http://product.tdk.com/capacitor/mlcc/en/documents/mlccspec_automotive_general_midvoltage_en.pdf?src-supplier=Future+Electronics"; VariantName = "[No Variations]"
Add component (AddParameter): Name = "ComponentLink1URL"; Value = "http://product.tdk.com/capacitor/mlcc/en/documents/mlccspec_automotive_general_midvoltage_en.pdf?src-supplier=Future+Electronics"; VariantName = "[No Variations]"
Add component (AddParameter): Name = "ComponentLink2Description"; Value = "http://www.farnell.com/datasheets/1807242.pdf?src-supplier=Element14"; VariantName = "[No Variations]"
Add component (AddParameter): Name = "ComponentLink2URL"; Value = "http://www.farnell.com/datasheets/1807242.pdf?src-supplier=Element14"; VariantName = "[No Variations]"
Add component (AddParameter): Name = "ComponentLink3Description"; Value = "http://www.mouser.com/ds/2/400/lcc_automotive_general_en-843974.pdf?src-supplier=Mouser"; VariantName = "[No Variations]"
Add component (AddParameter): Name = "ComponentLink3URL"; Value = "http://www.mouser.com/ds/2/400/lcc_automotive_general_en-843974.pdf?src-supplier=Mouser"; VariantName = "[No Variations]"
Add component (AddParameter): Name = "ComponentLink4Description"; Value = "http://www.farnell.com/datasheets/1936565.pdf?src-supplier=Element14"; VariantName = "[No Variations]"
Add component (AddParameter): Name = "ComponentLink4URL"; Value = "http://www.farnell.com/datasheets/1936565.pdf?src-supplier=Element14"; VariantName = "[No Variations]"
Add component (AddParameter): Name = "ComponentLink5Description"; Value = "http://www.farnell.com/datasheets/1735392.pdf?src-supplier=Element14"; VariantName = "[No Variations]"
Add component (AddParameter): Name = "ComponentLink5URL"; Value = "http://www.farnell.com/datasheets/1735392.pdf?src-supplier=Element14"; VariantName = "[No Variations]"
Add component (AddParameter): Name = "Composition"; Value = "Ceramic"; VariantName = "[No Variations]"
Add component (AddParameter): Name = "Depth"; Value = "0.5mm"; VariantName = "[No Variations]"
Add component (AddParameter): Name = "Dielectric"; Value = "X7R"; VariantName = "[No Variations]"
Add component (AddParameter): Name = "Height"; Value = "0.5mm"; VariantName = "[No Variations]"
Add component (AddParameter): Name = "Lead Free"; Value = "Lead Free"; VariantName = "[No Variations]"
Add component (AddParameter): Name = "Length"; Value = "1mm"; VariantName = "[No Variations]"
Add component (AddParameter): Name = "Manufacturer"; Value = "TDK"; VariantName = "[No Variations]"
Add component (AddParameter): Name = "Manufacturer Part Number"; Value = "CGA2B3X7R1H104K050BB"; VariantName = "[No Variations]"
Add component (AddParameter): Name = "Max Operating Temperature"; Value = "125°C"; VariantName = "[No Variations]"
Add component (AddParameter): Name = "Min Operating Temperature"; Value = "-55°C"; VariantName = "[No Variations]"
Add component (AddParameter): Name = "Mount"; Value = "Surface Mount"; VariantName = "[No Variations]"
Add component (AddParameter): Name = "Package Quantity"; Value = "1"; VariantName = "[No Variations]"
Add component (AddParameter): Name = "Packaging"; Value = "Tape and Reel"; VariantName = "[No Variations]"
Add component (AddParameter): Name = "Pricing 1"; Value = "1=0.17, 10=0.118, 50=0.0668, 100=0.0553, 500=0.0388, 1000=0.0321, 2500=0.0299, 5000=0.0273 (USD)"; VariantName = "[No Variations]"
Add component (AddParameter): Name = "Ratings"; Value = "AEC-Q200"; VariantName = "[No Variations]"
Add component (AddParameter): Name = "REACH SVHC"; Value = "No SVHC"; VariantName = "[No Variations]"
Add component (AddParameter): Name = "Stock 1"; Value = "2925303"; VariantName = "[No Variations]"
Add component (AddParameter): Name = "Supplier 1"; Value = "Digi-Key"; VariantName = "[No Variations]"
Add component (AddParameter): Name = "Supplier Part Number 1"; Value = "445-6899-1-ND"; VariantName = "[No Variations]"
Add component (AddParameter): Name = "Termination"; Value = "SMD/SMT"; VariantName = "[No Variations]"
Add component (AddParameter): Name = "Thickness"; Value = "0.022inch"; VariantName = "[No Variations]"
Add component (AddParameter): Name = "Tolerance"; Value = "10%"; VariantName = "[No Variations]"
Add component (AddParameter): Name = "Voltage"; Value = "50V"; VariantName = "[No Variations]"
Add component (AddParameter): Name = "Voltage Rating"; Value = "50V"; VariantName = "[No Variations]"
Add component (AddParameter): Name = "Voltage Rating (DC)"; Value = "50V"; VariantName = "[No Variations]"
Add component (AddParameter): Name = "Weight"; Value = "2.3E-05oz"; VariantName = "[No Variations]"
Add component (AddParameter): Name = "Width"; Value = "0.02inch"; VariantName = "[No Variations]"
Added Component: Designator=C132(C0402)
Add component. Clean all parameters for all variants
Add component (AddParameter): Name = "Capacitance"; Value = "100nF"; VariantName = "[No Variations]"
Add component (AddParameter): Name = "Case/Package"; Value = "0402"; VariantName = "[No Variations]"
Add component (AddParameter): Name = "Case Code (Imperial)"; Value = "0402"; VariantName = "[No Variations]"
Add component (AddParameter): Name = "Case Code (Metric)"; Value = "1005"; VariantName = "[No Variations]"
Add component (AddParameter): Name = "ClassName"; Value = "MCU"; VariantName = "[No Variations]"
Add component (AddParameter): Name = "ComponentLink1Description"; Value = "http://product.tdk.com/capacitor/mlcc/en/documents/mlccspec_automotive_general_midvoltage_en.pdf?src-supplier=Future+Electronics"; VariantName = "[No Variations]"
Add component (AddParameter): Name = "ComponentLink1URL"; Value = "http://product.tdk.com/capacitor/mlcc/en/documents/mlccspec_automotive_general_midvoltage_en.pdf?src-supplier=Future+Electronics"; VariantName = "[No Variations]"
Add component (AddParameter): Name = "ComponentLink2Description"; Value = "http://www.farnell.com/datasheets/1807242.pdf?src-supplier=Element14"; VariantName = "[No Variations]"
Add component (AddParameter): Name = "ComponentLink2URL"; Value = "http://www.farnell.com/datasheets/1807242.pdf?src-supplier=Element14"; VariantName = "[No Variations]"
Add component (AddParameter): Name = "ComponentLink3Description"; Value = "http://www.mouser.com/ds/2/400/lcc_automotive_general_en-843974.pdf?src-supplier=Mouser"; VariantName = "[No Variations]"
Add component (AddParameter): Name = "ComponentLink3URL"; Value = "http://www.mouser.com/ds/2/400/lcc_automotive_general_en-843974.pdf?src-supplier=Mouser"; VariantName = "[No Variations]"
Add component (AddParameter): Name = "ComponentLink4Description"; Value = "http://www.farnell.com/datasheets/1936565.pdf?src-supplier=Element14"; VariantName = "[No Variations]"
Add component (AddParameter): Name = "ComponentLink4URL"; Value = "http://www.farnell.com/datasheets/1936565.pdf?src-supplier=Element14"; VariantName = "[No Variations]"
Add component (AddParameter): Name = "ComponentLink5Description"; Value = "http://www.farnell.com/datasheets/1735392.pdf?src-supplier=Element14"; VariantName = "[No Variations]"
Add component (AddParameter): Name = "ComponentLink5URL"; Value = "http://www.farnell.com/datasheets/1735392.pdf?src-supplier=Element14"; VariantName = "[No Variations]"
Add component (AddParameter): Name = "Composition"; Value = "Ceramic"; VariantName = "[No Variations]"
Add component (AddParameter): Name = "Depth"; Value = "0.5mm"; VariantName = "[No Variations]"
Add component (AddParameter): Name = "Dielectric"; Value = "X7R"; VariantName = "[No Variations]"
Add component (AddParameter): Name = "Height"; Value = "0.5mm"; VariantName = "[No Variations]"
Add component (AddParameter): Name = "Lead Free"; Value = "Lead Free"; VariantName = "[No Variations]"
Add component (AddParameter): Name = "Length"; Value = "1mm"; VariantName = "[No Variations]"
Add component (AddParameter): Name = "Manufacturer"; Value = "TDK"; VariantName = "[No Variations]"
Add component (AddParameter): Name = "Manufacturer Part Number"; Value = "CGA2B3X7R1H104K050BB"; VariantName = "[No Variations]"
Add component (AddParameter): Name = "Max Operating Temperature"; Value = "125°C"; VariantName = "[No Variations]"
Add component (AddParameter): Name = "Min Operating Temperature"; Value = "-55°C"; VariantName = "[No Variations]"
Add component (AddParameter): Name = "Mount"; Value = "Surface Mount"; VariantName = "[No Variations]"
Add component (AddParameter): Name = "Package Quantity"; Value = "1"; VariantName = "[No Variations]"
Add component (AddParameter): Name = "Packaging"; Value = "Tape and Reel"; VariantName = "[No Variations]"
Add component (AddParameter): Name = "Pricing 1"; Value = "1=0.17, 10=0.118, 50=0.0668, 100=0.0553, 500=0.0388, 1000=0.0321, 2500=0.0299, 5000=0.0273 (USD)"; VariantName = "[No Variations]"
Add component (AddParameter): Name = "Ratings"; Value = "AEC-Q200"; VariantName = "[No Variations]"
Add component (AddParameter): Name = "REACH SVHC"; Value = "No SVHC"; VariantName = "[No Variations]"
Add component (AddParameter): Name = "Stock 1"; Value = "2925303"; VariantName = "[No Variations]"
Add component (AddParameter): Name = "Supplier 1"; Value = "Digi-Key"; VariantName = "[No Variations]"
Add component (AddParameter): Name = "Supplier Part Number 1"; Value = "445-6899-1-ND"; VariantName = "[No Variations]"
Add component (AddParameter): Name = "Termination"; Value = "SMD/SMT"; VariantName = "[No Variations]"
Add component (AddParameter): Name = "Thickness"; Value = "0.022inch"; VariantName = "[No Variations]"
Add component (AddParameter): Name = "Tolerance"; Value = "10%"; VariantName = "[No Variations]"
Add component (AddParameter): Name = "Voltage"; Value = "50V"; VariantName = "[No Variations]"
Add component (AddParameter): Name = "Voltage Rating"; Value = "50V"; VariantName = "[No Variations]"
Add component (AddParameter): Name = "Voltage Rating (DC)"; Value = "50V"; VariantName = "[No Variations]"
Add component (AddParameter): Name = "Weight"; Value = "2.3E-05oz"; VariantName = "[No Variations]"
Add component (AddParameter): Name = "Width"; Value = "0.02inch"; VariantName = "[No Variations]"
Added Component: Designator=C133(C0402)
Add component. Clean all parameters for all variants
Add component (AddParameter): Name = "Capacitance"; Value = "100nF"; VariantName = "[No Variations]"
Add component (AddParameter): Name = "Case/Package"; Value = "0402"; VariantName = "[No Variations]"
Add component (AddParameter): Name = "Case Code (Imperial)"; Value = "0402"; VariantName = "[No Variations]"
Add component (AddParameter): Name = "Case Code (Metric)"; Value = "1005"; VariantName = "[No Variations]"
Add component (AddParameter): Name = "ComponentLink1Description"; Value = "http://product.tdk.com/capacitor/mlcc/en/documents/mlccspec_automotive_general_midvoltage_en.pdf?src-supplier=Future+Electronics"; VariantName = "[No Variations]"
Add component (AddParameter): Name = "ComponentLink1URL"; Value = "http://product.tdk.com/capacitor/mlcc/en/documents/mlccspec_automotive_general_midvoltage_en.pdf?src-supplier=Future+Electronics"; VariantName = "[No Variations]"
Add component (AddParameter): Name = "ComponentLink2Description"; Value = "http://www.farnell.com/datasheets/1807242.pdf?src-supplier=Element14"; VariantName = "[No Variations]"
Add component (AddParameter): Name = "ComponentLink2URL"; Value = "http://www.farnell.com/datasheets/1807242.pdf?src-supplier=Element14"; VariantName = "[No Variations]"
Add component (AddParameter): Name = "ComponentLink3Description"; Value = "http://www.mouser.com/ds/2/400/lcc_automotive_general_en-843974.pdf?src-supplier=Mouser"; VariantName = "[No Variations]"
Add component (AddParameter): Name = "ComponentLink3URL"; Value = "http://www.mouser.com/ds/2/400/lcc_automotive_general_en-843974.pdf?src-supplier=Mouser"; VariantName = "[No Variations]"
Add component (AddParameter): Name = "ComponentLink4Description"; Value = "http://www.farnell.com/datasheets/1936565.pdf?src-supplier=Element14"; VariantName = "[No Variations]"
Add component (AddParameter): Name = "ComponentLink4URL"; Value = "http://www.farnell.com/datasheets/1936565.pdf?src-supplier=Element14"; VariantName = "[No Variations]"
Add component (AddParameter): Name = "ComponentLink5Description"; Value = "http://www.farnell.com/datasheets/1735392.pdf?src-supplier=Element14"; VariantName = "[No Variations]"
Add component (AddParameter): Name = "ComponentLink5URL"; Value = "http://www.farnell.com/datasheets/1735392.pdf?src-supplier=Element14"; VariantName = "[No Variations]"
Add component (AddParameter): Name = "Composition"; Value = "Ceramic"; VariantName = "[No Variations]"
Add component (AddParameter): Name = "Depth"; Value = "0.5mm"; VariantName = "[No Variations]"
Add component (AddParameter): Name = "Dielectric"; Value = "X7R"; VariantName = "[No Variations]"
Add component (AddParameter): Name = "Height"; Value = "0.5mm"; VariantName = "[No Variations]"
Add component (AddParameter): Name = "Lead Free"; Value = "Lead Free"; VariantName = "[No Variations]"
Add component (AddParameter): Name = "Length"; Value = "1mm"; VariantName = "[No Variations]"
Add component (AddParameter): Name = "Manufacturer"; Value = "TDK"; VariantName = "[No Variations]"
Add component (AddParameter): Name = "Manufacturer Part Number"; Value = "CGA2B3X7R1H104K050BB"; VariantName = "[No Variations]"
Add component (AddParameter): Name = "Max Operating Temperature"; Value = "125°C"; VariantName = "[No Variations]"
Add component (AddParameter): Name = "Min Operating Temperature"; Value = "-55°C"; VariantName = "[No Variations]"
Add component (AddParameter): Name = "Mount"; Value = "Surface Mount"; VariantName = "[No Variations]"
Add component (AddParameter): Name = "Package Quantity"; Value = "1"; VariantName = "[No Variations]"
Add component (AddParameter): Name = "Packaging"; Value = "Tape and Reel"; VariantName = "[No Variations]"
Add component (AddParameter): Name = "Pricing 1"; Value = "1=0.17, 10=0.118, 50=0.0668, 100=0.0553, 500=0.0388, 1000=0.0321, 2500=0.0299, 5000=0.0273 (USD)"; VariantName = "[No Variations]"
Add component (AddParameter): Name = "Ratings"; Value = "AEC-Q200"; VariantName = "[No Variations]"
Add component (AddParameter): Name = "REACH SVHC"; Value = "No SVHC"; VariantName = "[No Variations]"
Add component (AddParameter): Name = "Stock 1"; Value = "2925303"; VariantName = "[No Variations]"
Add component (AddParameter): Name = "Supplier 1"; Value = "Digi-Key"; VariantName = "[No Variations]"
Add component (AddParameter): Name = "Supplier Part Number 1"; Value = "445-6899-1-ND"; VariantName = "[No Variations]"
Add component (AddParameter): Name = "Termination"; Value = "SMD/SMT"; VariantName = "[No Variations]"
Add component (AddParameter): Name = "Thickness"; Value = "0.022inch"; VariantName = "[No Variations]"
Add component (AddParameter): Name = "Tolerance"; Value = "10%"; VariantName = "[No Variations]"
Add component (AddParameter): Name = "Voltage"; Value = "50V"; VariantName = "[No Variations]"
Add component (AddParameter): Name = "Voltage Rating"; Value = "50V"; VariantName = "[No Variations]"
Add component (AddParameter): Name = "Voltage Rating (DC)"; Value = "50V"; VariantName = "[No Variations]"
Add component (AddParameter): Name = "Weight"; Value = "2.3E-05oz"; VariantName = "[No Variations]"
Add component (AddParameter): Name = "Width"; Value = "0.02inch"; VariantName = "[No Variations]"
Added Component: Designator=C135(C0402)
Add component. Clean all parameters for all variants
Add component (AddParameter): Name = "Capacitance"; Value = "100nF"; VariantName = "[No Variations]"
Add component (AddParameter): Name = "Case/Package"; Value = "0402"; VariantName = "[No Variations]"
Add component (AddParameter): Name = "Case Code (Imperial)"; Value = "0402"; VariantName = "[No Variations]"
Add component (AddParameter): Name = "Case Code (Metric)"; Value = "1005"; VariantName = "[No Variations]"
Add component (AddParameter): Name = "ComponentLink1Description"; Value = "http://product.tdk.com/capacitor/mlcc/en/documents/mlccspec_automotive_general_midvoltage_en.pdf?src-supplier=Future+Electronics"; VariantName = "[No Variations]"
Add component (AddParameter): Name = "ComponentLink1URL"; Value = "http://product.tdk.com/capacitor/mlcc/en/documents/mlccspec_automotive_general_midvoltage_en.pdf?src-supplier=Future+Electronics"; VariantName = "[No Variations]"
Add component (AddParameter): Name = "ComponentLink2Description"; Value = "http://www.farnell.com/datasheets/1807242.pdf?src-supplier=Element14"; VariantName = "[No Variations]"
Add component (AddParameter): Name = "ComponentLink2URL"; Value = "http://www.farnell.com/datasheets/1807242.pdf?src-supplier=Element14"; VariantName = "[No Variations]"
Add component (AddParameter): Name = "ComponentLink3Description"; Value = "http://www.mouser.com/ds/2/400/lcc_automotive_general_en-843974.pdf?src-supplier=Mouser"; VariantName = "[No Variations]"
Add component (AddParameter): Name = "ComponentLink3URL"; Value = "http://www.mouser.com/ds/2/400/lcc_automotive_general_en-843974.pdf?src-supplier=Mouser"; VariantName = "[No Variations]"
Add component (AddParameter): Name = "ComponentLink4Description"; Value = "http://www.farnell.com/datasheets/1936565.pdf?src-supplier=Element14"; VariantName = "[No Variations]"
Add component (AddParameter): Name = "ComponentLink4URL"; Value = "http://www.farnell.com/datasheets/1936565.pdf?src-supplier=Element14"; VariantName = "[No Variations]"
Add component (AddParameter): Name = "ComponentLink5Description"; Value = "http://www.farnell.com/datasheets/1735392.pdf?src-supplier=Element14"; VariantName = "[No Variations]"
Add component (AddParameter): Name = "ComponentLink5URL"; Value = "http://www.farnell.com/datasheets/1735392.pdf?src-supplier=Element14"; VariantName = "[No Variations]"
Add component (AddParameter): Name = "Composition"; Value = "Ceramic"; VariantName = "[No Variations]"
Add component (AddParameter): Name = "Depth"; Value = "0.5mm"; VariantName = "[No Variations]"
Add component (AddParameter): Name = "Dielectric"; Value = "X7R"; VariantName = "[No Variations]"
Add component (AddParameter): Name = "Height"; Value = "0.5mm"; VariantName = "[No Variations]"
Add component (AddParameter): Name = "Lead Free"; Value = "Lead Free"; VariantName = "[No Variations]"
Add component (AddParameter): Name = "Length"; Value = "1mm"; VariantName = "[No Variations]"
Add component (AddParameter): Name = "Manufacturer"; Value = "TDK"; VariantName = "[No Variations]"
Add component (AddParameter): Name = "Manufacturer Part Number"; Value = "CGA2B3X7R1H104K050BB"; VariantName = "[No Variations]"
Add component (AddParameter): Name = "Max Operating Temperature"; Value = "125°C"; VariantName = "[No Variations]"
Add component (AddParameter): Name = "Min Operating Temperature"; Value = "-55°C"; VariantName = "[No Variations]"
Add component (AddParameter): Name = "Mount"; Value = "Surface Mount"; VariantName = "[No Variations]"
Add component (AddParameter): Name = "Package Quantity"; Value = "1"; VariantName = "[No Variations]"
Add component (AddParameter): Name = "Packaging"; Value = "Tape and Reel"; VariantName = "[No Variations]"
Add component (AddParameter): Name = "Pricing 1"; Value = "1=0.17, 10=0.118, 50=0.0668, 100=0.0553, 500=0.0388, 1000=0.0321, 2500=0.0299, 5000=0.0273 (USD)"; VariantName = "[No Variations]"
Add component (AddParameter): Name = "Ratings"; Value = "AEC-Q200"; VariantName = "[No Variations]"
Add component (AddParameter): Name = "REACH SVHC"; Value = "No SVHC"; VariantName = "[No Variations]"
Add component (AddParameter): Name = "Stock 1"; Value = "2925303"; VariantName = "[No Variations]"
Add component (AddParameter): Name = "Supplier 1"; Value = "Digi-Key"; VariantName = "[No Variations]"
Add component (AddParameter): Name = "Supplier Part Number 1"; Value = "445-6899-1-ND"; VariantName = "[No Variations]"
Add component (AddParameter): Name = "Termination"; Value = "SMD/SMT"; VariantName = "[No Variations]"
Add component (AddParameter): Name = "Thickness"; Value = "0.022inch"; VariantName = "[No Variations]"
Add component (AddParameter): Name = "Tolerance"; Value = "10%"; VariantName = "[No Variations]"
Add component (AddParameter): Name = "Voltage"; Value = "50V"; VariantName = "[No Variations]"
Add component (AddParameter): Name = "Voltage Rating"; Value = "50V"; VariantName = "[No Variations]"
Add component (AddParameter): Name = "Voltage Rating (DC)"; Value = "50V"; VariantName = "[No Variations]"
Add component (AddParameter): Name = "Weight"; Value = "2.3E-05oz"; VariantName = "[No Variations]"
Add component (AddParameter): Name = "Width"; Value = "0.02inch"; VariantName = "[No Variations]"
Added Component: Designator=C139(C0402)
Add component. Clean all parameters for all variants
Add component (AddParameter): Name = "Capacitance"; Value = "100nF"; VariantName = "[No Variations]"
Add component (AddParameter): Name = "Case/Package"; Value = "0402"; VariantName = "[No Variations]"
Add component (AddParameter): Name = "Case Code (Imperial)"; Value = "0402"; VariantName = "[No Variations]"
Add component (AddParameter): Name = "Case Code (Metric)"; Value = "1005"; VariantName = "[No Variations]"
Add component (AddParameter): Name = "ComponentLink1Description"; Value = "http://product.tdk.com/capacitor/mlcc/en/documents/mlccspec_automotive_general_midvoltage_en.pdf?src-supplier=Future+Electronics"; VariantName = "[No Variations]"
Add component (AddParameter): Name = "ComponentLink1URL"; Value = "http://product.tdk.com/capacitor/mlcc/en/documents/mlccspec_automotive_general_midvoltage_en.pdf?src-supplier=Future+Electronics"; VariantName = "[No Variations]"
Add component (AddParameter): Name = "ComponentLink2Description"; Value = "http://www.farnell.com/datasheets/1807242.pdf?src-supplier=Element14"; VariantName = "[No Variations]"
Add component (AddParameter): Name = "ComponentLink2URL"; Value = "http://www.farnell.com/datasheets/1807242.pdf?src-supplier=Element14"; VariantName = "[No Variations]"
Add component (AddParameter): Name = "ComponentLink3Description"; Value = "http://www.mouser.com/ds/2/400/lcc_automotive_general_en-843974.pdf?src-supplier=Mouser"; VariantName = "[No Variations]"
Add component (AddParameter): Name = "ComponentLink3URL"; Value = "http://www.mouser.com/ds/2/400/lcc_automotive_general_en-843974.pdf?src-supplier=Mouser"; VariantName = "[No Variations]"
Add component (AddParameter): Name = "ComponentLink4Description"; Value = "http://www.farnell.com/datasheets/1936565.pdf?src-supplier=Element14"; VariantName = "[No Variations]"
Add component (AddParameter): Name = "ComponentLink4URL"; Value = "http://www.farnell.com/datasheets/1936565.pdf?src-supplier=Element14"; VariantName = "[No Variations]"
Add component (AddParameter): Name = "ComponentLink5Description"; Value = "http://www.farnell.com/datasheets/1735392.pdf?src-supplier=Element14"; VariantName = "[No Variations]"
Add component (AddParameter): Name = "ComponentLink5URL"; Value = "http://www.farnell.com/datasheets/1735392.pdf?src-supplier=Element14"; VariantName = "[No Variations]"
Add component (AddParameter): Name = "Composition"; Value = "Ceramic"; VariantName = "[No Variations]"
Add component (AddParameter): Name = "Depth"; Value = "0.5mm"; VariantName = "[No Variations]"
Add component (AddParameter): Name = "Dielectric"; Value = "X7R"; VariantName = "[No Variations]"
Add component (AddParameter): Name = "Height"; Value = "0.5mm"; VariantName = "[No Variations]"
Add component (AddParameter): Name = "Lead Free"; Value = "Lead Free"; VariantName = "[No Variations]"
Add component (AddParameter): Name = "Length"; Value = "1mm"; VariantName = "[No Variations]"
Add component (AddParameter): Name = "Manufacturer"; Value = "TDK"; VariantName = "[No Variations]"
Add component (AddParameter): Name = "Manufacturer Part Number"; Value = "CGA2B3X7R1H104K050BB"; VariantName = "[No Variations]"
Add component (AddParameter): Name = "Max Operating Temperature"; Value = "125°C"; VariantName = "[No Variations]"
Add component (AddParameter): Name = "Min Operating Temperature"; Value = "-55°C"; VariantName = "[No Variations]"
Add component (AddParameter): Name = "Mount"; Value = "Surface Mount"; VariantName = "[No Variations]"
Add component (AddParameter): Name = "Package Quantity"; Value = "1"; VariantName = "[No Variations]"
Add component (AddParameter): Name = "Packaging"; Value = "Tape and Reel"; VariantName = "[No Variations]"
Add component (AddParameter): Name = "Pricing 1"; Value = "1=0.17, 10=0.118, 50=0.0668, 100=0.0553, 500=0.0388, 1000=0.0321, 2500=0.0299, 5000=0.0273 (USD)"; VariantName = "[No Variations]"
Add component (AddParameter): Name = "Ratings"; Value = "AEC-Q200"; VariantName = "[No Variations]"
Add component (AddParameter): Name = "REACH SVHC"; Value = "No SVHC"; VariantName = "[No Variations]"
Add component (AddParameter): Name = "Stock 1"; Value = "2925303"; VariantName = "[No Variations]"
Add component (AddParameter): Name = "Supplier 1"; Value = "Digi-Key"; VariantName = "[No Variations]"
Add component (AddParameter): Name = "Supplier Part Number 1"; Value = "445-6899-1-ND"; VariantName = "[No Variations]"
Add component (AddParameter): Name = "Termination"; Value = "SMD/SMT"; VariantName = "[No Variations]"
Add component (AddParameter): Name = "Thickness"; Value = "0.022inch"; VariantName = "[No Variations]"
Add component (AddParameter): Name = "Tolerance"; Value = "10%"; VariantName = "[No Variations]"
Add component (AddParameter): Name = "Voltage"; Value = "50V"; VariantName = "[No Variations]"
Add component (AddParameter): Name = "Voltage Rating"; Value = "50V"; VariantName = "[No Variations]"
Add component (AddParameter): Name = "Voltage Rating (DC)"; Value = "50V"; VariantName = "[No Variations]"
Add component (AddParameter): Name = "Weight"; Value = "2.3E-05oz"; VariantName = "[No Variations]"
Add component (AddParameter): Name = "Width"; Value = "0.02inch"; VariantName = "[No Variations]"
Added Component: Designator=C141(C0402)
Add component. Clean all parameters for all variants
Add component (AddParameter): Name = "Capacitance"; Value = "100nF"; VariantName = "[No Variations]"
Add component (AddParameter): Name = "Case/Package"; Value = "0402"; VariantName = "[No Variations]"
Add component (AddParameter): Name = "Case Code (Imperial)"; Value = "0402"; VariantName = "[No Variations]"
Add component (AddParameter): Name = "Case Code (Metric)"; Value = "1005"; VariantName = "[No Variations]"
Add component (AddParameter): Name = "ComponentLink1Description"; Value = "http://product.tdk.com/capacitor/mlcc/en/documents/mlccspec_automotive_general_midvoltage_en.pdf?src-supplier=Future+Electronics"; VariantName = "[No Variations]"
Add component (AddParameter): Name = "ComponentLink1URL"; Value = "http://product.tdk.com/capacitor/mlcc/en/documents/mlccspec_automotive_general_midvoltage_en.pdf?src-supplier=Future+Electronics"; VariantName = "[No Variations]"
Add component (AddParameter): Name = "ComponentLink2Description"; Value = "http://www.farnell.com/datasheets/1807242.pdf?src-supplier=Element14"; VariantName = "[No Variations]"
Add component (AddParameter): Name = "ComponentLink2URL"; Value = "http://www.farnell.com/datasheets/1807242.pdf?src-supplier=Element14"; VariantName = "[No Variations]"
Add component (AddParameter): Name = "ComponentLink3Description"; Value = "http://www.mouser.com/ds/2/400/lcc_automotive_general_en-843974.pdf?src-supplier=Mouser"; VariantName = "[No Variations]"
Add component (AddParameter): Name = "ComponentLink3URL"; Value = "http://www.mouser.com/ds/2/400/lcc_automotive_general_en-843974.pdf?src-supplier=Mouser"; VariantName = "[No Variations]"
Add component (AddParameter): Name = "ComponentLink4Description"; Value = "http://www.farnell.com/datasheets/1936565.pdf?src-supplier=Element14"; VariantName = "[No Variations]"
Add component (AddParameter): Name = "ComponentLink4URL"; Value = "http://www.farnell.com/datasheets/1936565.pdf?src-supplier=Element14"; VariantName = "[No Variations]"
Add component (AddParameter): Name = "ComponentLink5Description"; Value = "http://www.farnell.com/datasheets/1735392.pdf?src-supplier=Element14"; VariantName = "[No Variations]"
Add component (AddParameter): Name = "ComponentLink5URL"; Value = "http://www.farnell.com/datasheets/1735392.pdf?src-supplier=Element14"; VariantName = "[No Variations]"
Add component (AddParameter): Name = "Composition"; Value = "Ceramic"; VariantName = "[No Variations]"
Add component (AddParameter): Name = "Depth"; Value = "0.5mm"; VariantName = "[No Variations]"
Add component (AddParameter): Name = "Dielectric"; Value = "X7R"; VariantName = "[No Variations]"
Add component (AddParameter): Name = "Height"; Value = "0.5mm"; VariantName = "[No Variations]"
Add component (AddParameter): Name = "Lead Free"; Value = "Lead Free"; VariantName = "[No Variations]"
Add component (AddParameter): Name = "Length"; Value = "1mm"; VariantName = "[No Variations]"
Add component (AddParameter): Name = "Manufacturer"; Value = "TDK"; VariantName = "[No Variations]"
Add component (AddParameter): Name = "Manufacturer Part Number"; Value = "CGA2B3X7R1H104K050BB"; VariantName = "[No Variations]"
Add component (AddParameter): Name = "Max Operating Temperature"; Value = "125°C"; VariantName = "[No Variations]"
Add component (AddParameter): Name = "Min Operating Temperature"; Value = "-55°C"; VariantName = "[No Variations]"
Add component (AddParameter): Name = "Mount"; Value = "Surface Mount"; VariantName = "[No Variations]"
Add component (AddParameter): Name = "Package Quantity"; Value = "1"; VariantName = "[No Variations]"
Add component (AddParameter): Name = "Packaging"; Value = "Tape and Reel"; VariantName = "[No Variations]"
Add component (AddParameter): Name = "Pricing 1"; Value = "1=0.17, 10=0.118, 50=0.0668, 100=0.0553, 500=0.0388, 1000=0.0321, 2500=0.0299, 5000=0.0273 (USD)"; VariantName = "[No Variations]"
Add component (AddParameter): Name = "Ratings"; Value = "AEC-Q200"; VariantName = "[No Variations]"
Add component (AddParameter): Name = "REACH SVHC"; Value = "No SVHC"; VariantName = "[No Variations]"
Add component (AddParameter): Name = "Stock 1"; Value = "2925303"; VariantName = "[No Variations]"
Add component (AddParameter): Name = "Supplier 1"; Value = "Digi-Key"; VariantName = "[No Variations]"
Add component (AddParameter): Name = "Supplier Part Number 1"; Value = "445-6899-1-ND"; VariantName = "[No Variations]"
Add component (AddParameter): Name = "Termination"; Value = "SMD/SMT"; VariantName = "[No Variations]"
Add component (AddParameter): Name = "Thickness"; Value = "0.022inch"; VariantName = "[No Variations]"
Add component (AddParameter): Name = "Tolerance"; Value = "10%"; VariantName = "[No Variations]"
Add component (AddParameter): Name = "Voltage"; Value = "50V"; VariantName = "[No Variations]"
Add component (AddParameter): Name = "Voltage Rating"; Value = "50V"; VariantName = "[No Variations]"
Add component (AddParameter): Name = "Voltage Rating (DC)"; Value = "50V"; VariantName = "[No Variations]"
Add component (AddParameter): Name = "Weight"; Value = "2.3E-05oz"; VariantName = "[No Variations]"
Add component (AddParameter): Name = "Width"; Value = "0.02inch"; VariantName = "[No Variations]"
Added Component: Designator=C148(C0603)
Add component. Clean all parameters for all variants
Add component (AddParameter): Name = "Capacitance"; Value = "2.2uF"; VariantName = "[No Variations]"
Add component (AddParameter): Name = "Case/Package"; Value = "0603"; VariantName = "[No Variations]"
Add component (AddParameter): Name = "Case Code (Imperial)"; Value = "0603"; VariantName = "[No Variations]"
Add component (AddParameter): Name = "Case Code (Metric)"; Value = "1608"; VariantName = "[No Variations]"
Add component (AddParameter): Name = "ComponentLink1Description"; Value = "https://www.murata.com/~/media/webrenewal/support/library/catalog/products/capacitor/mlcc/c02e.ashx?la=en-us&src-supplier=Digi-Key"; VariantName = "[No Variations]"
Add component (AddParameter): Name = "ComponentLink1URL"; Value = "https://www.murata.com/~/media/webrenewal/support/library/catalog/products/capacitor/mlcc/c02e.ashx?la=en-us&src-supplier=Digi-Key"; VariantName = "[No Variations]"
Add component (AddParameter): Name = "Depth"; Value = "0.8mm"; VariantName = "[No Variations]"
Add component (AddParameter): Name = "Dielectric"; Value = "X5R"; VariantName = "[No Variations]"
Add component (AddParameter): Name = "Height"; Value = "0.8mm"; VariantName = "[No Variations]"
Add component (AddParameter): Name = "Lead Free"; Value = "Lead Free"; VariantName = "[No Variations]"
Add component (AddParameter): Name = "Length"; Value = "1.6mm"; VariantName = "[No Variations]"
Add component (AddParameter): Name = "Manufacturer"; Value = "Murata"; VariantName = "[No Variations]"
Add component (AddParameter): Name = "Manufacturer Part Number"; Value = "GRM188R6YA225KA12D"; VariantName = "[No Variations]"
Add component (AddParameter): Name = "Material"; Value = "Ceramic"; VariantName = "[No Variations]"
Add component (AddParameter): Name = "Max Operating Temperature"; Value = "85°C"; VariantName = "[No Variations]"
Add component (AddParameter): Name = "Min Operating Temperature"; Value = "-55°C"; VariantName = "[No Variations]"
Add component (AddParameter): Name = "Mount"; Value = "Surface Mount"; VariantName = "[No Variations]"
Add component (AddParameter): Name = "Package Quantity"; Value = "4000"; VariantName = "[No Variations]"
Add component (AddParameter): Name = "Packaging"; Value = "Tape and Reel"; VariantName = "[No Variations]"
Add component (AddParameter): Name = "Pricing 1"; Value = "1=0.21, 10=0.141, 100=0.0717, 500=0.049, 1000=0.0434 (USD)"; VariantName = "[No Variations]"
Add component (AddParameter): Name = "REACH SVHC"; Value = "No SVHC"; VariantName = "[No Variations]"
Add component (AddParameter): Name = "Stock 1"; Value = "323373"; VariantName = "[No Variations]"
Add component (AddParameter): Name = "Supplier 1"; Value = "Digi-Key"; VariantName = "[No Variations]"
Add component (AddParameter): Name = "Supplier Part Number 1"; Value = "490-7204-1-ND"; VariantName = "[No Variations]"
Add component (AddParameter): Name = "Termination"; Value = "SMD/SMT"; VariantName = "[No Variations]"
Add component (AddParameter): Name = "Thickness"; Value = "0.035inch"; VariantName = "[No Variations]"
Add component (AddParameter): Name = "Tolerance"; Value = "10%"; VariantName = "[No Variations]"
Add component (AddParameter): Name = "Voltage"; Value = "35V"; VariantName = "[No Variations]"
Add component (AddParameter): Name = "Voltage Rating"; Value = "35V"; VariantName = "[No Variations]"
Add component (AddParameter): Name = "Voltage Rating (DC)"; Value = "35V"; VariantName = "[No Variations]"
Add component (AddParameter): Name = "Weight"; Value = "0.000222oz"; VariantName = "[No Variations]"
Add component (AddParameter): Name = "Width"; Value = "0.8mm"; VariantName = "[No Variations]"
Added Component: Designator=C149(C0402)
Add component. Clean all parameters for all variants
Add component (AddParameter): Name = "Capacitance"; Value = "100nF"; VariantName = "[No Variations]"
Add component (AddParameter): Name = "Case Code (Imperial)"; Value = "0402"; VariantName = "[No Variations]"
Add component (AddParameter): Name = "Case Code (Metric)"; Value = "1005"; VariantName = "[No Variations]"
Add component (AddParameter): Name = "ComponentLink1Description"; Value = "http://www.yageo.com/documents/recent/UPY-GPHC_X7R_6.3V-to-50V_8.pdf?src-supplier=Avnet+Europe"; VariantName = "[No Variations]"
Add component (AddParameter): Name = "ComponentLink1URL"; Value = "http://www.yageo.com/documents/recent/UPY-GPHC_X7R_6.3V-to-50V_8.pdf?src-supplier=Avnet+Europe"; VariantName = "[No Variations]"
Add component (AddParameter): Name = "ComponentLink2Description"; Value = "http://www.yageo.com/documents/recent/UPY-GPHC_X7R_6.3V-to-50V_18.pdf?src-supplier=Digi-Key"; VariantName = "[No Variations]"
Add component (AddParameter): Name = "ComponentLink2URL"; Value = "http://www.yageo.com/documents/recent/UPY-GPHC_X7R_6.3V-to-50V_18.pdf?src-supplier=Digi-Key"; VariantName = "[No Variations]"
Add component (AddParameter): Name = "ComponentLink3Description"; Value = "http://www.yageo.com/documents/recent/UPY-GPHC_X7R_6.3V-to-50V_8.pdf?src-supplier=Avnet"; VariantName = "[No Variations]"
Add component (AddParameter): Name = "ComponentLink3URL"; Value = "http://www.yageo.com/documents/recent/UPY-GPHC_X7R_6.3V-to-50V_8.pdf?src-supplier=Avnet"; VariantName = "[No Variations]"
Add component (AddParameter): Name = "ComponentLink4Description"; Value = "http://www.yageo.com/documents/recent/UPY-GPHC_X7R_6.3V-to-50V_18.pdf?src-supplier=Mouser"; VariantName = "[No Variations]"
Add component (AddParameter): Name = "ComponentLink4URL"; Value = "http://www.yageo.com/documents/recent/UPY-GPHC_X7R_6.3V-to-50V_18.pdf?src-supplier=Mouser"; VariantName = "[No Variations]"
Add component (AddParameter): Name = "ComponentLink5Description"; Value = "http://www.farnell.com/datasheets/2167236.pdf?src-supplier=Element14"; VariantName = "[No Variations]"
Add component (AddParameter): Name = "ComponentLink5URL"; Value = "http://www.farnell.com/datasheets/2167236.pdf?src-supplier=Element14"; VariantName = "[No Variations]"
Add component (AddParameter): Name = "ComponentLink6Description"; Value = "http://www.farnell.com/datasheets/1489800.pdf?src-supplier=Element14"; VariantName = "[No Variations]"
Add component (AddParameter): Name = "ComponentLink6URL"; Value = "http://www.farnell.com/datasheets/1489800.pdf?src-supplier=Element14"; VariantName = "[No Variations]"
Add component (AddParameter): Name = "Composition"; Value = "Ceramic"; VariantName = "[No Variations]"
Add component (AddParameter): Name = "Depth"; Value = "0.5mm"; VariantName = "[No Variations]"
Add component (AddParameter): Name = "Dielectric"; Value = "X7R"; VariantName = "[No Variations]"
Add component (AddParameter): Name = "Halogen Free"; Value = "Halogen Free"; VariantName = "[No Variations]"
Add component (AddParameter): Name = "Height"; Value = "0.5mm"; VariantName = "[No Variations]"
Add component (AddParameter): Name = "Lead Free"; Value = "Lead Free"; VariantName = "[No Variations]"
Add component (AddParameter): Name = "Length"; Value = "1mm"; VariantName = "[No Variations]"
Add component (AddParameter): Name = "Manufacturer"; Value = "Yageo"; VariantName = "[No Variations]"
Add component (AddParameter): Name = "Manufacturer Part Number"; Value = "CC0402KRX7R7BB104"; VariantName = "[No Variations]"
Add component (AddParameter): Name = "Max Operating Temperature"; Value = "125°C"; VariantName = "[No Variations]"
Add component (AddParameter): Name = "Min Operating Temperature"; Value = "-55°C"; VariantName = "[No Variations]"
Add component (AddParameter): Name = "Mount"; Value = "Surface Mount"; VariantName = "[No Variations]"
Add component (AddParameter): Name = "Number of Pins"; Value = "2"; VariantName = "[No Variations]"
Add component (AddParameter): Name = "Order"; Value = "CC0402KRX7R7BB104"; VariantName = "[No Variations]"
Add component (AddParameter): Name = "Package Quantity"; Value = "1"; VariantName = "[No Variations]"
Add component (AddParameter): Name = "Packaging"; Value = "Tape and Reel"; VariantName = "[No Variations]"
Add component (AddParameter): Name = "Pricing 1"; Value = "1=0.1, 10=0.031, 100=0.0136, 500=0.0097, 1000=0.0077, 2500=0.007, 5000=0.0064 (USD)"; VariantName = "[No Variations]"
Add component (AddParameter): Name = "Radiation Hardening"; Value = "No"; VariantName = "[No Variations]"
Add component (AddParameter): Name = "REACH SVHC"; Value = "No SVHC"; VariantName = "[No Variations]"
Add component (AddParameter): Name = "Revision"; Value = "July-2002: Re-released for DXP Platform."; VariantName = "[No Variations]"
Add component (AddParameter): Name = "Stock 1"; Value = "25916830"; VariantName = "[No Variations]"
Add component (AddParameter): Name = "Supplier 1"; Value = "Digi-Key"; VariantName = "[No Variations]"
Add component (AddParameter): Name = "Supplier Part Number 1"; Value = "311-1338-1-ND"; VariantName = "[No Variations]"
Add component (AddParameter): Name = "Termination"; Value = "SMD/SMT"; VariantName = "[No Variations]"
Add component (AddParameter): Name = "Thickness"; Value = "0.022inch"; VariantName = "[No Variations]"
Add component (AddParameter): Name = "Tolerance"; Value = "10%"; VariantName = "[No Variations]"
Add component (AddParameter): Name = "Voltage"; Value = "16V"; VariantName = "[No Variations]"
Add component (AddParameter): Name = "Voltage Rating"; Value = "16V"; VariantName = "[No Variations]"
Add component (AddParameter): Name = "Voltage Rating (DC)"; Value = "16V"; VariantName = "[No Variations]"
Add component (AddParameter): Name = "Width"; Value = "0.02inch"; VariantName = "[No Variations]"
Added Component: Designator=C150(C0603)
Add component. Clean all parameters for all variants
Add component (AddParameter): Name = "Capacitance"; Value = "2.2uF"; VariantName = "[No Variations]"
Add component (AddParameter): Name = "Case/Package"; Value = "0603"; VariantName = "[No Variations]"
Add component (AddParameter): Name = "Case Code (Imperial)"; Value = "0603"; VariantName = "[No Variations]"
Add component (AddParameter): Name = "Case Code (Metric)"; Value = "1608"; VariantName = "[No Variations]"
Add component (AddParameter): Name = "ComponentLink1Description"; Value = "https://www.murata.com/~/media/webrenewal/support/library/catalog/products/capacitor/mlcc/c02e.ashx?la=en-us&src-supplier=Digi-Key"; VariantName = "[No Variations]"
Add component (AddParameter): Name = "ComponentLink1URL"; Value = "https://www.murata.com/~/media/webrenewal/support/library/catalog/products/capacitor/mlcc/c02e.ashx?la=en-us&src-supplier=Digi-Key"; VariantName = "[No Variations]"
Add component (AddParameter): Name = "Depth"; Value = "0.8mm"; VariantName = "[No Variations]"
Add component (AddParameter): Name = "Dielectric"; Value = "X5R"; VariantName = "[No Variations]"
Add component (AddParameter): Name = "Height"; Value = "0.8mm"; VariantName = "[No Variations]"
Add component (AddParameter): Name = "Lead Free"; Value = "Lead Free"; VariantName = "[No Variations]"
Add component (AddParameter): Name = "Length"; Value = "1.6mm"; VariantName = "[No Variations]"
Add component (AddParameter): Name = "Manufacturer"; Value = "Murata"; VariantName = "[No Variations]"
Add component (AddParameter): Name = "Manufacturer Part Number"; Value = "GRM188R6YA225KA12D"; VariantName = "[No Variations]"
Add component (AddParameter): Name = "Material"; Value = "Ceramic"; VariantName = "[No Variations]"
Add component (AddParameter): Name = "Max Operating Temperature"; Value = "85°C"; VariantName = "[No Variations]"
Add component (AddParameter): Name = "Min Operating Temperature"; Value = "-55°C"; VariantName = "[No Variations]"
Add component (AddParameter): Name = "Mount"; Value = "Surface Mount"; VariantName = "[No Variations]"
Add component (AddParameter): Name = "Package Quantity"; Value = "4000"; VariantName = "[No Variations]"
Add component (AddParameter): Name = "Packaging"; Value = "Tape and Reel"; VariantName = "[No Variations]"
Add component (AddParameter): Name = "Pricing 1"; Value = "1=0.21, 10=0.141, 100=0.0717, 500=0.049, 1000=0.0434 (USD)"; VariantName = "[No Variations]"
Add component (AddParameter): Name = "REACH SVHC"; Value = "No SVHC"; VariantName = "[No Variations]"
Add component (AddParameter): Name = "Stock 1"; Value = "323373"; VariantName = "[No Variations]"
Add component (AddParameter): Name = "Supplier 1"; Value = "Digi-Key"; VariantName = "[No Variations]"
Add component (AddParameter): Name = "Supplier Part Number 1"; Value = "490-7204-1-ND"; VariantName = "[No Variations]"
Add component (AddParameter): Name = "Termination"; Value = "SMD/SMT"; VariantName = "[No Variations]"
Add component (AddParameter): Name = "Thickness"; Value = "0.035inch"; VariantName = "[No Variations]"
Add component (AddParameter): Name = "Tolerance"; Value = "10%"; VariantName = "[No Variations]"
Add component (AddParameter): Name = "Voltage"; Value = "35V"; VariantName = "[No Variations]"
Add component (AddParameter): Name = "Voltage Rating"; Value = "35V"; VariantName = "[No Variations]"
Add component (AddParameter): Name = "Voltage Rating (DC)"; Value = "35V"; VariantName = "[No Variations]"
Add component (AddParameter): Name = "Weight"; Value = "0.000222oz"; VariantName = "[No Variations]"
Add component (AddParameter): Name = "Width"; Value = "0.8mm"; VariantName = "[No Variations]"
Added Component: Designator=C151(CAPC1608X08N_0603)
Add component. Clean all parameters for all variants
Add component (AddParameter): Name = "Capacitance"; Value = "10uF"; VariantName = "[No Variations]"
Add component (AddParameter): Name = "Case/Package"; Value = "0603"; VariantName = "[No Variations]"
Add component (AddParameter): Name = "Case Code (Imperial)"; Value = "0603"; VariantName = "[No Variations]"
Add component (AddParameter): Name = "Case Code (Metric)"; Value = "1608"; VariantName = "[No Variations]"
Add component (AddParameter): Name = "Composition"; Value = "Ceramic"; VariantName = "[No Variations]"
Add component (AddParameter): Name = "Dielectric"; Value = "X5R"; VariantName = "[No Variations]"
Add component (AddParameter): Name = "Height"; Value = "0.8mm"; VariantName = "[No Variations]"
Add component (AddParameter): Name = "Length"; Value = "0.063inch"; VariantName = "[No Variations]"
Add component (AddParameter): Name = "Manufacturer"; Value = "Murata"; VariantName = "[No Variations]"
Add component (AddParameter): Name = "Manufacturer Part Number"; Value = "GRM188R61C106KAALJ"; VariantName = "[No Variations]"
Add component (AddParameter): Name = "Max Operating Temperature"; Value = "85°C"; VariantName = "[No Variations]"
Add component (AddParameter): Name = "Min Operating Temperature"; Value = "-55°C"; VariantName = "[No Variations]"
Add component (AddParameter): Name = "Mount"; Value = "Surface Mount"; VariantName = "[No Variations]"
Add component (AddParameter): Name = "Package Quantity"; Value = "10000"; VariantName = "[No Variations]"
Add component (AddParameter): Name = "Packaging"; Value = "Tape and Reel"; VariantName = "[No Variations]"
Add component (AddParameter): Name = "Pricing 1"; Value = "1=0.39, 10=0.271, 100=0.1628, 500=0.1221, 1000=0.1031, 2500=0.0977, 5000=0.0923 (USD)"; VariantName = "[No Variations]"
Add component (AddParameter): Name = "Stock 1"; Value = "5470"; VariantName = "[No Variations]"
Add component (AddParameter): Name = "Supplier 1"; Value = "Digi-Key"; VariantName = "[No Variations]"
Add component (AddParameter): Name = "Supplier Part Number 1"; Value = "490-12736-1-ND"; VariantName = "[No Variations]"
Add component (AddParameter): Name = "Termination"; Value = "SMD/SMT"; VariantName = "[No Variations]"
Add component (AddParameter): Name = "Thickness"; Value = "0.037inch"; VariantName = "[No Variations]"
Add component (AddParameter): Name = "Tolerance"; Value = "10%"; VariantName = "[No Variations]"
Add component (AddParameter): Name = "Voltage Rating"; Value = "16V"; VariantName = "[No Variations]"
Add component (AddParameter): Name = "Voltage Rating (DC)"; Value = "16V"; VariantName = "[No Variations]"
Add component (AddParameter): Name = "Weight"; Value = "0.000222oz"; VariantName = "[No Variations]"
Add component (AddParameter): Name = "Width"; Value = "0.031inch"; VariantName = "[No Variations]"
Added Component: Designator=C152(CAPC1608X08N_0603)
Add component. Clean all parameters for all variants
Add component (AddParameter): Name = "Capacitance"; Value = "10uF"; VariantName = "[No Variations]"
Add component (AddParameter): Name = "Case/Package"; Value = "0603"; VariantName = "[No Variations]"
Add component (AddParameter): Name = "Case Code (Imperial)"; Value = "0603"; VariantName = "[No Variations]"
Add component (AddParameter): Name = "Case Code (Metric)"; Value = "1608"; VariantName = "[No Variations]"
Add component (AddParameter): Name = "Composition"; Value = "Ceramic"; VariantName = "[No Variations]"
Add component (AddParameter): Name = "Dielectric"; Value = "X5R"; VariantName = "[No Variations]"
Add component (AddParameter): Name = "Height"; Value = "0.8mm"; VariantName = "[No Variations]"
Add component (AddParameter): Name = "Length"; Value = "0.063inch"; VariantName = "[No Variations]"
Add component (AddParameter): Name = "Manufacturer"; Value = "Murata"; VariantName = "[No Variations]"
Add component (AddParameter): Name = "Manufacturer Part Number"; Value = "GRM188R61C106KAALJ"; VariantName = "[No Variations]"
Add component (AddParameter): Name = "Max Operating Temperature"; Value = "85°C"; VariantName = "[No Variations]"
Add component (AddParameter): Name = "Min Operating Temperature"; Value = "-55°C"; VariantName = "[No Variations]"
Add component (AddParameter): Name = "Mount"; Value = "Surface Mount"; VariantName = "[No Variations]"
Add component (AddParameter): Name = "Package Quantity"; Value = "10000"; VariantName = "[No Variations]"
Add component (AddParameter): Name = "Packaging"; Value = "Tape and Reel"; VariantName = "[No Variations]"
Add component (AddParameter): Name = "Pricing 1"; Value = "1=0.39, 10=0.271, 100=0.1628, 500=0.1221, 1000=0.1031, 2500=0.0977, 5000=0.0923 (USD)"; VariantName = "[No Variations]"
Add component (AddParameter): Name = "Stock 1"; Value = "5470"; VariantName = "[No Variations]"
Add component (AddParameter): Name = "Supplier 1"; Value = "Digi-Key"; VariantName = "[No Variations]"
Add component (AddParameter): Name = "Supplier Part Number 1"; Value = "490-12736-1-ND"; VariantName = "[No Variations]"
Add component (AddParameter): Name = "Termination"; Value = "SMD/SMT"; VariantName = "[No Variations]"
Add component (AddParameter): Name = "Thickness"; Value = "0.037inch"; VariantName = "[No Variations]"
Add component (AddParameter): Name = "Tolerance"; Value = "10%"; VariantName = "[No Variations]"
Add component (AddParameter): Name = "Voltage Rating"; Value = "16V"; VariantName = "[No Variations]"
Add component (AddParameter): Name = "Voltage Rating (DC)"; Value = "16V"; VariantName = "[No Variations]"
Add component (AddParameter): Name = "Weight"; Value = "0.000222oz"; VariantName = "[No Variations]"
Add component (AddParameter): Name = "Width"; Value = "0.031inch"; VariantName = "[No Variations]"
Added Component: Designator=C153(C0402)
Add component. Clean all parameters for all variants
Add component (AddParameter): Name = "Capacitance"; Value = "100pF"; VariantName = "[No Variations]"
Add component (AddParameter): Name = "Case/Package"; Value = "0402"; VariantName = "[No Variations]"
Add component (AddParameter): Name = "Case Code (Imperial)"; Value = "0402"; VariantName = "[No Variations]"
Add component (AddParameter): Name = "Case Code (Metric)"; Value = "1005"; VariantName = "[No Variations]"
Add component (AddParameter): Name = "ComponentLink1Description"; Value = "http://www.farnell.com/datasheets/2213336.pdf?src-supplier=Newark"; VariantName = "[No Variations]"
Add component (AddParameter): Name = "ComponentLink1URL"; Value = "http://www.farnell.com/datasheets/2213336.pdf?src-supplier=Newark"; VariantName = "[No Variations]"
Add component (AddParameter): Name = "ComponentLink2Description"; Value = "http://www.yageo.com/documents/recent/UPY-GP_NP0_16V-to-50V_16.pdf?src-supplier=Digi-Key"; VariantName = "[No Variations]"
Add component (AddParameter): Name = "ComponentLink2URL"; Value = "http://www.yageo.com/documents/recent/UPY-GP_NP0_16V-to-50V_16.pdf?src-supplier=Digi-Key"; VariantName = "[No Variations]"
Add component (AddParameter): Name = "ComponentLink3Description"; Value = "http://documents.rs-components.com/techlib://itc_doclist_GB.htm?stockno=6698684&src-supplier=RSComponents"; VariantName = "[No Variations]"
Add component (AddParameter): Name = "ComponentLink3URL"; Value = "http://documents.rs-components.com/techlib://itc_doclist_GB.htm?stockno=6698684&src-supplier=RSComponents"; VariantName = "[No Variations]"
Add component (AddParameter): Name = "ComponentLink4Description"; Value = "http://www.yageo.com/documents/recent/UPY-GP_NP0_16V-to-50V_8.pdf?src-supplier=Avnet+Europe"; VariantName = "[No Variations]"
Add component (AddParameter): Name = "ComponentLink4URL"; Value = "http://www.yageo.com/documents/recent/UPY-GP_NP0_16V-to-50V_8.pdf?src-supplier=Avnet+Europe"; VariantName = "[No Variations]"
Add component (AddParameter): Name = "ComponentLink5Description"; Value = "http://www.farnell.com/datasheets/1443161.pdf?src-supplier=Element14"; VariantName = "[No Variations]"
Add component (AddParameter): Name = "ComponentLink5URL"; Value = "http://www.farnell.com/datasheets/1443161.pdf?src-supplier=Element14"; VariantName = "[No Variations]"
Add component (AddParameter): Name = "ComponentLink6Description"; Value = "http://www.farnell.com/datasheets/2213336.pdf?src-supplier=Element14"; VariantName = "[No Variations]"
Add component (AddParameter): Name = "ComponentLink6URL"; Value = "http://www.farnell.com/datasheets/2213336.pdf?src-supplier=Element14"; VariantName = "[No Variations]"
Add component (AddParameter): Name = "Composition"; Value = "Ceramic"; VariantName = "[No Variations]"
Add component (AddParameter): Name = "Depth"; Value = "0.5mm"; VariantName = "[No Variations]"
Add component (AddParameter): Name = "Dielectric"; Value = "C0G"; VariantName = "[No Variations]"
Add component (AddParameter): Name = "Dielectric Material"; Value = "Ceramic"; VariantName = "[No Variations]"
Add component (AddParameter): Name = "Height"; Value = "0.5mm"; VariantName = "[No Variations]"
Add component (AddParameter): Name = "Insulation Resistance"; Value = "100GR"; VariantName = "[No Variations]"
Add component (AddParameter): Name = "Lead Free"; Value = "Lead Free"; VariantName = "[No Variations]"
Add component (AddParameter): Name = "Length"; Value = "1mm"; VariantName = "[No Variations]"
Add component (AddParameter): Name = "Manufacturer"; Value = "Yageo"; VariantName = "[No Variations]"
Add component (AddParameter): Name = "Manufacturer Part Number"; Value = "CC0402JRNPO9BN101"; VariantName = "[No Variations]"
Add component (AddParameter): Name = "Max Operating Temperature"; Value = "125°C"; VariantName = "[No Variations]"
Add component (AddParameter): Name = "Min Operating Temperature"; Value = "-55°C"; VariantName = "[No Variations]"
Add component (AddParameter): Name = "Mount"; Value = "Surface Mount"; VariantName = "[No Variations]"
Add component (AddParameter): Name = "Number of Pins"; Value = "2"; VariantName = "[No Variations]"
Add component (AddParameter): Name = "Package Quantity"; Value = "1"; VariantName = "[No Variations]"
Add component (AddParameter): Name = "Packaging"; Value = "Tape and Reel"; VariantName = "[No Variations]"
Add component (AddParameter): Name = "Pricing 1"; Value = "1=0.1, 10=0.02, 100=0.0089, 500=0.0064, 1000=0.005, 2500=0.0046, 5000=0.0042 (USD)"; VariantName = "[No Variations]"
Add component (AddParameter): Name = "Radiation Hardening"; Value = "No"; VariantName = "[No Variations]"
Add component (AddParameter): Name = "REACH SVHC"; Value = "No SVHC"; VariantName = "[No Variations]"
Add component (AddParameter): Name = "Stock 1"; Value = "3017640"; VariantName = "[No Variations]"
Add component (AddParameter): Name = "Supplier 1"; Value = "Digi-Key"; VariantName = "[No Variations]"
Add component (AddParameter): Name = "Supplier Part Number 1"; Value = "311-1024-6-ND"; VariantName = "[No Variations]"
Add component (AddParameter): Name = "Temperature Coefficient"; Value = "30ppm/°C"; VariantName = "[No Variations]"
Add component (AddParameter): Name = "Termination"; Value = "SMD/SMT"; VariantName = "[No Variations]"
Add component (AddParameter): Name = "Thickness"; Value = "0.022inch"; VariantName = "[No Variations]"
Add component (AddParameter): Name = "Tolerance"; Value = "5%"; VariantName = "[No Variations]"
Add component (AddParameter): Name = "Voltage"; Value = "50V"; VariantName = "[No Variations]"
Add component (AddParameter): Name = "Voltage Rating"; Value = "50V"; VariantName = "[No Variations]"
Add component (AddParameter): Name = "Voltage Rating (DC)"; Value = "50V"; VariantName = "[No Variations]"
Add component (AddParameter): Name = "Width"; Value = "0.5mm"; VariantName = "[No Variations]"
Added Component: Designator=C154(CAPC1608X08N_0603)
Add component. Clean all parameters for all variants
Add component (AddParameter): Name = "Capacitance"; Value = "10uF"; VariantName = "[No Variations]"
Add component (AddParameter): Name = "Case/Package"; Value = "0603"; VariantName = "[No Variations]"
Add component (AddParameter): Name = "Case Code (Imperial)"; Value = "0603"; VariantName = "[No Variations]"
Add component (AddParameter): Name = "Case Code (Metric)"; Value = "1608"; VariantName = "[No Variations]"
Add component (AddParameter): Name = "Composition"; Value = "Ceramic"; VariantName = "[No Variations]"
Add component (AddParameter): Name = "Dielectric"; Value = "X5R"; VariantName = "[No Variations]"
Add component (AddParameter): Name = "Height"; Value = "0.8mm"; VariantName = "[No Variations]"
Add component (AddParameter): Name = "Length"; Value = "0.063inch"; VariantName = "[No Variations]"
Add component (AddParameter): Name = "Manufacturer"; Value = "Murata"; VariantName = "[No Variations]"
Add component (AddParameter): Name = "Manufacturer Part Number"; Value = "GRM188R61C106KAALJ"; VariantName = "[No Variations]"
Add component (AddParameter): Name = "Max Operating Temperature"; Value = "85°C"; VariantName = "[No Variations]"
Add component (AddParameter): Name = "Min Operating Temperature"; Value = "-55°C"; VariantName = "[No Variations]"
Add component (AddParameter): Name = "Mount"; Value = "Surface Mount"; VariantName = "[No Variations]"
Add component (AddParameter): Name = "Package Quantity"; Value = "10000"; VariantName = "[No Variations]"
Add component (AddParameter): Name = "Packaging"; Value = "Tape and Reel"; VariantName = "[No Variations]"
Add component (AddParameter): Name = "Pricing 1"; Value = "1=0.39, 10=0.271, 100=0.1628, 500=0.1221, 1000=0.1031, 2500=0.0977, 5000=0.0923 (USD)"; VariantName = "[No Variations]"
Add component (AddParameter): Name = "Stock 1"; Value = "5470"; VariantName = "[No Variations]"
Add component (AddParameter): Name = "Supplier 1"; Value = "Digi-Key"; VariantName = "[No Variations]"
Add component (AddParameter): Name = "Supplier Part Number 1"; Value = "490-12736-1-ND"; VariantName = "[No Variations]"
Add component (AddParameter): Name = "Termination"; Value = "SMD/SMT"; VariantName = "[No Variations]"
Add component (AddParameter): Name = "Thickness"; Value = "0.037inch"; VariantName = "[No Variations]"
Add component (AddParameter): Name = "Tolerance"; Value = "10%"; VariantName = "[No Variations]"
Add component (AddParameter): Name = "Voltage Rating"; Value = "16V"; VariantName = "[No Variations]"
Add component (AddParameter): Name = "Voltage Rating (DC)"; Value = "16V"; VariantName = "[No Variations]"
Add component (AddParameter): Name = "Weight"; Value = "0.000222oz"; VariantName = "[No Variations]"
Add component (AddParameter): Name = "Width"; Value = "0.031inch"; VariantName = "[No Variations]"
Added Component: Designator=C155(CAPC1608X08N_0603)
Add component. Clean all parameters for all variants
Add component (AddParameter): Name = "Capacitance"; Value = "10uF"; VariantName = "[No Variations]"
Add component (AddParameter): Name = "Case/Package"; Value = "0603"; VariantName = "[No Variations]"
Add component (AddParameter): Name = "Case Code (Imperial)"; Value = "0603"; VariantName = "[No Variations]"
Add component (AddParameter): Name = "Case Code (Metric)"; Value = "1608"; VariantName = "[No Variations]"
Add component (AddParameter): Name = "Composition"; Value = "Ceramic"; VariantName = "[No Variations]"
Add component (AddParameter): Name = "Dielectric"; Value = "X5R"; VariantName = "[No Variations]"
Add component (AddParameter): Name = "Height"; Value = "0.8mm"; VariantName = "[No Variations]"
Add component (AddParameter): Name = "Length"; Value = "0.063inch"; VariantName = "[No Variations]"
Add component (AddParameter): Name = "Manufacturer"; Value = "Murata"; VariantName = "[No Variations]"
Add component (AddParameter): Name = "Manufacturer Part Number"; Value = "GRM188R61C106KAALJ"; VariantName = "[No Variations]"
Add component (AddParameter): Name = "Max Operating Temperature"; Value = "85°C"; VariantName = "[No Variations]"
Add component (AddParameter): Name = "Min Operating Temperature"; Value = "-55°C"; VariantName = "[No Variations]"
Add component (AddParameter): Name = "Mount"; Value = "Surface Mount"; VariantName = "[No Variations]"
Add component (AddParameter): Name = "Package Quantity"; Value = "10000"; VariantName = "[No Variations]"
Add component (AddParameter): Name = "Packaging"; Value = "Tape and Reel"; VariantName = "[No Variations]"
Add component (AddParameter): Name = "Pricing 1"; Value = "1=0.39, 10=0.271, 100=0.1628, 500=0.1221, 1000=0.1031, 2500=0.0977, 5000=0.0923 (USD)"; VariantName = "[No Variations]"
Add component (AddParameter): Name = "Stock 1"; Value = "5470"; VariantName = "[No Variations]"
Add component (AddParameter): Name = "Supplier 1"; Value = "Digi-Key"; VariantName = "[No Variations]"
Add component (AddParameter): Name = "Supplier Part Number 1"; Value = "490-12736-1-ND"; VariantName = "[No Variations]"
Add component (AddParameter): Name = "Termination"; Value = "SMD/SMT"; VariantName = "[No Variations]"
Add component (AddParameter): Name = "Thickness"; Value = "0.037inch"; VariantName = "[No Variations]"
Add component (AddParameter): Name = "Tolerance"; Value = "10%"; VariantName = "[No Variations]"
Add component (AddParameter): Name = "Voltage Rating"; Value = "16V"; VariantName = "[No Variations]"
Add component (AddParameter): Name = "Voltage Rating (DC)"; Value = "16V"; VariantName = "[No Variations]"
Add component (AddParameter): Name = "Weight"; Value = "0.000222oz"; VariantName = "[No Variations]"
Add component (AddParameter): Name = "Width"; Value = "0.031inch"; VariantName = "[No Variations]"
Added Component: Designator=FB6(L_0402)
Add component. Clean all parameters for all variants
Add component (AddParameter): Name = "Case/Package"; Value = "0402"; VariantName = "[No Variations]"
Add component (AddParameter): Name = "Case Code (Imperial)"; Value = "0402"; VariantName = "[No Variations]"
Add component (AddParameter): Name = "Case Code (Metric)"; Value = "1005"; VariantName = "[No Variations]"
Add component (AddParameter): Name = "ComponentLink1Description"; Value = "https://www.murata.com/en-us/products/productdata/8796740059166/ENFA0018.pdf?src-supplier=Digi-Key"; VariantName = "[No Variations]"
Add component (AddParameter): Name = "ComponentLink1URL"; Value = "https://www.murata.com/en-us/products/productdata/8796740059166/ENFA0018.pdf?src-supplier=Digi-Key"; VariantName = "[No Variations]"
Add component (AddParameter): Name = "ComponentLink2Description"; Value = "http://search.murata.co.jp/Ceramy/image/img/PDF/ENG/L0110S0100BLM15AX_SN.pdf?src-supplier=Future+Electronics"; VariantName = "[No Variations]"
Add component (AddParameter): Name = "ComponentLink2URL"; Value = "http://search.murata.co.jp/Ceramy/image/img/PDF/ENG/L0110S0100BLM15AX_SN.pdf?src-supplier=Future+Electronics"; VariantName = "[No Variations]"
Add component (AddParameter): Name = "ComponentLink3Description"; Value = "http://www.produktinfo.conrad.com/datenblaetter/1100000-1199999/001171674-da-01-en-CHIP_DROSSEL0402_1000R_350MA_1_0X0_5MM.pdf?src-supplier=Conrad"; VariantName = "[No Variations]"
Add component (AddParameter): Name = "ComponentLink3URL"; Value = "http://www.produktinfo.conrad.com/datenblaetter/1100000-1199999/001171674-da-01-en-CHIP_DROSSEL0402_1000R_350MA_1_0X0_5MM.pdf?src-supplier=Conrad"; VariantName = "[No Variations]"
Add component (AddParameter): Name = "ComponentLink4Description"; Value = "http://www.produktinfo.conrad.com/datenblaetter/1100000-1199999/001172166-da-01-en-DROSSEL_0402_1000R_31_0X0_5MM_10000ST.pdf?src-supplier=Conrad"; VariantName = "[No Variations]"
Add component (AddParameter): Name = "ComponentLink4URL"; Value = "http://www.produktinfo.conrad.com/datenblaetter/1100000-1199999/001172166-da-01-en-DROSSEL_0402_1000R_31_0X0_5MM_10000ST.pdf?src-supplier=Conrad"; VariantName = "[No Variations]"
Add component (AddParameter): Name = "Current Rating"; Value = "350mA"; VariantName = "[No Variations]"
Add component (AddParameter): Name = "DC Resistance (DCR)"; Value = "490mR"; VariantName = "[No Variations]"
Add component (AddParameter): Name = "Depth"; Value = "0.5mm"; VariantName = "[No Variations]"
Add component (AddParameter): Name = "Height"; Value = "0.5mm"; VariantName = "[No Variations]"
Add component (AddParameter): Name = "Impedance"; Value = "1kR"; VariantName = "[No Variations]"
Add component (AddParameter): Name = "Lead Free"; Value = "Lead Free"; VariantName = "[No Variations]"
Add component (AddParameter): Name = "Length"; Value = "1mm"; VariantName = "[No Variations]"
Add component (AddParameter): Name = "Manufacturer"; Value = "Murata"; VariantName = "[No Variations]"
Add component (AddParameter): Name = "Manufacturer Part Number"; Value = "BLM15AX102SN1D"; VariantName = "[No Variations]"
Add component (AddParameter): Name = "Material"; Value = "Ferrite,Steel"; VariantName = "[No Variations]"
Add component (AddParameter): Name = "Max Current Rating"; Value = "350mA"; VariantName = "[No Variations]"
Add component (AddParameter): Name = "Max DC Current"; Value = "350mA"; VariantName = "[No Variations]"
Add component (AddParameter): Name = "Max Operating Temperature"; Value = "125°C"; VariantName = "[No Variations]"
Add component (AddParameter): Name = "Min Operating Temperature"; Value = "-55°C"; VariantName = "[No Variations]"
Add component (AddParameter): Name = "Number of Circuits"; Value = "1"; VariantName = "[No Variations]"
Add component (AddParameter): Name = "Number of Lines"; Value = "1"; VariantName = "[No Variations]"
Add component (AddParameter): Name = "Number of Pins"; Value = "2"; VariantName = "[No Variations]"
Add component (AddParameter): Name = "Package Quantity"; Value = "1"; VariantName = "[No Variations]"
Add component (AddParameter): Name = "Packaging"; Value = "Tape and Reel"; VariantName = "[No Variations]"
Add component (AddParameter): Name = "Pricing 1"; Value = "1=0.11, 10=0.09, 25=0.0812, 50=0.0596, 100=0.0514, 250=0.0406, 500=0.0343, 1000=0.0289, 5000=0.0257 (USD)"; VariantName = "[No Variations]"
Add component (AddParameter): Name = "REACH SVHC"; Value = "No SVHC"; VariantName = "[No Variations]"
Add component (AddParameter): Name = "Stock 1"; Value = "138597"; VariantName = "[No Variations]"
Add component (AddParameter): Name = "Supplier 1"; Value = "Digi-Key"; VariantName = "[No Variations]"
Add component (AddParameter): Name = "Supplier Part Number 1"; Value = "490-5442-1-ND"; VariantName = "[No Variations]"
Add component (AddParameter): Name = "Termination"; Value = "SMD/SMT"; VariantName = "[No Variations]"
Add component (AddParameter): Name = "Test Frequency"; Value = "100MHz"; VariantName = "[No Variations]"
Add component (AddParameter): Name = "Tolerance"; Value = "25%"; VariantName = "[No Variations]"
Add component (AddParameter): Name = "Width"; Value = "0.5mm"; VariantName = "[No Variations]"
Added Component: Designator=FB7(L_0402)
Add component. Clean all parameters for all variants
Add component (AddParameter): Name = "Case/Package"; Value = "0402"; VariantName = "[No Variations]"
Add component (AddParameter): Name = "Case Code (Imperial)"; Value = "0402"; VariantName = "[No Variations]"
Add component (AddParameter): Name = "Case Code (Metric)"; Value = "1005"; VariantName = "[No Variations]"
Add component (AddParameter): Name = "ComponentLink1Description"; Value = "https://www.murata.com/en-us/products/productdata/8796740059166/ENFA0018.pdf?src-supplier=Digi-Key"; VariantName = "[No Variations]"
Add component (AddParameter): Name = "ComponentLink1URL"; Value = "https://www.murata.com/en-us/products/productdata/8796740059166/ENFA0018.pdf?src-supplier=Digi-Key"; VariantName = "[No Variations]"
Add component (AddParameter): Name = "ComponentLink2Description"; Value = "http://search.murata.co.jp/Ceramy/image/img/PDF/ENG/L0110S0100BLM15AX_SN.pdf?src-supplier=Future+Electronics"; VariantName = "[No Variations]"
Add component (AddParameter): Name = "ComponentLink2URL"; Value = "http://search.murata.co.jp/Ceramy/image/img/PDF/ENG/L0110S0100BLM15AX_SN.pdf?src-supplier=Future+Electronics"; VariantName = "[No Variations]"
Add component (AddParameter): Name = "ComponentLink3Description"; Value = "http://www.produktinfo.conrad.com/datenblaetter/1100000-1199999/001171674-da-01-en-CHIP_DROSSEL0402_1000R_350MA_1_0X0_5MM.pdf?src-supplier=Conrad"; VariantName = "[No Variations]"
Add component (AddParameter): Name = "ComponentLink3URL"; Value = "http://www.produktinfo.conrad.com/datenblaetter/1100000-1199999/001171674-da-01-en-CHIP_DROSSEL0402_1000R_350MA_1_0X0_5MM.pdf?src-supplier=Conrad"; VariantName = "[No Variations]"
Add component (AddParameter): Name = "ComponentLink4Description"; Value = "http://www.produktinfo.conrad.com/datenblaetter/1100000-1199999/001172166-da-01-en-DROSSEL_0402_1000R_31_0X0_5MM_10000ST.pdf?src-supplier=Conrad"; VariantName = "[No Variations]"
Add component (AddParameter): Name = "ComponentLink4URL"; Value = "http://www.produktinfo.conrad.com/datenblaetter/1100000-1199999/001172166-da-01-en-DROSSEL_0402_1000R_31_0X0_5MM_10000ST.pdf?src-supplier=Conrad"; VariantName = "[No Variations]"
Add component (AddParameter): Name = "Current Rating"; Value = "350mA"; VariantName = "[No Variations]"
Add component (AddParameter): Name = "DC Resistance (DCR)"; Value = "490mR"; VariantName = "[No Variations]"
Add component (AddParameter): Name = "Depth"; Value = "0.5mm"; VariantName = "[No Variations]"
Add component (AddParameter): Name = "Height"; Value = "0.5mm"; VariantName = "[No Variations]"
Add component (AddParameter): Name = "Impedance"; Value = "1kR"; VariantName = "[No Variations]"
Add component (AddParameter): Name = "Lead Free"; Value = "Lead Free"; VariantName = "[No Variations]"
Add component (AddParameter): Name = "Length"; Value = "1mm"; VariantName = "[No Variations]"
Add component (AddParameter): Name = "Manufacturer"; Value = "Murata"; VariantName = "[No Variations]"
Add component (AddParameter): Name = "Manufacturer Part Number"; Value = "BLM15AX102SN1D"; VariantName = "[No Variations]"
Add component (AddParameter): Name = "Material"; Value = "Ferrite,Steel"; VariantName = "[No Variations]"
Add component (AddParameter): Name = "Max Current Rating"; Value = "350mA"; VariantName = "[No Variations]"
Add component (AddParameter): Name = "Max DC Current"; Value = "350mA"; VariantName = "[No Variations]"
Add component (AddParameter): Name = "Max Operating Temperature"; Value = "125°C"; VariantName = "[No Variations]"
Add component (AddParameter): Name = "Min Operating Temperature"; Value = "-55°C"; VariantName = "[No Variations]"
Add component (AddParameter): Name = "Number of Circuits"; Value = "1"; VariantName = "[No Variations]"
Add component (AddParameter): Name = "Number of Lines"; Value = "1"; VariantName = "[No Variations]"
Add component (AddParameter): Name = "Number of Pins"; Value = "2"; VariantName = "[No Variations]"
Add component (AddParameter): Name = "Package Quantity"; Value = "1"; VariantName = "[No Variations]"
Add component (AddParameter): Name = "Packaging"; Value = "Tape and Reel"; VariantName = "[No Variations]"
Add component (AddParameter): Name = "Pricing 1"; Value = "1=0.11, 10=0.09, 25=0.0812, 50=0.0596, 100=0.0514, 250=0.0406, 500=0.0343, 1000=0.0289, 5000=0.0257 (USD)"; VariantName = "[No Variations]"
Add component (AddParameter): Name = "REACH SVHC"; Value = "No SVHC"; VariantName = "[No Variations]"
Add component (AddParameter): Name = "Stock 1"; Value = "138597"; VariantName = "[No Variations]"
Add component (AddParameter): Name = "Supplier 1"; Value = "Digi-Key"; VariantName = "[No Variations]"
Add component (AddParameter): Name = "Supplier Part Number 1"; Value = "490-5442-1-ND"; VariantName = "[No Variations]"
Add component (AddParameter): Name = "Termination"; Value = "SMD/SMT"; VariantName = "[No Variations]"
Add component (AddParameter): Name = "Test Frequency"; Value = "100MHz"; VariantName = "[No Variations]"
Add component (AddParameter): Name = "Tolerance"; Value = "25%"; VariantName = "[No Variations]"
Add component (AddParameter): Name = "Width"; Value = "0.5mm"; VariantName = "[No Variations]"
Added Component: Designator=NT5(Net Tie 6x30mil)
Add component. Clean all parameters for all variants
Add component (AddParameter): Name = "ClassName"; Value = "Net Tie"; VariantName = "[No Variations]"
Added Component: Designator=NT6(Net Tie 6x30mil)
Add component. Clean all parameters for all variants
Add component (AddParameter): Name = "ClassName"; Value = "P128"; VariantName = "[No Variations]"
Added Component: Designator=NT7(Net Tie 6x30mil)
Add component. Clean all parameters for all variants
Add component (AddParameter): Name = "ClassName"; Value = "P128"; VariantName = "[No Variations]"
Added Component: Designator=R4(R0402)
Add component. Clean all parameters for all variants
Add component (AddParameter): Name = "Case/Package"; Value = "0402"; VariantName = "[No Variations]"
Add component (AddParameter): Name = "Case Code (Imperial)"; Value = "0402"; VariantName = "[No Variations]"
Add component (AddParameter): Name = "Case Code (Metric)"; Value = "1005"; VariantName = "[No Variations]"
Add component (AddParameter): Name = "ClassName"; Value = "I2C_SW"; VariantName = "[No Variations]"
Add component (AddParameter): Name = "ComponentLink1Description"; Value = "http://www.yageo.com/NewPortal/yageodocoutput?fileName=/pdf/R-Chip/PYu-RC_51_RoHS_P_0.pdf&src-supplier=Digi-Key"; VariantName = "[No Variations]"
Add component (AddParameter): Name = "ComponentLink1URL"; Value = "http://www.yageo.com/NewPortal/yageodocoutput?fileName=/pdf/R-Chip/PYu-RC_51_RoHS_P_0.pdf&src-supplier=Digi-Key"; VariantName = "[No Variations]"
Add component (AddParameter): Name = "ComponentLink2Description"; Value = "http://www.yageo.com.tw/exep/pages/download/literatures/PYu-R_INT-thick_7.pdf?src-supplier=Digi-Key"; VariantName = "[No Variations]"
Add component (AddParameter): Name = "ComponentLink2URL"; Value = "http://www.yageo.com.tw/exep/pages/download/literatures/PYu-R_INT-thick_7.pdf?src-supplier=Digi-Key"; VariantName = "[No Variations]"
Add component (AddParameter): Name = "Composition"; Value = "Thick Film"; VariantName = "[No Variations]"
Add component (AddParameter): Name = "Features"; Value = "Moisture Resistant"; VariantName = "[No Variations]"
Add component (AddParameter): Name = "Height"; Value = "0.016inch"; VariantName = "[No Variations]"
Add component (AddParameter): Name = "Length"; Value = "0.039inch"; VariantName = "[No Variations]"
Add component (AddParameter): Name = "Manufacturer"; Value = "Yageo"; VariantName = "[No Variations]"
Add component (AddParameter): Name = "Manufacturer Part Number"; Value = "RC0402FR-074K75P"; VariantName = "[No Variations]"
Add component (AddParameter): Name = "Max Operating Temperature"; Value = "155°C"; VariantName = "[No Variations]"
Add component (AddParameter): Name = "Max Power Dissipation"; Value = "63mW"; VariantName = "[No Variations]"
Add component (AddParameter): Name = "Min Operating Temperature"; Value = "-55°C"; VariantName = "[No Variations]"
Add component (AddParameter): Name = "Mount"; Value = "Surface Mount"; VariantName = "[No Variations]"
Add component (AddParameter): Name = "Number of Terminations"; Value = "2"; VariantName = "[No Variations]"
Add component (AddParameter): Name = "Packaging"; Value = "Tape and Reel"; VariantName = "[No Variations]"
Add component (AddParameter): Name = "Pricing 1"; Value = "1=0.1, 10=0.035, 100=0.014, 1000=0.0063, 2500=0.0055, 5000=0.0045 (USD)"; VariantName = "[No Variations]"
Add component (AddParameter): Name = "Resistance"; Value = "4.75kR"; VariantName = "[No Variations]"
Add component (AddParameter): Name = "Stock 1"; Value = "23485"; VariantName = "[No Variations]"
Add component (AddParameter): Name = "Supplier 1"; Value = "Digi-Key"; VariantName = "[No Variations]"
Add component (AddParameter): Name = "Supplier Part Number 1"; Value = "YAG1271CT-ND"; VariantName = "[No Variations]"
Add component (AddParameter): Name = "Temperature Coefficient"; Value = "150ppm/°C"; VariantName = "[No Variations]"
Add component (AddParameter): Name = "Tolerance"; Value = "1%"; VariantName = "[No Variations]"
Add component (AddParameter): Name = "Width"; Value = "0.02inch"; VariantName = "[No Variations]"
Added Component: Designator=R5(R0402)
Add component. Clean all parameters for all variants
Add component (AddParameter): Name = "Case/Package"; Value = "0402"; VariantName = "[No Variations]"
Add component (AddParameter): Name = "Case Code (Imperial)"; Value = "0402"; VariantName = "[No Variations]"
Add component (AddParameter): Name = "Case Code (Metric)"; Value = "1005"; VariantName = "[No Variations]"
Add component (AddParameter): Name = "ClassName"; Value = "I2C_SW"; VariantName = "[No Variations]"
Add component (AddParameter): Name = "ComponentLink1Description"; Value = "http://www.yageo.com/NewPortal/yageodocoutput?fileName=/pdf/R-Chip/PYu-RC_51_RoHS_P_0.pdf&src-supplier=Digi-Key"; VariantName = "[No Variations]"
Add component (AddParameter): Name = "ComponentLink1URL"; Value = "http://www.yageo.com/NewPortal/yageodocoutput?fileName=/pdf/R-Chip/PYu-RC_51_RoHS_P_0.pdf&src-supplier=Digi-Key"; VariantName = "[No Variations]"
Add component (AddParameter): Name = "ComponentLink2Description"; Value = "http://www.yageo.com.tw/exep/pages/download/literatures/PYu-R_INT-thick_7.pdf?src-supplier=Digi-Key"; VariantName = "[No Variations]"
Add component (AddParameter): Name = "ComponentLink2URL"; Value = "http://www.yageo.com.tw/exep/pages/download/literatures/PYu-R_INT-thick_7.pdf?src-supplier=Digi-Key"; VariantName = "[No Variations]"
Add component (AddParameter): Name = "Composition"; Value = "Thick Film"; VariantName = "[No Variations]"
Add component (AddParameter): Name = "Features"; Value = "Moisture Resistant"; VariantName = "[No Variations]"
Add component (AddParameter): Name = "Height"; Value = "0.016inch"; VariantName = "[No Variations]"
Add component (AddParameter): Name = "Length"; Value = "0.039inch"; VariantName = "[No Variations]"
Add component (AddParameter): Name = "Manufacturer"; Value = "Yageo"; VariantName = "[No Variations]"
Add component (AddParameter): Name = "Manufacturer Part Number"; Value = "RC0402FR-074K75P"; VariantName = "[No Variations]"
Add component (AddParameter): Name = "Max Operating Temperature"; Value = "155°C"; VariantName = "[No Variations]"
Add component (AddParameter): Name = "Max Power Dissipation"; Value = "63mW"; VariantName = "[No Variations]"
Add component (AddParameter): Name = "Min Operating Temperature"; Value = "-55°C"; VariantName = "[No Variations]"
Add component (AddParameter): Name = "Mount"; Value = "Surface Mount"; VariantName = "[No Variations]"
Add component (AddParameter): Name = "Number of Terminations"; Value = "2"; VariantName = "[No Variations]"
Add component (AddParameter): Name = "Packaging"; Value = "Tape and Reel"; VariantName = "[No Variations]"
Add component (AddParameter): Name = "Pricing 1"; Value = "1=0.1, 10=0.035, 100=0.014, 1000=0.0063, 2500=0.0055, 5000=0.0045 (USD)"; VariantName = "[No Variations]"
Add component (AddParameter): Name = "Resistance"; Value = "4.75kR"; VariantName = "[No Variations]"
Add component (AddParameter): Name = "Stock 1"; Value = "23485"; VariantName = "[No Variations]"
Add component (AddParameter): Name = "Supplier 1"; Value = "Digi-Key"; VariantName = "[No Variations]"
Add component (AddParameter): Name = "Supplier Part Number 1"; Value = "YAG1271CT-ND"; VariantName = "[No Variations]"
Add component (AddParameter): Name = "Temperature Coefficient"; Value = "150ppm/°C"; VariantName = "[No Variations]"
Add component (AddParameter): Name = "Tolerance"; Value = "1%"; VariantName = "[No Variations]"
Add component (AddParameter): Name = "Width"; Value = "0.02inch"; VariantName = "[No Variations]"
Added Component: Designator=R6(R0402)
Add component. Clean all parameters for all variants
Add component (AddParameter): Name = "Case/Package"; Value = "0402"; VariantName = "[No Variations]"
Add component (AddParameter): Name = "Case Code (Imperial)"; Value = "0402"; VariantName = "[No Variations]"
Add component (AddParameter): Name = "Case Code (Metric)"; Value = "1005"; VariantName = "[No Variations]"
Add component (AddParameter): Name = "ClassName"; Value = "I2C_SW"; VariantName = "[No Variations]"
Add component (AddParameter): Name = "ComponentLink1Description"; Value = "http://www.yageo.com/NewPortal/yageodocoutput?fileName=/pdf/R-Chip/PYu-RC_51_RoHS_P_0.pdf&src-supplier=Digi-Key"; VariantName = "[No Variations]"
Add component (AddParameter): Name = "ComponentLink1URL"; Value = "http://www.yageo.com/NewPortal/yageodocoutput?fileName=/pdf/R-Chip/PYu-RC_51_RoHS_P_0.pdf&src-supplier=Digi-Key"; VariantName = "[No Variations]"
Add component (AddParameter): Name = "ComponentLink2Description"; Value = "http://www.yageo.com.tw/exep/pages/download/literatures/PYu-R_INT-thick_7.pdf?src-supplier=Digi-Key"; VariantName = "[No Variations]"
Add component (AddParameter): Name = "ComponentLink2URL"; Value = "http://www.yageo.com.tw/exep/pages/download/literatures/PYu-R_INT-thick_7.pdf?src-supplier=Digi-Key"; VariantName = "[No Variations]"
Add component (AddParameter): Name = "Composition"; Value = "Thick Film"; VariantName = "[No Variations]"
Add component (AddParameter): Name = "Features"; Value = "Moisture Resistant"; VariantName = "[No Variations]"
Add component (AddParameter): Name = "Height"; Value = "0.016inch"; VariantName = "[No Variations]"
Add component (AddParameter): Name = "Length"; Value = "0.039inch"; VariantName = "[No Variations]"
Add component (AddParameter): Name = "Manufacturer"; Value = "Yageo"; VariantName = "[No Variations]"
Add component (AddParameter): Name = "Manufacturer Part Number"; Value = "RC0402FR-074K75P"; VariantName = "[No Variations]"
Add component (AddParameter): Name = "Max Operating Temperature"; Value = "155°C"; VariantName = "[No Variations]"
Add component (AddParameter): Name = "Max Power Dissipation"; Value = "63mW"; VariantName = "[No Variations]"
Add component (AddParameter): Name = "Min Operating Temperature"; Value = "-55°C"; VariantName = "[No Variations]"
Add component (AddParameter): Name = "Mount"; Value = "Surface Mount"; VariantName = "[No Variations]"
Add component (AddParameter): Name = "Number of Terminations"; Value = "2"; VariantName = "[No Variations]"
Add component (AddParameter): Name = "Packaging"; Value = "Tape and Reel"; VariantName = "[No Variations]"
Add component (AddParameter): Name = "Pricing 1"; Value = "1=0.1, 10=0.035, 100=0.014, 1000=0.0063, 2500=0.0055, 5000=0.0045 (USD)"; VariantName = "[No Variations]"
Add component (AddParameter): Name = "Resistance"; Value = "4.75kR"; VariantName = "[No Variations]"
Add component (AddParameter): Name = "Stock 1"; Value = "23485"; VariantName = "[No Variations]"
Add component (AddParameter): Name = "Supplier 1"; Value = "Digi-Key"; VariantName = "[No Variations]"
Add component (AddParameter): Name = "Supplier Part Number 1"; Value = "YAG1271CT-ND"; VariantName = "[No Variations]"
Add component (AddParameter): Name = "Temperature Coefficient"; Value = "150ppm/°C"; VariantName = "[No Variations]"
Add component (AddParameter): Name = "Tolerance"; Value = "1%"; VariantName = "[No Variations]"
Add component (AddParameter): Name = "Width"; Value = "0.02inch"; VariantName = "[No Variations]"
Added Component: Designator=R7(R0402)
Add component. Clean all parameters for all variants
Add component (AddParameter): Name = "Case/Package"; Value = "0402"; VariantName = "[No Variations]"
Add component (AddParameter): Name = "Case Code (Imperial)"; Value = "0402"; VariantName = "[No Variations]"
Add component (AddParameter): Name = "Case Code (Metric)"; Value = "1005"; VariantName = "[No Variations]"
Add component (AddParameter): Name = "ClassName"; Value = "I2C_SW"; VariantName = "[No Variations]"
Add component (AddParameter): Name = "ComponentLink1Description"; Value = "http://www.yageo.com/NewPortal/yageodocoutput?fileName=/pdf/R-Chip/PYu-RC_51_RoHS_P_0.pdf&src-supplier=Digi-Key"; VariantName = "[No Variations]"
Add component (AddParameter): Name = "ComponentLink1URL"; Value = "http://www.yageo.com/NewPortal/yageodocoutput?fileName=/pdf/R-Chip/PYu-RC_51_RoHS_P_0.pdf&src-supplier=Digi-Key"; VariantName = "[No Variations]"
Add component (AddParameter): Name = "ComponentLink2Description"; Value = "http://www.yageo.com.tw/exep/pages/download/literatures/PYu-R_INT-thick_7.pdf?src-supplier=Digi-Key"; VariantName = "[No Variations]"
Add component (AddParameter): Name = "ComponentLink2URL"; Value = "http://www.yageo.com.tw/exep/pages/download/literatures/PYu-R_INT-thick_7.pdf?src-supplier=Digi-Key"; VariantName = "[No Variations]"
Add component (AddParameter): Name = "Composition"; Value = "Thick Film"; VariantName = "[No Variations]"
Add component (AddParameter): Name = "Features"; Value = "Moisture Resistant"; VariantName = "[No Variations]"
Add component (AddParameter): Name = "Height"; Value = "0.016inch"; VariantName = "[No Variations]"
Add component (AddParameter): Name = "Length"; Value = "0.039inch"; VariantName = "[No Variations]"
Add component (AddParameter): Name = "Manufacturer"; Value = "Yageo"; VariantName = "[No Variations]"
Add component (AddParameter): Name = "Manufacturer Part Number"; Value = "RC0402FR-074K75P"; VariantName = "[No Variations]"
Add component (AddParameter): Name = "Max Operating Temperature"; Value = "155°C"; VariantName = "[No Variations]"
Add component (AddParameter): Name = "Max Power Dissipation"; Value = "63mW"; VariantName = "[No Variations]"
Add component (AddParameter): Name = "Min Operating Temperature"; Value = "-55°C"; VariantName = "[No Variations]"
Add component (AddParameter): Name = "Mount"; Value = "Surface Mount"; VariantName = "[No Variations]"
Add component (AddParameter): Name = "Number of Terminations"; Value = "2"; VariantName = "[No Variations]"
Add component (AddParameter): Name = "Packaging"; Value = "Tape and Reel"; VariantName = "[No Variations]"
Add component (AddParameter): Name = "Pricing 1"; Value = "1=0.1, 10=0.035, 100=0.014, 1000=0.0063, 2500=0.0055, 5000=0.0045 (USD)"; VariantName = "[No Variations]"
Add component (AddParameter): Name = "Resistance"; Value = "4.75kR"; VariantName = "[No Variations]"
Add component (AddParameter): Name = "Stock 1"; Value = "23485"; VariantName = "[No Variations]"
Add component (AddParameter): Name = "Supplier 1"; Value = "Digi-Key"; VariantName = "[No Variations]"
Add component (AddParameter): Name = "Supplier Part Number 1"; Value = "YAG1271CT-ND"; VariantName = "[No Variations]"
Add component (AddParameter): Name = "Temperature Coefficient"; Value = "150ppm/°C"; VariantName = "[No Variations]"
Add component (AddParameter): Name = "Tolerance"; Value = "1%"; VariantName = "[No Variations]"
Add component (AddParameter): Name = "Width"; Value = "0.02inch"; VariantName = "[No Variations]"
Added Component: Designator=R14(R0402)
Add component. Clean all parameters for all variants
Add component (AddParameter): Name = "Case/Package"; Value = "0402"; VariantName = "[No Variations]"
Add component (AddParameter): Name = "Case Code (Imperial)"; Value = "0402"; VariantName = "[No Variations]"
Add component (AddParameter): Name = "Case Code (Metric)"; Value = "1005"; VariantName = "[No Variations]"
Add component (AddParameter): Name = "ComponentLink1Description"; Value = "http://www.yageo.com/documents/recent/PYu-RC_Group_51_RoHS_L_10.pdf?src-supplier=Digi-Key"; VariantName = "[No Variations]"
Add component (AddParameter): Name = "ComponentLink1URL"; Value = "http://www.yageo.com/documents/recent/PYu-RC_Group_51_RoHS_L_10.pdf?src-supplier=Digi-Key"; VariantName = "[No Variations]"
Add component (AddParameter): Name = "ComponentLink2Description"; Value = "http://www.farnell.com/datasheets/1018594.pdf?src-supplier=Element14"; VariantName = "[No Variations]"
Add component (AddParameter): Name = "ComponentLink2URL"; Value = "http://www.farnell.com/datasheets/1018594.pdf?src-supplier=Element14"; VariantName = "[No Variations]"
Add component (AddParameter): Name = "ComponentLink3Description"; Value = "http://www.yageo.com/documents/recent/PYu-RC_Group_51_RoHS_L_9.pdf?src-supplier=Verical"; VariantName = "[No Variations]"
Add component (AddParameter): Name = "ComponentLink3URL"; Value = "http://www.yageo.com/documents/recent/PYu-RC_Group_51_RoHS_L_9.pdf?src-supplier=Verical"; VariantName = "[No Variations]"
Add component (AddParameter): Name = "ComponentLink4Description"; Value = "http://www.yageo.com/documents/recent/PYu-RC_Group_51_RoHS_L_9.pdf?src-supplier=Mouser"; VariantName = "[No Variations]"
Add component (AddParameter): Name = "ComponentLink4URL"; Value = "http://www.yageo.com/documents/recent/PYu-RC_Group_51_RoHS_L_9.pdf?src-supplier=Mouser"; VariantName = "[No Variations]"
Add component (AddParameter): Name = "ComponentLink5Description"; Value = "http://documents.rs-components.com/techlib://itc_doclist_GB.htm?stockno=6185797&src-supplier=RSComponents"; VariantName = "[No Variations]"
Add component (AddParameter): Name = "ComponentLink5URL"; Value = "http://documents.rs-components.com/techlib://itc_doclist_GB.htm?stockno=6185797&src-supplier=RSComponents"; VariantName = "[No Variations]"
Add component (AddParameter): Name = "Composition"; Value = "Thick Film"; VariantName = "[No Variations]"
Add component (AddParameter): Name = "Depth"; Value = "0.5mm"; VariantName = "[No Variations]"
Add component (AddParameter): Name = "Features"; Value = "Moisture Resistant"; VariantName = "[No Variations]"
Add component (AddParameter): Name = "Height"; Value = "0.016inch"; VariantName = "[No Variations]"
Add component (AddParameter): Name = "Lead Free"; Value = "Lead Free"; VariantName = "[No Variations]"
Add component (AddParameter): Name = "Length"; Value = "0.039inch"; VariantName = "[No Variations]"
Add component (AddParameter): Name = "Manufacturer"; Value = "Yageo"; VariantName = "[No Variations]"
Add component (AddParameter): Name = "Manufacturer Part Number"; Value = "RC0402FR-07100KL"; VariantName = "[No Variations]"
Add component (AddParameter): Name = "Max Operating Temperature"; Value = "155°C"; VariantName = "[No Variations]"
Add component (AddParameter): Name = "Max Power Dissipation"; Value = "63mW"; VariantName = "[No Variations]"
Add component (AddParameter): Name = "Military Standard"; Value = "Not"; VariantName = "[No Variations]"
Add component (AddParameter): Name = "Min Operating Temperature"; Value = "-55°C"; VariantName = "[No Variations]"
Add component (AddParameter): Name = "Mount"; Value = "Surface Mount"; VariantName = "[No Variations]"
Add component (AddParameter): Name = "Number of Terminations"; Value = "2"; VariantName = "[No Variations]"
Add component (AddParameter): Name = "Package Quantity"; Value = "1"; VariantName = "[No Variations]"
Add component (AddParameter): Name = "Packaging"; Value = "Tape and Reel"; VariantName = "[No Variations]"
Add component (AddParameter): Name = "Power Rating"; Value = "63mW"; VariantName = "[No Variations]"
Add component (AddParameter): Name = "Pricing 1"; Value = "1=0.1, 10=0.016, 100=0.0064, 1000=0.0029, 2500=0.0025, 5000=0.0021 (USD)"; VariantName = "[No Variations]"
Add component (AddParameter): Name = "REACH SVHC"; Value = "No SVHC"; VariantName = "[No Variations]"
Add component (AddParameter): Name = "Resistance"; Value = "100 kOhm"; VariantName = "[No Variations]"
Add component (AddParameter): Name = "Stock 1"; Value = "47448883"; VariantName = "[No Variations]"
Add component (AddParameter): Name = "Supplier 1"; Value = "Digi-Key"; VariantName = "[No Variations]"
Add component (AddParameter): Name = "Supplier Part Number 1"; Value = "311-100KLRDKR-ND"; VariantName = "[No Variations]"
Add component (AddParameter): Name = "Temperature Coefficient"; Value = "100ppm/°C"; VariantName = "[No Variations]"
Add component (AddParameter): Name = "Termination"; Value = "SMD/SMT"; VariantName = "[No Variations]"
Add component (AddParameter): Name = "Tolerance"; Value = "1%"; VariantName = "[No Variations]"
Add component (AddParameter): Name = "Voltage Rating"; Value = "50V"; VariantName = "[No Variations]"
Add component (AddParameter): Name = "Width"; Value = "0.02inch"; VariantName = "[No Variations]"
Add component (AddParameter): Name = "Working Voltage"; Value = "50V"; VariantName = "[No Variations]"
Added Component: Designator=R15(R0402)
Add component. Clean all parameters for all variants
Add component (AddParameter): Name = "Case/Package"; Value = "0402"; VariantName = "[No Variations]"
Add component (AddParameter): Name = "Case Code (Imperial)"; Value = "0402"; VariantName = "[No Variations]"
Add component (AddParameter): Name = "Case Code (Metric)"; Value = "1005"; VariantName = "[No Variations]"
Add component (AddParameter): Name = "ComponentLink1Description"; Value = "http://www.yageo.com/documents/recent/PYu-RC_Group_51_RoHS_L_10.pdf?src-supplier=Digi-Key"; VariantName = "[No Variations]"
Add component (AddParameter): Name = "ComponentLink1URL"; Value = "http://www.yageo.com/documents/recent/PYu-RC_Group_51_RoHS_L_10.pdf?src-supplier=Digi-Key"; VariantName = "[No Variations]"
Add component (AddParameter): Name = "ComponentLink2Description"; Value = "http://www.farnell.com/datasheets/1018594.pdf?src-supplier=Element14"; VariantName = "[No Variations]"
Add component (AddParameter): Name = "ComponentLink2URL"; Value = "http://www.farnell.com/datasheets/1018594.pdf?src-supplier=Element14"; VariantName = "[No Variations]"
Add component (AddParameter): Name = "ComponentLink3Description"; Value = "http://www.yageo.com/documents/recent/PYu-RC_Group_51_RoHS_L_9.pdf?src-supplier=Verical"; VariantName = "[No Variations]"
Add component (AddParameter): Name = "ComponentLink3URL"; Value = "http://www.yageo.com/documents/recent/PYu-RC_Group_51_RoHS_L_9.pdf?src-supplier=Verical"; VariantName = "[No Variations]"
Add component (AddParameter): Name = "ComponentLink4Description"; Value = "http://www.yageo.com/documents/recent/PYu-RC_Group_51_RoHS_L_9.pdf?src-supplier=Mouser"; VariantName = "[No Variations]"
Add component (AddParameter): Name = "ComponentLink4URL"; Value = "http://www.yageo.com/documents/recent/PYu-RC_Group_51_RoHS_L_9.pdf?src-supplier=Mouser"; VariantName = "[No Variations]"
Add component (AddParameter): Name = "ComponentLink5Description"; Value = "http://documents.rs-components.com/techlib://itc_doclist_GB.htm?stockno=6185797&src-supplier=RSComponents"; VariantName = "[No Variations]"
Add component (AddParameter): Name = "ComponentLink5URL"; Value = "http://documents.rs-components.com/techlib://itc_doclist_GB.htm?stockno=6185797&src-supplier=RSComponents"; VariantName = "[No Variations]"
Add component (AddParameter): Name = "Composition"; Value = "Thick Film"; VariantName = "[No Variations]"
Add component (AddParameter): Name = "Depth"; Value = "0.5mm"; VariantName = "[No Variations]"
Add component (AddParameter): Name = "Features"; Value = "Moisture Resistant"; VariantName = "[No Variations]"
Add component (AddParameter): Name = "Height"; Value = "0.016inch"; VariantName = "[No Variations]"
Add component (AddParameter): Name = "Lead Free"; Value = "Lead Free"; VariantName = "[No Variations]"
Add component (AddParameter): Name = "Length"; Value = "0.039inch"; VariantName = "[No Variations]"
Add component (AddParameter): Name = "Manufacturer"; Value = "Yageo"; VariantName = "[No Variations]"
Add component (AddParameter): Name = "Manufacturer Part Number"; Value = "RC0402FR-07100KL"; VariantName = "[No Variations]"
Add component (AddParameter): Name = "Max Operating Temperature"; Value = "155°C"; VariantName = "[No Variations]"
Add component (AddParameter): Name = "Max Power Dissipation"; Value = "63mW"; VariantName = "[No Variations]"
Add component (AddParameter): Name = "Military Standard"; Value = "Not"; VariantName = "[No Variations]"
Add component (AddParameter): Name = "Min Operating Temperature"; Value = "-55°C"; VariantName = "[No Variations]"
Add component (AddParameter): Name = "Mount"; Value = "Surface Mount"; VariantName = "[No Variations]"
Add component (AddParameter): Name = "Number of Terminations"; Value = "2"; VariantName = "[No Variations]"
Add component (AddParameter): Name = "Package Quantity"; Value = "1"; VariantName = "[No Variations]"
Add component (AddParameter): Name = "Packaging"; Value = "Tape and Reel"; VariantName = "[No Variations]"
Add component (AddParameter): Name = "Power Rating"; Value = "63mW"; VariantName = "[No Variations]"
Add component (AddParameter): Name = "Pricing 1"; Value = "1=0.1, 10=0.016, 100=0.0064, 1000=0.0029, 2500=0.0025, 5000=0.0021 (USD)"; VariantName = "[No Variations]"
Add component (AddParameter): Name = "REACH SVHC"; Value = "No SVHC"; VariantName = "[No Variations]"
Add component (AddParameter): Name = "Resistance"; Value = "100 kOhm"; VariantName = "[No Variations]"
Add component (AddParameter): Name = "Stock 1"; Value = "47448883"; VariantName = "[No Variations]"
Add component (AddParameter): Name = "Supplier 1"; Value = "Digi-Key"; VariantName = "[No Variations]"
Add component (AddParameter): Name = "Supplier Part Number 1"; Value = "311-100KLRDKR-ND"; VariantName = "[No Variations]"
Add component (AddParameter): Name = "Temperature Coefficient"; Value = "100ppm/°C"; VariantName = "[No Variations]"
Add component (AddParameter): Name = "Termination"; Value = "SMD/SMT"; VariantName = "[No Variations]"
Add component (AddParameter): Name = "Tolerance"; Value = "1%"; VariantName = "[No Variations]"
Add component (AddParameter): Name = "Voltage Rating"; Value = "50V"; VariantName = "[No Variations]"
Add component (AddParameter): Name = "Width"; Value = "0.02inch"; VariantName = "[No Variations]"
Add component (AddParameter): Name = "Working Voltage"; Value = "50V"; VariantName = "[No Variations]"
Added Component: Designator=R38(R0402)
Add component. Clean all parameters for all variants
Add component (AddParameter): Name = "Case/Package"; Value = "0402"; VariantName = "[No Variations]"
Add component (AddParameter): Name = "Case Code (Imperial)"; Value = "0402"; VariantName = "[No Variations]"
Add component (AddParameter): Name = "Case Code (Metric)"; Value = "1005"; VariantName = "[No Variations]"
Add component (AddParameter): Name = "ComponentLink1Description"; Value = "http://www.mouser.com/ds/2/447/PYu-RC0402_51_RoHS_L_6_r-8721.pdf?src-supplier=Mouser"; VariantName = "[No Variations]"
Add component (AddParameter): Name = "ComponentLink1URL"; Value = "http://www.mouser.com/ds/2/447/PYu-RC0402_51_RoHS_L_6_r-8721.pdf?src-supplier=Mouser"; VariantName = "[No Variations]"
Add component (AddParameter): Name = "ComponentLink2Description"; Value = "http://documents.rs-components.com/techlib://itc_doclist_GB.htm?stockno=6186122&src-supplier=RSComponents"; VariantName = "[No Variations]"
Add component (AddParameter): Name = "ComponentLink2URL"; Value = "http://documents.rs-components.com/techlib://itc_doclist_GB.htm?stockno=6186122&src-supplier=RSComponents"; VariantName = "[No Variations]"
Add component (AddParameter): Name = "ComponentLink3Description"; Value = "http://www.farnell.com/datasheets/1018594.pdf?src-supplier=Element14"; VariantName = "[No Variations]"
Add component (AddParameter): Name = "ComponentLink3URL"; Value = "http://www.farnell.com/datasheets/1018594.pdf?src-supplier=Element14"; VariantName = "[No Variations]"
Add component (AddParameter): Name = "ComponentLink4Description"; Value = "http://www.yageo.com/documents/recent/PYu-RC0402_51_RoHS_L_6_r.pdf?src-supplier=Future+Electronics"; VariantName = "[No Variations]"
Add component (AddParameter): Name = "ComponentLink4URL"; Value = "http://www.yageo.com/documents/recent/PYu-RC0402_51_RoHS_L_6_r.pdf?src-supplier=Future+Electronics"; VariantName = "[No Variations]"
Add component (AddParameter): Name = "ComponentLink5Description"; Value = "http://www.farnell.com/datasheets/2167052.pdf?src-supplier=Element14"; VariantName = "[No Variations]"
Add component (AddParameter): Name = "ComponentLink5URL"; Value = "http://www.farnell.com/datasheets/2167052.pdf?src-supplier=Element14"; VariantName = "[No Variations]"
Add component (AddParameter): Name = "Composition"; Value = "Thick Film"; VariantName = "[No Variations]"
Add component (AddParameter): Name = "Depth"; Value = "0.5mm"; VariantName = "[No Variations]"
Add component (AddParameter): Name = "Height"; Value = "0.32mm"; VariantName = "[No Variations]"
Add component (AddParameter): Name = "Lead Free"; Value = "Lead Free"; VariantName = "[No Variations]"
Add component (AddParameter): Name = "Length"; Value = "1mm"; VariantName = "[No Variations]"
Add component (AddParameter): Name = "Manufacturer"; Value = "Yageo"; VariantName = "[No Variations]"
Add component (AddParameter): Name = "Manufacturer Part Number"; Value = "RC0402FR-071KL"; VariantName = "[No Variations]"
Add component (AddParameter): Name = "Max Operating Temperature"; Value = "155°C"; VariantName = "[No Variations]"
Add component (AddParameter): Name = "Military Standard"; Value = "Not"; VariantName = "[No Variations]"
Add component (AddParameter): Name = "Min Operating Temperature"; Value = "-55°C"; VariantName = "[No Variations]"
Add component (AddParameter): Name = "Mount"; Value = "Surface Mount"; VariantName = "[No Variations]"
Add component (AddParameter): Name = "Number of Pins"; Value = "2"; VariantName = "[No Variations]"
Add component (AddParameter): Name = "Packaging"; Value = "Tape and Reel"; VariantName = "[No Variations]"
Add component (AddParameter): Name = "Power Rating"; Value = "62.5mW"; VariantName = "[No Variations]"
Add component (AddParameter): Name = "Pricing 1"; Value = "1=0.1, 10=0.015, 100=0.0062, 1000=0.0028, 2500=0.0024, 5000=0.002 (USD)"; VariantName = "[No Variations]"
Add component (AddParameter): Name = "REACH SVHC"; Value = "Unknown"; VariantName = "[No Variations]"
Add component (AddParameter): Name = "Resistance"; Value = "1kR"; VariantName = "[No Variations]"
Add component (AddParameter): Name = "Stock 1"; Value = "9574509"; VariantName = "[No Variations]"
Add component (AddParameter): Name = "Supplier 1"; Value = "Digi-Key"; VariantName = "[No Variations]"
Add component (AddParameter): Name = "Supplier Part Number 1"; Value = "311-1.00KLRCT-ND"; VariantName = "[No Variations]"
Add component (AddParameter): Name = "Temperature Coefficient"; Value = "100ppm/°C"; VariantName = "[No Variations]"
Add component (AddParameter): Name = "Termination"; Value = "SMD/SMT"; VariantName = "[No Variations]"
Add component (AddParameter): Name = "Tolerance"; Value = "1%"; VariantName = "[No Variations]"
Add component (AddParameter): Name = "Voltage Rating"; Value = "50V"; VariantName = "[No Variations]"
Add component (AddParameter): Name = "Voltage Rating (DC)"; Value = "50V"; VariantName = "[No Variations]"
Add component (AddParameter): Name = "Width"; Value = "0.5mm"; VariantName = "[No Variations]"
Added Component: Designator=R68(R0402)
Add component. Clean all parameters for all variants
Add component (AddParameter): Name = "Case/Package"; Value = "0402"; VariantName = "[No Variations]"
Add component (AddParameter): Name = "Case Code (Imperial)"; Value = "0402"; VariantName = "[No Variations]"
Add component (AddParameter): Name = "Case Code (Metric)"; Value = "1005"; VariantName = "[No Variations]"
Add component (AddParameter): Name = "ComponentLink1Description"; Value = "http://www.yageo.com/documents/recent/PYu-RC_Group_51_RoHS_L_10.pdf?src-supplier=Digi-Key"; VariantName = "[No Variations]"
Add component (AddParameter): Name = "ComponentLink1URL"; Value = "http://www.yageo.com/documents/recent/PYu-RC_Group_51_RoHS_L_10.pdf?src-supplier=Digi-Key"; VariantName = "[No Variations]"
Add component (AddParameter): Name = "ComponentLink2Description"; Value = "http://www.farnell.com/datasheets/1018594.pdf?src-supplier=Element14"; VariantName = "[No Variations]"
Add component (AddParameter): Name = "ComponentLink2URL"; Value = "http://www.farnell.com/datasheets/1018594.pdf?src-supplier=Element14"; VariantName = "[No Variations]"
Add component (AddParameter): Name = "ComponentLink3Description"; Value = "http://www.yageo.com/documents/recent/PYu-RC_Group_51_RoHS_L_9.pdf?src-supplier=Verical"; VariantName = "[No Variations]"
Add component (AddParameter): Name = "ComponentLink3URL"; Value = "http://www.yageo.com/documents/recent/PYu-RC_Group_51_RoHS_L_9.pdf?src-supplier=Verical"; VariantName = "[No Variations]"
Add component (AddParameter): Name = "ComponentLink4Description"; Value = "http://www.yageo.com/documents/recent/PYu-RC_Group_51_RoHS_L_9.pdf?src-supplier=Mouser"; VariantName = "[No Variations]"
Add component (AddParameter): Name = "ComponentLink4URL"; Value = "http://www.yageo.com/documents/recent/PYu-RC_Group_51_RoHS_L_9.pdf?src-supplier=Mouser"; VariantName = "[No Variations]"
Add component (AddParameter): Name = "ComponentLink5Description"; Value = "http://documents.rs-components.com/techlib://itc_doclist_GB.htm?stockno=6185797&src-supplier=RSComponents"; VariantName = "[No Variations]"
Add component (AddParameter): Name = "ComponentLink5URL"; Value = "http://documents.rs-components.com/techlib://itc_doclist_GB.htm?stockno=6185797&src-supplier=RSComponents"; VariantName = "[No Variations]"
Add component (AddParameter): Name = "Composition"; Value = "Thick Film"; VariantName = "[No Variations]"
Add component (AddParameter): Name = "Depth"; Value = "0.5mm"; VariantName = "[No Variations]"
Add component (AddParameter): Name = "Features"; Value = "Moisture Resistant"; VariantName = "[No Variations]"
Add component (AddParameter): Name = "Height"; Value = "0.016inch"; VariantName = "[No Variations]"
Add component (AddParameter): Name = "Lead Free"; Value = "Lead Free"; VariantName = "[No Variations]"
Add component (AddParameter): Name = "Length"; Value = "0.039inch"; VariantName = "[No Variations]"
Add component (AddParameter): Name = "Manufacturer"; Value = "Yageo"; VariantName = "[No Variations]"
Add component (AddParameter): Name = "Manufacturer Part Number"; Value = "RC0402FR-07100KL"; VariantName = "[No Variations]"
Add component (AddParameter): Name = "Max Operating Temperature"; Value = "155°C"; VariantName = "[No Variations]"
Add component (AddParameter): Name = "Max Power Dissipation"; Value = "63mW"; VariantName = "[No Variations]"
Add component (AddParameter): Name = "Military Standard"; Value = "Not"; VariantName = "[No Variations]"
Add component (AddParameter): Name = "Min Operating Temperature"; Value = "-55°C"; VariantName = "[No Variations]"
Add component (AddParameter): Name = "Mount"; Value = "Surface Mount"; VariantName = "[No Variations]"
Add component (AddParameter): Name = "Number of Terminations"; Value = "2"; VariantName = "[No Variations]"
Add component (AddParameter): Name = "Package Quantity"; Value = "1"; VariantName = "[No Variations]"
Add component (AddParameter): Name = "Packaging"; Value = "Tape and Reel"; VariantName = "[No Variations]"
Add component (AddParameter): Name = "Power Rating"; Value = "63mW"; VariantName = "[No Variations]"
Add component (AddParameter): Name = "Pricing 1"; Value = "1=0.1, 10=0.016, 100=0.0064, 1000=0.0029, 2500=0.0025, 5000=0.0021 (USD)"; VariantName = "[No Variations]"
Add component (AddParameter): Name = "REACH SVHC"; Value = "No SVHC"; VariantName = "[No Variations]"
Add component (AddParameter): Name = "Resistance"; Value = "100 kOhm"; VariantName = "[No Variations]"
Add component (AddParameter): Name = "Stock 1"; Value = "47448883"; VariantName = "[No Variations]"
Add component (AddParameter): Name = "Supplier 1"; Value = "Digi-Key"; VariantName = "[No Variations]"
Add component (AddParameter): Name = "Supplier Part Number 1"; Value = "311-100KLRDKR-ND"; VariantName = "[No Variations]"
Add component (AddParameter): Name = "Temperature Coefficient"; Value = "100ppm/°C"; VariantName = "[No Variations]"
Add component (AddParameter): Name = "Termination"; Value = "SMD/SMT"; VariantName = "[No Variations]"
Add component (AddParameter): Name = "Tolerance"; Value = "1%"; VariantName = "[No Variations]"
Add component (AddParameter): Name = "Voltage Rating"; Value = "50V"; VariantName = "[No Variations]"
Add component (AddParameter): Name = "Width"; Value = "0.02inch"; VariantName = "[No Variations]"
Add component (AddParameter): Name = "Working Voltage"; Value = "50V"; VariantName = "[No Variations]"
Added Component: Designator=R69(R0402)
Add component. Clean all parameters for all variants
Add component (AddParameter): Name = "Case/Package"; Value = "0402"; VariantName = "[No Variations]"
Add component (AddParameter): Name = "Case Code (Imperial)"; Value = "0402"; VariantName = "[No Variations]"
Add component (AddParameter): Name = "Case Code (Metric)"; Value = "1005"; VariantName = "[No Variations]"
Add component (AddParameter): Name = "ComponentLink1Description"; Value = "http://www.yageo.com/documents/recent/PYu-RC_Group_51_RoHS_L_10.pdf?src-supplier=Digi-Key"; VariantName = "[No Variations]"
Add component (AddParameter): Name = "ComponentLink1URL"; Value = "http://www.yageo.com/documents/recent/PYu-RC_Group_51_RoHS_L_10.pdf?src-supplier=Digi-Key"; VariantName = "[No Variations]"
Add component (AddParameter): Name = "ComponentLink2Description"; Value = "http://www.farnell.com/datasheets/1018594.pdf?src-supplier=Element14"; VariantName = "[No Variations]"
Add component (AddParameter): Name = "ComponentLink2URL"; Value = "http://www.farnell.com/datasheets/1018594.pdf?src-supplier=Element14"; VariantName = "[No Variations]"
Add component (AddParameter): Name = "ComponentLink3Description"; Value = "http://www.yageo.com/documents/recent/PYu-RC_Group_51_RoHS_L_9.pdf?src-supplier=Verical"; VariantName = "[No Variations]"
Add component (AddParameter): Name = "ComponentLink3URL"; Value = "http://www.yageo.com/documents/recent/PYu-RC_Group_51_RoHS_L_9.pdf?src-supplier=Verical"; VariantName = "[No Variations]"
Add component (AddParameter): Name = "ComponentLink4Description"; Value = "http://www.yageo.com/documents/recent/PYu-RC_Group_51_RoHS_L_9.pdf?src-supplier=Mouser"; VariantName = "[No Variations]"
Add component (AddParameter): Name = "ComponentLink4URL"; Value = "http://www.yageo.com/documents/recent/PYu-RC_Group_51_RoHS_L_9.pdf?src-supplier=Mouser"; VariantName = "[No Variations]"
Add component (AddParameter): Name = "ComponentLink5Description"; Value = "http://documents.rs-components.com/techlib://itc_doclist_GB.htm?stockno=6185797&src-supplier=RSComponents"; VariantName = "[No Variations]"
Add component (AddParameter): Name = "ComponentLink5URL"; Value = "http://documents.rs-components.com/techlib://itc_doclist_GB.htm?stockno=6185797&src-supplier=RSComponents"; VariantName = "[No Variations]"
Add component (AddParameter): Name = "Composition"; Value = "Thick Film"; VariantName = "[No Variations]"
Add component (AddParameter): Name = "Depth"; Value = "0.5mm"; VariantName = "[No Variations]"
Add component (AddParameter): Name = "Features"; Value = "Moisture Resistant"; VariantName = "[No Variations]"
Add component (AddParameter): Name = "Height"; Value = "0.016inch"; VariantName = "[No Variations]"
Add component (AddParameter): Name = "Lead Free"; Value = "Lead Free"; VariantName = "[No Variations]"
Add component (AddParameter): Name = "Length"; Value = "0.039inch"; VariantName = "[No Variations]"
Add component (AddParameter): Name = "Manufacturer"; Value = "Yageo"; VariantName = "[No Variations]"
Add component (AddParameter): Name = "Manufacturer Part Number"; Value = "RC0402FR-07100KL"; VariantName = "[No Variations]"
Add component (AddParameter): Name = "Max Operating Temperature"; Value = "155°C"; VariantName = "[No Variations]"
Add component (AddParameter): Name = "Max Power Dissipation"; Value = "63mW"; VariantName = "[No Variations]"
Add component (AddParameter): Name = "Military Standard"; Value = "Not"; VariantName = "[No Variations]"
Add component (AddParameter): Name = "Min Operating Temperature"; Value = "-55°C"; VariantName = "[No Variations]"
Add component (AddParameter): Name = "Mount"; Value = "Surface Mount"; VariantName = "[No Variations]"
Add component (AddParameter): Name = "Number of Terminations"; Value = "2"; VariantName = "[No Variations]"
Add component (AddParameter): Name = "Package Quantity"; Value = "1"; VariantName = "[No Variations]"
Add component (AddParameter): Name = "Packaging"; Value = "Tape and Reel"; VariantName = "[No Variations]"
Add component (AddParameter): Name = "Power Rating"; Value = "63mW"; VariantName = "[No Variations]"
Add component (AddParameter): Name = "Pricing 1"; Value = "1=0.1, 10=0.016, 100=0.0064, 1000=0.0029, 2500=0.0025, 5000=0.0021 (USD)"; VariantName = "[No Variations]"
Add component (AddParameter): Name = "REACH SVHC"; Value = "No SVHC"; VariantName = "[No Variations]"
Add component (AddParameter): Name = "Resistance"; Value = "100 kOhm"; VariantName = "[No Variations]"
Add component (AddParameter): Name = "Stock 1"; Value = "47448883"; VariantName = "[No Variations]"
Add component (AddParameter): Name = "Supplier 1"; Value = "Digi-Key"; VariantName = "[No Variations]"
Add component (AddParameter): Name = "Supplier Part Number 1"; Value = "311-100KLRDKR-ND"; VariantName = "[No Variations]"
Add component (AddParameter): Name = "Temperature Coefficient"; Value = "100ppm/°C"; VariantName = "[No Variations]"
Add component (AddParameter): Name = "Termination"; Value = "SMD/SMT"; VariantName = "[No Variations]"
Add component (AddParameter): Name = "Tolerance"; Value = "1%"; VariantName = "[No Variations]"
Add component (AddParameter): Name = "Voltage Rating"; Value = "50V"; VariantName = "[No Variations]"
Add component (AddParameter): Name = "Width"; Value = "0.02inch"; VariantName = "[No Variations]"
Add component (AddParameter): Name = "Working Voltage"; Value = "50V"; VariantName = "[No Variations]"
Added Component: Designator=R75(R0402)
Add component. Clean all parameters for all variants
Add component (AddParameter): Name = "Case/Package"; Value = "0402"; VariantName = "[No Variations]"
Added Component: Designator=R160(R0402)
Add component. Clean all parameters for all variants
Add component (AddParameter): Name = "Case/Package"; Value = "0402"; VariantName = "[No Variations]"
Add component (AddParameter): Name = "Case Code (Imperial)"; Value = "0402"; VariantName = "[No Variations]"
Add component (AddParameter): Name = "Case Code (Metric)"; Value = "1005"; VariantName = "[No Variations]"
Add component (AddParameter): Name = "ComponentLink1Description"; Value = "http://www.yageo.com/NewPortal/yageodocoutput?fileName=/pdf/R-Chip/PYu-RC_51_RoHS_P_0.pdf&src-supplier=Digi-Key"; VariantName = "[No Variations]"
Add component (AddParameter): Name = "ComponentLink1URL"; Value = "http://www.yageo.com/NewPortal/yageodocoutput?fileName=/pdf/R-Chip/PYu-RC_51_RoHS_P_0.pdf&src-supplier=Digi-Key"; VariantName = "[No Variations]"
Add component (AddParameter): Name = "Composition"; Value = "Thick Film"; VariantName = "[No Variations]"
Add component (AddParameter): Name = "Features"; Value = "Moisture Resistant"; VariantName = "[No Variations]"
Add component (AddParameter): Name = "Height"; Value = "0.016inch"; VariantName = "[No Variations]"
Add component (AddParameter): Name = "Length"; Value = "0.039inch"; VariantName = "[No Variations]"
Add component (AddParameter): Name = "Manufacturer"; Value = "Yageo"; VariantName = "[No Variations]"
Add component (AddParameter): Name = "Manufacturer Part Number"; Value = "RC0402FR-0710KP"; VariantName = "[No Variations]"
Add component (AddParameter): Name = "Max Operating Temperature"; Value = "155°C"; VariantName = "[No Variations]"
Add component (AddParameter): Name = "Max Power Dissipation"; Value = "63mW"; VariantName = "[No Variations]"
Add component (AddParameter): Name = "Min Operating Temperature"; Value = "-55°C"; VariantName = "[No Variations]"
Add component (AddParameter): Name = "Mount"; Value = "Surface Mount"; VariantName = "[No Variations]"
Add component (AddParameter): Name = "Number of Terminations"; Value = "2"; VariantName = "[No Variations]"
Add component (AddParameter): Name = "Packaging"; Value = "Tape and Reel"; VariantName = "[No Variations]"
Add component (AddParameter): Name = "Pricing 1"; Value = "1=0.1, 10=0.035, 100=0.014, 1000=0.0063, 2500=0.0055, 5000=0.0045 (USD)"; VariantName = "[No Variations]"
Add component (AddParameter): Name = "Resistance"; Value = "10kR"; VariantName = "[No Variations]"
Add component (AddParameter): Name = "Stock 1"; Value = "839368"; VariantName = "[No Variations]"
Add component (AddParameter): Name = "Supplier 1"; Value = "Digi-Key"; VariantName = "[No Variations]"
Add component (AddParameter): Name = "Supplier Part Number 1"; Value = "YAG1249CT-ND"; VariantName = "[No Variations]"
Add component (AddParameter): Name = "Temperature Coefficient"; Value = "150ppm/°C"; VariantName = "[No Variations]"
Add component (AddParameter): Name = "Tolerance"; Value = "1%"; VariantName = "[No Variations]"
Add component (AddParameter): Name = "Width"; Value = "0.02inch"; VariantName = "[No Variations]"
Added Component: Designator=R161(R0805)
Add component. Clean all parameters for all variants
Add component (AddParameter): Name = "Case/Package"; Value = "0805"; VariantName = "[No Variations]"
Add component (AddParameter): Name = "Case Code (Imperial)"; Value = "0805"; VariantName = "[No Variations]"
Add component (AddParameter): Name = "Case Code (Metric)"; Value = "2012"; VariantName = "[No Variations]"
Add component (AddParameter): Name = "ComponentLink1Description"; Value = "http://industrial.panasonic.com/www-data/pdf/AOA0000/AOA0000CE4.pdf?src-supplier=Avnet"; VariantName = "[No Variations]"
Add component (AddParameter): Name = "ComponentLink1URL"; Value = "http://industrial.panasonic.com/www-data/pdf/AOA0000/AOA0000CE4.pdf?src-supplier=Avnet"; VariantName = "[No Variations]"
Add component (AddParameter): Name = "ComponentLink2Description"; Value = "http://www.farnell.com/datasheets/1790600.pdf?src-supplier=Element14"; VariantName = "[No Variations]"
Add component (AddParameter): Name = "ComponentLink2URL"; Value = "http://www.farnell.com/datasheets/1790600.pdf?src-supplier=Element14"; VariantName = "[No Variations]"
Add component (AddParameter): Name = "ComponentLink3Description"; Value = "https://www.distrelec.biz/Web/Downloads/_t/ds/ERJP-series_eng_tds.pdf?mime=application%2Fpdf&src-supplier=Distrelec"; VariantName = "[No Variations]"
Add component (AddParameter): Name = "ComponentLink3URL"; Value = "https://www.distrelec.biz/Web/Downloads/_t/ds/ERJP-series_eng_tds.pdf?mime=application%2Fpdf&src-supplier=Distrelec"; VariantName = "[No Variations]"
Add component (AddParameter): Name = "Composition"; Value = "Thick Film"; VariantName = "[No Variations]"
Add component (AddParameter): Name = "Contact Plating"; Value = "Tin"; VariantName = "[No Variations]"
Add component (AddParameter): Name = "Depth"; Value = "1.25mm"; VariantName = "[No Variations]"
Add component (AddParameter): Name = "Features"; Value = "Automotive AEC-Q200"; VariantName = "[No Variations]"
Add component (AddParameter): Name = "Height"; Value = "0.03inch"; VariantName = "[No Variations]"
Add component (AddParameter): Name = "Length"; Value = "0.079inch"; VariantName = "[No Variations]"
Add component (AddParameter): Name = "Manufacturer"; Value = "Panasonic"; VariantName = "[No Variations]"
Add component (AddParameter): Name = "Manufacturer Part Number"; Value = "ERJ-P6WF1000V"; VariantName = "[No Variations]"
Add component (AddParameter): Name = "Max Operating Temperature"; Value = "155°C"; VariantName = "[No Variations]"
Add component (AddParameter): Name = "Max Power Dissipation"; Value = "500mW"; VariantName = "[No Variations]"
Add component (AddParameter): Name = "Min Operating Temperature"; Value = "-55°C"; VariantName = "[No Variations]"
Add component (AddParameter): Name = "Mount"; Value = "Surface Mount"; VariantName = "[No Variations]"
Add component (AddParameter): Name = "Number of Terminations"; Value = "2"; VariantName = "[No Variations]"
Add component (AddParameter): Name = "Packaging"; Value = "Cut Tape"; VariantName = "[No Variations]"
Add component (AddParameter): Name = "Power Rating"; Value = "500mW"; VariantName = "[No Variations]"
Add component (AddParameter): Name = "Pricing 1"; Value = "1=0.54, 10=0.412, 100=0.1731, 1000=0.0955, 2500=0.0896 (USD)"; VariantName = "[No Variations]"
Add component (AddParameter): Name = "REACH SVHC"; Value = "No SVHC"; VariantName = "[No Variations]"
Add component (AddParameter): Name = "Resistance"; Value = "100R"; VariantName = "[No Variations]"
Add component (AddParameter): Name = "Stock 1"; Value = "36332"; VariantName = "[No Variations]"
Add component (AddParameter): Name = "Supplier 1"; Value = "Digi-Key"; VariantName = "[No Variations]"
Add component (AddParameter): Name = "Supplier Part Number 1"; Value = "P16873CT-ND"; VariantName = "[No Variations]"
Add component (AddParameter): Name = "Temperature Coefficient"; Value = "200ppm/°C"; VariantName = "[No Variations]"
Add component (AddParameter): Name = "Termination"; Value = "Flat"; VariantName = "[No Variations]"
Add component (AddParameter): Name = "Tolerance"; Value = "1%"; VariantName = "[No Variations]"
Add component (AddParameter): Name = "Voltage Rating"; Value = "150V"; VariantName = "[No Variations]"
Add component (AddParameter): Name = "Voltage Rating (DC)"; Value = "150V"; VariantName = "[No Variations]"
Add component (AddParameter): Name = "Width"; Value = "0.049inch"; VariantName = "[No Variations]"
Added Component: Designator=R162(R_0402)
Add component. Clean all parameters for all variants
Add component (AddParameter): Name = "Case/Package"; Value = "0402"; VariantName = "[No Variations]"
Add component (AddParameter): Name = "Case Code (Imperial)"; Value = "0402"; VariantName = "[No Variations]"
Add component (AddParameter): Name = "Case Code (Metric)"; Value = "1005"; VariantName = "[No Variations]"
Add component (AddParameter): Name = "ComponentLink1Description"; Value = "http://www.yageo.com/documents/recent/PYu-RC0402_51_RoHS_L_6.pdf?src-supplier=Avnet+Europe"; VariantName = "[No Variations]"
Add component (AddParameter): Name = "ComponentLink1URL"; Value = "http://www.yageo.com/documents/recent/PYu-RC0402_51_RoHS_L_6.pdf?src-supplier=Avnet+Europe"; VariantName = "[No Variations]"
Add component (AddParameter): Name = "ComponentLink2Description"; Value = "https://www.verical.com/server-webapp/html/getDatasheet?partID=741075&src-supplier=Verical"; VariantName = "[No Variations]"
Add component (AddParameter): Name = "ComponentLink2URL"; Value = "https://www.verical.com/server-webapp/html/getDatasheet?partID=741075&src-supplier=Verical"; VariantName = "[No Variations]"
Add component (AddParameter): Name = "ComponentLink3Description"; Value = "http://www.yageo.com/documents/recent/PYu-RC0402_51_RoHS_L_6.pdf?src-supplier=Avnet"; VariantName = "[No Variations]"
Add component (AddParameter): Name = "ComponentLink3URL"; Value = "http://www.yageo.com/documents/recent/PYu-RC0402_51_RoHS_L_6.pdf?src-supplier=Avnet"; VariantName = "[No Variations]"
Add component (AddParameter): Name = "Composition"; Value = "Thick Film"; VariantName = "[No Variations]"
Add component (AddParameter): Name = "Contact Plating"; Value = "Tin,Matte"; VariantName = "[No Variations]"
Add component (AddParameter): Name = "Depth"; Value = "0.5mm"; VariantName = "[No Variations]"
Add component (AddParameter): Name = "Features"; Value = "Moisture Resistant"; VariantName = "[No Variations]"
Add component (AddParameter): Name = "Height"; Value = "0.016inch"; VariantName = "[No Variations]"
Add component (AddParameter): Name = "Lead Free"; Value = "Lead Free"; VariantName = "[No Variations]"
Add component (AddParameter): Name = "Length"; Value = "1mm"; VariantName = "[No Variations]"
Add component (AddParameter): Name = "Manufacturer"; Value = "Yageo"; VariantName = "[No Variations]"
Add component (AddParameter): Name = "Manufacturer Part Number"; Value = "RC0402FR-07910KL"; VariantName = "[No Variations]"
Add component (AddParameter): Name = "Max Operating Temperature"; Value = "155°C"; VariantName = "[No Variations]"
Add component (AddParameter): Name = "Max Power Dissipation"; Value = "63mW"; VariantName = "[No Variations]"
Add component (AddParameter): Name = "Military Standard"; Value = "Not"; VariantName = "[No Variations]"
Add component (AddParameter): Name = "Min Operating Temperature"; Value = "-55°C"; VariantName = "[No Variations]"
Add component (AddParameter): Name = "Number of Terminations"; Value = "2"; VariantName = "[No Variations]"
Add component (AddParameter): Name = "Packaging"; Value = "Tape and Reel"; VariantName = "[No Variations]"
Add component (AddParameter): Name = "Power Rating"; Value = "62.5mW"; VariantName = "[No Variations]"
Add component (AddParameter): Name = "Pricing 1"; Value = "1=0.1, 10=0.015, 100=0.0062, 1000=0.0028, 2500=0.0024, 5000=0.002 (USD)"; VariantName = "[No Variations]"
Add component (AddParameter): Name = "REACH SVHC"; Value = "Unknown"; VariantName = "[No Variations]"
Add component (AddParameter): Name = "Resistance"; Value = "910kR"; VariantName = "[No Variations]"
Add component (AddParameter): Name = "Stock 1"; Value = "96210"; VariantName = "[No Variations]"
Add component (AddParameter): Name = "Supplier 1"; Value = "Digi-Key"; VariantName = "[No Variations]"
Add component (AddParameter): Name = "Supplier Part Number 1"; Value = "YAG3257CT-ND"; VariantName = "[No Variations]"
Add component (AddParameter): Name = "Temperature Coefficient"; Value = "100ppm/°C"; VariantName = "[No Variations]"
Add component (AddParameter): Name = "Termination"; Value = "SMD/SMT"; VariantName = "[No Variations]"
Add component (AddParameter): Name = "Tolerance"; Value = "1%"; VariantName = "[No Variations]"
Add component (AddParameter): Name = "Voltage Rating"; Value = "50V"; VariantName = "[No Variations]"
Add component (AddParameter): Name = "Voltage Rating (DC)"; Value = "50V"; VariantName = "[No Variations]"
Add component (AddParameter): Name = "Width"; Value = "0.5mm"; VariantName = "[No Variations]"
Added Component: Designator=R163(R0402)
Add component. Clean all parameters for all variants
Add component (AddParameter): Name = "Case/Package"; Value = "0402"; VariantName = "[No Variations]"
Add component (AddParameter): Name = "Case Code (Imperial)"; Value = "0402"; VariantName = "[No Variations]"
Add component (AddParameter): Name = "Case Code (Metric)"; Value = "1005"; VariantName = "[No Variations]"
Add component (AddParameter): Name = "ComponentLink1Description"; Value = "http://www.yageo.com/documents/recent/PYu-RC0402_51_RoHS_L_6.pdf?src-supplier=Future+Electronics"; VariantName = "[No Variations]"
Add component (AddParameter): Name = "ComponentLink1URL"; Value = "http://www.yageo.com/documents/recent/PYu-RC0402_51_RoHS_L_6.pdf?src-supplier=Future+Electronics"; VariantName = "[No Variations]"
Add component (AddParameter): Name = "ComponentLink2Description"; Value = "http://www.farnell.com/datasheets/2167052.pdf?src-supplier=Element14"; VariantName = "[No Variations]"
Add component (AddParameter): Name = "ComponentLink2URL"; Value = "http://www.farnell.com/datasheets/2167052.pdf?src-supplier=Element14"; VariantName = "[No Variations]"
Add component (AddParameter): Name = "ComponentLink3Description"; Value = "http://www.mouser.com/ds/2/447/PYu-RC0402_51_RoHS_L_6_r-8721.pdf?src-supplier=Mouser"; VariantName = "[No Variations]"
Add component (AddParameter): Name = "ComponentLink3URL"; Value = "http://www.mouser.com/ds/2/447/PYu-RC0402_51_RoHS_L_6_r-8721.pdf?src-supplier=Mouser"; VariantName = "[No Variations]"
Add component (AddParameter): Name = "Composition"; Value = "Thick Film"; VariantName = "[No Variations]"
Add component (AddParameter): Name = "Depth"; Value = "0.5mm"; VariantName = "[No Variations]"
Add component (AddParameter): Name = "Features"; Value = "Moisture Resistant"; VariantName = "[No Variations]"
Add component (AddParameter): Name = "Height"; Value = "0.016inch"; VariantName = "[No Variations]"
Add component (AddParameter): Name = "Lead Free"; Value = "Lead Free"; VariantName = "[No Variations]"
Add component (AddParameter): Name = "Length"; Value = "1mm"; VariantName = "[No Variations]"
Add component (AddParameter): Name = "Manufacturer"; Value = "Yageo"; VariantName = "[No Variations]"
Add component (AddParameter): Name = "Manufacturer Part Number"; Value = "RC0402FR-07390KL"; VariantName = "[No Variations]"
Add component (AddParameter): Name = "Max Operating Temperature"; Value = "155°C"; VariantName = "[No Variations]"
Add component (AddParameter): Name = "Max Power Dissipation"; Value = "63mW"; VariantName = "[No Variations]"
Add component (AddParameter): Name = "Military Standard"; Value = "Not"; VariantName = "[No Variations]"
Add component (AddParameter): Name = "Min Operating Temperature"; Value = "-55°C"; VariantName = "[No Variations]"
Add component (AddParameter): Name = "Number of Terminations"; Value = "2"; VariantName = "[No Variations]"
Add component (AddParameter): Name = "Packaging"; Value = "Tape and Reel"; VariantName = "[No Variations]"
Add component (AddParameter): Name = "Power Rating"; Value = "62.5mW"; VariantName = "[No Variations]"
Add component (AddParameter): Name = "Pricing 1"; Value = "1=0.1, 10=0.016, 100=0.0064, 1000=0.0029, 2500=0.0025, 5000=0.0021 (USD)"; VariantName = "[No Variations]"
Add component (AddParameter): Name = "REACH SVHC"; Value = "Unknown"; VariantName = "[No Variations]"
Add component (AddParameter): Name = "Resistance"; Value = "390kR"; VariantName = "[No Variations]"
Add component (AddParameter): Name = "Stock 1"; Value = "118017"; VariantName = "[No Variations]"
Add component (AddParameter): Name = "Supplier 1"; Value = "Digi-Key"; VariantName = "[No Variations]"
Add component (AddParameter): Name = "Supplier Part Number 1"; Value = "YAG3143CT-ND"; VariantName = "[No Variations]"
Add component (AddParameter): Name = "Temperature Coefficient"; Value = "100ppm/°C"; VariantName = "[No Variations]"
Add component (AddParameter): Name = "Termination"; Value = "SMD/SMT"; VariantName = "[No Variations]"
Add component (AddParameter): Name = "Tolerance"; Value = "1%"; VariantName = "[No Variations]"
Add component (AddParameter): Name = "Voltage Rating"; Value = "50V"; VariantName = "[No Variations]"
Add component (AddParameter): Name = "Weight"; Value = "2.3E-05oz"; VariantName = "[No Variations]"
Add component (AddParameter): Name = "Width"; Value = "0.02inch"; VariantName = "[No Variations]"
Added Component: Designator=R164(0402R)
Add component. Clean all parameters for all variants
Add component (AddParameter): Name = "Case/Package"; Value = "0402"; VariantName = "[No Variations]"
Add component (AddParameter): Name = "Case Code (Imperial)"; Value = "0402"; VariantName = "[No Variations]"
Add component (AddParameter): Name = "Case Code (Metric)"; Value = "1005"; VariantName = "[No Variations]"
Add component (AddParameter): Name = "ComponentLink1Description"; Value = "http://www.yageo.com/documents/recent/PYu-RC0402_51_RoHS_L_6.pdf?src-supplier=Avnet+Europe"; VariantName = "[No Variations]"
Add component (AddParameter): Name = "ComponentLink1URL"; Value = "http://www.yageo.com/documents/recent/PYu-RC0402_51_RoHS_L_6.pdf?src-supplier=Avnet+Europe"; VariantName = "[No Variations]"
Add component (AddParameter): Name = "ComponentLink2Description"; Value = "http://www.yageo.com/documents/recent/PYu-RC0402_51_RoHS_L_6_r.pdf?src-supplier=Future+Electronics"; VariantName = "[No Variations]"
Add component (AddParameter): Name = "ComponentLink2URL"; Value = "http://www.yageo.com/documents/recent/PYu-RC0402_51_RoHS_L_6_r.pdf?src-supplier=Future+Electronics"; VariantName = "[No Variations]"
Add component (AddParameter): Name = "ComponentLink3Description"; Value = "http://www.yageo.com/documents/recent/PYu-RC0402_51_RoHS_L_6.pdf?src-supplier=Avnet"; VariantName = "[No Variations]"
Add component (AddParameter): Name = "ComponentLink3URL"; Value = "http://www.yageo.com/documents/recent/PYu-RC0402_51_RoHS_L_6.pdf?src-supplier=Avnet"; VariantName = "[No Variations]"
Add component (AddParameter): Name = "Composition"; Value = "Thick Film"; VariantName = "[No Variations]"
Add component (AddParameter): Name = "Contact Plating"; Value = "Tin,Matte"; VariantName = "[No Variations]"
Add component (AddParameter): Name = "Depth"; Value = "0.5mm"; VariantName = "[No Variations]"
Add component (AddParameter): Name = "Height"; Value = "0.35mm"; VariantName = "[No Variations]"
Add component (AddParameter): Name = "Lead Free"; Value = "Lead Free"; VariantName = "[No Variations]"
Add component (AddParameter): Name = "Length"; Value = "1mm"; VariantName = "[No Variations]"
Add component (AddParameter): Name = "Manufacturer"; Value = "Yageo"; VariantName = "[No Variations]"
Add component (AddParameter): Name = "Manufacturer Part Number"; Value = "RC0402FR-0788K7L"; VariantName = "[No Variations]"
Add component (AddParameter): Name = "Max Operating Temperature"; Value = "155°C"; VariantName = "[No Variations]"
Add component (AddParameter): Name = "Military Standard"; Value = "Not"; VariantName = "[No Variations]"
Add component (AddParameter): Name = "Min Operating Temperature"; Value = "-55°C"; VariantName = "[No Variations]"
Add component (AddParameter): Name = "Packaging"; Value = "Tape and Reel"; VariantName = "[No Variations]"
Add component (AddParameter): Name = "Power Rating"; Value = "62.5mW"; VariantName = "[No Variations]"
Add component (AddParameter): Name = "Pricing 1"; Value = "1=0.1, 10=0.016, 100=0.0064, 1000=0.0029, 2500=0.0025, 5000=0.0021 (USD)"; VariantName = "[No Variations]"
Add component (AddParameter): Name = "Resistance"; Value = "88.7kR"; VariantName = "[No Variations]"
Add component (AddParameter): Name = "Stock 1"; Value = "136150"; VariantName = "[No Variations]"
Add component (AddParameter): Name = "Supplier 1"; Value = "Digi-Key"; VariantName = "[No Variations]"
Add component (AddParameter): Name = "Supplier Part Number 1"; Value = "311-88.7KLRCT-ND"; VariantName = "[No Variations]"
Add component (AddParameter): Name = "Temperature Coefficient"; Value = "100ppm/°C"; VariantName = "[No Variations]"
Add component (AddParameter): Name = "Termination"; Value = "SMD/SMT"; VariantName = "[No Variations]"
Add component (AddParameter): Name = "Tolerance"; Value = "1%"; VariantName = "[No Variations]"
Add component (AddParameter): Name = "Voltage Rating"; Value = "50V"; VariantName = "[No Variations]"
Add component (AddParameter): Name = "Voltage Rating (DC)"; Value = "50V"; VariantName = "[No Variations]"
Add component (AddParameter): Name = "Width"; Value = "0.5mm"; VariantName = "[No Variations]"
Added Component: Designator=U4(DFN8)
Add component. Clean all parameters for all variants
Add component (AddParameter): Name = "Application_BuildNumber"; Value = ""; VariantName = "[No Variations]"
Add component (AddParameter): Name = "Attenuation Value"; Value = "35dB"; VariantName = "[No Variations]"
Add component (AddParameter): Name = "Capacitance"; Value = "15pF"; VariantName = "[No Variations]"
Add component (AddParameter): Name = "Case/Package"; Value = "DFN"; VariantName = "[No Variations]"
Add component (AddParameter): Name = "Circuit Type"; Value = "Filter"; VariantName = "[No Variations]"
Add component (AddParameter): Name = "ComponentLink1Description"; Value = "http://www.onsemi.com/pub/Collateral/NUF4401MN-D.PDF?src-supplier=Digi-Key"; VariantName = "[No Variations]"
Add component (AddParameter): Name = "ComponentLink1URL"; Value = "http://www.onsemi.com/pub/Collateral/NUF4401MN-D.PDF?src-supplier=Digi-Key"; VariantName = "[No Variations]"
Add component (AddParameter): Name = "ComponentLink2Description"; Value = "http://www.onsemi.com/pub/Collateral/NUF4401MN-D.PDF?src-supplier=Avnet"; VariantName = "[No Variations]"
Add component (AddParameter): Name = "ComponentLink2URL"; Value = "http://www.onsemi.com/pub/Collateral/NUF4401MN-D.PDF?src-supplier=Avnet"; VariantName = "[No Variations]"
Add component (AddParameter): Name = "ComponentLink3Description"; Value = "http://www.onsemi.com/pub_link/Collateral/NUF4401MN-D.PDF?src-supplier=Avnet+Europe"; VariantName = "[No Variations]"
Add component (AddParameter): Name = "ComponentLink3URL"; Value = "http://www.onsemi.com/pub_link/Collateral/NUF4401MN-D.PDF?src-supplier=Avnet+Europe"; VariantName = "[No Variations]"
Add component (AddParameter): Name = "ComponentLink4Description"; Value = "http://www.mouser.com/ds/2/308/NUF4401MN-D-100381.pdf?src-supplier=Mouser"; VariantName = "[No Variations]"
Add component (AddParameter): Name = "ComponentLink4URL"; Value = "http://www.mouser.com/ds/2/308/NUF4401MN-D-100381.pdf?src-supplier=Mouser"; VariantName = "[No Variations]"
Add component (AddParameter): Name = "Contact Plating"; Value = "Tin,Matte"; VariantName = "[No Variations]"
Add component (AddParameter): Name = "DC Resistance (DCR)"; Value = "230R"; VariantName = "[No Variations]"
Add component (AddParameter): Name = "Depth"; Value = "2mm"; VariantName = "[No Variations]"
Add component (AddParameter): Name = "ESD Protection"; Value = "Yes"; VariantName = "[No Variations]"
Add component (AddParameter): Name = "Frequency"; Value = "2.4GHz"; VariantName = "[No Variations]"
Add component (AddParameter): Name = "Halogen Free"; Value = "Halogen Free"; VariantName = "[No Variations]"
Add component (AddParameter): Name = "Height"; Value = "1mm"; VariantName = "[No Variations]"
Add component (AddParameter): Name = "Lead Free"; Value = "Lead Free"; VariantName = "[No Variations]"
Add component (AddParameter): Name = "Length"; Value = "2mm"; VariantName = "[No Variations]"
Add component (AddParameter): Name = "Manufacturer"; Value = "ON Semiconductor"; VariantName = "[No Variations]"
Add component (AddParameter): Name = "Manufacturer Part Number"; Value = "NUF4401MNT1G"; VariantName = "[No Variations]"
Add component (AddParameter): Name = "Max DC Current"; Value = "100nA"; VariantName = "[No Variations]"
Add component (AddParameter): Name = "Max Operating Temperature"; Value = "85°C"; VariantName = "[No Variations]"
Add component (AddParameter): Name = "Min Operating Temperature"; Value = "-40°C"; VariantName = "[No Variations]"
Add component (AddParameter): Name = "Mount"; Value = "Surface Mount"; VariantName = "[No Variations]"
Add component (AddParameter): Name = "Number of Channels"; Value = "4"; VariantName = "[No Variations]"
Add component (AddParameter): Name = "Number of Elements"; Value = "8"; VariantName = "[No Variations]"
Add component (AddParameter): Name = "Number of Lines"; Value = "4"; VariantName = "[No Variations]"
Add component (AddParameter): Name = "Number of Pins"; Value = "8"; VariantName = "[No Variations]"
Add component (AddParameter): Name = "Package Quantity"; Value = "1"; VariantName = "[No Variations]"
Add component (AddParameter): Name = "Packaging"; Value = "Tape and Reel"; VariantName = "[No Variations]"
Add component (AddParameter): Name = "Pricing 1"; Value = "1=0.49, 10=0.45, 25=0.4296, 50=0.4158, 100=0.4019, 250=0.3812, 500=0.3188, 1000=0.2474 (USD)"; VariantName = "[No Variations]"
Add component (AddParameter): Name = "Radiation Hardening"; Value = "No"; VariantName = "[No Variations]"
Add component (AddParameter): Name = "Resistance"; Value = "200R"; VariantName = "[No Variations]"
Add component (AddParameter): Name = "Shielding"; Value = "Unshielded"; VariantName = "[No Variations]"
Add component (AddParameter): Name = "Stock 1"; Value = "2896"; VariantName = "[No Variations]"
Add component (AddParameter): Name = "Supplier 1"; Value = "Digi-Key"; VariantName = "[No Variations]"
Add component (AddParameter): Name = "Supplier Part Number 1"; Value = "488-NUF4401MNT1GCT-ND"; VariantName = "[No Variations]"
Add component (AddParameter): Name = "Termination"; Value = "Flat"; VariantName = "[No Variations]"
Add component (AddParameter): Name = "Test Frequency"; Value = "125MHz"; VariantName = "[No Variations]"
Add component (AddParameter): Name = "Width"; Value = "0.079inch"; VariantName = "[No Variations]"
Added Component: Designator=U13(DPV8_1P7X0P4)
Add component. Clean all parameters for all variants
Add component (AddParameter): Name = "Capacitance"; Value = "20pF"; VariantName = "[No Variations]"
Add component (AddParameter): Name = "Case/Package"; Value = "SMD/SMT"; VariantName = "[No Variations]"
Add component (AddParameter): Name = "Clamping Voltage"; Value = "10V"; VariantName = "[No Variations]"
Add component (AddParameter): Name = "ComponentLink1Description"; Value = "http://www.ti.com/lit/ds/symlink/tpd3f303.pdf?src-supplier=Digi-Key"; VariantName = "[No Variations]"
Add component (AddParameter): Name = "ComponentLink1URL"; Value = "http://www.ti.com/lit/ds/symlink/tpd3f303.pdf?src-supplier=Digi-Key"; VariantName = "[No Variations]"
Add component (AddParameter): Name = "ComponentLink2Description"; Value = "http://focus.ti.com/lit/ds/symlink/tpd3f303.pdf?src-supplier=Avnet+Europe"; VariantName = "[No Variations]"
Add component (AddParameter): Name = "ComponentLink2URL"; Value = "http://focus.ti.com/lit/ds/symlink/tpd3f303.pdf?src-supplier=Avnet+Europe"; VariantName = "[No Variations]"
Add component (AddParameter): Name = "ComponentLink3Description"; Value = "https://www.verical.com/server-webapp/html/getDatasheet?partID=302817&src-supplier=Verical"; VariantName = "[No Variations]"
Add component (AddParameter): Name = "ComponentLink3URL"; Value = "https://www.verical.com/server-webapp/html/getDatasheet?partID=302817&src-supplier=Verical"; VariantName = "[No Variations]"
Add component (AddParameter): Name = "ComponentLink4Description"; Value = "http://www.farnell.com/datasheets/1558442.pdf?src-supplier=Element14"; VariantName = "[No Variations]"
Add component (AddParameter): Name = "ComponentLink4URL"; Value = "http://www.farnell.com/datasheets/1558442.pdf?src-supplier=Element14"; VariantName = "[No Variations]"
Add component (AddParameter): Name = "Contact Plating"; Value = "Gold"; VariantName = "[No Variations]"
Add component (AddParameter): Name = "Depth"; Value = "1.7mm"; VariantName = "[No Variations]"
Add component (AddParameter): Name = "ESD Protection"; Value = "Yes"; VariantName = "[No Variations]"
Add component (AddParameter): Name = "Frequency"; Value = "308MHz"; VariantName = "[No Variations]"
Add component (AddParameter): Name = "Height"; Value = "0.026inch"; VariantName = "[No Variations]"
Add component (AddParameter): Name = "Lead Free"; Value = "Lead Free"; VariantName = "[No Variations]"
Add component (AddParameter): Name = "Length"; Value = "2.2mm"; VariantName = "[No Variations]"
Add component (AddParameter): Name = "Manufacturer"; Value = "Texas Instruments"; VariantName = "[No Variations]"
Add component (AddParameter): Name = "Manufacturer Part Number"; Value = "TPD3F303DPVR"; VariantName = "[No Variations]"
Add component (AddParameter): Name = "Max Operating Temperature"; Value = "85°C"; VariantName = "[No Variations]"
Add component (AddParameter): Name = "Min Operating Temperature"; Value = "-40°C"; VariantName = "[No Variations]"
Add component (AddParameter): Name = "Mount"; Value = "Surface Mount"; VariantName = "[No Variations]"
Add component (AddParameter): Name = "Number of Channels"; Value = "3"; VariantName = "[No Variations]"
Add component (AddParameter): Name = "Number of Pins"; Value = "8"; VariantName = "[No Variations]"
Add component (AddParameter): Name = "Operating Supply Voltage"; Value = "5.5V"; VariantName = "[No Variations]"
Add component (AddParameter): Name = "Package Quantity"; Value = "1"; VariantName = "[No Variations]"
Add component (AddParameter): Name = "Packaging"; Value = "Tape and Reel"; VariantName = "[No Variations]"
Add component (AddParameter): Name = "Pricing 1"; Value = "1=0.85, 10=0.812, 25=0.7856, 50=0.6414, 100=0.576, 250=0.5236, 500=0.4974, 1000=0.4451 (USD)"; VariantName = "[No Variations]"
Add component (AddParameter): Name = "Radiation Hardening"; Value = "No"; VariantName = "[No Variations]"
Add component (AddParameter): Name = "REACH SVHC"; Value = "No SVHC"; VariantName = "[No Variations]"
Add component (AddParameter): Name = "Stock 1"; Value = "4896"; VariantName = "[No Variations]"
Add component (AddParameter): Name = "Supplier 1"; Value = "Digi-Key"; VariantName = "[No Variations]"
Add component (AddParameter): Name = "Supplier Part Number 1"; Value = "296-28299-1-ND"; VariantName = "[No Variations]"
Add component (AddParameter): Name = "Termination"; Value = "Flat"; VariantName = "[No Variations]"
Add component (AddParameter): Name = "Width"; Value = "0.063inch"; VariantName = "[No Variations]"
Added Component: Designator=U45(WSON-6 065)
Add component. Clean all parameters for all variants
Add component (AddParameter): Name = "ComponentLink1Description"; Value = "http://www.ti.com/lit/ds/symlink/tps22810.pdf?src-supplier=Digi-Key"; VariantName = "[No Variations]"
Add component (AddParameter): Name = "ComponentLink1URL"; Value = "http://www.ti.com/lit/ds/symlink/tps22810.pdf?src-supplier=Digi-Key"; VariantName = "[No Variations]"
Add component (AddParameter): Name = "ComponentLink2Description"; Value = "http://www.ti.com/general/docs/lit/getliterature.tsp?genericPartNumber=TPS22810&fileType=pdf&src-supplier=Farnell"; VariantName = "[No Variations]"
Add component (AddParameter): Name = "ComponentLink2URL"; Value = "http://www.ti.com/general/docs/lit/getliterature.tsp?genericPartNumber=TPS22810&fileType=pdf&src-supplier=Farnell"; VariantName = "[No Variations]"
Add component (AddParameter): Name = "Fault Protection"; Value = "Over Temperature"; VariantName = "[No Variations]"
Add component (AddParameter): Name = "Interface"; Value = "On/Off"; VariantName = "[No Variations]"
Add component (AddParameter): Name = "Manufacturer"; Value = "Texas Instruments"; VariantName = "[No Variations]"
Add component (AddParameter): Name = "Manufacturer Part Number"; Value = "TPS22810DRVT"; VariantName = "[No Variations]"
Add component (AddParameter): Name = "Max Operating Temperature"; Value = "105°C"; VariantName = "[No Variations]"
Add component (AddParameter): Name = "Max Output Current"; Value = "3A"; VariantName = "[No Variations]"
Add component (AddParameter): Name = "Min Operating Temperature"; Value = "-40°C"; VariantName = "[No Variations]"
Add component (AddParameter): Name = "Mount"; Value = "Surface Mount"; VariantName = "[No Variations]"
Add component (AddParameter): Name = "Number of Channels"; Value = "1"; VariantName = "[No Variations]"
Add component (AddParameter): Name = "Number of Outputs"; Value = "1"; VariantName = "[No Variations]"
Add component (AddParameter): Name = "Output Configuration"; Value = "High Side"; VariantName = "[No Variations]"
Add component (AddParameter): Name = "Packaging"; Value = "Tape and Reel"; VariantName = "[No Variations]"
Add component (AddParameter): Name = "Pricing 1"; Value = "1=0.66, 10=0.581, 25=0.5456, 100=0.4136 (USD)"; VariantName = "[No Variations]"
Add component (AddParameter): Name = "Stock 1"; Value = "5029"; VariantName = "[No Variations]"
Add component (AddParameter): Name = "Supplier 1"; Value = "Digi-Key"; VariantName = "[No Variations]"
Add component (AddParameter): Name = "Supplier Part Number 1"; Value = "296-46947-1-ND"; VariantName = "[No Variations]"
Added Component: Designator=X6(CUI_SJ2-25515A-SMT-TR)
Add component. Clean all parameters for all variants
Add component (AddParameter): Name = "Color"; Value = "Black"; VariantName = "[No Variations]"
Add component (AddParameter): Name = "ComponentLink1Description"; Value = "https://www.cui.com/product/resource/digikeypdf/sj2-2551x-smt.pdf?src-supplier=Digi-Key"; VariantName = "[No Variations]"
Add component (AddParameter): Name = "ComponentLink1URL"; Value = "https://www.cui.com/product/resource/digikeypdf/sj2-2551x-smt.pdf?src-supplier=Digi-Key"; VariantName = "[No Variations]"
Add component (AddParameter): Name = "Connector Type"; Value = "Jack"; VariantName = "[No Variations]"
Add component (AddParameter): Name = "Contact Material"; Value = "Brass"; VariantName = "[No Variations]"
Add component (AddParameter): Name = "Contact Plating"; Value = "Gold,Silver"; VariantName = "[No Variations]"
Add component (AddParameter): Name = "Current Rating"; Value = "1A"; VariantName = "[No Variations]"
Add component (AddParameter): Name = "Gender"; Value = "Female"; VariantName = "[No Variations]"
Add component (AddParameter): Name = "Housing Material"; Value = "Nylon"; VariantName = "[No Variations]"
Add component (AddParameter): Name = "Manufacturer"; Value = "CUI"; VariantName = "[No Variations]"
Add component (AddParameter): Name = "Manufacturer Part Number"; Value = "SJ2-25515A-SMT-TR"; VariantName = "[No Variations]"
Add component (AddParameter): Name = "Max Operating Temperature"; Value = "85°C"; VariantName = "[No Variations]"
Add component (AddParameter): Name = "Min Operating Temperature"; Value = "-25°C"; VariantName = "[No Variations]"
Add component (AddParameter): Name = "Mount"; Value = "Surface Mount"; VariantName = "[No Variations]"
Add component (AddParameter): Name = "Number of Conductors"; Value = "5"; VariantName = "[No Variations]"
Add component (AddParameter): Name = "Number of Ports"; Value = "1"; VariantName = "[No Variations]"
Add component (AddParameter): Name = "Orientation"; Value = "Horizontal"; VariantName = "[No Variations]"
Add component (AddParameter): Name = "Packaging"; Value = "Cut Tape"; VariantName = "[No Variations]"
Add component (AddParameter): Name = "pin_1"; Value = "1"; VariantName = "[No Variations]"
Add component (AddParameter): Name = "pin_2"; Value = "2"; VariantName = "[No Variations]"
Add component (AddParameter): Name = "pin_3"; Value = "3"; VariantName = "[No Variations]"
Add component (AddParameter): Name = "pin_4"; Value = "4"; VariantName = "[No Variations]"
Add component (AddParameter): Name = "pin_5"; Value = "5"; VariantName = "[No Variations]"
Add component (AddParameter): Name = "Pricing 1"; Value = "1=1.35, 10=1.227, 25=1.1524, 50=1.1022, 100=1.0521, 250=0.9519, 500=0.8768 (USD)"; VariantName = "[No Variations]"
Add component (AddParameter): Name = "Shielding"; Value = "Unshielded"; VariantName = "[No Variations]"
Add component (AddParameter): Name = "Stock 1"; Value = "946"; VariantName = "[No Variations]"
Add component (AddParameter): Name = "Supplier 1"; Value = "Digi-Key"; VariantName = "[No Variations]"
Add component (AddParameter): Name = "Supplier Part Number 1"; Value = "CP-SJ2-25515A-SMT-CT-ND"; VariantName = "[No Variations]"
Add component (AddParameter): Name = "Termination"; Value = "Solder"; VariantName = "[No Variations]"
Added Pin To Net: NetName=+3V3 Pin=C14-1
Added Pin To Net: NetName=GND Pin=C14-2
Added Pin To Net: NetName=+3V3 Pin=C15-1
Added Pin To Net: NetName=GND Pin=C15-2
Added Pin To Net: NetName=+3V3 Pin=C37-1
Added Pin To Net: NetName=GND Pin=C37-2
Added Pin To Net: NetName=GND Pin=C40-1
Added Pin To Net: NetName=+3V3_AUX Pin=C40-2
Added Pin To Net: NetName=GND Pin=C43-1
Added Pin To Net: NetName=+3V3_AUX Pin=C108-2
Added Pin To Net: NetName=GND Pin=C118-1
Added Pin To Net: NetName=+3V3 Pin=C118-2
Added Pin To Net: NetName=+3V3 Pin=C119-1
Added Pin To Net: NetName=GND Pin=C119-2
Added Pin To Net: NetName=GND Pin=C120-1
Added Pin To Net: NetName=+3V3 Pin=C120-2
Added Pin To Net: NetName=GND Pin=C121-1
Added Pin To Net: NetName=GND Pin=C122-1
Added Pin To Net: NetName=GND Pin=C123-1
Added Pin To Net: NetName=GND Pin=C124-1
Added Pin To Net: NetName=GND Pin=C129-1
Added Pin To Net: NetName=GND Pin=C132-1
Added Pin To Net: NetName=GND Pin=C133-1
Added Pin To Net: NetName=+3V3 Pin=C133-2
Added Pin To Net: NetName=GND Pin=C135-1
Added Pin To Net: NetName=+3V3 Pin=C135-2
Added Pin To Net: NetName=GND Pin=C137-1
Added Pin To Net: NetName=+3V3 Pin=C137-2
Added Pin To Net: NetName=GND Pin=C139-1
Added Pin To Net: NetName=+3V3 Pin=C139-2
Added Pin To Net: NetName=+3V3 Pin=C141-1
Added Pin To Net: NetName=GND Pin=C141-2
Added Pin To Net: NetName=NetC96_2 Pin=C143-2
Added Pin To Net: NetName=NetC96_2 Pin=C144-2
Added Pin To Net: NetName=+3V3 Pin=C148-1
Added Pin To Net: NetName=GND Pin=C148-2
Added Pin To Net: NetName=GND Pin=C149-2
Added Pin To Net: NetName=+3V3_AUX Pin=C150-1
Added Pin To Net: NetName=GND Pin=C150-2
Added Pin To Net: NetName=VSYS Pin=C151-1
Added Pin To Net: NetName=GND Pin=C151-2
Added Pin To Net: NetName=VSYS Pin=C152-1
Added Pin To Net: NetName=GND Pin=C152-2
Added Pin To Net: NetName=GND Pin=C154-2
Added Pin To Net: NetName=GND Pin=C155-2
Added Pin To Net: NetName=PC13 Pin=D6-2
Added Pin To Net: NetName=PB1 Pin=D18-2
Added Pin To Net: NetName=GND Pin=ESP32_MOD-2
Added Pin To Net: NetName=+3V3 Pin=ESP32_MOD-3
Added Pin To Net: NetName=GPIO2 Pin=ESP32_MOD-5
Added Pin To Net: NetName=GPIO3 Pin=ESP32_MOD-6
Added Pin To Net: NetName=\ESP32_RST Pin=ESP32_MOD-8
Added Pin To Net: NetName=GND Pin=ESP32_MOD-11
Added Pin To Net: NetName=GPIO0 Pin=ESP32_MOD-12
Added Pin To Net: NetName=GPIO1 Pin=ESP32_MOD-13
Added Pin To Net: NetName=GND Pin=ESP32_MOD-14
Added Pin To Net: NetName=GPIO9 Pin=ESP32_MOD-23
Added Pin To Net: NetName=GPIO18 Pin=ESP32_MOD-26
Added Pin To Net: NetName=GPIO19 Pin=ESP32_MOD-27
Added Pin To Net: NetName=GPIO21 Pin=ESP32_MOD-31
Added Pin To Net: NetName=GND Pin=ESP32_MOD-36
Added Pin To Net: NetName=GND Pin=ESP32_MOD-37
Added Pin To Net: NetName=GND Pin=ESP32_MOD-40
Added Pin To Net: NetName=GND Pin=ESP32_MOD-41
Added Pin To Net: NetName=GND Pin=ESP32_MOD-42
Added Pin To Net: NetName=GND Pin=ESP32_MOD-43
Added Pin To Net: NetName=GND Pin=ESP32_MOD-44
Added Pin To Net: NetName=GND Pin=ESP32_MOD-45
Added Pin To Net: NetName=GND Pin=ESP32_MOD-46
Added Pin To Net: NetName=GND Pin=ESP32_MOD-47
Added Pin To Net: NetName=GND Pin=ESP32_MOD-48
Added Pin To Net: NetName=GND Pin=ESP32_MOD-49
Added Pin To Net: NetName=GND Pin=ESP32_MOD-49
Added Pin To Net: NetName=GND Pin=ESP32_MOD-49
Added Pin To Net: NetName=GND Pin=ESP32_MOD-49
Added Pin To Net: NetName=GND Pin=ESP32_MOD-49
Added Pin To Net: NetName=GND Pin=ESP32_MOD-49
Added Pin To Net: NetName=GND Pin=ESP32_MOD-49
Added Pin To Net: NetName=GND Pin=ESP32_MOD-49
Added Pin To Net: NetName=GND Pin=ESP32_MOD-49
Added Pin To Net: NetName=GND Pin=ESP32_MOD-50
Added Pin To Net: NetName=GND Pin=ESP32_MOD-51
Added Pin To Net: NetName=GND Pin=ESP32_MOD-52
Added Pin To Net: NetName=GND Pin=ESP32_MOD-53
Added Pin To Net: NetName=+3V3 Pin=FB6-1
Added Pin To Net: NetName=+3V3 Pin=FB7-1
Added Pin To Net: NetName=+3V3 Pin=NT3-1
Added Pin To Net: NetName=GND Pin=NT4-1
Added Pin To Net: NetName=GND Pin=NT5-1
Added Pin To Net: NetName=+3V3 Pin=NT6-2
Added Pin To Net: NetName=GND Pin=NT7-2
Added Pin To Net: NetName=PF1 Pin=Q6-1
Added Pin To Net: NetName=PF0 Pin=Q7-1
Added Pin To Net: NetName=GPIO9 Pin=Q10-3
Added Pin To Net: NetName=PA7 Pin=Q11-5
Added Pin To Net: NetName=PB7 Pin=R4-1
Added Pin To Net: NetName=+3V3_AUX Pin=R4-2
Added Pin To Net: NetName=PB8 Pin=R5-1
Added Pin To Net: NetName=+3V3_AUX Pin=R5-2
Added Pin To Net: NetName=I2C3.SDA Pin=R6-1
Added Pin To Net: NetName=+3V3_AUX Pin=R6-2
Added Pin To Net: NetName=I2C3.SCL Pin=R7-1
Added Pin To Net: NetName=+3V3_AUX Pin=R7-2
Added Pin To Net: NetName=I2C0.SCL Pin=R8-1
Added Pin To Net: NetName=I2C0.SDA Pin=R9-1
Added Pin To Net: NetName=PB12 Pin=R11-2
Added Pin To Net: NetName=+3V3 Pin=R14-1
Added Pin To Net: NetName=GPIO3 Pin=R14-2
Added Pin To Net: NetName=+3V3 Pin=R15-1
Added Pin To Net: NetName=GPIO2 Pin=R15-2
Added Pin To Net: NetName=+3V3_AUX Pin=R21-1
Added Pin To Net: NetName=+3V3_AUX Pin=R22-1
Added Pin To Net: NetName=+3V3_AUX Pin=R23-1
Added Pin To Net: NetName=PB15 Pin=R38-1
Added Pin To Net: NetName=GPIO18 Pin=R64-1
Added Pin To Net: NetName=GPIO19 Pin=R65-1
Added Pin To Net: NetName=GPIO2 Pin=R66-2
Added Pin To Net: NetName=GPIO3 Pin=R67-2
Added Pin To Net: NetName=+3V3 Pin=R68-1
Added Pin To Net: NetName=GPIO8 Pin=R68-2
Added Pin To Net: NetName=GND Pin=R69-1
Added Pin To Net: NetName=+1V8 Pin=R75-2
Added Pin To Net: NetName=GPIO21 Pin=R100-4
Added Pin To Net: NetName=PA7 Pin=R109-2
Added Pin To Net: NetName=PB10 Pin=R117-1
Added Pin To Net: NetName=GND Pin=R149-2
Added Pin To Net: NetName=+3V3 Pin=R150-2
Added Pin To Net: NetName=+3V3 Pin=R151-2
Added Pin To Net: NetName=GND Pin=R160-2
Added Pin To Net: NetName=+3V3_AUX Pin=R161-2
Added Pin To Net: NetName=GND Pin=R162-2
Added Pin To Net: NetName=GND Pin=R164-2
Added Pin To Net: NetName=I2C0.SCL Pin=TP6-1
Added Pin To Net: NetName=I2C0.SDA Pin=TP7-1
Added Pin To Net: NetName=PB8 Pin=TP8-1
Added Pin To Net: NetName=PB7 Pin=TP9-1
Added Pin To Net: NetName=PA2 Pin=U1-4
Added Pin To Net: NetName=PA8 Pin=U2-6
Added Pin To Net: NetName=PA6 Pin=U2-7
Added Pin To Net: NetName=PA3 Pin=U2-8
Added Pin To Net: NetName=\UI_BAT_EN Pin=U3-6
Added Pin To Net: NetName=PC7 Pin=U3-7
Added Pin To Net: NetName=PC6 Pin=U3-8
Added Pin To Net: NetName=PB12 Pin=U4-7
Added Pin To Net: NetName=GND Pin=U4-GP
Added Pin To Net: NetName=PB8 Pin=U11-7
Added Pin To Net: NetName=PB7 Pin=U11-8
Added Pin To Net: NetName=+3V3 Pin=U13-5
Added Pin To Net: NetName=I2C3.SCL Pin=U13-7
Added Pin To Net: NetName=I2C3.SDA Pin=U13-8
Added Pin To Net: NetName=GND Pin=U13-9
Added Pin To Net: NetName=PB10 Pin=U18-1
Added Pin To Net: NetName=PC12 Pin=U21-5
Added Pin To Net: NetName=PB0 Pin=U22-1
Added Pin To Net: NetName=PB3 Pin=U22-4
Added Pin To Net: NetName=GPIO21 Pin=U23-25
Added Pin To Net: NetName=PB5 Pin=U24-9
Added Pin To Net: NetName=PB8 Pin=U27-1
Added Pin To Net: NetName=PB7 Pin=U27-3
Added Pin To Net: NetName=GPIO19 Pin=U28-5
Added Pin To Net: NetName=GPIO18 Pin=U28-6
Added Pin To Net: NetName=I2C0.SCL Pin=U33-5
Added Pin To Net: NetName=I2C0.SDA Pin=U33-6
Added Pin To Net: NetName=I2C0.SDA Pin=U33-15
Added Pin To Net: NetName=I2C0.SCL Pin=U33-16
Added Pin To Net: NetName=+3V3_AUX Pin=U34-4
Added Pin To Net: NetName=GND Pin=U39-5
Added Pin To Net: NetName=+3V3 Pin=U43-6
Added Pin To Net: NetName=PC13 Pin=U43-7
Added Pin To Net: NetName=PC14 Pin=U43-8
Added Pin To Net: NetName=B1_5 Pin=U43-9
Added Pin To Net: NetName=GND Pin=U43-12
Added Pin To Net: NetName=+3V3 Pin=U43-13
Added Pin To Net: NetName=B1_3 Pin=U43-14
Added Pin To Net: NetName=B1_0 Pin=U43-16
Added Pin To Net: NetName=B1_4 Pin=U43-17
Added Pin To Net: NetName=B1_6 Pin=U43-18
Added Pin To Net: NetName=PF0 Pin=U43-19
Added Pin To Net: NetName=PF1 Pin=U43-20
Added Pin To Net: NetName=PC0 Pin=U43-22
Added Pin To Net: NetName=PC1 Pin=U43-23
Added Pin To Net: NetName=PC2 Pin=U43-24
Added Pin To Net: NetName=PA15 Pin=U43-27
Added Pin To Net: NetName=PA1 Pin=U43-28
Added Pin To Net: NetName=PA2 Pin=U43-29
Added Pin To Net: NetName=GND Pin=U43-30
Added Pin To Net: NetName=+3V3 Pin=U43-31
Added Pin To Net: NetName=PA3 Pin=U43-32
Added Pin To Net: NetName=PA4 Pin=U43-33
Added Pin To Net: NetName=PA5 Pin=U43-34
Added Pin To Net: NetName=PA6 Pin=U43-35
Added Pin To Net: NetName=PA7 Pin=U43-36
Added Pin To Net: NetName=PC4 Pin=U43-37
Added Pin To Net: NetName=PC5 Pin=U43-38
Added Pin To Net: NetName=PB0 Pin=U43-39
Added Pin To Net: NetName=PB1 Pin=U43-40
Added Pin To Net: NetName=PB2 Pin=U43-41
Added Pin To Net: NetName=GND Pin=U43-42
Added Pin To Net: NetName=NetC96_2 Pin=U43-43
Added Pin To Net: NetName=NetC96_2 Pin=U43-44
Added Pin To Net: NetName=NetC96_2 Pin=U43-45
Added Pin To Net: NetName=GND Pin=U43-46
Added Pin To Net: NetName=+3V3 Pin=U43-47
Added Pin To Net: NetName=B1_7 Pin=U43-48
Added Pin To Net: NetName=B1_2 Pin=U43-49
Added Pin To Net: NetName=B1_1 Pin=U43-50
Added Pin To Net: NetName=DIO_1_14 Pin=U43-53
Added Pin To Net: NetName=PB10 Pin=U43-62
Added Pin To Net: NetName=PB12 Pin=U43-66
Added Pin To Net: NetName=B2_7 Pin=U43-68
Added Pin To Net: NetName=PB15 Pin=U43-69
Added Pin To Net: NetName=B2_6 Pin=U43-73
Added Pin To Net: NetName=GND Pin=U43-78
Added Pin To Net: NetName=+3V3 Pin=U43-79
Added Pin To Net: NetName=PC6 Pin=U43-80
Added Pin To Net: NetName=PC7 Pin=U43-81
Added Pin To Net: NetName=I2C3.SCL Pin=U43-85
Added Pin To Net: NetName=I2C3.SDA Pin=U43-86
Added Pin To Net: NetName=I2C0.SCL Pin=U43-87
Added Pin To Net: NetName=I2C0.SDA Pin=U43-88
Added Pin To Net: NetName=PA8 Pin=U43-89
Added Pin To Net: NetName=PA9 Pin=U43-90
Added Pin To Net: NetName=PA10 Pin=U43-91
Added Pin To Net: NetName=PA11 Pin=U43-92
Added Pin To Net: NetName=PA12 Pin=U43-93
Added Pin To Net: NetName=GND Pin=U43-94
Added Pin To Net: NetName=+3V3 Pin=U43-95
Added Pin To Net: NetName=PA13 Pin=U43-96
Added Pin To Net: NetName=PA14 Pin=U43-98
Added Pin To Net: NetName=PC11 Pin=U43-101
Added Pin To Net: NetName=PC12 Pin=U43-102
Added Pin To Net: NetName=GND Pin=U43-110
Added Pin To Net: NetName=+3V3 Pin=U43-111
Added Pin To Net: NetName=GPIO1 Pin=U43-113
Added Pin To Net: NetName=GPIO0 Pin=U43-114
Added Pin To Net: NetName=GPIO2 Pin=U43-115
Added Pin To Net: NetName=GPIO3 Pin=U43-116
Added Pin To Net: NetName=PB3 Pin=U43-118
Added Pin To Net: NetName=PB4 Pin=U43-119
Added Pin To Net: NetName=PB5 Pin=U43-120
Added Pin To Net: NetName=PB6 Pin=U43-121
Added Pin To Net: NetName=PB7 Pin=U43-122
Added Pin To Net: NetName=PB8 Pin=U43-123
Added Pin To Net: NetName=PB9 Pin=U43-124
Added Pin To Net: NetName=GND Pin=U43-127
Added Pin To Net: NetName=+3V3 Pin=U43-128
Added Pin To Net: NetName=+3V3_AUX Pin=U45-1
Added Pin To Net: NetName=GND Pin=U45-4
Added Pin To Net: NetName=+3V3 Pin=U45-6
Added Pin To Net: NetName=GND Pin=U45-7
Added Pin To Net: NetName=GND Pin=X3-8
Added Pin To Net: NetName=PB2 Pin=X3-9
Added Pin To Net: NetName=LCD_BL_A Pin=X3-11
Added Pin To Net: NetName=LCD_BL_K Pin=X3-12
Added Pin To Net: NetName=GND Pin=X3-14
Added Pin To Net: NetName=GND Pin=X3-16
Added Pin To Net: NetName=GND Pin=X3-18
Added Pin To Net: NetName=GND Pin=X3-20
Added Pin To Net: NetName=+3V3 Pin=X3-22
Added Pin To Net: NetName=GND Pin=X3-23
Added Pin To Net: NetName=GND Pin=X3-24
Added Pin To Net: NetName=GND Pin=X6-1
Added Pin To Net: NetName=+3V3_AUX Pin=X6-4
Change Net Name : Old Net Name=DIO_1_14 New Net Name=PE7
Change Net Name : Old Net Name=GPIO10 New Net Name=GPIO4
Change Net Name : Old Net Name=GPIO11 New Net Name=GPIO5
Change Net Name : Old Net Name=I2C0.SCL New Net Name=PC8
Change Net Name : Old Net Name=I2C0.SDA New Net Name=PC9
Change Net Name : Old Net Name=I2C3.SCL New Net Name=PG3
Change Net Name : Old Net Name=I2C3.SDA New Net Name=PG4
Change Net Name : Old Net Name=NetC19_1 New Net Name=NetC17_1
Change Net Name : Old Net Name=NetC22_1 New Net Name=NetC20_1
Change Net Name : Old Net Name=NetC23_1 New Net Name=NetC21_1
Change Net Name : Old Net Name=NetC30_2 New Net Name=NetC28_2
Change Net Name : Old Net Name=NetC31_2 New Net Name=NetC29_2
Change Net Name : Old Net Name=NetC32_2 New Net Name=NetC30_2
Change Net Name : Old Net Name=NetC33_2 New Net Name=NetC31_2
Change Net Name : Old Net Name=NetC34_2 New Net Name=NetC32_2
Change Net Name : Old Net Name=NetC50_2 New Net Name=NetC47_2
Change Net Name : Old Net Name=NetC56_2 New Net Name=NetC53_2
Change Net Name : Old Net Name=NetC60_2 New Net Name=NetC57_2
Change Net Name : Old Net Name=NetC70_1 New Net Name=NetC67_1
Change Net Name : Old Net Name=NetC79_2 New Net Name=NetC74_2
Change Net Name : Old Net Name=NetC80_2 New Net Name=NetC75_2
Change Net Name : Old Net Name=NetC82_1 New Net Name=NetC77_1
Change Net Name : Old Net Name=NetC82_2 New Net Name=NetC77_2
Change Net Name : Old Net Name=NetC96_2 New Net Name=NetC143_2
Change Net Name : Old Net Name=NetC114_2 New Net Name=NetC88_2
Change Net Name : Old Net Name=NetC116_1 New Net Name=NetC90_1
Change Net Name : Old Net Name=NetC117_2 New Net Name=NetC91_2
Change Net Name : Old Net Name=NetC118_2 New Net Name=NetC92_2
Change Net Name : Old Net Name=NetC121_2 New Net Name=NetC95_2
Change Net Name : Old Net Name=NetC122_2 New Net Name=NetC96_2
Change Net Name : Old Net Name=NetC123_1 New Net Name=NetC97_1
Change Net Name : Old Net Name=NetC123_2 New Net Name=NetC97_2
Change Net Name : Old Net Name=NetC138_1 New Net Name=NetC110_1
Change Net Name : Old Net Name=NetC138_2 New Net Name=NetC110_2
Change Net Name : Old Net Name=NetC141_1 New Net Name=NetC113_1
Change Net Name : Old Net Name=NetD10_1 New Net Name=NetD7_1
Change Net Name : Old Net Name=NetD10_2 New Net Name=NetD7_2
Change Net Name : Old Net Name=NetD11_1 New Net Name=NetD8_1
Change Net Name : Old Net Name=NetD12_1 New Net Name=NetD9_1
Change Net Name : Old Net Name=NetD12_2 New Net Name=NetD9_2
Change Net Name : Old Net Name=NetD13_1 New Net Name=NetD10_1
Change Net Name : Old Net Name=NetD13_2 New Net Name=NetD10_2
Change Net Name : Old Net Name=NetD14_1 New Net Name=NetD11_1
Change Net Name : Old Net Name=NetD14_2 New Net Name=NetD11_2
Change Net Name : Old Net Name=NetD17_2 New Net Name=NetD14_2
Change Net Name : Old Net Name=NetD21_1 New Net Name=NetD18_1
Change Net Name : Old Net Name=NetJ14_2 New Net Name=NetJ2_2
Change Net Name : Old Net Name=NetP102_1 New Net Name=NetU21_14
Change Net Name : Old Net Name=NetP102_2 New Net Name=NetU21_13
Change Net Name : Old Net Name=NetP102_3 New Net Name=NetU21_12
Change Net Name : Old Net Name=NetP102_5 New Net Name=NetU21_11
Change Net Name : Old Net Name=NetP102_7 New Net Name=NetU21_10
Change Net Name : Old Net Name=NetP102_8 New Net Name=NetU21_9
Change Net Name : Old Net Name=NetQ5_3 New Net Name=NetQ4_3
Change Net Name : Old Net Name=NetQ10_1 New Net Name=NetQ9_1
Change Net Name : Old Net Name=NetQ11_1 New Net Name=NetQ10_1
Change Net Name : Old Net Name=NetQ13_3 New Net Name=NetQ12_3
Change Net Name : Old Net Name=NetQ13_5 New Net Name=NetQ12_5
Change Net Name : Old Net Name=NetQ14_2 New Net Name=NetQ13_2
Change Net Name : Old Net Name=NetQ14_3 New Net Name=NetQ13_3
Change Net Name : Old Net Name=NetR25_2 New Net Name=NetR30_2
Change Net Name : Old Net Name=NetR41_2 New Net Name=NetR42_2
Change Net Name : Old Net Name=NetR42_2 New Net Name=NetR43_2
Change Net Name : Old Net Name=NetR48_1 New Net Name=NetR49_1
Change Net Name : Old Net Name=NetR49_2 New Net Name=NetR50_2
Change Net Name : Old Net Name=NetR50_1 New Net Name=NetR51_1
Change Net Name : Old Net Name=NetR50_2 New Net Name=NetR51_2
Change Net Name : Old Net Name=NetR51_1 New Net Name=NetR52_1
Change Net Name : Old Net Name=NetR51_2 New Net Name=NetR52_2
Change Net Name : Old Net Name=NetR54_2 New Net Name=NetR55_2
Change Net Name : Old Net Name=NetR75_2 New Net Name=NetR70_2
Change Net Name : Old Net Name=NetR76_2 New Net Name=NetR71_2
Change Net Name : Old Net Name=NetR84_2 New Net Name=NetR81_2
Change Net Name : Old Net Name=NetR90_2 New Net Name=NetR87_2
Change Net Name : Old Net Name=NetR91_2 New Net Name=NetR88_2
Change Net Name : Old Net Name=NetR97_1 New Net Name=NetR146_1
Change Net Name : Old Net Name=NetR99_2 New Net Name=NetR95_2
Change Net Name : Old Net Name=NetR101_2 New Net Name=NetR97_2
Change Net Name : Old Net Name=NetR120_2 New Net Name=NetR115_2
Change Net Name : Old Net Name=NetR125_2 New Net Name=NetR120_2
Change Net Name : Old Net Name=NetR126_2 New Net Name=NetR121_2
Change Net Name : Old Net Name=NetR128_1 New Net Name=NetR123_1
Change Net Name : Old Net Name=NetR161_2 New Net Name=NetR135_2
Change Net Name : Old Net Name=NetR164_1 New Net Name=NetR138_1
Change Net Name : Old Net Name=NetR171_1 New Net Name=NetR145_1
Change Net Name : Old Net Name=NetTP30_1 New Net Name=NetTP26_1
Change Net Name : Old Net Name=NetTP31_1 New Net Name=NetTP27_1
Change Net Name : Old Net Name=NetU8_1 New Net Name=NetU9_1
Change Net Name : Old Net Name=NetU8_2 New Net Name=NetU9_2
Change Net Name : Old Net Name=NetU8_3 New Net Name=NetU9_3
Change Net Name : Old Net Name=NetU22_19 New Net Name=NetU24_19
Change Net Name : Old Net Name=NetU22_20 New Net Name=NetU24_20
Change Net Name : Old Net Name=NetU37_2 New Net Name=NetU33_2
Change Net Name : Old Net Name=NetU37_3 New Net Name=NetU33_3
Change Net Name : Old Net Name=PA15 New Net Name=PA0
Added Pin To Net: NetName=3V3_ESP32 Pin=C132-2
Added Net: Name=3V3_ESP32
Added Pin To Net: NetName=\CMX655_IRQ Pin=R151-1
Added Net: Name=\CMX655_IRQ
Added Pin To Net: NetName=\CMX655_RST Pin=R150-1
Added Net: Name=\CMX655_RST
Added Pin To Net: NetName=COL_1 Pin=U2-4
Added Pin To Net: NetName=COL_1 Pin=X3-4
Added Net: Name=COL_1
Added Pin To Net: NetName=COL_2 Pin=U3-1
Added Pin To Net: NetName=COL_2 Pin=X3-5
Added Net: Name=COL_2
Added Pin To Net: NetName=COL_3 Pin=U3-2
Added Pin To Net: NetName=COL_3 Pin=X3-6
Added Net: Name=COL_3
Added Pin To Net: NetName=DISP_D/C Pin=U4-1
Added Pin To Net: NetName=DISP_D/C Pin=X3-15
Added Net: Name=DISP_D/C
Added Pin To Net: NetName=DISP_DATA Pin=U4-3
Added Pin To Net: NetName=DISP_DATA Pin=X3-19
Added Net: Name=DISP_DATA
Added Pin To Net: NetName=DISP_NCS Pin=U4-2
Added Pin To Net: NetName=DISP_NCS Pin=X3-17
Added Net: Name=DISP_NCS
Added Pin To Net: NetName=DISP_RST Pin=U3-4
Added Pin To Net: NetName=DISP_RST Pin=X3-13
Added Net: Name=DISP_RST
Added Pin To Net: NetName=DISP_SCK Pin=U4-4
Added Pin To Net: NetName=DISP_SCK Pin=X3-21
Added Net: Name=DISP_SCK
Added Pin To Net: NetName=GPIO10 Pin=ESP32_MOD-16
Added Pin To Net: NetName=GPIO10 Pin=R69-2
Added Net: Name=GPIO10
Added Pin To Net: NetName=GPIO20 Pin=ESP32_MOD-30
Added Pin To Net: NetName=GPIO20 Pin=R105-2
Added Pin To Net: NetName=GPIO20 Pin=U23-26
Added Net: Name=GPIO20
Added Pin To Net: NetName=LR_SEL1 Pin=NT3-2
Added Pin To Net: NetName=LR_SEL1 Pin=U39-4
Added Net: Name=LR_SEL1
Added Pin To Net: NetName=LR_SEL2 Pin=NT4-2
Added Net: Name=LR_SEL2
Added Pin To Net: NetName=MICCLK Pin=R148-2
Added Net: Name=MICCLK
Added Pin To Net: NetName=MICDO Pin=R154-1
Added Pin To Net: NetName=MICDO Pin=R155-1
Added Net: Name=MICDO
Added Pin To Net: NetName=NetC121_2 Pin=C121-2
Added Pin To Net: NetName=NetC121_2 Pin=R149-1
Added Net: Name=NetC121_2
Added Pin To Net: NetName=NetC122_2 Pin=C122-2
Added Pin To Net: NetName=NetC122_2 Pin=C124-2
Added Net: Name=NetC122_2
Added Pin To Net: NetName=NetC129_2 Pin=C129-2
Added Pin To Net: NetName=NetC129_2 Pin=FB6-2
Added Pin To Net: NetName=NetC129_2 Pin=U39-2
Added Net: Name=NetC129_2
Added Pin To Net: NetName=NetC130_2 Pin=C130-2
Added Pin To Net: NetName=NetC130_2 Pin=FB7-2
Added Net: Name=NetC130_2
Added Pin To Net: NetName=NetC149_1 Pin=C149-1
Added Pin To Net: NetName=NetC149_1 Pin=U45-3
Added Net: Name=NetC149_1
Added Pin To Net: NetName=NetC153_1 Pin=C153-1
Added Pin To Net: NetName=NetC153_1 Pin=R163-1
Added Pin To Net: NetName=NetC153_1 Pin=R164-1
Added Net: Name=NetC153_1
Added Pin To Net: NetName=NetNT5_2 Pin=NT5-2
Added Net: Name=NetNT5_2
Added Pin To Net: NetName=NetNT6_1 Pin=NT6-1
Added Net: Name=NetNT6_1
Added Pin To Net: NetName=NetNT7_1 Pin=NT7-1
Added Net: Name=NetNT7_1
Added Pin To Net: NetName=NetQ13_1 Pin=Q13-1
Added Pin To Net: NetName=NetQ13_1 Pin=U31-1
Added Pin To Net: NetName=NetQ13_1 Pin=U31-1
Added Pin To Net: NetName=NetQ13_1 Pin=U31-1
Added Pin To Net: NetName=NetQ13_1 Pin=U31-1
Added Net: Name=NetQ13_1
Added Pin To Net: NetName=NetR38_2 Pin=R38-2
Added Pin To Net: NetName=NetR38_2 Pin=U4-6
Added Net: Name=NetR38_2
Added Pin To Net: NetName=NetR61_1 Pin=R61-1
Added Net: Name=NetR61_1
Added Pin To Net: NetName=NetR72_2 Pin=R72-2
Added Pin To Net: NetName=NetR72_2 Pin=U13-6
Added Net: Name=NetR72_2
Added Pin To Net: NetName=NetR147_1 Pin=R147-1
Added Pin To Net: NetName=NetR147_1 Pin=U34-3
Added Net: Name=NetR147_1
Added Pin To Net: NetName=NetR148_1 Pin=R148-1
Added Pin To Net: NetName=NetR148_1 Pin=U39-3
Added Net: Name=NetR148_1
Added Pin To Net: NetName=NetR154_2 Pin=R154-2
Added Pin To Net: NetName=NetR154_2 Pin=U39-1
Added Net: Name=NetR154_2
Added Pin To Net: NetName=NetR155_2 Pin=R155-2
Added Net: Name=NetR155_2
Added Pin To Net: NetName=NetR161_1 Pin=R161-1
Added Pin To Net: NetName=NetR161_1 Pin=U45-2
Added Net: Name=NetR161_1
Added Net: Name=NetU37_2
Added Net: Name=NetU37_3
Added Net: Name=NetU37_9
Added Net: Name=NetU37_10
Added Net: Name=NetU37_11
Added Net: Name=NetU38_1
Added Net: Name=NetU38_23
Added Pin To Net: NetName=PA15 Pin=U21-4
Added Pin To Net: NetName=PA15 Pin=U43-99
Added Net: Name=PA15
Added Pin To Net: NetName=PB11 Pin=R118-1
Added Pin To Net: NetName=PB11 Pin=U18-2
Added Pin To Net: NetName=PB11 Pin=U43-65
Added Net: Name=PB11
Added Pin To Net: NetName=PB13 Pin=U4-5
Added Pin To Net: NetName=PB13 Pin=U43-67
Added Net: Name=PB13
Added Pin To Net: NetName=PC3 Pin=U2-5
Added Pin To Net: NetName=PC3 Pin=U43-25
Added Net: Name=PC3
Added Pin To Net: NetName=PC10 Pin=U21-6
Added Pin To Net: NetName=PC10 Pin=U43-100
Added Net: Name=PC10
Added Pin To Net: NetName=PD0 Pin=R21-2
Added Pin To Net: NetName=PD0 Pin=R70-1
Added Pin To Net: NetName=PD0 Pin=U43-108
Added Net: Name=PD0
Added Pin To Net: NetName=PD1 Pin=R22-2
Added Pin To Net: NetName=PD1 Pin=R71-1
Added Pin To Net: NetName=PD1 Pin=U43-109
Added Net: Name=PD1
Added Pin To Net: NetName=PD2 Pin=R23-2
Added Pin To Net: NetName=PD2 Pin=R72-1
Added Pin To Net: NetName=PD2 Pin=U43-112
Added Net: Name=PD2
Added Pin To Net: NetName=PD7 Pin=U43-117
Added Net: Name=PD7
Added Pin To Net: NetName=PD8 Pin=R17-2
Added Pin To Net: NetName=PD8 Pin=U17-10
Added Pin To Net: NetName=PD8 Pin=U43-70
Added Net: Name=PD8
Added Pin To Net: NetName=PD9 Pin=R16-2
Added Pin To Net: NetName=PD9 Pin=U17-11
Added Pin To Net: NetName=PD9 Pin=U43-71
Added Net: Name=PD9
Added Pin To Net: NetName=PD10 Pin=U30-3
Added Pin To Net: NetName=PD10 Pin=U43-72
Added Net: Name=PD10
Added Pin To Net: NetName=PD12 Pin=U25-4
Added Pin To Net: NetName=PD12 Pin=U43-74
Added Net: Name=PD12
Added Pin To Net: NetName=PD13 Pin=R76-2
Added Pin To Net: NetName=PD13 Pin=U43-75
Added Net: Name=PD13
Added Pin To Net: NetName=PD14 Pin=U35-11
Added Pin To Net: NetName=PD14 Pin=U43-76
Added Net: Name=PD14
Added Pin To Net: NetName=PD15 Pin=R77-2
Added Pin To Net: NetName=PD15 Pin=U43-77
Added Net: Name=PD15
Added Pin To Net: NetName=PE0 Pin=R86-2
Added Pin To Net: NetName=PE0 Pin=U14-15
Added Pin To Net: NetName=PE0 Pin=U43-125
Added Net: Name=PE0
Added Pin To Net: NetName=PE1 Pin=R83-2
Added Pin To Net: NetName=PE1 Pin=U14-1
Added Pin To Net: NetName=PE1 Pin=U43-126
Added Net: Name=PE1
Added Pin To Net: NetName=PE2 Pin=U43-1
Added Net: Name=PE2
Added Pin To Net: NetName=PE3 Pin=U43-2
Added Net: Name=PE3
Added Pin To Net: NetName=PE4 Pin=U43-3
Added Net: Name=PE4
Added Pin To Net: NetName=PE5 Pin=U43-4
Added Net: Name=PE5
Added Pin To Net: NetName=PE6 Pin=U43-5
Added Net: Name=PE6
Added Pin To Net: NetName=PE8 Pin=R122-1
Added Pin To Net: NetName=PE8 Pin=U43-54
Added Net: Name=PE8
Added Pin To Net: NetName=PE9 Pin=U43-55
Added Net: Name=PE9
Added Pin To Net: NetName=PE10 Pin=U41-6
Added Pin To Net: NetName=PE10 Pin=U43-56
Added Net: Name=PE10
Added Pin To Net: NetName=PE11 Pin=R156-2
Added Pin To Net: NetName=PE11 Pin=U41-1
Added Pin To Net: NetName=PE11 Pin=U43-57
Added Net: Name=PE11
Added Pin To Net: NetName=PE12 Pin=U41-5
Added Pin To Net: NetName=PE12 Pin=U43-58
Added Net: Name=PE12
Added Pin To Net: NetName=PE13 Pin=U41-2
Added Pin To Net: NetName=PE13 Pin=U43-59
Added Net: Name=PE13
Added Pin To Net: NetName=PE14 Pin=R157-2
Added Pin To Net: NetName=PE14 Pin=U41-3
Added Pin To Net: NetName=PE14 Pin=U43-60
Added Net: Name=PE14
Added Pin To Net: NetName=PE15 Pin=R158-2
Added Pin To Net: NetName=PE15 Pin=U41-7
Added Pin To Net: NetName=PE15 Pin=U43-61
Added Net: Name=PE15
Added Pin To Net: NetName=PF2 Pin=Q8-5
Added Pin To Net: NetName=PF2 Pin=R60-2
Added Pin To Net: NetName=PF2 Pin=U43-26
Added Net: Name=PF2
Added Pin To Net: NetName=PF3 Pin=R94-2
Added Pin To Net: NetName=PF3 Pin=U15-2
Added Pin To Net: NetName=PF3 Pin=U43-10
Added Net: Name=PF3
Added Pin To Net: NetName=PF4 Pin=Q8-2
Added Pin To Net: NetName=PF4 Pin=R58-2
Added Pin To Net: NetName=PF4 Pin=U43-11
Added Net: Name=PF4
Added Pin To Net: NetName=PF6 Pin=R39-1
Added Pin To Net: NetName=PF6 Pin=U17-1
Added Pin To Net: NetName=PF6 Pin=U43-97
Added Net: Name=PF6
Added Pin To Net: NetName=PF7 Pin=R40-1
Added Pin To Net: NetName=PF7 Pin=U17-2
Added Pin To Net: NetName=PF7 Pin=U43-15
Added Net: Name=PF7
Added Pin To Net: NetName=PF14 Pin=R78-2
Added Pin To Net: NetName=PF14 Pin=U43-51
Added Net: Name=PF14
Added Pin To Net: NetName=PF15 Pin=R85-2
Added Pin To Net: NetName=PF15 Pin=U14-16
Added Pin To Net: NetName=PF15 Pin=U43-52
Added Net: Name=PF15
Added Pin To Net: NetName=PG0 Pin=U4-8
Added Pin To Net: NetName=PG0 Pin=U43-82
Added Net: Name=PG0
Added Pin To Net: NetName=PG1 Pin=R13-2
Added Pin To Net: NetName=PG1 Pin=U3-5
Added Pin To Net: NetName=PG1 Pin=U43-83
Added Net: Name=PG1
Added Pin To Net: NetName=PG2 Pin=U21-1
Added Pin To Net: NetName=PG2 Pin=U43-84
Added Pin To Net: NetName=PG2 Pin=X8-9
Added Net: Name=PG2
Added Pin To Net: NetName=PG5 Pin=Q12-2
Added Pin To Net: NetName=PG5 Pin=R129-2
Added Pin To Net: NetName=PG5 Pin=U43-103
Added Net: Name=PG5
Added Pin To Net: NetName=PG6 Pin=U1-7
Added Pin To Net: NetName=PG6 Pin=U43-104
Added Net: Name=PG6
Added Pin To Net: NetName=PG7 Pin=R1-1
Added Pin To Net: NetName=PG7 Pin=U1-9
Added Pin To Net: NetName=PG7 Pin=U43-105
Added Net: Name=PG7
Added Pin To Net: NetName=PG8 Pin=R160-1
Added Pin To Net: NetName=PG8 Pin=U43-106
Added Pin To Net: NetName=PG8 Pin=U45-5
Added Net: Name=PG8
Added Pin To Net: NetName=PG9 Pin=R162-1
Added Pin To Net: NetName=PG9 Pin=U43-107
Added Net: Name=PG9
Added Pin To Net: NetName=PG10-NRST Pin=C147-1
Added Pin To Net: NetName=PG10-NRST Pin=R159-2
Added Pin To Net: NetName=PG10-NRST Pin=U43-21
Added Net: Name=PG10-NRST
Added Pin To Net: NetName=PWR_SW Pin=U3-3
Added Pin To Net: NetName=PWR_SW Pin=X3-7
Added Net: Name=PWR_SW
Added Pin To Net: NetName=ROW_1 Pin=U2-1
Added Pin To Net: NetName=ROW_1 Pin=X3-1
Added Net: Name=ROW_1
Added Pin To Net: NetName=ROW_2 Pin=U2-2
Added Pin To Net: NetName=ROW_2 Pin=X3-2
Added Net: Name=ROW_2
Added Pin To Net: NetName=ROW_3 Pin=U2-3
Added Pin To Net: NetName=ROW_3 Pin=X3-3
Added Net: Name=ROW_3
Added Pin To Net: NetName=SPO2_GPIO Pin=C43-2
Added Pin To Net: NetName=SPO2_GPIO Pin=R75-1
Added Pin To Net: NetName=SPO2_GPIO Pin=U13-3
Added Pin To Net: NetName=SPO2_GPIO Pin=X6-5
Added Net: Name=SPO2_GPIO
Added Pin To Net: NetName=SPO2_SCL Pin=U13-2
Added Pin To Net: NetName=SPO2_SCL Pin=X6-2
Added Net: Name=SPO2_SCL
Added Pin To Net: NetName=SPO2_SDA Pin=U13-1
Added Pin To Net: NetName=SPO2_SDA Pin=X6-3
Added Net: Name=SPO2_SDA
Added Pin To Net: NetName=VDD_PA Pin=C123-2
Added Pin To Net: NetName=VDD_PA Pin=C153-2
Added Pin To Net: NetName=VDD_PA Pin=C154-1
Added Pin To Net: NetName=VDD_PA Pin=C155-1
Added Pin To Net: NetName=VDD_PA Pin=R163-2
Added Net: Name=VDD_PA
Change Class Name : Old Net Name=I2C_SW New Net Name=CODEC
Change Class Name : Old Net Name=P021 New Net Name=P02
Change Class Name : Old Net Name=GPIO[0..39] New Net Name=GPIO[0..21]
Added Class: Name=AUDIO
Added Class: Name=I2C_SW
Added Class: Name=MCU
Added Class: Name=MIC1
Added Class: Name=MIC2
Added Class: Name=RTC_XTAL
Added Class: Name=STM32G473QETx
Added Class: Name=Top_Level_Block_Diagram
Added Class: Name=PD[0..15]
Added Class: Name=PE[0..15]
Added Class: Name=PF[0..15]
Added Class: Name=PG[0..9]
Added Class: Name=IM69D130_MEMS_Microphone
Added Member To Class: ClassName=P109 Member=Component C16 (C36) CAP CER 0.1UF 50V X7R 0402
Added Member To Class: ClassName=SENS Member=Component C35 (C19) CAP CER 0.1UF 50V X7R 0402
Added Member To Class: ClassName=SENS Member=Component C36 (C20) CAP CER 0.1UF 50V X7R 0402
Added Member To Class: ClassName=SENS Member=Component C37 (C21) CAP CER 0.1UF 50V X7R 0402
Added Member To Class: ClassName=SENS Member=Component C40 (C24) CAP CER 1UF 6.3V X5R 0402
Added Member To Class: ClassName=TCPP Member=Component C74 (C2) CAP CER 0.1UF 50V X7R 0402
Added Member To Class: ClassName=DISP_PS Member=Component C75 (C1) CAP CER 10UF 16V X5R 0603
Added Member To Class: ClassName=DISP_PS Member=Component C76 (C2) CAP CER 0.1UF 50V X7R 0402
Added Member To Class: ClassName=DISP_PS Member=Component C78 (C4) CAP CER 10UF 16V X5R 0603
Added Member To Class: ClassName=DISP_PS Member=Component C79 (C5) CAP CER 10UF 16V X5R 0603
Added Member To Class: ClassName=TCPC Member=Component C80 (C1) CAP CER 220PF 50V X7R 0402
Added Member To Class: ClassName=TCPP Member=Component C80 (C1) CAP CER 220PF 50V X7R 0402
Added Member To Class: ClassName=TCPC Member=Component C81 (C2) CAP CER 4.7UF 35V X7R 0805
Added Member To Class: ClassName=TCPC Member=Component C82 (C3) CAP CER 220PF 50V X7R 0402
Added Member To Class: ClassName=TCPP Member=Component C82 (C3) CAP CER 220PF 50V X7R 0402
Added Member To Class: ClassName=P26 Member=Component C88 (C1) CAP CER 0.1UF 16V X7R 0402
Added Member To Class: ClassName=P26 Member=Component C89 (C2) CAP CER 0.1UF 16V X7R 0402
Added Member To Class: ClassName=P26 Member=Component C90 (C3) CAP 11MF 3.3V SURFACE MNT
Added Member To Class: ClassName=P103 Member=Component C91 (C1) CAP CER 0.1UF 50V X7R 0402
Added Member To Class: ClassName=P103 Member=Component C94 (C4) CAP CER 0.1UF 50V X7R 0402
Added Member To Class: ClassName=P103 Member=Component C95 (C5) CAP CER 1800PF 50V X7R 0402
Added Member To Class: ClassName=P103 Member=Component C96 (C6) CAP CER 1UF 16V X5R 0402
Added Member To Class: ClassName=P103 Member=Component C98 (C8) CAP CER 10UF 16V X7R 0805
Added Member To Class: ClassName=P103 Member=Component C99 (C9) CAP CER 22UF 25V X5R 0805
Added Member To Class: ClassName=P103 Member=Component C100 (C10) CAP CER 22UF 25V X5R 0805
Added Member To Class: ClassName=U_PCA9632_4-Ch_LED_Driver Member=Component C103 (C2) CAP CER 0.1UF 50V X7R 0402
Added Member To Class: ClassName=U_DRV10975 3-ph Sensorless BLDC Motor Driver Member=Component C110 (C1) CAP CER 0.1UF 50V X7R 0402
Added Member To Class: ClassName=U_DRV10975 3-ph Sensorless BLDC Motor Driver Member=Component C111 (C2) CAP CER 1UF 6.3V X5R 0402
Added Member To Class: ClassName=U_DRV10975 3-ph Sensorless BLDC Motor Driver Member=Component C112 (C3) CAP CER 1UF 6.3V X5R 0402
Added Member To Class: ClassName=U_DRV10975 3-ph Sensorless BLDC Motor Driver Member=Component C113 (C4) CAP CER 0.1UF 50V X7R 0402
Added Member To Class: ClassName=U_DRV10975 3-ph Sensorless BLDC Motor Driver Member=Component C114 (C5) CAP CER 22UF 25V X5R 0805
Added Member To Class: ClassName=U_DRV10975 3-ph Sensorless BLDC Motor Driver Member=Component C115 (C6) CAP CER 10uF X7R 10% 0805
Added Member To Class: ClassName=VLT Member=Component C116 (C1) CGA2B3X7R1H104K050BB
Added Member To Class: ClassName=VLT Member=Component C117 (C2) CGA2B3X7R1H104K050BB
Added Member To Class: ClassName=P128 Member=Component C118 (C1) CAP CER 0.1UF 50V X7R 0402
Added Member To Class: ClassName=P128 Member=Component C119 (C2) CAP CER 0.1UF 50V X7R 0402
Added Member To Class: ClassName=CODEC Member=Component C120 (C28) CAP CER 10nF 25V X7R 10% 0402
Added Member To Class: ClassName=CODEC Member=Component C121 (C29) CAP CER 10PF 50V C0G/NP0 0402
Added Member To Class: ClassName=CODEC Member=Component C122 (C30) C 100pF 50V C0G, NP0 0402
Added Member To Class: ClassName=CODEC Member=Component C123 (C31) CAP CER 10nF 25V X7R 10% 0402
Added Member To Class: ClassName=CODEC Member=Component C124 (C32) CAP CER 0.1UF 50V X7R 0402
Added Member To Class: ClassName=U_TPS22810 2 Member=Component C148 (C1) CAP CER 2.2UF 35V X5R 0603
Added Member To Class: ClassName=U_TPS22810 2 Member=Component C149 (C2) CAP CER 0.1UF 16V X7R 0402
Added Member To Class: ClassName=U_TPS22810 2 Member=Component C150 (C3) CAP CER 2.2UF 35V X5R 0603
Added Member To Class: ClassName=+3V3_PS Member=Component D14 (D1) +3V3
Added Member To Class: ClassName=TCPC Member=Component D17 (D1) ESDA25P35-1U1M
Added Member To Class: ClassName=USB_SW Member=Component D18 (D2) NSR0140P2T5G
Added Member To Class: ClassName=U_DRV10975 3-ph Sensorless BLDC Motor Driver Member=Component D22 (D1) Zener Diode 6.2V 2.5W ±5% Surface Mount SOD-123FL
Added Member To Class: ClassName=Net Tie Member=Component NT3 Net Tie
Added Member To Class: ClassName=Net Tie Member=Component NT4 Net Tie
Added Member To Class: ClassName=Net Tie Member=Component NT5 Net Tie
Added Member To Class: ClassName=P128 Member=Component NT6 Net Tie
Added Member To Class: ClassName=P128 Member=Component NT7 Net Tie
Added Member To Class: ClassName=P16_P25 Member=Component R33 (R59) DNP*
Added Member To Class: ClassName=UART_MUX Member=Component R40 (R86) RES SMD 10K OHM 1% 1/16W 0402
Added Member To Class: ClassName=SENS Member=Component R72 (R62) RES SMD 0 OHM JUMPER 1/16W 0402
Added Member To Class: ClassName=SENS Member=Component R75 (R65) DNP*
Added Member To Class: ClassName=+4V2_PS Member=Component R96 (R3) RES SMD 536K OHM 1% 1/16W 0402
Added Member To Class: ClassName=U_CP2102N_USB-to-UART_Bridge Member=Component R105 (R7) RES SMD 10K OHM 1% 1/16W 0402
Added Member To Class: ClassName=DISP_PS Member=Component R106 (R1) RES SMD 2.26 OHM 1% 1/10W 0603
Added Member To Class: ClassName=TCPC Member=Component R108 (R3) RES SMD 100K OHM 1% 1/16W 0402
Added Member To Class: ClassName=TCPP Member=Component R108 (R3) RES SMD 100K OHM 1% 1/16W 0402
Added Member To Class: ClassName=U_TS3USBCA410_USB_C_SBU_Multiplexer Member=Component R115 (R10) RES SMD 0 OHM JUMPER 1/16W 0402
Added Member To Class: ClassName=P26 Member=Component R134 (R3) RES SMD 10K OHM 1% 1/16W 0402
Added Member To Class: ClassName=P103 Member=Component R135 (R1) RES SMD 54.9K OHM 1% 1/16W 0402
Added Member To Class: ClassName=U_DRV10975 3-ph Sensorless BLDC Motor Driver Member=Component R142 (R2) DNP*
Added Member To Class: ClassName=U_ESP32-WROOM32D_Module Member=Component R153 (R2) RES SMD 10K OHM 1% 1/16W 0402
Added Member To Class: ClassName=U_TPS22810 2 Member=Component R160 (R1) RES SMD 10K OHM 1% 1/16W 0402
Added Member To Class: ClassName=U_TPS22810 2 Member=Component R161 (R2) RES SMD 100 OHM 1% 1/2W 0805
Added Member To Class: ClassName=TestPoint Member=Component TP1 (TP3) Test Point Pad
Added Member To Class: ClassName=TestPoint Member=Component TP2 (TP4) Test Point Pad
Added Member To Class: ClassName=TestPoint Member=Component TP3 (TP5) Test Point Pad
Added Member To Class: ClassName=TestPoint Member=Component TP4 (TP6) Test Point Pad
Added Member To Class: ClassName=TestPoint Member=Component TP5 (TP7) Test Point Pad
Added Member To Class: ClassName=SENS Member=Component U12 (U5) TPD3F303DPVR
Added Member To Class: ClassName=SENS Member=Component U13 (U6) TPD3F303DPVR
Added Member To Class: ClassName=P110 Member=Component U14 (U1) STSPIN220
Added Member To Class: ClassName=+3V3_PS Member=Component U16 (U1) TPS6209733RWKR
Added Member To Class: ClassName=UART_MUX Member=Component U17 (U1) TS3USB3031RMGR
Added Member To Class: ClassName=USB_MUX Member=Component U18 (U1) TS3USB3031RMGR
Added Member To Class: ClassName=+1V8_VLT1 Member=Component U20 (U9) TXB0108DQSR
Added Member To Class: ClassName=P102 Member=Component U21 (U1) EMIF06-MSD02N16
Added Member To Class: ClassName=U_CP2102N_USB-to-UART_Bridge Member=Component U23 (U1) CP2102N-A02-GQFN28R
Added Member To Class: ClassName=DISP_PS Member=Component U25 (U1) TPS61169DCKR
Added Member To Class: ClassName=P105 Member=Component U27 (U1) 24LC00T-I/OT
Added Member To Class: ClassName=AUTH Member=Component U28 (U1) ATECC608A-MAHDA-S
Added Member To Class: ClassName=P26 Member=Component U29 (U1) RV-3028-C7 32.768KHZ 1PPM-TA-QC
Added Member To Class: ClassName=P103 Member=Component U31 (U2) OPA171AIDBVR
Added Member To Class: ClassName=+1V8_PS Member=Component U34 (U1) LDLN025PU18R
Added Member To Class: ClassName=U_DRV10975 3-ph Sensorless BLDC Motor Driver Member=Component U35 (U1) DRV10975ZRHFR
Added Member To Class: ClassName=FLASH Member=Component U41 (U1) MT29F1G01ABAFDWB-IT:F TR
Added Member To Class: ClassName=U_TPS22810 2 Member=Component U45 (U1) TPS22810DRVT
Added Member To Class: ClassName=SENS Member=Component X6 (X1) SPO2
Added Member To Class: ClassName=GPIO[0..21] Member=Element[20]: GPIO
Added Member To Class: ClassName=BG95_PWR Member=Wire NetC20_1
Added Member To Class: ClassName=BG95_PWR Member=Wire NetC21_1
Added Member To Class: ClassName=PB[0..15] Member=Element[11]: PB
Added Member To Class: ClassName=PB[0..15] Member=Element[13]: DISP.SPI.SCK
Added Member To Class: ClassName=PC[0..15] Member=Element[3]: PC
Added Member To Class: ClassName=PC[0..15] Member=Element[8]: I2C1.SCL
Added Member To Class: ClassName=PC[0..15] Member=Element[9]: I2C1.SDA
Added Member To Class: ClassName=PC[0..15] Member=Element[10]: MICRO_SD.CLK
Added Member To Class: ClassName=QSPI Member=Element[10]: PE
Added Member To Class: ClassName=QSPI Member=Element[11]: PE
Added Member To Class: ClassName=QSPI Member=Element[12]: PE
Added Member To Class: ClassName=QSPI Member=Element[13]: PE
Added Member To Class: ClassName=QSPI Member=Element[14]: PE
Added Member To Class: ClassName=QSPI Member=Element[15]: PE
Change Rule Scope 1 : Old Scope=InNet('NetC30_2') New Scope=InNet('NetC28_2')
Change Rule Scope 1 : Old Scope=InNet('NetC31_2') New Scope=InNet('NetC29_2')
Change Rule Scope 1 : Old Scope=InNet('NetC32_2') New Scope=InNet('NetC30_2')
Change Rule Scope 1 : Old Scope=InNet('NetC33_2') New Scope=InNet('NetC31_2')
Change Rule Scope 1 : Old Scope=InNet('NetC34_2') New Scope=InNet('NetC32_2')
